item_id,title,author,year,editions,subjects,image_url
book-/works/OL138052W,Alice's Adventures in Wonderland,Lewis Carroll,1865,3547,Juvenile Fiction|Classics|Fantasy & Magic|Imagination & Play|Adventure And Adventurers|Adventure Stories|Adventure Travel|Animals|Anthropomorphism|Artists' Illustrated Books,https://covers.openlibrary.org/b/id/10527843-L.jpg
book-/works/OL450063W,"Frankenstein; or, The Modern Prometheus",Mary Shelley,1818,2187,Frankenstein (Fictitious Character)|Fiction|Scientists|Monsters|Horror Stories|Horror Tales|English Fiction|English Literature|Readers|Monstrous,https://covers.openlibrary.org/b/id/12356249-L.jpg
book-/works/OL18417W,The Wonderful Wizard of Oz,L. Frank Baum,1899,2049,Witches|Spanish Language Materials|Fiction|Wizards|Juvenile Literature|Wizards In Fiction|Specimens|Imaginary Voyages In Fiction|Classic Literature|Imaginary Voyages,https://covers.openlibrary.org/b/id/552443-L.jpg
book-/works/OL85892W,Dracula,Bram Stoker,1897,1917,English Literature|Fiction|Horror|Horror Stories|Horror Tales|Monsters|Thriller|Vampires|Vampires In Literature|Horror Fiction,https://covers.openlibrary.org/b/id/12216503-L.jpg
book-/works/OL52267W,The Time Machine,H. G. Wells,1895,1146,Fiction|Time Travel In Fiction|Dystopias In Fiction|Literature|Scientists|Classic Literature|Open Library Staff Picks|Scientists In Fiction|Space Warfare|Self-Experimentation In Medicine,https://covers.openlibrary.org/b/id/9009316-L.jpg
book-/works/OL262460W,The Lost World,Arthur Conan Doyle,1900,747,Adventure Stories|Atlantis|Dinosaurs|Discovery And Exploration|English Detective And Mystery Stories|Fiction|Fiction In French|Prehistoric Peoples|Scientific Expeditions|Translations Into Czech,https://covers.openlibrary.org/b/id/8231444-L.jpg
book-/works/OL64365W,Brave New World,Aldous Huxley,1932,722,Utopias|Brainwashing|Moral And Ethical Aspects Of Science|Fiction|Science And State|Social Problems|Passivity (Psychology)|Culture|Propaganda|Genetic Engineering,https://covers.openlibrary.org/b/id/8231823-L.jpg
book-/works/OL85891W,The Jewel of Seven Stars,Bram Stoker,1902,653,Mummies|Horror|Fiction|Archaeologists|Classic Literature|Thriller|History|Mummies In Fiction|Archaeologists In Fiction|Gems,https://covers.openlibrary.org/b/id/2760301-L.jpg
book-/works/OL2771987W,Herland,Charlotte Perkins Gilman,1915,627,Utopias|Fiction|Women|Matriarchat|Utopie|Classic Literature|Open_Syllabus_Project|Matriarchy|Sex Role|Utopias In Literature,https://covers.openlibrary.org/b/id/448130-L.jpg
book-/works/OL74502W,The Iron Heel,Jack London,1907,597,Science Fiction|Classic Literature|Political Fiction|Utopias|Fiction|Oligarchy|Revolutionaries|Revolutions,https://covers.openlibrary.org/b/id/8243314-L.jpg
book-/works/OL118388W,Flatland,Edwin Abbott Abbott,1884,585,Fourth Dimension|Open Library Staff Picks|Denkbeeldige Landen|Film And Video Adaptations|Meetkunde|Science Fiction|Geometry|Film Adaptations|Fiction|Imaginary Places,https://covers.openlibrary.org/b/id/10069547-L.jpg
book-/works/OL52266W,The Invisible Man,H. G. Wells,0,563,Ciencia-Ficción|Classic Literature|Fiction|Mentally Ill|Science Fiction & Fantasy|Science Fiction|Scientists|English Science Fiction|Experiments|Adaptations,https://covers.openlibrary.org/b/id/6419199-L.jpg
book-/works/OL1168083W,Nineteen Eighty-Four,George Orwell,1949,536,Futurology|Censorship|Surveillance|Rebels|Sting Operations|Historical Negationism|Memory Holes|Thoughtcrime|Outer Party|Resistance Movements,https://covers.openlibrary.org/b/id/9267242-L.jpg
book-/works/OL15448W,The Princess and Curdie,George MacDonald,1832,487,Fairy Tales|Princesses|Fiction|Children'S Fiction|General|Juvenile Fiction|Fiction - General|Children: Kindergarten|Fairy Tales & Folklore - General|Classic Fiction,https://covers.openlibrary.org/b/id/14357835-L.jpg
book-/works/OL52114W,The War of the Worlds,H. G. Wells,0,457,Imaginary Wars And Battles|Juvenile Fiction|Space Warfare|Science Fiction & Fantasy|Fiction|Diseases|Martians|Invasions|Classic Literature|Open Library Staff Picks,https://covers.openlibrary.org/b/id/36314-L.jpg
book-/works/OL1418187W,A Princess of Mars,Edgar Rice Burroughs,1912,456,John Carter (Fictitious Character)|Fiction|Classic Literature|Dejah Thoris (Fictitious Character)|Princesses|Princesses In Fiction|Science Fiction|Translations Into Russian|Fantasy|Barsoom,https://covers.openlibrary.org/b/id/207226-L.jpg
book-/works/OL76473W,The Napoleon of Notting Hill,Gilbert Keith Chesterton,1904,454,Fiction|Classic Literature|Science Fiction|Politics And Government|English Fiction|Political Fiction|Fantastic Fiction|Translations Into Russian|Fantasy Fiction,https://covers.openlibrary.org/b/id/6980094-L.jpg
book-/works/OL450124W,The Last Man,Mary Shelley,1826,430,Fiction|Plague|Twenty-First Century|End Of The World|English Literature|Twenty-First Century -- Fiction|End Of The World -- Fiction|Plague -- Fiction|Long Now Manual For Civilization|Science Fiction,https://covers.openlibrary.org/b/id/882662-L.jpg
book-/works/OL1100007W,Le Tour du Monde en Quatre-Vingts Jours,Jules Verne,1872,426,Viajes Alrededor Del Mundo|Translations Into Gujarati|Fiction|Translations From French|Historical Fiction|Korean Language Materials|Adventure And Adventurers|Open Library Staff Picks|Adventure Stories|Wagers,https://covers.openlibrary.org/b/id/6976035-L.jpg
book-/works/OL1418137W,The warlord of Mars #3,Edgar Rice Burroughs,1914,420,Classic Literature|Fiction|Historical Fiction|Science Fiction|Dejah Thoris (Fictitious Character)|Real Science Fiction|John Carter|Mars|Martian Series|Tharks,https://covers.openlibrary.org/b/id/207141-L.jpg
book-/works/OL1099280W,Vingt mille lieues sous les mers,Jules Verne,1870,384,Toy And Movable Books|Fiction|Specimens|Underwater Exploration|French Language|Submarine Boats|Translations From French|Submarines|Underwater Exploration In Fiction|Sea Stories,https://covers.openlibrary.org/b/id/6573517-L.jpg
book-/works/OL24156W,The Strange Case of Dr. Jekyll and Mr. Hyde,Robert Louis Stevenson,1875,373,Fiction|Physicians|Physicians In Fiction|Multiple Personality In Fiction|Multiple Personality|Self-Experimentation In Medicine|Ficción|Médicos|Novela De Terror|Personalidad Múltiple,https://covers.openlibrary.org/b/id/295773-L.jpg
book-/works/OL1112413W,The description of a new world,"Margaret Cavendish, Duchess of Newcastle",1666,361,Imaginary Voyages|Utopias|Early Works To 1800|Women And Literature|Sources|History|Science Fiction|Utopias -- Fiction|Fantasy|Philosophy,https://covers.openlibrary.org/b/id/103235-L.jpg
book-/works/OL47721W,"News from nowhere, or, An epoch of rest, being some chapters from a utopian romance",William Morris,1890,347,Utopias|Utopies|Science Fiction|Fiction|Socialism|Classic Literature|Fantasy|Utopie|Utopian Literature,https://covers.openlibrary.org/b/id/338173-L.jpg
book-/works/OL262596W,The Poison Belt,Arthur Conan Doyle,1913,345,Fiction|Classic Literature|Science Fiction|English Science Fiction|Black Death,https://covers.openlibrary.org/b/id/5788361-L.jpg
book-/works/OL1417942W,The Gods of Mars,Edgar Rice Burroughs,1918,315,American Science Fiction|Classic Literature|Fiction|Historical Fiction|Science Fiction|John Carter (Fictitious Character)|Life On Other Planets|English Science Fiction,https://covers.openlibrary.org/b/id/207132-L.jpg
book-/works/OL1418244W,The Chessmen of Mars,Edgar Rice Burroughs,1922,313,Classic Literature|Fiction|Historical Fiction|Science Fiction|Barsoom|American Science Fiction|Extraterrestrial Beings|John Carter (Fictitious Character)|Dejah Thoris (Fictitious Character)|Life On Other Planets,https://covers.openlibrary.org/b/id/1930755-L.jpg
book-/works/OL88800W,The Machine Stops,E. M. Forster,1909,311,English Literature|Children'S Fiction|Science Fiction|Technology|Social Aspects|Environmental Disasters|Fiction|Culture|Internet|Art And Society,https://covers.openlibrary.org/b/id/7793883-L.jpg
book-/works/OL381550W,The Island of Dr. Moreau,H. G. Wells,1896,295,Islands|Fiction|Animal Experimentation|Horror Stories|English Literature|Science Fiction|Occultism|English Science Fiction|Shipwreck Survival|Animal Experimentation -- Fiction,https://covers.openlibrary.org/b/id/968312-L.jpg
book-/works/OL5960415W,Gullivar of Mars,Edwin Lester Linden Arnold,1964,290,Fiction|Classic Literature|Science Fiction,https://covers.openlibrary.org/b/id/573770-L.jpg
book-/works/OL1176822W,After London,Richard Jefferies,1885,280,19Th Century Post Apocalypse|Speculative Fiction|Science Fiction|Apocalyptic Fiction|Fantasy|Adventure|Fiction|Fiction / Alternative History|London (England) -- Fiction,https://covers.openlibrary.org/b/id/2841895-L.jpg
book-/works/OL61825W,The Coming Race,"Edward Bulwer Lytton, Baron Lytton",1871,262,Underground Areas|Subterranean Civilization In Fiction|Utopias|Subterranean Civilization|Fiction|Utopias In Fiction|Underground Areas In Fiction|Nonfiction|Philosophy|Occultism,https://covers.openlibrary.org/b/id/2751882-L.jpg
book-/works/OL103123W,Fahrenheit 451,Ray Bradbury,1953,262,Mechanical Hound|Girl Next Door|Long Now Manual For Civilization|Terrorismo Estatal|Censura|Novela|Totalitarismo|Science Fiction|Political Fiction|Satire,https://covers.openlibrary.org/b/id/12993656-L.jpg
book-/works/OL47752W,The wood beyond the world,William Morris,1894,250,Classic Literature|Fantasy|Fiction|English Fiction|English Fantasy Fiction|Imaginary Places|Quests (Expeditions)|Fantasy Fiction|Science Fiction|English Literature,https://covers.openlibrary.org/b/id/5895767-L.jpg
book-/works/OL88599W,"The king of the Golden River; or, The black brothers",John Ruskin,1839,235,Fairy Tales|Contes De Fées|Conduct Of Life|Juvenile Fiction|Brothers|Families|Children'S Literature|Readers|Legends|Texts,https://covers.openlibrary.org/b/id/5884126-L.jpg
book-/works/OL4104767W,The Moon Pool,A. Merritt,1919,230,Fiction|Botanists|Geographical Myths|Paranormal Fiction|Kidnapping|Fantasy|Imaginary Places|Legends|Science Fiction|Oceania -- Fiction,https://covers.openlibrary.org/b/id/9317374-L.jpg
book-/works/OL1417907W,At the Earth's Core,Edgar Rice Burroughs,1914,219,American Science Fiction|Classic Literature|Core|Earth|Fiction|Juvenile Fiction|Science Fiction & Fantasy|Science Fiction|Fantasy Fiction|Planets,https://covers.openlibrary.org/b/id/9317372-L.jpg
book-/works/OL52252W,In the days of the comet,H. G. Wells,1906,213,Classic Literature|Collisions With Earth|Comets|Fiction|Fiction In English|Science Fiction|Utopias|Fantasy Fiction,https://covers.openlibrary.org/b/id/5783892-L.jpg
book-/works/OL10215W,Мы,Евгений Иванович Замятин,1924,210,Literature: Texts|Untranslated Fiction - General|Literature - Classics / Criticism|Literary Criticism|Russian & Former Soviet Union|Classic Literature|Fiction|Science Fiction|Political Fiction|Dystopias,https://covers.openlibrary.org/b/id/5484189-L.jpg
book-/works/OL1099479W,De la terre à la lune,Jules Verne,1865,208,Ciencia-Ficción|French Language|Imaginary Voyages|Readers|French Science Fiction|Voyages And Travels|Fiction|Space Ships|Manned Space Flight|Space Race,https://covers.openlibrary.org/b/id/5943556-L.jpg
book-/works/OL1418128W,"Thuvia, Maid of Mars",Edgar Rice Burroughs,1916,206,American Science Fiction|Fiction|Science Fiction|Classic Literature|John Carter (Fictitious Character)|Martians|Extraterrestrial Beings|American Literature|Martians -- Fiction|Mars (Planet) -- Fiction,https://covers.openlibrary.org/b/id/284442-L.jpg
book-/works/OL1099513W,Voyage au Centre de la Terre,Jules Verne,1867,205,Fiction|Science Fiction|Imaginary Voyages|Imaginary Voyages In Fiction|Explorers In Fiction|Explorers|Cartoons And Comics|Adventure And Adventurers|Adventure And Adventurers In Fiction|French Science Fiction,https://covers.openlibrary.org/b/id/5890987-L.jpg
book-/works/OL52151W,When the Sleeper Awakes,H. G. Wells,1899,197,Fiction|Twenty-First Century|Technological Innovations|Time Travel|Science Fiction|Literature|Classic Literature|Dystopias|English Literature|Twenty-Second Century,https://covers.openlibrary.org/b/id/574886-L.jpg
book-/works/OL52195W,The food of the gods and how it came to earth,H. G. Wells,1900,194,Fiction|Giants|Growth Factors|Food Supply|Science Fiction|Agriculture|Experimentation|Scientists|Artificial Foods|English Literature,https://covers.openlibrary.org/b/id/314687-L.jpg
book-/works/OL1417916W,"The Beasts of Tarzan (Classic Ace SF, F-203)",Edgar Rice Burroughs,1914,188,Science Fiction|Tarzan (Fictitious Character) -- Fiction|Fantasy Fiction|Jungle Animals -- Fiction|Adventure Stories|Adventure|Fiction|Tarzan (Fictitious Character)|Open Library Staff Picks|Classic Literature,https://covers.openlibrary.org/b/id/2421421-L.jpg
book-/works/OL17518W,When the World Shook,H. Rider Haggard,1919,181,English Adventure Stories|Castaways|Shipwrecks|Fiction|Adventure Stories|Adventure And Adventurers|Science Fiction|Adventure,https://covers.openlibrary.org/b/id/2976990-L.jpg
book-/works/OL675783W,The Handmaid's Tale,Margaret Atwood,1985,174,Brothels|Canadian Authors|Canadian Fantasy Fiction|Christian Fundamentalism|Dystopian Fiction|Dystopias|Fantasy Fiction|Fiction|Handmaids|Man-Woman Relationships,https://covers.openlibrary.org/b/id/8231851-L.jpg
book-/works/OL893414W,Dune,Frank Herbert,1965,160,Dune (Imaginary Place)|Fiction|New York Times Reviewed|Science Fiction|Science-Fiction|American Literature|New York Times Bestseller|Award:Nebula_Award=Novel|Hugo Award Winner|Award:Hugo_Award=1966,https://covers.openlibrary.org/b/id/11481354-L.jpg
book-/works/OL51145W,It Can't Happen Here,Sinclair Lewis,1935,157,Anti-Fascist Movements|Presidents|Newspaper Editors|Fiction|Drama|Science Fiction|Dictators|Fascists|Election|Patriotism,https://covers.openlibrary.org/b/id/12719018-L.jpg
book-/works/OL575625W,R.U.R. and The insect play,Karel Čapek,1920,147,Czech Drama|Fiction|Science Fiction|Drama|Technological Innovations|Robots|Technological Unemployment|General|Languages & Literatures|Robots -- Drama,https://covers.openlibrary.org/b/id/4291026-L.jpg
book-/works/OL5735363W,The Hunger Games,Suzanne Collins,2008,142,Severe Poverty|Starvation|Oppression|Effects Of War|Self-Sacrifice|Science Fiction|Apocalyptic Fiction|Dystopian Fiction|Fiction|Juvenile Works,https://covers.openlibrary.org/b/id/12646537-L.jpg
book-/works/OL98459W,Slaughterhouse-Five,Kurt Vonnegut,1956,140,American Science Fiction|Bombing Of Dresden|Open Library Staff Picks|Military Fiction|War Stories|World War Ii|Literature And The War|War|Free Will And Determinism|Literary Fiction,https://covers.openlibrary.org/b/id/12727001-L.jpg
book-/works/OL103134W,The Martian Chronicles,Ray Bradbury,1950,138,American Science Fiction|Ciencia-Ficción|Drama|English Language Short Stories|Ficción|Fiction|Interplanetary Voyages|Translations Into Russian|Bibliography|Science Fiction,https://covers.openlibrary.org/b/id/9346537-L.jpg
book-/works/OL1418176W,A Fighting Man Of Mars,Edgar Rice Burroughs,1931,138,Fiction|Science Fiction|American Science Fiction|Extraterrestrial Beings,https://covers.openlibrary.org/b/id/13898460-L.jpg
book-/works/OL257943W,A Game of Thrones,George R. R. Martin,1996,136,Adult|Action & Adventure|Fantasy|High Fantasy|Epic|Epic Fantasy|Epic Fiction|Epic Literature|Science Fiction|Fantastic Fiction,https://covers.openlibrary.org/b/id/9269962-L.jpg
book-/works/OL261794W,A Clockwork Orange,Anthony Burgess,1962,136,Bible|Aversion Therapy|Unintended Consequences|Beethoven'S Fifth Symphony|Gang Rape|Psychiatric Hospitals|Maturity|Metanoia|Assault|Joyriding,https://covers.openlibrary.org/b/id/13151224-L.jpg
book-/works/OL1418222W,The Master Mind of Mars,Edgar Rice Burroughs,1928,130,Fiction|Historical Fiction|Science Fiction|John Carter (Fictitious Character)|Dejah Thoris (Fictitious Character)|Life On Other Planets|American Science Fiction|Extraterrestrial Beings,https://covers.openlibrary.org/b/id/2889485-L.jpg
book-/works/OL2163649W,The Hitchhiker's Guide to the Galaxy,Douglas Adams,1979,130,Comic Science Fiction|Vogons|Humorous Fiction|Imaginary Voyages|Wit And Humour|Science Fiction|Interstellar Travel|Fiction|Interplanetary Voyages|Open Library Staff Picks,https://covers.openlibrary.org/b/id/12986869-L.jpg
book-/works/OL8126453W,Armageddon 2419 AD,Philip Francis Nowlan,1962,127,Buck Rogers (Fictitious Character)|Fiction|Science Fiction|American Science Fiction,https://covers.openlibrary.org/b/id/1230950-L.jpg
book-/works/OL2779754W,On the Beach,Nevil Shute,1957,119,Atomic Bomb|English Science Fiction|Fiction|Literature|Nuclear Warfare|Roman|Juvenile Fiction|United States|United States. Navy|Science Fiction,https://covers.openlibrary.org/b/id/997896-L.jpg
book-/works/OL9170454W,Hamlet,William Shakespeare,1603,2377,Performing Arts|Stage History|Venganza|History And Criticism|Criticism And Interpretation|Literary Criticism|Succession|Fathers|Regicide|Tragedy,https://covers.openlibrary.org/b/id/8281954-L.jpg
book-/works/OL503666W,Don Quijote de la Mancha,Miguel de Cervantes Saavedra,1600,1594,Quotations|Knights And Knighthood|Social Life And Customs|Fiction|Classic Literature|Don Quixote (Fictitious Character)|Early Works To 1800|Dictionaries|Literatura Picaresca|España,https://covers.openlibrary.org/b/id/14428305-L.jpg
book-/works/OL244537W,The Art of War,孙武 (Sun Tzu),1900,1542,Open Library Staff Picks|Early Works To 1800|Military Art And Science|Great_Books_Of_The_Western_World|Business|Self-Improvement|Philosophy|Open_Syllabus_Project|Fiction|Nonfiction,https://covers.openlibrary.org/b/id/4849549-L.jpg
book-/works/OL1089297W,The Prince,Niccolò Machiavelli,1515,1407,Classic Literature|Fiction|Ouvrages Avant 1800|Science Politique|Morale Politique|Political Science|Early Works To 1800|Political Ethics|Italian Literature|Contribution À La Philosophie Politique,https://covers.openlibrary.org/b/id/12726168-L.jpg
book-/works/OL151406W,Through the Looking-Glass,Lewis Carroll,1865,1379,Fantasy|Fiction|English Nonsense Verses|Nonsense Verses|English Poetry|Alice (Fictitious Character : Carroll)|Toy And Movable Books|English Fantasy Poetry|Children'S Stories|Juvenile Literature,https://covers.openlibrary.org/b/id/11272464-L.jpg
book-/works/OL55649W,Walden,Henry David Thoreau,1854,1139,Biography|Homes And Haunts|American Authors|Social Life And Customs|Solitude|Natural History|Wilderness Areas|Philosophy|English Essays|Wildnerness Areas,https://covers.openlibrary.org/b/id/11248037-L.jpg
book-/works/OL100672W,Candide,Voltaire,1746,1079,Conduct Of Life|Readers|Literatura Francesa|Satire|Fiction|Civilization|Moral Conditions|Enlightenment|Politics And Government|Life,https://covers.openlibrary.org/b/id/12736044-L.jpg
book-/works/OL21025633W,Записки изъ подполья,Fyodor Dostoyevsky,1864,837,Fiction|History|General|Officials And Employees|Employees|Slavic Philology|Translations Into English|Ficción|Social Life And Customs|Historia,https://covers.openlibrary.org/b/id/10445973-L.jpg
book-/works/OL51831W,πολιτεία,Plato,1554,794,Political Science|Early Works To 1800|Utopias|Ouvrages Avant 1800|Science Politique|Utopies|Ciencias Políticas|Early Works To 1700|Education|Greek Education,https://covers.openlibrary.org/b/id/14418448-L.jpg
book-/works/OL16333W,Leaves of Grass,Walt Whitman,1855,755,Manuscripts|Gay Poets|Presidents|Poetry|American Poets|Fiction|English Poetry|American Poetry|Mysticism|Classic Literature,https://covers.openlibrary.org/b/id/9000447-L.jpg
book-/works/OL531767W,The Canterbury Tales,Geoffrey Chaucer,1478,722,Death|English Narrative Poetry|Juvenile Poetry|Great_Books_Of_The_Western_World|Fiction|Pilgrims And Pilgrimages In Literature|Storytelling In Fiction|Textual Criticism|Storytelling In Literature|English Literature,https://covers.openlibrary.org/b/id/5767180-L.jpg
book-/works/OL10263W,Le petit prince,Antoine de Saint-Exupéry,1943,688,Adventure|Fantasy|Friendship|Love|Childhood|Loss|Loneliness|Children'S Fiction|Fantasy Fiction|Fairy Tales,https://covers.openlibrary.org/b/id/10708272-L.jpg
book-/works/OL43024W,As a man thinketh,James Allen,1902,657,New Thought|Conduct Of Life|Miniature Books|Specimens|Inspirational|Fiction|New Age|Inspirational - General|Self-Actualization (Psychology)|Thought And Thinking,https://covers.openlibrary.org/b/id/6268048-L.jpg
book-/works/OL45499W,Tao te Ching,老子,1842,648,Chinese Philosophy|Chinese Language Materials|Peace|Tao|Taoism|Ouvrages Avant 1800|Taoïsme|Religion|Asian Philosophy|Philosophy,https://covers.openlibrary.org/b/id/662232-L.jpg
book-/works/OL1317211W,Meditations,Marcus Aurelius,1626,643,Philosophy|Nonfiction|Classics|Self-Help|Ethics|Early Works To 1800|Conduct Of Life|Ancient Philosophy|Stoics|Life,https://covers.openlibrary.org/b/id/211529-L.jpg
book-/works/OL98130W,Also sprach Zarathustra,Friedrich Nietzsche,1883,552,Classic Literature|Fiction|Filosofie|Filosofía|German Philosophy|German Language|Philosophy|Superhombre (Concepto Filosófico)|Superman|Superman (Philosophical Concept),https://covers.openlibrary.org/b/id/1017466-L.jpg
book-/works/OL76399W,Saint Francis of Assisi,Gilbert Keith Chesterton,1923,547,Biography & Autobiography|Nonfiction|Philosophy|Religion & Spirituality|Psychology|Christianity|Christian Saints|Biography|Santos|Biografias,https://covers.openlibrary.org/b/id/502618-L.jpg
book-/works/OL151411W,Alice's Adventures in Wonderland / Through the Looking Glass,Lewis Carroll,1889,545,Adventure And Adventurers|Adventure Stories|Adventure Travel|Animals|Anthropomorphism|Artists' Illustrated Books|Books And Reading|Child And Youth Fiction|Children|Children'S Fiction,https://covers.openlibrary.org/b/id/8595966-L.jpg
book-/works/OL1548597W,De rerum natura,Titus Lucretius Carus,1486,537,Latin Didactic Poetry|Ancient Philosophy|Poetry|Translations Into English|Translations Into Italian|Philosophy|Early Works To 1800|Translations Into Spanish|Translations Into French|Criticism And Interpretation,https://covers.openlibrary.org/b/id/566208-L.jpg
book-/works/OL151515W,La Poetica,Aristotle,1479,498,Metaphysics|Early Works To 1800|Metaphysica (Aristoteles)|Aristotle|Animal Locomotion|Rhetoric|Ancient Rhetoric|Poetry|Aesthetics|Esztétika,https://covers.openlibrary.org/b/id/129771-L.jpg
book-/works/OL7095112W,The Book of Tea,Okakura Kakuzō,1900,476,Japanese Tea Ceremony|Social Life And Customs|Tea|Philosophy|Chadō|Fiction|Cooking & Food|New Age|Classic Literature|Nonfiction,https://covers.openlibrary.org/b/id/8245415-L.jpg
book-/works/OL1068091W,On Liberty,John Stuart Mill,1859,465,Liberté|Morale|Politique|Liberty|Women'S Rights|Women|Social And Moral Questions|Utilitarianism|Nature|Social Conditions,https://covers.openlibrary.org/b/id/966821-L.jpg
book-/works/OL137872W,Confessiones,Augustine of Hippo,1482,450,Religious Aspects Of Truth|Christian Saints|Christianity|Spiritual Life|Religion & Spirituality|Bishop Of Hippo|Hippo|Collected Works|Christian Life|Early Church,https://covers.openlibrary.org/b/id/9022521-L.jpg
book-/works/OL8273964W,Nicomachean Ethics,Aristotle,1558,416,Ethics|Early Works To 1800|Morale Ancienne|Ouvrages Avant 1800|Filosofia Grega|Filosofia Antiga|Ética|Views On Friendship|Aristotle|Éthique,https://covers.openlibrary.org/b/id/12593945-L.jpg
book-/works/OL98174W,Jenseits von Gut und Böse,Friedrich Nietzsche,1885,415,Ethics|Philosophy|Translations Into English|Good And Evil.|German Philosophy|Asceticism|Good And Evil|Nonfiction|Open_Syllabus_Project|Morale,https://covers.openlibrary.org/b/id/8245356-L.jpg
book-/works/OL1262495W,Pensées,Blaise Pascal,1670,395,Apologetic Works|Apologetics|Apologétique|Auteurs Catholiques|Catholic Church|Catholic Church - Apologetic Works|Catholic Church - Doctrines|Catholic Authors|Christianity|Controversial Literature,https://covers.openlibrary.org/b/id/6550324-L.jpg
book-/works/OL15692719W,Der Antichrist,Friedrich Nietzsche,1895,385,Christianity|Controversial Literature|Antichrist|Philosophy|Religion|Aesthetics|Biografía|Biography|Biography & Autobiography|Ethics,https://covers.openlibrary.org/b/id/1759313-L.jpg
book-/works/OL1159648W,The Golden Bough,James George Frazer,1890,374,Mythology|Magic|Superstition|Religion|Primitive Religion|Magie|Literature And Anthropology|Mythologie|Mythology In Literature|Folklore,https://covers.openlibrary.org/b/id/8876695-L.jpg
book-/works/OL51815W,Συμπόσιον,Plato,1559,351,Love|Early Works To 1800|Soul|Rhetoric|Religious Aspects Of Love|Christianity|Platonic Love|Influence|Ancient Rhetoric|Immortality (Philosophy),https://covers.openlibrary.org/b/id/14398918-L.jpg
book-/works/OL93568W,Dialogues Concerning Natural Religion,David Hume,1779,340,Natural Theology|Early Works To 1800|Early Works To 1900|Religion|Intellectual Life|Philosophy|Théologie Naturelle|Scottish Philosophy|Enlightenment|History,https://covers.openlibrary.org/b/id/5704676-L.jpg
book-/works/OL79353W,An essay on man,Alexander Pope,1733,315,Poetry|Human Beings|English Philosophy|Theological Anthropology|Christianity|Facsimiles|English Manuscripts|Man (Christian Theology)|Translations From English|German Poetry,https://covers.openlibrary.org/b/id/14538511-L.jpg
book-/works/OL731737W,Anthem,Ayn Rand,1936,306,Fiction|Individuality|Time Travel In Fiction|Individuality In Fiction|Collectivism|Time Travel|Psychology|Men|Men In Fiction|Man-Woman Relationships,https://covers.openlibrary.org/b/id/802982-L.jpg
book-/works/OL39379W,A Room of One's Own,Virginia Woolf,1929,303,Authorship|Economic Conditions|Feminism|Feminist Theory|Femmes|Femmes Dans La Littérature|Femmes Écrivains|Histoire|Histoire Et Critique|History,https://covers.openlibrary.org/b/id/6559057-L.jpg
book-/works/OL1086528W,Essais,"Montaigne, Michel de",1600,294,Translations Into Chinese|Philosophy|French Essays|Translations Into English|Great_Books_Of_The_Western_World|Philosophers|Education|Great_Books|Marriage|History And Criticism,https://covers.openlibrary.org/b/id/104154-L.jpg
book-/works/OL51805W,Φαίδων,Plato,1713,291,Immortality|Immortality (Philosophy)|Early Works To 1800|Biblioteca Nacional (Spain)|Ouvrages Avant 1800|Immortalité (Philosophie)|Phaedo (Plato)|Classic Literature|Fiction|Nonfiction,https://covers.openlibrary.org/b/id/14400104-L.jpg
book-/works/OL1088577W,The Problems of Philosophy,Bertrand Russell,1900,288,Philosophy|Introductions|Theory Of Knowledge|Metaphysics|Nonfiction|Métaphysique|Philosophie|Open_Syllabus_Project|Metafísica|Political Science,https://covers.openlibrary.org/b/id/6947403-L.jpg
book-/works/OL15314568W,Summa Theologica,Thomas Aquinas,1467,277,Anthropology|Attributes|Catholic Church|Catholic Theology|Catholic Authors|Christian Ethics|Christianity|Christianity And Law|Christianity And Law.|Collected Works,https://covers.openlibrary.org/b/id/8236222-L.jpg
book-/works/OL55631W,Civil Disobedience,Henry David Thoreau,1800,261,Résistance Au Gouvernement|Resistance To Government|Désobéissance Civile|[Document]|Abolitionnisme|Document|American Authors|Biography|Civil Disobedience|Homes And Haunts,https://covers.openlibrary.org/b/id/12679584-L.jpg
book-/works/OL1154715W,Bushidō,Inazo Nitobe,1899,258,Bushido|Nonfiction|Philosophy|Vida Social Y Costumbres|Military History|Samurai|Bj971.B8 N57 2004|170/.44/0952|Christ|Japanese Morality,https://covers.openlibrary.org/b/id/3354324-L.jpg
book-/works/OL13703833W,Poetics,Aristotle,1536,252,Early Works To 1800|Aesthetics|Poetry|Poetics|Philosophy And Esthetics|Style|Ancient Rhetoric|Greek Language|Technique|Drama,https://covers.openlibrary.org/b/id/6528920-L.jpg
book-/works/OL88638W,The Seven Lamps of Architecture,John Ruskin,1800,245,Architecture|Athena (Greek Deity)|Conduct Of Life|Crystallography|Greek Art|Painting|Philosophy|Pre-Raphaelitism|Art|Nonfiction,https://covers.openlibrary.org/b/id/5790382-L.jpg
book-/works/OL80592W,Les confessions,Jean-Jacques Rousseau,1782,244,French Authors|Biography|Correspondence|Critique Et Interprétation|Childhood And Youth|Jean Rousseau|Classic Literature|Fiction|Philosophers|Autobiography,https://covers.openlibrary.org/b/id/6371045-L.jpg
book-/works/OL145191W,Picasso,Pablo Picasso,1926,240,20Th Century|Amsterdam (Netherlands)|Animals|Animals In Art|Anniversaries|Art|Art Collections|Avant-Garde (Aesthetics)|Ballet|Bullfighters In Art,https://covers.openlibrary.org/b/id/2238306-L.jpg
book-/works/OL1868441W,The Theory of the Leisure Class,Thorstein Veblen,1899,236,Leisure Class|Philosophy|Economics|Business|Nonfiction|Sociology|Classe Oisive|Classes Sociales|Soziologie|Prestige,https://covers.openlibrary.org/b/id/5815298-L.jpg
book-/works/OL3946622W,Gorin no sho,Miyamoto Musashi,1963,236,Biography|Bushido|Ciencia Militar|Early Works To 1800|Kendo|Management|Martial Arts|Military Art And Science|Military Science|Obras Anteriores A 1800,https://covers.openlibrary.org/b/id/6621293-L.jpg
book-/works/OL51948W,Ἀπολογία Σωκράτους,Plato,1675,232,Nonfiction|Philosophy|Sophists (Greek Philosophy)|Filosofía Griega|History & Surveys|Ancient & Classical|Philosophie|Socrates.|Plato|Socrates,https://covers.openlibrary.org/b/id/14407561-L.jpg
book-/works/OL16247898W,Πολιτικά (Politiká),Aristotle,1492,224,Politics And Government|Incunabula|Aesthetics|Économie Politique|Theory|Literary Form|History And Criticism|Poetry|Great_Books_Of_The_Western_World|Constitution Of Athens,https://covers.openlibrary.org/b/id/1277085-L.jpg
book-/works/OL51785W,Γοργίας,Plato,1827,224,Classic Literature|Fiction|Early Works To 1800|Ethics|Political Science|Ancient Philosophy|Great_Books_Of_The_Western_World|Open_Syllabus_Project|Love|Greek Language Materials,https://covers.openlibrary.org/b/id/14372952-L.jpg
book-/works/OL308575W,Gitanjali (song offerings),Rabindranath Tagore,1910,217,Bengali Poetry|Translations Into English|Translations From Bengali|English Poetry|Translations Into Vietnamese|Bengali Prose Poems|Translations Into Telugu|Poetry (Poetic Works By One Author)|Songs|Children'S Songs,https://covers.openlibrary.org/b/id/8246100-L.jpg
book-/works/OL80609W,Du contrat social,Jean-Jacques Rousseau,1762,216,Peace|The State|Science Politique|Economics|Early Works To 1800|Fiction|Social Contract|Civilization|Ciencias Políticas|Political Science,https://covers.openlibrary.org/b/id/6581958-L.jpg
book-/works/OL723491W,Moralia,Plutarch,1500,211,Ancient Ethics|Ancient Philosophy|Animals (Philosophy)|Biography|Early Works To 1800|Ethics|Greek Oracles|Greek Essays|Greek Literature|Intellectual Life,https://covers.openlibrary.org/b/id/5788251-L.jpg
book-/works/OL1410381W,Tractatus logico-philosophicus,Ludwig Wittgenstein,1921,210,Analysis (Philosophy)|Language|Language And Languages|Language And Logic|Languages|Logic|Philosophy|Semantics (Philosophy)|Symbolic And Mathematical Logic|Logique Symbolique Et Mathématique,https://covers.openlibrary.org/b/id/5415771-L.jpg
book-/works/OL503589W,Niebla,Miguel de Unamuno,1914,206,Spanish Language|Readers|Fiction|Novelas Espan Olas|Novelas Españolas|Unrequited Love|Unrequited Love -- Spain -- Fiction|Chronology|Pictorial Works|Philosophy,https://covers.openlibrary.org/b/id/147489-L.jpg
book-/works/OL69382W,Essays,Francis Bacon,1618,188,Aphorisms And Apothegms|Classical Mythology|Early Works To 1800|English Essays|Good And Evil|Logic|Methodology|Modern Philosophy|Renaissance Philosophy|Science,https://covers.openlibrary.org/b/id/8236351-L.jpg
book-/works/OL14866824W,Der Zauberberg,Thomas Mann,1924,188,Fiction|Sanatoriums|German Fiction|Translations Into English|Philosophy|Civilization|Special Hospitals|Fictional Works|Tuberculosis|Literature,https://covers.openlibrary.org/b/id/2056242-L.jpg
book-/works/OL88547W,"Sesame and Lilies, three lectures",John Ruskin,1800,187,Books And Reading|Conduct Of Life|Conduct Of Life.|Social Problems|Women|Early Works To 1800|Education|Art|English Literature|Decorative Arts,https://covers.openlibrary.org/b/id/526624-L.jpg
book-/works/OL4095472W,"Familiar quotations; a collection of passages, phrases, and proverbs traced to their sources in ancient and modern literature",John Bartlett,1855,185,English Quotations|Quotations|Aphorisms And Apothegms|American Quotations|Nonfiction|Reference|Literature|Citations|Citations Anglaises|Aphorisms And Proverbs,https://covers.openlibrary.org/b/id/4991649-L.jpg
book-/works/OL111359W,Democracy and Education,John Dewey,1916,184,Education|Philosophy|Social Aspects|Social Aspects Of Education|Demokratische Erziehung|Democracy|Democracy And Education|General,https://covers.openlibrary.org/b/id/6738842-L.jpg
book-/works/OL21177W,Wuthering Heights,Emily Brontë,1846,2887,Form:Novel|Genre:Tragedy|Genre:Gothic|Children'S Fiction|Classic Fiction|Classic Literature|Country Homes|Country Life|Cousins|Death,https://covers.openlibrary.org/b/id/12818862-L.jpg
book-/works/OL66513W,Emma,Jane Austen,1815,2263,Social Life And Customs|Mate Selection|Fiction|Fathers And Daughters|Open_Syllabus_Project|Historical Fiction|Female Friendship|Young Women|Classic Literature|Manners And Customs,https://covers.openlibrary.org/b/id/9278312-L.jpg
book-/works/OL66562W,Sense and Sensibility,Jane Austen,1811,2090,Text-Books For Foreigners|Literature|Readers|Gentry|Classic Literature|Fiction / Classics|Open Library Staff Picks|English Language|Open_Syllabus_Project|Didactic Fiction,https://covers.openlibrary.org/b/id/9278292-L.jpg
book-/works/OL29983W,Little Women,Louisa May Alcott,1848,1888,Romans|Jeunes Filles|Soeurs|Sisters|Young Women|Fiction|Family Life|Literatura Norte Americana|Families|Juvenile Fiction,https://covers.openlibrary.org/b/id/8775559-L.jpg
book-/works/OL267096W,Анна Каренина,Лев Толстой,1876,1315,Fiction|Adultery|Married Women|Social Life And Customs|Social Conditions|Upper Class Women|Russian Literature|Upper Class|Classic Literature|Literature,https://covers.openlibrary.org/b/id/2560652-L.jpg
book-/works/OL468431W,The Great Gatsby,F. Scott Fitzgerald,1920,1179,Fiction|Rich People|Mistresses|Married Women|Traffic Accidents|First Loves|Revenge|American Manuscripts|Facsimiles|Manuscripts,https://covers.openlibrary.org/b/id/10590366-L.jpg
book-/works/OL1095427W,Jane Eyre,Charlotte Brontë,1847,1170,"Fiction|Romance|Historical""|Married Men|Fiction""|Open Library Staff Picks|Gothic Fiction|Literature|Detente|Social Life And Customs",https://covers.openlibrary.org/b/id/8235363-L.jpg
book-/works/OL66534W,Northanger Abbey,Jane Austen,1818,1013,Mate Selection|Cousins|Fiction|Young Women|Horror Tales|Families|Uncles|Appreciation|Children Of The Rich|English Love Stories,https://covers.openlibrary.org/b/id/12567961-L.jpg
book-/works/OL98501W,Ethan Frome,Edith Wharton,1910,1000,Accident Victims|American Literature|Children'S Fiction|Classic Literature|Domestic Fiction|English Fiction|Family Life|Farm Life|Fiction|Guardian And Ward,https://covers.openlibrary.org/b/id/8303480-L.jpg
book-/works/OL176092W,The Moonstone,Wilkie Collins,1800,977,Fiction|Jewelry Theft|East Indians|Police|Drama|History|Detective And Mystery Stories|Readers|English Fiction|Country Homes,https://covers.openlibrary.org/b/id/8237041-L.jpg
book-/works/OL88813W,A Room with a View,E. M. Forster,1905,755,British|Fiction|Young Women|British In Fiction|England In Fiction|Travel|Young Women In Fiction|Love|Romance|Movie Novels,https://covers.openlibrary.org/b/id/1748132-L.jpg
book-/works/OL36287W,Hrabě Monte Cristo. Díl 1 a 2 (třísvazkové vydání),Alexandre Dumas,1830,736,France|Fiction|France In Fiction|History|Adventure And Adventurers In Fiction|Readers|French Language|Adventure And Adventurers|Translations Into Yiddish|Pirates In Fiction,https://covers.openlibrary.org/b/id/14566393-L.jpg
book-/works/OL485504W,Riders of the Purple Sage,Zane Grey,1912,709,Fiction|Mormon Women|Polygamy|Women Ranchers|Lassiter (Fictitious Character)|Adventure And Adventurers|Fiction In English|Mormons|Classic Literature|Romance,https://covers.openlibrary.org/b/id/872066-L.jpg
book-/works/OL152161W,Uncle Tom's Cabin,Harriet Beecher Stowe,1850,688,Master And Servant|Slavery|Plantation Life|Uncle Tom (Fictitious Character)|Fugitive Slaves|Slaves|Fiction|African Americans|Slavery In Literature|In Literature,https://covers.openlibrary.org/b/id/12728198-L.jpg
book-/works/OL468488W,This Side of Paradise,F. Scott Fitzgerald,1920,631,"Fiction|Romance|Historical""|Advertising|Veterans|College Students|Children Of The Rich|Facsimiles|American Manuscripts|Manuscripts",https://covers.openlibrary.org/b/id/8243609-L.jpg
book-/works/OL81294W,Women in Love,D. H. Lawrence,1877,564,Romance|Classic Literature|Male Friendship|Open Library Staff Picks|Fiction|Social Classes|Social Conditions|Interpersonal Relations|Open_Syllabus_Project|Sisters,https://covers.openlibrary.org/b/id/13140934-L.jpg
book-/works/OL38663W,Heart of Darkness,Joseph Conrad,1899,553,Form:Novella|Genre:Historical Fiction|Fiction|Romance|Degeneration|Literature|Description And Travel|Diaries|Sailors|Short Stories,https://covers.openlibrary.org/b/id/12307847-L.jpg
book-/works/OL17453W,She,H. Rider Haggard,1886,510,Fiction In English|Adventure And Adventurers|Reincarnation|Fiction Inenglish|Allan Quatermain (Fictitious Character)|English Adventure Stories|Fiction|Immortalism|Adventure|Open Library Staff Picks,https://covers.openlibrary.org/b/id/295537-L.jpg
book-/works/OL88881W,Howards End,E. M. Forster,1910,498,Fiction|Inheritance And Succession|Sisters|Country Homes|Social Classes|Illegitimate Children|Remarried People|Man-Woman Relationships|Social Conflict|Women Intellectuals,https://covers.openlibrary.org/b/id/8235207-L.jpg
book-/works/OL1103093W,Cranford,Elizabeth Cleghorn Gaskell,1853,473,Fiction|Older Women|Villages|Sisters|Female Friendship|Country Life|Women|Social Life And Customs|Classic Literature|Drama,https://covers.openlibrary.org/b/id/5188445-L.jpg
book-/works/OL276365W,The Portrait of a Lady,Henry James,1881,432,Social Life And Customs|Manners And Customs|Fiction|Fathers And Daughters|Triangles (Interpersonal Relations)|Married Women|Americans|Inheritance And Succession|Isabel Archer (Fictitious Character)|Domestic Relations,https://covers.openlibrary.org/b/id/3352367-L.jpg
book-/works/OL44973W,"Under the Greenwood Tree or, The Mellstock quire",Thomas Hardy,1872,425,Choirs (Music)|Women Teachers|Courtship In Fiction|Romance|English Literature|Fiction|Church Musicians|Women Teachers In Fiction|Historical Fiction|Sculptors,https://covers.openlibrary.org/b/id/902186-L.jpg
book-/works/OL44986W,Jude the Obscure,Thomas Hardy,1895,425,Social Life And Customs|Death|Pine|Fiction|Unmarried Couples|Man-Woman Relationships|Open_Syllabus_Project|Adultery|Stonemasons|Diseases And Pests,https://covers.openlibrary.org/b/id/12973053-L.jpg
book-/works/OL733640W,Le rouge et le noir,Stendhal,1830,404,Fiction|Young Men|Social Life And Customs|Young Men In Literature|French Language|Church And State|Ambition|Criticism And Interpretation|Critique Et Interprétation|Classic Literature,https://covers.openlibrary.org/b/id/8231413-L.jpg
book-/works/OL44990W,The Woodlanders,Thomas Hardy,1800,392,Fiction|Forests And Forestry|Arranged Marriage|Triangles (Interpersonal Relations)|Social Classes|Social Life And Customs|Classic Literature|Drama|Historical Fiction|Romance,https://covers.openlibrary.org/b/id/8243078-L.jpg
book-/works/OL77997W,The pioneers,James Fenimore Cooper,1800,378,Frontier And Pioneer Life|Open Library Staff Picks|Natty Bumppo (Fictitious Character)|Fiction|Classic Literature|Thriller|History|History And Criticism|Poetry|Historical Fiction,https://covers.openlibrary.org/b/id/9000512-L.jpg
book-/works/OL485469W,The Lone Star Ranger,Zane Grey,1914,358,Outlaws|Frontier And Pioneer Life|Western Stories|Fiction|Texas Rangers|Western|Classic Literature|Love Stories|Frontier|Pioneers,https://covers.openlibrary.org/b/id/4813849-L.jpg
book-/works/OL109229W,The ghost,Arnold Bennett,1907,319,Ghosts|Opera Singers|Romance|Adventure|Rivalry|Jealousy|Supernatural|Haunting|Phrenology|Women Singers,https://covers.openlibrary.org/b/id/5877895-L.jpg
book-/works/OL109880W,Framley Parsonage,Anthony Trollope,1861,317,Fiction|Clergy|Social Life And Customs|Classic Literature|Romance|English Literature|Barsetshire (England : Imaginary Place)|Manners And Customs|Domestic Fiction|Clergy -- Fiction,https://covers.openlibrary.org/b/id/8288051-L.jpg
book-/works/OL98491W,The Age of Innocence,Edith Wharton,1920,301,Fiction|Triangles (Interpersonal Relations)|Upper Class|Married People|Separated People|Social Life And Customs|Marriage|Separated Women|Upper Classes|Social Norms,https://covers.openlibrary.org/b/id/11196262-L.jpg
book-/works/OL276328W,Daisy Miller,Henry James,1877,244,Fiction|Americans|Young Women|Americans In Fiction|Young Women In Fiction|Europe In Fiction|Drama|Social Life And Customs|United States In Fiction|Women Travelers,https://covers.openlibrary.org/b/id/6482238-L.jpg
book-/works/OL276470W,The Ambassadors,Henry James,1903,231,Man-Woman Relationships|Fiction|Romance|Americans|Historical Fiction|Young Men|Classic Literature|American Fiction|Literary Criticism|American,https://covers.openlibrary.org/b/id/313610-L.jpg
book-/works/OL276395W,Washington Square,Henry James,1880,219,Romance|Man-Woman Relationships|Historical Fiction|Classic Literature|Fiction|Fathers And Daughters|Children Of The Rich|Inheritance And Succession|Young Women|Courtship,https://covers.openlibrary.org/b/id/8243278-L.jpg
book-/works/OL471940W,Poirot investigates,Agatha Christie,1924,216,Hercule Poirot (Fictitious Character)|Private Investigators|Belgians|English Detective And Mystery Stories|Detective And Mystery Stories|Fiction|Captain Hastings (Fictitious Character)|English Short Stories|Historical Fiction|Mystery,https://covers.openlibrary.org/b/id/13670505-L.jpg
book-/works/OL44994W,The Return of the Native,Thomas Hardy,1878,205,"Return Of The Native (Hardy|Thomas)|Social Conditions|Wessex (England) -- Fiction|Social Life And Customs|Country Life|Manners And Customs|Villages|Fiction""|Romance",https://covers.openlibrary.org/b/id/8162989-L.jpg
book-/works/OL471724W,Death on the Nile,Agatha Christie,1937,187,Belgians|Fiction|Hercule Poirot (Fictitious Character)|Private Investigators|English Detective And Mystery Stories|Murder|Historical Fiction|Mystery|Romance|Detectives Privados,https://covers.openlibrary.org/b/id/14066646-L.jpg
book-/works/OL258301W,Доктор Живаго,Boris Leonidovich Pasternak,1957,176,Fiction|History|958|Prohibited Book|Politics|Soviet Union|Revolution|1917-1921|Historical|Classic,https://covers.openlibrary.org/b/id/1045432-L.jpg
book-/works/OL16336633W,Fifty Shades of Grey,E. L. James,2000,141,Fiction / Contemporary Women|Sexual Dominance And Submission|Fiction / Romance / Contemporary|Dominance (Psychology)|College Students|Businessmen|Adultery|Contemporary Women|Contemporary|Romance,https://covers.openlibrary.org/b/id/12648183-L.jpg
book-/works/OL15165350W,Pride and Prejudice,Jane Austen,1813,132,Brothers And Sisters|Children'S Fiction|Courtship|Drama|English Fiction|English Literature|Families|Family|Family Life|Family Relations,https://covers.openlibrary.org/b/id/13148521-L.jpg
book-/works/OL5720023W,Twilight,Stephenie Meyer,2005,131,Series:Luz_E_Escuridão|Series:Twilight|New York Times Bestseller|School & Education|Vampires|Juvenile Fiction|Fiction|Children'S Books - Young Adult Fiction|Children: Young Adult (Gr. 10-12)|Schools,https://covers.openlibrary.org/b/id/12641977-L.jpg
book-/works/OL274518W,El amor en los tiempos del cólera,Gabriel García Márquez,1985,130,Vida Familiar|Family Life|Historias De Amor|Love Stories|Ficció Histórica|Historical Fiction|Novels|Novela|Courtship|Translations Into English,https://covers.openlibrary.org/b/id/10096404-L.jpg
book-/works/OL471603W,The Mystery of the Blue Train,Agatha Christie,1928,124,Crimes Against|Detective And Mystery Stories|Divorce|Divorce In Fiction|Fiction|Hercule Poirot (Fictitious Character)|Jewelry Theft|Jewelry Theft In Fiction|Married Women|Married Women In Fiction,https://covers.openlibrary.org/b/id/14575533-L.jpg
book-/works/OL2564006W,Genji monogatari,Murasaki Shikibu,1900,121,Classic Literature|Concordances|Fiction|Illustrations|Japanese Fiction|Literature|Social Life And Customs|Princes|Aristocracy (Social Class)|Manners And Customs,https://covers.openlibrary.org/b/id/6614001-L.jpg
book-/works/OL1992198W,In Cold Blood,Truman Capote,1965,117,True|Crime|Murder|Mystery|Meurtre|Análisis De Casos|Asesinato|Case Studies|Murder -- Kansas -- Case Studies.|Kansas,https://covers.openlibrary.org/b/id/228066-L.jpg
book-/works/OL810989W,Comus,John Milton,1738,111,Fiction|Librettos|Masques With Music|Poetry|Romance|Scores|Values|Experience|Poetry (Poetic Works By One Author)|Photoengraving,https://covers.openlibrary.org/b/id/5622287-L.jpg
book-/works/OL1673205W,The Godfather,Mario Puzo,1969,109,Detective And Mystery Stories|Organized Crime|Criminals|Italian Americans|Mafia|Fiction|Criminals In Fiction|Drama|Italian Americans In Fiction|Mafia In Fiction,https://covers.openlibrary.org/b/id/6507069-L.jpg
book-/works/OL503503W,Abel Sánchez,Miguel de Unamuno,1917,108,Spanish Language|Readers|Criticism And Interpretation|Male Friendship|Fiction|Romance|Interpersonal Relations,https://covers.openlibrary.org/b/id/4902483-L.jpg
book-/works/OL8088746W,Pelham,"Edward Bulwer Lytton, Baron Lytton",1828,108,Fiction|Classic Literature|Drama|Romance|Adventure Stories|English Fiction,https://covers.openlibrary.org/b/id/8974809-L.jpg
book-/works/OL109873W,The Eustace diamonds,Anthony Trollope,1872,102,Fiction|Jewelry Theft|Socialites|Courtship|Poor Women|Romance|Politics And Government|Social Life And Customs|Political Fiction|Long Now Manual For Civilization,https://covers.openlibrary.org/b/id/8242844-L.jpg
book-/works/OL36632W,Jamaica Inn,Daphne du Maurier,1936,100,Fiction|Smugglers|Detective And Mystery Stories|Romance Fiction|Roman|Contrebande|Love Stories|Romance|Suspense|Gothic,https://covers.openlibrary.org/b/id/8765960-L.jpg
book-/works/OL109876W,The Last Chronicle of Barset,Anthony Trollope,1867,97,Clergy In Fiction|Social Life And Customs|Romance|Classic Literature|Manners And Customs|Barchester (England : Imaginary Place)|Fiction|Clergy|Long Now Manual For Civilization|Clergy -- England -- Fiction,https://covers.openlibrary.org/b/id/7334887-L.jpg
book-/works/OL471713W,Dead Man's Folly,Agatha Christie,1956,96,Fiction|Historical Fiction|Mystery|Romance|Hercule Poirot (Fictitious Character)|Private Investigators|Private Investigators In Fiction|Belgians|Belgians In Fiction|Ariadne Oliver (Fictitious Character),https://covers.openlibrary.org/b/id/6985969-L.jpg
book-/works/OL98585W,The Custom of the Country,Edith Wharton,1900,94,Fiction|Divorced Women|Upper Class|Remarried People|Americans|Social Life And Customs|Classic Literature|Literature|Romance|Long Now Manual For Civilization,https://covers.openlibrary.org/b/id/9329535-L.jpg
book-/works/OL5720025W,Eclipse,Stephenie Meyer,2006,94,New York Times Bestseller|Werewolves|Interpersonal Relations|Vampires|High Schools|Schools|Fiction|Novela De Misterio|Vampiros|Hombres Lobo,https://covers.openlibrary.org/b/id/12643410-L.jpg
book-/works/OL14871157W,Der Vorleser,Bernhard Schlink,1995,89,Fiction|Romance|Germany|World War 2|Holocaust|War Crimes|Atrocities|War Crime Trials|History|Man-Woman Relationship,https://covers.openlibrary.org/b/id/998445-L.jpg
book-/works/OL5720027W,New Moon,Stephenie Meyer,2006,88,Series: Twilight|Series:Luz_E_Escuridão|Vampires|Juvenile Fiction|Werewolves|High Schools|Schools|Vampiros|Hombres Lobo|Fiction,https://covers.openlibrary.org/b/id/12643406-L.jpg
book-/works/OL15719630W,Divergent,Veronica Roth,2010,87,New York Times Bestseller|Families|Family|Juvenile Fiction|Social Classes|Courage|Fiction|Identity|Identity (Psychology)|Dystopias,https://covers.openlibrary.org/b/id/13274634-L.jpg
book-/works/OL471870W,Sad Cypress,Agatha Christie,1939,86,Fiction|Hercule Poirot (Fictitious Character)|Private Investigators|Detective And Mystery Stories|Historical Fiction|Mystery|Romance|Triangles (Interpersonal Relations)|Inheritance And Succession|Poisoning,https://covers.openlibrary.org/b/id/6559532-L.jpg
book-/works/OL989065W,Les Dieux Ont Soif,Anatole France,1900,86,French Literature|Fiction|History|French Language|Readers|Histoire|Literatura|Romance|Literatura Francesa,https://covers.openlibrary.org/b/id/1994527-L.jpg
book-/works/OL16550681W,Fifty Shades Darker,E. L. James,2011,83,Relaciones Hombre-Mujer|Ficción|Sadomasoquismo|Cuentos Eróticos|Contemporary Women|Businesspeople|Romance|Erotic Fiction|Novela|Erotica,https://covers.openlibrary.org/b/id/14566702-L.jpg
book-/works/OL45089W,Robinson Crusoe,Daniel Defoe,1686,2420,Survival|Fiction|Dans La Littérature|Îles|Islands|Naufrages|Robinson Crusoe (Fictitious Character)|Translations Into Swedish|Adaptations|Sailors,https://covers.openlibrary.org/b/id/368541-L.jpg
book-/works/OL259010W,A Midsummer Night's Dream,William Shakespeare,1600,1505,Drama|Courtship|Plays|Hippolyta (Greek Mythology)|Theseus (Greek Mythology)|Juvenile Drama|Stage History|Textual Criticism|Nonfiction|Description And Travel,https://covers.openlibrary.org/b/id/7205924-L.jpg
book-/works/OL93082W,La Divina Commedia,Dante Alighieri,1472,1339,Poetry (Poetic Works By One Author)|Literatura|Portraits|Paradise|Poetry|Hell|Purgatory|Illustrations|Italian Poetry|Medieval Literature,https://covers.openlibrary.org/b/id/11621024-L.jpg
book-/works/OL61981W,Ἰλιάς,Όμηρος,1505,1084,Odysseus (Greek Mythology)|Greeks|Poetry|Classical Literature|Poesía|Open Library Staff Picks|Greek Epic Poetry|Hector (Legendary Character)|Textual Criticism|Achilles (Greek Mythology),https://covers.openlibrary.org/b/id/7083790-L.jpg
book-/works/OL61982W,Ὀδύσσεια,Όμηρος,1488,1064,Great_Books_Of_The_Western_World|Poetry|Fiction|Classical Literature|Open Library Staff Picks|Juvenile Literature|Horses|Diseases|Greek Mythology|Great_Books,https://covers.openlibrary.org/b/id/9045853-L.jpg
book-/works/OL97727W,Metamorfosi,Ovid,1474,747,Poetry|Mythology|Metamorphosis|Latin Fables|Classical Mythology|Translations Into Italian|Poesia Lirica Latina|Translations Into English|Latin Epistolary Poetry|Women,https://covers.openlibrary.org/b/id/5701612-L.jpg
book-/works/OL47087W,Aeneis,Publius Vergilius Maro,1592,721,Classical Literature|History And Criticism|Latin Epic Poetry|Rome In Literature|Virgil. Aeneis|Legends|Latin Didactic Poetry|Country Life|Agriculture|Translations Into English,https://covers.openlibrary.org/b/id/5273998-L.jpg
book-/works/OL362706W,Sonnets,William Shakespeare,1609,646,English Sonnets|History And Criticism|Bibliography|Translations Into Yiddish|Translations Into German|English Narrative Poetry|Spurious And Doubtful Works|Translations Into Arabic|Translations Into Lithuanian|Translations Into French,https://covers.openlibrary.org/b/id/8222090-L.jpg
book-/works/OL52456W,Faust,Johann Wolfgang von Goethe,1800,633,Good And Evil|Drama|Redemption|Devil|German Drama|Translations Into English|English Drama|Translations From German|Illustrations|Magicians,https://covers.openlibrary.org/b/id/6499459-L.jpg
book-/works/OL318900W,The Prophet,Kahlil Gibran,1900,569,Poetry|Classics|Literature & Fiction|Religion|American Prose Poems|Mysticism|Spiritual Life,https://covers.openlibrary.org/b/id/418324-L.jpg
book-/works/OL15292640W,Metamorphoses,Ovid,1479,501,Poetry|Classical Mythology|Metamorphosis|Mythology|Latin Fables|Translations Into English|Translations Into Italian|Translations Into French|Latin Literature|Latin Love Poetry,https://covers.openlibrary.org/b/id/7212118-L.jpg
book-/works/OL30056W,Flower Fables,Louisa May Alcott,1854,448,Fairy Tales|Fairies|Flowers|Literary Collections|Poetry|Fiction|Short Stories|Classic Literature|Conduct Of Life|Juvenile Literature,https://covers.openlibrary.org/b/id/755980-L.jpg
book-/works/OL93227W,Inferno,Dante Alighieri,1767,446,Poetry|Hell|Illustrations|Iconography|Translations Into English|Pictorial Works|Italian Literature|Bibliography|Knowledge|Genealogy,https://covers.openlibrary.org/b/id/6387077-L.jpg
book-/works/OL810991W,Paradise Lost,John Milton,1667,396,Bible|Biography|Criticism And Interpretation|Devil|Early Works To 1800|English Christian Poetry|English Epic Poetry|English Poetry|Fall Of Man|Fall Of Man In Literature,https://covers.openlibrary.org/b/id/5992814-L.jpg
book-/works/OL655908W,The Night Before Christmas,Clement Clarke Moore,1857,389,Santa In Juvenile Prison|Juvenile Poetry|Poetry|Santa Claus|Christmas|Christmas Poetry|American Poetry|Narrative Poetry|American Narrative Poetry|Glow-In-The-Dark Books,https://covers.openlibrary.org/b/id/8236410-L.jpg
book-/works/OL26386W,Poems,William Wordsworth,1807,372,Gift Books|Specimens|Facsimiles|English Poetry|Poetry|Manuscripts|Nature|English Love Poetry|Juvenile Literature|British Library,https://covers.openlibrary.org/b/id/102874-L.jpg
book-/works/OL848771W,Os Lusíadas,Luís de Camões,1572,367,Poetry|History|Discovery And Exploration|Description And Travel|Explorers|Early Works To 1800|Portuguese Explorers|Colonies|Translations Into English|Spanish Poetry,https://covers.openlibrary.org/b/id/5943496-L.jpg
book-/works/OL35395W,Tender Buttons,Gertrude Stein,1914,365,Fiction|Poetry|Poetry (Poetic Works By One Author)|Amerikanisches Englisch|Prosa|Modern Poetry|Stream Of Consciousness Fiction|Ps3537.T323 T4 2014|818/.5209|American Women Authors,https://covers.openlibrary.org/b/id/756373-L.jpg
book-/works/OL1158921W,Les fleurs du mal,Charles Baudelaire,1855,363,Traducciones Al Español|Translations Into Spanish|Translations Into English|French Poets|Biography|Psychoanalysis|French Language Books|French Poetry|Literatura Francesa|Criticism And Interpretation,https://covers.openlibrary.org/b/id/8236412-L.jpg
book-/works/OL50348W,Fables,Jean de La Fontaine,1678,345,French Fables|Translations Into English|Fables|Oversize Books|Illustrations|Adaptations|Translations Into Malagasy|Specimens|Aesop'S Fables|English Fables,https://covers.openlibrary.org/b/id/976209-L.jpg
book-/works/OL502943W,Godfrey of Bulloigne,Torquato Tasso,1581,326,Poetry|Crusades|History|Italian Epic Poetry|Translations Into English|Italian Poetry|Poetry (Poetic Works By One Author)|Italian Language|Dialects|Texts,https://covers.openlibrary.org/b/id/5954727-L.jpg
book-/works/OL766052W,The complete poetical works,Robert Burns,1786,293,Biography|Correspondence|Criticism And Interpretation|English Poets|English Literature|English Poetry|Gift Books|History And Criticism|Juvenile Poetry|Miniature Books,https://covers.openlibrary.org/b/id/9048263-L.jpg
book-/works/OL810990W,Milton's Poems,John Milton,1605,292,Bible|Criticism And Interpretation|English Manuscripts|English Poetry|Facsimiles|Fall Of Man|History Of Biblical Events|Manuscripts|Modern Civilization|Poetry,https://covers.openlibrary.org/b/id/8235508-L.jpg
book-/works/OL93230W,Il Paradiso,Dante Alighieri,1595,291,Poetry|Heaven|Paradise|Heaven In Literature|Bibliography|Translations Into English|Dictionaries|Paradise In Literature|Rime|Italian Literature,https://covers.openlibrary.org/b/id/6549496-L.jpg
book-/works/OL41081W,The Raven,Edgar Allan Poe,1845,287,Busts|Narrative Poetry|Supernatural|Talking Birds|American Poetry|Poetry|Ravens|American Fantasy Poetry|Young Adult Nonfiction|Fantasy Poetry,https://covers.openlibrary.org/b/id/8246077-L.jpg
book-/works/OL15678068W,Ἱστορίαι,Ἡρόδοτος,1494,284,Genre:Historiography|Genre:History|Ancient History|History|Early Works To 1800|Libyans|Scythians|Historiography|Macedonians (Ancient)|Historiae,https://covers.openlibrary.org/b/id/9829028-L.jpg
book-/works/OL3159983W,Hudibras,Samuel Butler,1662,283,English Satire|English Poetry|Knights And Knighthood|Poetry|Modern Literature|Poetry As Topic|Library|Personal Copy|English Literature|Verse Satire,https://covers.openlibrary.org/b/id/9938523-L.jpg
book-/works/OL415234W,Helen of Troy,Andrew Lang,1882,282,Helen Of Troy (Greek Mythology)|Poetry|Fiction|Historical Fiction|Greek Mythology|Poetry (Poetic Works By One Author)|In Literature,https://covers.openlibrary.org/b/id/5556502-L.jpg
book-/works/OL15097239W,Poems,Alfred Lord Tennyson,1827,281,Criticism And Interpretation|Examinations|English Young Adult Poetry|English Literature|Poetry|Study And Teaching|English Poetry|Study Guides|English Language|Anglais (Langue),https://covers.openlibrary.org/b/id/8236274-L.jpg
book-/works/OL886738W,Poema de mio Cid,Anonymous,1868,269,Romances|Spanish Poetry|Poetry|Spanish Epic Poetry|Poesía|Poesía Española|Poesía Épica Española|Translations Into English|Criticism And Interpretation|Romance Literature,https://covers.openlibrary.org/b/id/4910995-L.jpg
book-/works/OL151447W,The Hunting of the Snark,Lewis Carroll,1876,255,Bibliography|History And Criticism|Poetry|Collections|English Poetry|Nonsense Verses|Illustrations|Translations Into French|Juvenile Literature|English Nonsense Verses,https://covers.openlibrary.org/b/id/8243028-L.jpg
book-/works/OL4558936W,"The History of Rasselas, Prince of Abyssinia",Samuel Johnson,1759,249,Princes|Fiction|Happiness|Manners And Customs In Fiction|Philosophy In Fiction|Kings And Rulers|Authors|Poetry|Gift Books|Specimens,https://covers.openlibrary.org/b/id/2035834-L.jpg
book-/works/OL88208W,Q. Horatii Flacci opera,Horace,1498,248,Criticism And Interpretation|Translations Into English|Poetry|Latin Laudatory Poetry|Latin Verse Satire|Latin Epistolary Poetry|Readers|Latin Language|Poetics|Wine And Wine Making,https://covers.openlibrary.org/b/id/6924561-L.jpg
book-/works/OL15237196W,"The Georgics of Virgil translated by Thomas Neville, ..",Publius Vergilius Maro,1523,248,Translations Into Italian|Agriculture|Poetry|Latin Didactic Poetry|Latin Pastoral Poetry|Translations Into English|Country Life|Classical Philology|Society In Literature|Paraphrases,https://covers.openlibrary.org/b/id/2810356-L.jpg
book-/works/OL8271329W,The Ballad of Reading Gaol,Oscar Wilde,1896,241,English Poetry|Poetry (Poetic Works By One Author)|Classic Literature|Fiction|Prisoners|Poetry|Prisons|Imprisonment,https://covers.openlibrary.org/b/id/1990809-L.jpg
book-/works/OL1084495W,The seasons,James Thomson,1726,240,German Poetry|Winter|Prayers|Translations From English|Poetry|Seasons In Literature|Anthologies|Early Works To 1800|English Poetry|Seasons,https://covers.openlibrary.org/b/id/5807889-L.jpg
book-/works/OL14853463W,Poems,Percy Bysshe Shelley,1800,233,English Manuscripts|English Poetry|Facsimiles|German Poetry|Manuscripts|Poetry|Textual Criticism|Translations Into Chinese|Agriculture|Gedichten,https://covers.openlibrary.org/b/id/8231548-L.jpg
book-/works/OL26131W,Poems,Samuel Taylor Coleridge,1796,232,Poetry (Poetic Works By One Author)|English Poetry|Lyrik|Criticism And Interpretation|English Poets|Romanticism|English Authors|Biography|English Manuscripts|Facsimiles,https://covers.openlibrary.org/b/id/11696250-L.jpg
book-/works/OL93228W,Vita nuova,Dante Alighieri,1829,231,Italian Literature|Translations Into English|Translations Into Ukrainian|Italian Poetry|Poetry (Poetic Works By One Author)|Love|Grief|Poètes Italiens|Biographies|Poetry,https://covers.openlibrary.org/b/id/8236950-L.jpg
book-/works/OL15469822W,Rime,Francesco Petrarca,1475,230,Autographs|Bibliography|Books And Reading|Concordances|Criticism And Interpretation|English Sonnets|English Poetry|Facsimiles|History|Illumination (Of Mss. And Books),https://covers.openlibrary.org/b/id/7130072-L.jpg
book-/works/OL93140W,Il purgatorio,Dante Alighieri,1768,216,Purgatory In Literature|Purgatory|Poetry|Purgatorio (Dante Alighieri)|Poetry (Poetic Works By One Author)|Classic Literature|Fiction|Italian Poetry|Translations Into English|Romance Literature,https://covers.openlibrary.org/b/id/120731-L.jpg
book-/works/OL259028W,"Works [37 plays, 6 poems, sonnets]",William Shakespeare,1730,213,English Literature|English Drama|English Poetry|Theatre|Poetry|Performing Arts|Courtship|Drama|Youth|Vendetta,https://covers.openlibrary.org/b/id/8779054-L.jpg
book-/works/OL271361W,The Professor,Charlotte Brontë,1856,210,Teachers|Fiction|Social Life And Customs|Triangles (Interpersonal Relations)|British|Women Teachers|Long Now Manual For Civilization|Torso|Anatomy & Histology|Head,https://covers.openlibrary.org/b/id/9202418-L.jpg
book-/works/OL76455W,The ballad of the white horse,Gilbert Keith Chesterton,1911,206,Poetry|History|Kings And Rulers|Church History|Military History|Anglo-Saxons|Fiction|Poetry (Poetic Works By One Author)|English Ballads,https://covers.openlibrary.org/b/id/698488-L.jpg
book-/works/OL1455259W,Poems by John Keats,John Keats,1800,200,English Poetry|Correspondence|English Poets|Manuscripts|Criticism And Interpretation|Facsimiles|Biography|Poetry|Poetry (Poetic Works By One Author)|Description And Travel,https://covers.openlibrary.org/b/id/5635209-L.jpg
book-/works/OL97725W,Ars Amatoria,Ovid,1494,199,Love-Letters|Poetry|Latin Erotic Poetry|Latin Didactic Poetry|Seduction|Translations Into English|Translations Into French|Translations Into Spanish|Translations Into Italian|Incantations,https://covers.openlibrary.org/b/id/12733518-L.jpg
book-/works/OL15237410W,Virgils Eclogues translated into English: by W.L. Gent,Publius Vergilius Maro,1556,196,Translations Into English|Latin Pastoral Poetry|Poetry|Country Life|English Translations|English Pastoral Literature|Latin Didactic Poetry|History And Criticism|Translations From Latin|Artists' Books,https://covers.openlibrary.org/b/id/332444-L.jpg
book-/works/OL634478W,The complete works of Robert Browning Volume XVI,Robert Browning,1800,185,Criticism And Interpretation|Humanism|Poetry|English Poetry|English Poets|Critique Et Interprétation|Lyrik|Aufsatzsammlung|Correspondence|Works By Individual Poets: 19Th Century,https://covers.openlibrary.org/b/id/8236406-L.jpg
book-/works/OL495934W,The Song of Hiawatha and Other Poems,Henry Wadsworth Longfellow,1800,185,Poetry|American Poetry|American Poets|United States|English Poetry|Poetry (Poetic Works By One Author),https://covers.openlibrary.org/b/id/9043037-L.jpg
book-/works/OL88217W,Carmina,Horace,1712,183,Latin Laudatory Poetry|Translations Into English|Poetry|Translations Into Spanish|Latin Verse Satire|Latin Language|Translations Into German|Translations Into Italian|Odes|Translations Into Hebrew,https://covers.openlibrary.org/b/id/5602118-L.jpg
book-/works/OL8193416W,The Picture of Dorian Gray,Oscar Wilde,1890,3012,Fantasy Fiction|Appearance (Philosophy)|Fiction|Conduct Of Life|Youthfulness|Portraits|Apparence (Philosophie)|Morale Pratique|Juvénilité|General,https://covers.openlibrary.org/b/id/14314858-L.jpg
book-/works/OL8193406W,The Mayor of Casterbridge,Thomas Hardy,1800,676,Long Now Manual For Civilization|Psychological Fiction|Fathers And Daughters -- Fiction|Men -- England -- Fiction|Wessex (England) -- Fiction|Runaway Husbands -- Fiction|Atonement -- Fiction|Mayors -- Fiction|Fathers And Daughters|Fiction,https://covers.openlibrary.org/b/id/1260617-L.jpg
book-/works/OL85875W,Bram Stoker's Dracula omnibus,Bram Stoker,1897,598,Children: Grades 3-4|Fiction / Classics|Fiction|Count Dracula (Fictitious Character)|Fiction / Horror|Vampires|English Horror Tales|History And Criticism|Vampires In Literature|Psychological Fiction,https://covers.openlibrary.org/b/id/8028797-L.jpg
book-/works/OL2895536W,Carmilla,Sheridan Le Fanu,1871,571,English Fantasy Fiction|Fiction|Lesbians|Vampires|Gothic Fiction|Horror|Vampires--Fiction|Pr4879.L7 C3 2013|823/.8|Pr4879.L7 C3 2009,https://covers.openlibrary.org/b/id/973851-L.jpg
book-/works/OL276386W,The Turn of the Screw,Henry James,1898,563,Social Conditions|Horror|England|Fiction|Psychological|Man-Woman Relationships|Short Stories (Single Author)|Turn Of The Screw (James|Henry)|James,https://covers.openlibrary.org/b/id/181493-L.jpg
book-/works/OL3388961W,The Great God Pan,Arthur Machen,1894,431,Austin Osman Spare|Arthur Machen|Pan|Occult|Esoteric|Classic Literature|Decadent|Horror|Gothic|Authors,https://covers.openlibrary.org/b/id/921610-L.jpg
book-/works/OL85889W,Dracula's Guest and Other Weird Stories,Bram Stoker,1937,387,English Horror Tales|Short Stories|Vampires In Fiction|Vampires|Fiction|Horror|English Literature|Horror Stories|Children'S Fiction,https://covers.openlibrary.org/b/id/2039484-L.jpg
book-/works/OL3388994W,The White People,Arthur Machen,2004,247,Horror|Fiction|Short Story|Horror And Supernatural Fiction,https://covers.openlibrary.org/b/id/1803998-L.jpg
book-/works/OL41078W,The Fall of the House of Usher,Edgar Allan Poe,1704,237,Short Stories (Single Author)|American Horror Tales|Burial Vaults|Catalepsy|Dragons|Fiction|Gothic Fiction|Hermitages|Heroic Romances|Horror,https://covers.openlibrary.org/b/id/11838138-L.jpg
book-/works/OL2288676W,Brood of the Witch-Queen,Sax Rohmer,1924,194,Fantasy|Fiction|Horror|Witches|Magic|Ancient Egypt|Witches -- Fiction|Paranormal Fiction,https://covers.openlibrary.org/b/id/2011286-L.jpg
book-/works/OL85864W,"Dracula's guest, and other weird stories",Bram Stoker,1914,171,Fiction|Literature|English Horror Tales|Horror Short Stories|Horror Tales|Mesmerism|Short Stories|Suspense|Horror|Hoaxes,https://covers.openlibrary.org/b/id/8369722-L.jpg
book-/works/OL262586W,Tales of Terror and Mystery,Arthur Conan Doyle,1963,168,Classic Literature|English Detective And Mystery Stories|English Horror Tales|English Short Stories|Fiction|Horror|Mystery|English Literature,https://covers.openlibrary.org/b/id/8311421-L.jpg
book-/works/OL3625242W,The Vampyre,John William Polidori,1819,149,Fiction|Incest|Vampires|English Horror Tales|Classic Literature|Horror|Short Stories|Fiction Horror|Fiction Ghost|English Fiction,https://covers.openlibrary.org/b/id/4871002-L.jpg
book-/works/OL41041W,Tales of the Grotesque and Arabesque,Edgar Allan Poe,1840,146,Short Stories|Aristocracy|American Horror Tales|Burial Vaults|Catalepsy|Dragons|Fiction|Gothic Fiction|Hermitages|Heroic Romances,https://covers.openlibrary.org/b/id/8863360-L.jpg
book-/works/OL81626W,Carrie,Stephen King,1974,118,Occult & Supernatural Fiction|Horror Fiction|Psychological Thrillers|Fiction|Horror|American Horror Tales|Thriller|Epistolary Novel|Telekinesis|Menarche,https://covers.openlibrary.org/b/id/9256043-L.jpg
book-/works/OL2700643W,The Damned,Algernon Blackwood,2002,106,Fiction|Horror,https://covers.openlibrary.org/b/id/2808419-L.jpg
book-/works/OL81634W,Misery,Stephen King,1978,99,Dope|Pills|American Novelists|Captives|Fans (Persons)|Fiction|Novelists|Prisoners|Suspense Fiction|Writers,https://covers.openlibrary.org/b/id/8259296-L.jpg
book-/works/OL81633W,The Shining,Stephen King,1977,97,Fiction|Horror Fiction|Demonology|Precognition|Authors|Hotelkeepers|Gothic & Horror|Paranormal Fiction Suspense & Thriller|Horror|Supernatural Thrillers,https://covers.openlibrary.org/b/id/12376585-L.jpg
book-/works/OL81613W,It,Stephen King,1986,95,Coming Of Age|Thrillers|Suspense|Horror|Schwinn Bicycles|Catatonia|Homosexuality|Blood Oaths|Omniscience|Mummies,https://covers.openlibrary.org/b/id/8569284-L.jpg
book-/works/OL81628W,The Gunslinger,Stephen King,1976,95,Succubus|Demons|American Fiction|Fantastic Fiction|Adventure Fiction|Science Fiction|Horror Fiction|Fantasy|Fantasy Fiction|Ciencia-Ficción,https://covers.openlibrary.org/b/id/8396638-L.jpg
book-/works/OL81631W,Pet Sematary,Stephen King,1983,92,Fiction|Thrillers|Suspense|Horror|Occult|Psychological Trauma|Spinal Meningitis|Flashback|Heart Attack|Burial Ground,https://covers.openlibrary.org/b/id/12015500-L.jpg
book-/works/OL81629W,The Green Mile,Stephen King,1996,91,Horror Fiction|Fiction|Death Row Inmates|Prisons|Executions And Executioners|Jails|Sisters|Murder|Horror|Prison Officials And Employees,https://covers.openlibrary.org/b/id/9334567-L.jpg
book-/works/OL81630W,The Dead Zone,Stephen King,1979,88,Brain Tumors|Rifles|Human Shields|Assassination|Procrastination|Murder|Federal Bureau Of Investigation|Car Bombs|United States House Of Representatives|Mayors,https://covers.openlibrary.org/b/id/14653991-L.jpg
book-/works/OL7973293W,In the Midst of Life. Tales of Civilians,Ambrose Bierce,1891,86,History|Fiction|Classic Literature|Short Stories|Hanging|Confederacy|Union|American Short Stories|American Fiction|Manners And Customs,https://covers.openlibrary.org/b/id/8753716-L.jpg
book-/works/OL81618W,The Stand,Stephen King,1978,85,Suspense & Thriller|Gothic & Horror|Biological Warfare|Research|Horror Fiction|Horror Tales|Fiction|Thrillers|Suspense|Horror,https://covers.openlibrary.org/b/id/9255992-L.jpg
book-/works/OL41050W,The Masque of the Red Death,Edgar Allan Poe,1922,85,Gothic Fiction|Horror|Short Story|Plagues|Abbeys|Nobility|Hematidrosis|Masquerade Balls|Shrouds|Daggers,https://covers.openlibrary.org/b/id/11860130-L.jpg
book-/works/OL81610W,Cujo,Stephen King,1981,81,Suspense|Psychological Horror|Fiction|Rabies In Fiction|Dogs In Fiction|Dogs|Rabies|Horror|American Horror Tales|Horror Fiction,https://covers.openlibrary.org/b/id/8570003-L.jpg
book-/works/OL81623W,Firestarter,Stephen King,1980,78,Genetic Engineering|Suspense|Fiction|Psychokinesis|Fire|Horror|Psychic Ability|Science Fiction|Horror Thriller|Telekinesis,https://covers.openlibrary.org/b/id/12015446-L.jpg
book-/works/OL927199W,The Exorcist,William Peter Blatty,1971,77,Fiction|Horror|Horror Fiction|Demonic Possession|Gothic Revival|Priests|Demons|Bishops|Heart Arrhythmia|Jesuits,https://covers.openlibrary.org/b/id/12715730-L.jpg
book-/works/OL8088702W,"The Haunted and the Haunters, Or, The House and the Brain","Edward Bulwer Lytton, Baron Lytton",1800,73,Fiction|Horror|Suspense|Thriller|English Science Fiction,https://covers.openlibrary.org/b/id/2788688-L.jpg
book-/works/OL81627W,Skeleton crew,Stephen King,1985,73,American Horror Tales|Nested Narrative|Novellas|Alcoholism|Anecdotes|Diaries|Heroin|Cruise Ships|Islands|Insanity,https://covers.openlibrary.org/b/id/14657166-L.jpg
book-/works/OL41059W,The Tell-Tale Heart,Edgar Allan Poe,1958,71,Asesinato|Cuentos De Terror Estadounidenses|Ficción|American Horror Tales|American Literature|Children'S Fiction|Classic Literature|Crime|Crime Fiction|Crime In Fiction,https://covers.openlibrary.org/b/id/11851436-L.jpg
book-/works/OL81607W,Needful Things,Stephen King,1991,67,Suspense|City And Town Life|Specialty Stores|Good And Evil|American Horror Tales|Translations Into Russian|Fiction|Horror|Horror Fiction|Retail Trade,https://covers.openlibrary.org/b/id/8404327-L.jpg
book-/works/OL81599W,The talisman,Stephen King,1925,66,Fantastique|Romans|Talismans|Mothers And Sons|Fiction|Quests (Expeditions)|Boys|Fantasy|Horror|Fantasy Fiction,https://covers.openlibrary.org/b/id/14651566-L.jpg
book-/works/OL81608W,Night Shift,Stephen King,1960,65,Euthanasia|Terminal Illness|Vampires|Crucifixes|Rosaries|Devotional Medals|Douay–Rheims Bible|Myocardial Infarction|Vietnam War|Suicide,https://covers.openlibrary.org/b/id/14651337-L.jpg
book-/works/OL81602W,The Eyes of the Dragon,Stephen King,1959,65,Suspense|Horror|Epic Fantasy|Fantasy|Fiction|Thriller|Princes|Dragons|Wizards|Horror Fiction,https://covers.openlibrary.org/b/id/8524085-L.jpg
book-/works/OL81606W,Four Past Midnight,Stephen King,1990,64,Paranormal|Nightmares|Cuckoo Clocks|Word Processors|Polaroid Cameras|Speechwriting|Dissociative Identity Disorder|Ambush|Sanity|Caretakers,https://covers.openlibrary.org/b/id/8413143-L.jpg
book-/works/OL81619W,Christine,Stephen King,1983,64,Carbon Monoxide|Greasers|Couriers|Smuggling|Heimlich Maneuver|Horror|Plymouth Fury|Supernatural|Fiction|Triangles (Interpersonal Relations),https://covers.openlibrary.org/b/id/14655985-L.jpg
book-/works/OL1911336W,The Day of the Triffids,John Wyndham,1951,63,Blind|English Fantasy Fiction|Translations Into Russian|Science Fiction & Fantasy|Horror|Fiction In English|Fiction|Meteorites|Science Fiction|Classic Literature,https://covers.openlibrary.org/b/id/535027-L.jpg
book-/works/OL149210W,Thinner,Stephen King,1984,62,Gluttony|Magic|Romani|Allegories|Horror|Littérature D'Épouvante|Romanies|Occult Fiction|Horror Stories|Horror Fiction,https://covers.openlibrary.org/b/id/8274288-L.jpg
book-/works/OL81621W,Different Seasons,Stephen King,1982,61,First-Person Narrative|Post-Traumatic Stress Disorder|World War Ii|Law School|Vietnam War|Germans|Nazis|War Crime|Holocaust|Schutzstaffel,https://covers.openlibrary.org/b/id/14655761-L.jpg
book-/works/OL81620W,The Dark Half,Stephen King,1989,61,Alcohol Abuse|Parasitic Twins|Alcoholism|Authors|Conjoined Twins|Suspense|Anonyms And Pseudonyms|American Novelists|Audiobooks|Horror Tales,https://covers.openlibrary.org/b/id/8530409-L.jpg
book-/works/OL81597W,Cell,Stephen King,2006,61,Computer Worms|Hive Minds|Zombies|Horror Fiction|Cell Phones|Fiction|Murderers|Psychological Fiction|Cell Phones In Fiction|Asesinos,https://covers.openlibrary.org/b/id/14654054-L.jpg
book-/works/OL103194W,Something Wicked This Way Comes,Ray Bradbury,1962,60,Boys|Fiction|Male Friendship|Fathers And Sons|Carnival|Fiction In English|Sci-Fi|Social Life And Customs|Fantasy|Fantasy Fiction,https://covers.openlibrary.org/b/id/9346340-L.jpg
book-/works/OL81584W,Everything's Eventual. 14 Dark Tales,Stephen King,2002,60,Apple Computers|Dementia|Fantasy|Garbage Disposal Units|Convenience Stores|Gangrene|Fishing|Short Stories|Yard Sales|Suicide,https://covers.openlibrary.org/b/id/8585782-L.jpg
book-/works/OL134890W,Petals on the Wind,V.C. Andrews,1980,60,Series:Dollanganger|Fiction|Dysfunctional Families|Domestic Fiction|Horror Fiction|Dilation And Curettage|Mystery Fiction|Mothers And Daughters|Revenge|Suspense,https://covers.openlibrary.org/b/id/9358432-L.jpg
book-/works/OL707922W,A thin ghost and others,Montague Rhodes James,1919,59,Classic Literature|English Ghost Stories|Fantasy|Fiction|Horror,https://covers.openlibrary.org/b/id/6125355-L.jpg
book-/works/OL81603W,Insomnia,Stephen King,1994,58,Bram Stoker Award For Best Novel|Suspense|Suspense Thriller|Open Library Staff Picks|Horror|Insomnia|Fiction|Horror Fiction|Horror Tales|Suspense Fiction,https://covers.openlibrary.org/b/id/7886954-L.jpg
book-/works/OL81614W,Rose Madder,Stephen King,1995,57,Rose Madder|Audiobooks|Miscarriage|Internal Affairs|Women'S Shelters|Domestic Violence|Greek Mythology|Fantasy|Thriller|Horror,https://covers.openlibrary.org/b/id/8578049-L.jpg
book-/works/OL81617W,Gerald's Game,Stephen King,1992,56,Horror Tales|Fiction|Horror|Horror Fiction|American Fiction|Married People|Sexual Behavior|Women|Fear|Adult Child Sexual Abuse Victims,https://covers.openlibrary.org/b/id/10705875-L.jpg
book-/works/OL81586W,From a Buick 8,Stephen King,2002,55,Pennsylvania State Police|Ghost Story|Drunk Driving|Angel Dust|Horror Fiction|Teenage Boys|Police|Open Library Staff Picks|Fiction|Abandonment Of Automobiles,https://covers.openlibrary.org/b/id/6502777-L.jpg
book-/works/OL2794726W,The Regulators,Stephen King,1996,55,Science Fiction|Audiobooks|Autistic Children|Fantasy|Paranormal|Fiction|Horror|Ohio -- Fiction|Horror Tales|Homicide,https://covers.openlibrary.org/b/id/14651906-L.jpg
book-/works/OL81611W,Desperation,Stephen King,1996,55,Fiction|Travelers|Traffic Police|American Fiction|Horror Tales|Horror|Suspense|Psychological Fiction|Spanish: Adult Fiction|Horror Fiction,https://covers.openlibrary.org/b/id/8757374-L.jpg
book-/works/OL81624W,Hearts in Atlantis,Stephen King,1998,55,Lord Of The Flies (William Golding)|Somatoform Disorders|Penance|Dormitories|Hearts|The Dark Tower|Psychics|Baby Boomer Generation|Thrillers|Bildungsromans,https://covers.openlibrary.org/b/id/8536326-L.jpg
book-/works/OL77828W,The Queen of the Damned,Anne Rice,1988,55,Fiction|Vampires|Horror Tales|Horror|Rock Music|Spirits|New World Order|Lestat (Fictitious Character)|Series:The-Vampire-Chronicles,https://covers.openlibrary.org/b/id/9255774-L.jpg
book-/works/OL24034W,Treasure Island,Robert Louis Stevenson,1880,1988,Fiction|Treasure Island (Imaginary Place)|Treasure-Trove|Pirates|Treasure Troves|Children'S Fiction|Literature|Asventure And Adventures|Adventure And Adventures|Buried Treasure,https://covers.openlibrary.org/b/id/13859660-L.jpg
book-/works/OL472715W,The Mysterious Affair at Styles,Agatha Christie,1920,1091,Fiction|Mystery|Crime Fiction|Mystery Thriller|Thriller|Adult|Classic Literature|British Literature|Hercule Poirot (Fictitious Character)|Tommy Beresford (Fictitious Character),https://covers.openlibrary.org/b/id/13699667-L.jpg
book-/works/OL76524W,The Thirty-Nine Steps,John Buchan,1915,881,English Language|Fiction|Fugitives From Justice|Intelligence Service|Missing Persons|Richard Hannay (Fictitious Character)|Secret Societies|Suspense Fiction|Textbooks For Foreign Speakers|Spy Stories,https://covers.openlibrary.org/b/id/93020-L.jpg
book-/works/OL20844W,The Red Badge of Courage,Stephen Crane,1855,639,1783-1865|American Manuscripts|Cartoons And Comics|Civil War|Classic Literature|Coming Of Age|Criticism And Interpretation|Facsimiles|Fiction|Histoire,https://covers.openlibrary.org/b/id/8236915-L.jpg
book-/works/OL245401W,The Prisoner of Zenda,Anthony Hope,1800,627,Fiction|Adventure|Children'S Fiction|British|Impostors And Imposture|English Adventure Stories|Classic Literature|Foreign Countries|Thriller|Literature,https://covers.openlibrary.org/b/id/105814-L.jpg
book-/works/OL23797W,The Riddle of the Sands,Erskine Childers,1903,532,Fiction|Invasions|History|Secret Service|Sailing|British|Classic Literature|Thriller|Mystery|General,https://covers.openlibrary.org/b/id/2293974-L.jpg
book-/works/OL77950W,The deerslayer,James Fenimore Cooper,1841,504,United States In Fiction|Male Friendship|Hunters|Scouts And Scouting In Fiction|Fiction|Hunters In Fiction|Indiens De L'Amérique Du Nord|Indians Of North America In Fiction|Iroquois Indians|Delaware Indians In Fiction,https://covers.openlibrary.org/b/id/8237593-L.jpg
book-/works/OL76598W,Mr. Standfast,John Buchan,1918,437,Fiction|Richard Hannay (Fictitious Character)|Intelligence Service|Classic Literature|Thriller|War Stories|Spy Stories,https://covers.openlibrary.org/b/id/6962564-L.jpg
book-/works/OL78009W,The Pathfinder,James Fenimore Cooper,1800,427,Classic Literature|Fiction|Frontier And Pioneer Life|Historical Fiction|History|Indians Of North America|Natty Bumppo (Fictitious Character)|Readers|Thriller|Pioneers,https://covers.openlibrary.org/b/id/8980913-L.jpg
book-/works/OL74504W,White Fang,Jack London,1905,387,Gold Discoveries|Wolfdogs|Classic Literature|American Adventure Stories|Open Library Staff Picks|Juvenile Fiction|Fiction|Gold Mines And Mining|Historical Fiction|Wolves,https://covers.openlibrary.org/b/id/8236920-L.jpg
book-/works/OL24166W,Kidnapped,Robert Louis Stevenson,1886,352,Juvenile Fiction|Fiction|History|Adventure And Adventurers|Scotland|Adventure|Adventure Fiction|Historical Fiction|Teenage Boys|Kidnapping,https://covers.openlibrary.org/b/id/8267822-L.jpg
book-/works/OL4885721W,A strange disappearance,Anna Katharine Green,1879,306,Fiction|Police|Missing Persons|Women Household Employees|Women Domestics|Classic Literature|Thriller,https://covers.openlibrary.org/b/id/12657405-L.jpg
book-/works/OL2681032W,The Evil Shepherd,Edward Phillips Oppenheim,1922,291,Classic Literature|Fiction|Thriller,https://covers.openlibrary.org/b/id/12648419-L.jpg
book-/works/OL2021957W,Otto of the Silver Hand,Howard Pyle,1888,226,Middle Ages|Fiction|Juvenile Fiction|Classic Literature|Thriller|Juvenile Literature|Children'S Fiction|Children|Conduct Of Life|Fathers And Sons,https://covers.openlibrary.org/b/id/7263483-L.jpg
book-/works/OL17455W,A Tale of Three Lions,H. Rider Haggard,2004,215,Classic Literature|Fiction|Thriller,https://covers.openlibrary.org/b/id/2009339-L.jpg
book-/works/OL827304W,The Beetle. A Mystery,Richard Marsh,1897,211,Antiquities|British|Classic Literature|Collection And Preservation|Egyptologists|Fiction|Monsters|Politicians|Revenge|Thriller,https://covers.openlibrary.org/b/id/750958-L.jpg
book-/works/OL100239W,An American Tragedy,Theodore Dreiser,1900,210,Classic Literature|Fiction|Thriller|American Literature|Readers|Trials (Homicide)|Crime|New York (State)--Fiction|Romance Norte Americano|Legal Stories,https://covers.openlibrary.org/b/id/12728401-L.jpg
book-/works/OL455327W,Lord of the Flies,William Golding,1954,191,Fiction|Relationships|Adventure|Morality|Survival|Childhood|Children|Boys|Ethics|Castaway,https://covers.openlibrary.org/b/id/8684447-L.jpg
book-/works/OL8075008W,Alcatraz,Frederick Faust,1922,178,Classic Literature|Fiction|Thriller|Stallions|Étalons|Biography,https://covers.openlibrary.org/b/id/2891182-L.jpg
book-/works/OL1517879W,The Four Just Men,Edgar Wallace,1905,177,Classic Literature|Fiction|Thriller|English Detective And Mystery Stories|Justice|Adventure|Vigilantes,https://covers.openlibrary.org/b/id/12947886-L.jpg
book-/works/OL85753W,Casino Royale,Ian Fleming,1953,164,British|Fiction|Fiction In English|Intelligence Officers|Secret Service|Intelligence Service|Spy Stories|English|English Language Readers|English Literature,https://covers.openlibrary.org/b/id/5540820-L.jpg
book-/works/OL1099641W,Michel Strogoff,Jules Verne,1876,152,Classic Literature|Fiction|History|Tatars|Heroes|Thriller|French Science Fiction|French Fiction|Translations Into Gujarati|Historical Fiction,https://covers.openlibrary.org/b/id/10393209-L.jpg
book-/works/OL85732W,"From Russia, with love",Ian Fleming,1957,150,British|Fiction|Fiction In English|Intelligence Officers|Intelligence Service|James Bond (Fictitious Character)|Russian Espionage|Assassins|Novelas Irlandesas|Pr6056.L4 F7 2012,https://covers.openlibrary.org/b/id/109458-L.jpg
book-/works/OL85750W,Goldfinger,Ian Fleming,1958,144,Fiction|Fiction In English|Gold Smuggling|James Bond (Fictitious Character)|Intelligence Service|Suspense Fiction|English Fiction|Intelligence Officers|Serie:James_Bond|Collection:Serie:James_Bond,https://covers.openlibrary.org/b/id/109454-L.jpg
book-/works/OL8127199W,In Secret,Robert W. Chambers,1919,142,Classic Literature|Fiction|Thriller,https://covers.openlibrary.org/b/id/1844837-L.jpg
book-/works/OL2344450W,The Drums of Jeopardy,Harold MacGrath,1920,140,Classic Literature|Fiction|Thriller,https://covers.openlibrary.org/b/id/11351150-L.jpg
book-/works/OL2713465W,Nightmare Abbey,Thomas Love Peacock,1818,140,Adaptations|Arthurian Romances|Classic Literature|Fiction|Kings And Rulers|Thriller|Gothic Novel|Englisch|English Poetry,https://covers.openlibrary.org/b/id/1956635-L.jpg
book-/works/OL13150029W,The Eye of Osiris,R. Austin Freeman,1911,136,Missing Persons|Private Investigators|Mummies|Fiction|Classic Literature|Thriller,https://covers.openlibrary.org/b/id/7162423-L.jpg
book-/works/OL8074996W,The Rangeland Avenger,Frederick Faust,1924,135,Classic Literature|Fiction|Thriller,https://covers.openlibrary.org/b/id/1845677-L.jpg
book-/works/OL85746W,Live and let die,Ian Fleming,1954,135,British|Fiction|Fiction In English|Intelligence Officers|James Bond (Fictitious Character)|Intelligence Service|English Literature|Serie:James_Bond|Collection:Serie:James_Bond|Smersh (Fictional Agency),https://covers.openlibrary.org/b/id/109570-L.jpg
book-/works/OL85736W,Doctor No,Ian Fleming,1958,119,Detective And Mystery Stories|Fiction|James Bond (Fictitious Character)|Spy Stories|Adventure Stories|Open Library Staff Picks|British|English Spy Stories|Serie:James_Bond|Collection:Serie:James_Bond,https://covers.openlibrary.org/b/id/6491664-L.jpg
book-/works/OL85747W,Diamonds are Forever,Ian Fleming,1956,117,British|Diamond Smuggling|English Spy Stories|Fiction|Fiction In English|Intelligence Officers|Intelligence Service|Spy Stories|Pulp Literature|Children'S Stories,https://covers.openlibrary.org/b/id/5540817-L.jpg
book-/works/OL1099693W,Robur le conquérant,Jules Verne,1886,113,Classic Literature|Fiction|Thriller|Adventure Stories|French Science Fiction,https://covers.openlibrary.org/b/id/2821179-L.jpg
book-/works/OL1099380W,Cinq semaines en ballon,Jules Verne,1867,112,Travel|Hot Air Balloons|Description And Travel|Fiction|Classic Literature|Thriller|Ficción|Viajes Alrededor Del Mundo|Voyages Around The World|Balloon Ascensions,https://covers.openlibrary.org/b/id/8179189-L.jpg
book-/works/OL1914022W,The Pillars of the Earth,Ken Follett,1989,111,White Ship|The Anarchy|Battle Of Lincoln|Anglo-Saxon Law|Suspense & Thriller|Epic Fiction|Suspense Fiction|Church And State|Historical Literature|Church Architecture,https://covers.openlibrary.org/b/id/9269909-L.jpg
book-/works/OL85742W,The Spy Who Loved Me,Ian Fleming,1962,108,Fiction|Fiction In English|James Bond (Fictitious Character)|Women|Assassins|Intelligence Service|Mystery Fiction|Spy Stories|Love Stories|Intelligence Officers,https://covers.openlibrary.org/b/id/109573-L.jpg
book-/works/OL85743W,Moonraker,Ian Fleming,1955,107,Fiction|Intelligence Officers|James Bond (Fictitious Character)|Espionage|Thriller|Intelligence Service|Spy Stories|Open Library Staff Picks|Serie:James_Bond|Collection:Serie:James_Bond,https://covers.openlibrary.org/b/id/6593911-L.jpg
book-/works/OL267791W,You Only Live Twice,Ian Fleming,1964,105,Fiction|Intelligence Officers|James Bond (Fictitious Character)|British|Intelligence Service|Juvenile Fiction|Fiction In English|Spies|Assassination|Recluses,https://covers.openlibrary.org/b/id/14076122-L.jpg
book-/works/OL8075012W,Way of the Lawless,Frederick Faust,1978,105,Outlaws|Fiction|Frontier And Pioneer Life|Classic Literature|Thriller,https://covers.openlibrary.org/b/id/1845536-L.jpg
book-/works/OL46241W,"I, Robot",Isaac Asimov,1950,99,Smear Campaigns|Supercomputers|Computers|Frankenstein Complex|Hyperspace|Heisenbugs|Asteroids|Shahada|Space Stations|Space-Based Solar Power,https://covers.openlibrary.org/b/id/12385229-L.jpg
book-/works/OL85741W,The Man with the Golden Gun,Ian Fleming,1965,95,Assassins|British|Fiction|Fiction In English|Intelligence Officers|James Bond (Fictitious Character)|Graphic Novels|Graphic Novels - Crime & Mystery|Espionage/Intrigue|Comics & Graphic Novels,https://covers.openlibrary.org/b/id/109575-L.jpg
book-/works/OL85745W,Thunderball,Ian Fleming,1961,94,British|Fiction|Intelligence Officers|James Bond (Fictitious Character)|Intelligence Service|James Bond (Fictional)|Secret Service|Spectre (Fictional)|Atom Bombs|Spy Stories,https://covers.openlibrary.org/b/id/109571-L.jpg
book-/works/OL85748W,For Your Eyes Only,Ian Fleming,1959,93,British|English Short Stories|English Spy Stories|Fiction|Intelligence Officers|Secret Service|Intelligence Service|Serie:James_Bond|Collection:Serie:James_Bond|English Fiction,https://covers.openlibrary.org/b/id/109569-L.jpg
book-/works/OL1099842W,Le Chancellor,Jules Verne,1875,89,Juvenile Fiction|Shipwrecks|Classic Literature|Fiction|Thriller|Ship Captains|Shipwreck Victims|Adventure Stories|Chancellor (Ship),https://covers.openlibrary.org/b/id/3137735-L.jpg
book-/works/OL85744W,On Her Majesty's Secret Service,Ian Fleming,1963,88,British|Fiction|James Bond (Fictitious Character)|Smersh (Fictional Agency)|Spy|Alps|James Bond|Secret Service|007|Mi6,https://covers.openlibrary.org/b/id/109572-L.jpg
book-/works/OL2288670W,The Devil Doctor,Sax Rohmer,1916,84,Doctor Fu Manchu (Fictitious Character)|Fiction|Classic Literature|Mystery|Thriller|Poisoning|Juvenile Fiction|Secret Societies|Criminal Investigation,https://covers.openlibrary.org/b/id/2011138-L.jpg
book-/works/OL1914088W,Storm Island,Ken Follett,1978,83,English Spy Stories|Fiction|German Espionage|Germans|Islands|Married Women|Suspense|Thriller|Spies|Spy Stories,https://covers.openlibrary.org/b/id/4421774-L.jpg
book-/works/OL77001W,A Time to Kill,John Grisham,1989,79,African American Girls|Attorney And Client|Capital Murder|Capital Punishment|Child Sexual Abuse|Crime Fiction|Crimes Against African American Girls|Detective And Mystery Fiction|Detective And Mystery Stories|Disbarment,https://covers.openlibrary.org/b/id/8445673-L.jpg
book-/works/OL46876W,The Lost World,Michael Crichton,1995,78,Prions|Scrapie|Ornitholestes|Mussaurus|Procompsognathus|Triceratops|Dryosaurus|Hypsilophodon|Parasaurolophus|Maiasaura,https://covers.openlibrary.org/b/id/10656102-L.jpg
book-/works/OL5784622W,Män som hatar kvinnor,Stieg Larsson,2005,78,Fiction: Literature|Novels|Misogyny|Rape|Book Of Leviticus|Child Sexual Abuse|Finance|Secrecy|Aristocracy|Heiresses,https://covers.openlibrary.org/b/id/9274740-L.jpg
book-/works/OL77002W,The Chamber,John Grisham,1994,75,Alcoholism|Loyalty Oaths|Pardons|Governors|Trials|Fbi|Capital Punishment|Gas Chambers|Pro Bono Publico|Law Firms,https://covers.openlibrary.org/b/id/9255662-L.jpg
book-/works/OL20600W,Gulliver's Travels,Jonathan Swift,1726,1810,Ya|Young Adult|Juvenile|Fiction|Fantasy|Utopias|Classic|Classics|Irish|Literature,https://covers.openlibrary.org/b/id/12717083-L.jpg
book-/works/OL28570037W,The Wind in the Willows,Kenneth Grahame,1908,1346,Children'S Fiction|Fiction|Animals|Friendship|Juvenile Fiction|Toy And Movable Books|Country Life|River Life|Specimens|Christmas,https://covers.openlibrary.org/b/id/13335427-L.jpg
book-/works/OL99499W,Five Children and It,Edith Nesbit,1905,950,Fiction|Fairies|Wishes|Brothers And Sisters|History|Juvenile Fiction|Fantasy|Fairy Tales|Stories|England,https://covers.openlibrary.org/b/id/28174-L.jpg
book-/works/OL15449W,The Princess and the Goblin,George MacDonald,1872,750,Classic Literature|Fantasy|Fiction|Juvenile Fiction|Juvenile Literature|Fairy Tales|Children'S Fiction|Child And Youth Fiction|Classic Fiction|Children'S Books/All Ages,https://covers.openlibrary.org/b/id/14363454-L.jpg
book-/works/OL18396W,The Marvelous Land of Oz,L. Frank Baum,1904,724,Juvenile Fiction|Translations Into Russian|Oz (Imaginary Place)|Wizards|Fantasy|Children'S Fiction|Fantasy Fiction|Fiction|Oz (Imaginary Place) -- Juvenile Fiction|Fantasy Literature,https://covers.openlibrary.org/b/id/12648656-L.jpg
book-/works/OL18415W,Ozma of Oz,L. Frank Baum,1907,701,Fantasy|Children'S Stories|Juvenile Fiction|Fairy Tales|Fantasy Fiction|Children'S Fiction|Illustrated Children'S Books|Dorothy Gale (Fictitious Character)|Oz (Imaginary Place)|Princess Ozma (Fictitious Character),https://covers.openlibrary.org/b/id/12648657-L.jpg
book-/works/OL18409W,The Emerald City of Oz,L. Frank Baum,1910,634,Juvenile Fiction|Fiction|Oz (Imaginary Place)|Fantasy|Princess Ozma (Fictitious Character)|Children'S Fiction|Fantasy Fiction|American Fantasy Fiction|American Literature|Dorothy Gale (Fictitious Character),https://covers.openlibrary.org/b/id/1473556-L.jpg
book-/works/OL18412W,Dorothy and the Wizard in Oz,L. Frank Baum,1908,622,Fairy Tales|Fiction|Oz (Imaginary Place)|Fantasy|Classic Literature|Juvenile Fiction|Fantasy Fiction|Children'S Fiction|Children: Grades 4-6|Dorothy Gale (Fictitious Character),https://covers.openlibrary.org/b/id/12648659-L.jpg
book-/works/OL18411W,The Lost Princess of Oz,L. Frank Baum,1917,591,Fantasy|Juvenile Literature|Children'S Stories|Classic Literature|Fiction|Oz (Imaginary Place)|Fantasy Fiction|Children'S Fiction|Juvenile Fiction|Princess Ozma (Fictitious Character),https://covers.openlibrary.org/b/id/854819-L.jpg
book-/works/OL407476W,The Story of the Amulet,Edith Nesbit,1905,578,Roman Pour La Jeunesse|Litterature Fantastique|Classic Literature|Fiction|Juvenile Literature|Children'S Fiction|Fantasy Fiction|Child And Youth Fiction|Wishes|Juvenile Fiction,https://covers.openlibrary.org/b/id/13241470-L.jpg
book-/works/OL262358W,The Complete Life and Adventures of Santa Claus,L. Frank Baum,1902,560,Fantasy|Fiction|Juvenile Fiction|Science Fiction & Fantasy|Classic Literature|Christmas Stories|Christmas|Santa Claus|Children: Kindergarten|Children'S Fiction,https://covers.openlibrary.org/b/id/1979059-L.jpg
book-/works/OL262390W,The Road to Oz,L. Frank Baum,1909,533,Fairy Tales|Juvenile Fiction|Fiction|Oz (Imaginary Place)|Fantasy|Classic Literature|Children'S Fiction|Fantasy Fiction,https://covers.openlibrary.org/b/id/8243922-L.jpg
book-/works/OL262384W,The Sea Fairies,L. Frank Baum,1911,528,Children'S Stories|Juvenile Fiction|Classic Literature|Fiction|Children'S Fiction|Fantasy Fiction|Fantasy|Sea Stories|Mermaids|Magicians,https://covers.openlibrary.org/b/id/1814237-L.jpg
book-/works/OL262341W,Baum's American Fairy Tales,L. Frank Baum,1901,514,Juvenile Fiction|Fiction|Fantasy|Fairy Tales|Classic Literature|Short Stories|Contes De Fées,https://covers.openlibrary.org/b/id/709869-L.jpg
book-/works/OL262385W,Sky Island,L. Frank Baum,1912,510,Fantasy|Children'S Fiction|Fantasy Fiction|Juvenile Fiction|Imaginary Places,https://covers.openlibrary.org/b/id/2752804-L.jpg
book-/works/OL262352W,The Scarecrow of Oz,L. Frank Baum,1915,503,Classic Literature|Fantasy|Fiction|Fairy Tales|Children'S Fiction|Fantasy Fiction|Dorothy Gale (Fictitious Character)|Juvenile Fiction|Oz (Imaginary Place)|Juvenile Literature,https://covers.openlibrary.org/b/id/431586-L.jpg
book-/works/OL18405W,The Patchwork Girl of Oz,L. Frank Baum,1913,496,Fantasy|Juvenile Fiction|Fairy Tales|Children'S Fiction|Fantasy Fiction|Oz (Imaginary Place),https://covers.openlibrary.org/b/id/1473369-L.jpg
book-/works/OL262380W,The Magic of Oz,L. Frank Baum,1919,495,Fantasy|Juvenile Fiction|Wizard Of Oz (Fictitious Character)|Dorothy Gale (Fictitious Character)|Fiction|Children'S Fiction|Fantasy Fiction|Oz (Imaginary Place)|Princesses|Oz (Lieu Imaginaire),https://covers.openlibrary.org/b/id/5071176-L.jpg
book-/works/OL18414W,Tik-Tok of Oz,L. Frank Baum,1914,490,Fairy Tales|Fantasy Fiction|Juvenile Fiction|Fiction|Oz (Imaginary Place)|Fantasy|American Fantasy Fiction|Classic Literature|Children: Grades 4-6|Children'S Fiction,https://covers.openlibrary.org/b/id/8243277-L.jpg
book-/works/OL262376W,Rinkitink in Oz,L. Frank Baum,1916,488,Classic Literature|Fantasy|Fantasy Fiction|Fiction|Juvenile Fiction|Oz (Imaginary Place)|Children'S Fiction,https://covers.openlibrary.org/b/id/765814-L.jpg
book-/works/OL27482W,The Hobbit,J.R.R. Tolkien,1937,481,Fantasy|Arkenstone|Battle Of Five Armies|Invisibility|Thrushes|Eagles|Hobbits|Wizards|Dragons|Dwarves,https://covers.openlibrary.org/b/id/14627509-L.jpg
book-/works/OL99541W,The Enchanted Castle,Edith Nesbit,1907,478,Fiction|Fantasy|Magic|Rings|Friendship|History|England|Brothers And Sisters|Wishes|Juvenile Fiction,https://covers.openlibrary.org/b/id/6644514-L.jpg
book-/works/OL15450W,Phantastes,George MacDonald,1850,472,Fairy Tales|Scottish Fantasy Fiction|Classic Literature|Fantasy|Fiction|English Literature|Fairies|Fairyland (Imaginary Place)|English Fantasy Fiction|Scottish Authors,https://covers.openlibrary.org/b/id/14358814-L.jpg
book-/works/OL262381W,The Tin Woodman of Oz,L. Frank Baum,1918,461,Giants|Juvenile Fiction|Fiction|Oz (Imaginary Place)|Fantasy|Children'S Stories|Fantasy Fiction|Children'S Fiction|Dorothy Gale (Fictitious Character),https://covers.openlibrary.org/b/id/755973-L.jpg
book-/works/OL262391W,Glinda of Oz,L. Frank Baum,1920,454,Fiction|Fantasy|Children'S Stories|Classic Literature|Dorothy Gale (Fictitious Character)|Juvenile Fiction|Children'S Fiction|Fantasy Fiction|Oz (Imaginary Place)|Oz (Lieu Imaginaire),https://covers.openlibrary.org/b/id/758814-L.jpg
book-/works/OL99535W,The Magic City,Edith Nesbit,1910,445,Fantasy|Cities And Towns|Juvenile Fiction|Fiction|Children'S Fiction|Fantasy Fiction,https://covers.openlibrary.org/b/id/1673063-L.jpg
book-/works/OL462007W,Peter Pan,J. M. Barrie,1911,441,Open Library Staff Picks|English Children'S Fiction|Pop-Up Books|Toy And Movable Books|Never-Never Land (Imaginary Place)|Specimens|Juvenile Fiction|Fiction|Peter Pan (Fictitious Character)|Open_Syllabus_Project,https://covers.openlibrary.org/b/id/8237052-L.jpg
book-/works/OL99539W,The Phoenix and the Carpet,Edith Nesbit,1903,438,English Fantasy Fiction|Magic|Brothers And Sisters|Juvenile Fiction|Great Britain In Fiction|Magic In Fiction|Fiction|Brothers And Sisters In Fiction|Phoenix (Mythical Bird)|Mythical Animals,https://covers.openlibrary.org/b/id/902122-L.jpg
book-/works/OL1527356W,Le avventure di Pinocchio,Carlo Collodi,1883,431,Fantasy|Puppets|Fiction|Fairy Tales|Latin Language|Readers|Dormice|Ringmasters|Glowworrms|Weasels,https://covers.openlibrary.org/b/id/8597022-L.jpg
book-/works/OL82563W,Harry Potter and the Philosopher's Stone,J. K. Rowling,1997,399,Series:Harry_Potter|Ghosts|Monsters|Vampires|Witches|Challenges And Overcoming Obstacles|Magic And Supernatural|Cleverness|School Life|School Stories,https://covers.openlibrary.org/b/id/15155833-L.jpg
book-/works/OL2239396W,À rebours,Joris-Karl Huysmans,1884,337,Aesthetics|Fiction|Translations From French|Translations Into English|Fiction In English|French Fiction|Classic Literature|French Translations|Romans (Teksten)|Decadent,https://covers.openlibrary.org/b/id/13170209-L.jpg
book-/works/OL39108W,The Secret Agent,Joseph Conrad,1907,335,Drama|Trading Companies|Dutch|Classic Literature|Moles (Spies)|Political|English Literature|English Romances|Romance Ingles|English Fiction,https://covers.openlibrary.org/b/id/8239401-L.jpg
book-/works/OL20165W,Puck of Pook's Hill,Rudyard Kipling,1900,322,Fiction|Space And Time|History|Classic Literature|Children'S Stories|Juvenile Fiction|Children'S Fiction|Juvenile Literature|Puck (Legendary Character)|Secularization,https://covers.openlibrary.org/b/id/8242296-L.jpg
book-/works/OL27513W,The Fellowship of the Ring,J.R.R. Tolkien,1954,316,Elves|Dwarves|Evil|Fear|Hope|Young Adult Fiction|Ficción|Ficción Fantástica Inglesa|Fantastic Fiction|The Lord Of The Rings,https://covers.openlibrary.org/b/id/14627060-L.jpg
book-/works/OL82537W,Harry Potter and the Chamber of Secrets,J. K. Rowling,1998,305,Series:Harry_Potter|Fantasy Fiction|School Stories|Fiction|Fantasy|Nestlé Smarties Book Prize Winner|Juvenile Fiction|Wizards|Magic|Schools,https://covers.openlibrary.org/b/id/15158664-L.jpg
book-/works/OL262388W,The Enchanted Island of Yew,L. Frank Baum,1903,288,Fantasy|Fiction|Juvenile Fiction|Classic Literature|Children'S Fiction|Fantasy Fiction|Adventure Stories,https://covers.openlibrary.org/b/id/1755697-L.jpg
book-/works/OL27479W,The Two Towers,J.R.R. Tolkien,1954,288,Ents|Orcs|Hobbits|Magic|Ficción Fantástica Inglesa|Ficción|Translations Into Spanish|Readers For New Literates|The Lord Of The Rings|English Fantasy Fiction,https://covers.openlibrary.org/b/id/14627564-L.jpg
book-/works/OL27455W,The Return of the King,J.R.R. Tolkien,1950,285,Elves|Hobbits|The Lord Of The Rings|Hope|Fear|Magic|Fiction|Fantasy|English Fantasy Fiction|Juvenile Fiction,https://covers.openlibrary.org/b/id/14627062-L.jpg
book-/works/OL82536W,Harry Potter and the Prisoner of Azkaban,J. K. Rowling,1999,279,Fantasy Fiction|Orphans|Foster Homes|Fantasy|Literature|Juvenile Fantasy Fiction|Locus Award Winner|Bram Stoker Award Winner|Whitbread Book Award Winner|Adventure,https://covers.openlibrary.org/b/id/10580435-L.jpg
book-/works/OL1156218W,The Royal Book of Oz,Ruth Plumly Thompson,1921,270,Fantasy|Fiction|Scarecrows|Children'S Fiction|Fantasy Fiction|Oz (Imaginary Place)|Juvenile Fiction,https://covers.openlibrary.org/b/id/709865-L.jpg
book-/works/OL6585796W,Jurgen,James Branch Cabell,1919,259,Classic Literature|Fantasy|Fiction|Middle Ages|Devil|Wives|Moyen Âge|American Fantasy Fiction|Stinehour Press. 1976,https://covers.openlibrary.org/b/id/5553063-L.jpg
book-/works/OL82548W,Harry Potter and the Order of the Phoenix,J. K. Rowling,2003,247,Children'S Books/Ages 9-12 Fiction|Witches And Warlocks|Juvenile Audience|Juvenile Works|Magic|Fantasy Fiction|Juvenile Fiction|Fiction|Fantasy|Friendship,https://covers.openlibrary.org/b/id/15158666-L.jpg
book-/works/OL82560W,Harry Potter and the Goblet of Fire,J. K. Rowling,2000,242,Orphans|Foster Homes|Waisenkind|Intrige|Wiederbelebung|Bewährung|Wettkampf|Junge|Sport|Rettung,https://covers.openlibrary.org/b/id/12059372-L.jpg
book-/works/OL362702W,Julius Caesar,William Shakespeare,1656,1477,Antoine (Marcus Antonius)|Assassination|Assassins|Bibliography|Biography|Classic Literature|Conspiracies|Drama|English Literature|Fiction,https://covers.openlibrary.org/b/id/7901303-L.jpg
book-/works/OL77746W,Anne of Green Gables,Lucy Maud Montgomery,1908,1299,Fiction|Juvenile Fiction|Country Life|Friendship|Orphans|Friendship In Fiction|Prince Edward Island In Fiction|Orphans In Fiction|Country Life In Fiction|Foster Home Care,https://covers.openlibrary.org/b/id/14641084-L.jpg
book-/works/OL69178W,Narrative of the life of Frederick Douglass,Frederick Douglass,1845,1032,Biography|African American Abolitionists|Abolitionists|Slaves|Slavery|History|African Americans|Biographies &Amp; Autobiographies|General|Personal Narratives,https://covers.openlibrary.org/b/id/8247724-L.jpg
book-/works/OL78871W,Twelve years a slave,Solomon Northup,1853,1029,Slavery|Plantation Life|History|Biography|African Americans|Slaves|Personal Narratives|Kidnapping Victims|Slaves' Writings|Enslaved Persons' Writings,https://covers.openlibrary.org/b/id/14856045-L.jpg
book-/works/OL86320W,Dubliners,James Joyce,1914,996,Daily Express|West Briton|Three Graces|The Lass Of Aughrim|Alcoholism|Confessionals|Jesuits|Fiction|Concerts|Piano,https://covers.openlibrary.org/b/id/8216412-L.jpg
book-/works/OL362685W,Troilus and Cressida,William Shakespeare,1609,992,Drama|Troilus (Legendary Character)|Cressida (Fictitious Character)|Trojan War|Fiction|English Drama|History And Criticism|Trojan War. Fast (Ocolc)Fst01157294|Concordances|Troilus (Greek Mythology) In Literature,https://covers.openlibrary.org/b/id/8789523-L.jpg
book-/works/OL19842W,Captains Courageous,Rudyard Kipling,1896,990,Teenage Boys|Fishers|Fiction|Interpersonal Relations|Reading|Literature|Fisher (Mammal)|Self-Perception|Children Of The Rich|Open Library Staff Picks,https://covers.openlibrary.org/b/id/12819857-L.jpg
book-/works/OL12791W,My Ántonia,Willa Cather,1818,832,Literature|Frontier And Pioneer Life|Czech Americans|Married Women|Friendship|Women Immigrants|Fiction|Farmers' Spouses|Women Pioneers|Classic Literature,https://covers.openlibrary.org/b/id/8369013-L.jpg
book-/works/OL107195W,The Pilgrim's Progress,John Bunyan,1678,683,Bibliography|Readers|Fiction|Spiritual Life|Church Of England|Christian Biography|German Language|Aneityumese Language|Cree (Langue)|Christian Life,https://covers.openlibrary.org/b/id/8229224-L.jpg
book-/works/OL26492W,The Autobiography of Benjamin Franklin,Benjamin Franklin,1791,679,Wills|Scientists|Printers|American Maxims|Inventors|Correspondence|Philosophers|Politics And Government|Statesman|Open Library Staff Picks,https://covers.openlibrary.org/b/id/5647361-L.jpg
book-/works/OL361466W,Henry V,William Shakespeare,1600,631,Drama|Open_Syllabus_Project|History|Sources|Stage History|In Motion Pictures|In Literature|English Young Adult Drama|Kings And Rulers|Film And Video Adaptations,https://covers.openlibrary.org/b/id/7420215-L.jpg
book-/works/OL19926W,The Second Jungle Book,Rudyard Kipling,1887,611,Romans|Enfants Sauvages|Jungles|Faune De La Jungle|Fiction|Jungle Animals|Mowgli (Fictitious Character)|Animals|Legends And Stories Of Animals|Juvenile Fiction,https://covers.openlibrary.org/b/id/2140514-L.jpg
book-/works/OL260101W,The Tenant of Wildfell Hall,Anne Brontë,1847,558,Fiction|Married Women|Landlord And Tenant|Alcoholics|Social Life And Customs|Alcoholism|Domestic Fiction|Literature|Separated Women|Fiction / General,https://covers.openlibrary.org/b/id/1023552-L.jpg
book-/works/OL1261147W,Ab urbe condita,Titus Livius,1481,558,Antiquities|Bibliography|Biography|Campaigns|Early Works To 1800|Histoire|Historiography|History|Latin Language|Patricians (Rome),https://covers.openlibrary.org/b/id/6657951-L.jpg
book-/works/OL76350W,Orthodoxy,Gilbert Keith Chesterton,1874,551,Apologetics|Christianity|History|Evidence|Nonfiction|Religion & Spirituality|Essays|Christendom|Christianisme|Apologetiek,https://covers.openlibrary.org/b/id/6268135-L.jpg
book-/works/OL19870W,The Jungle Book,Rudyard Kipling,1893,536,Jungles|Fiction|Juvenile Fiction|Animals|Novela Juvenil|Selvas|Animales|Jungle Animals|Mowgli (Fictitious Character)|Boys,https://covers.openlibrary.org/b/id/3344204-L.jpg
book-/works/OL69179W,My bondage and my freedom,Frederick Douglass,1815,509,Abolitionists|Plantation Life|Slavery|Fugitive Slaves|Slaves|Social Conditions|African Americans|Antislavery Movements|Biography|History,https://covers.openlibrary.org/b/id/14847114-L.jpg
book-/works/OL15451W,At the Back of the North Wind,George MacDonald,1871,496,Fairy Tales|Children'S Fiction|Stories|Fantasy Fiction|French Language Materials|Biography|General|Non-Classifiable|Children'S 9-12|Children: Grades 4-6,https://covers.openlibrary.org/b/id/8245161-L.jpg
book-/works/OL15437W,Lilith,George MacDonald,1895,480,Non-Classifiable|Nonfiction - General|General & Literary Fiction|General|Fiction / General|Fiction - General|Fiction / Fantasy / General|Fiction / Visionary & Metaphysical|Christian Fiction|Lilith (Semitic Mythology),https://covers.openlibrary.org/b/id/14364546-L.jpg
book-/works/OL63871W,A history of New York,Washington Irving,1800,472,Dutch Americans|Social Life And Customs|Literature|Fiction|City And Town Life|Historical Fiction|New York (State)|Classic Literature|Juvenile Literature|Biography,https://covers.openlibrary.org/b/id/1991009-L.jpg
book-/works/OL20112W,The  man who would be king,Rudyard Kipling,1898,460,Fiction|Kings And Rulers|British|Afghanistan|English Literature|Biography,https://covers.openlibrary.org/b/id/6021425-L.jpg
book-/works/OL629052W,Manifest der Kommunistischen Partei,Karl Marx,1848,459,Communism|Sources|Capitalism|Socialism|Social Conflict|Marxism|History|Long Now Manual For Civilization|Social Justice|Prolétariat,https://covers.openlibrary.org/b/id/11048623-L.jpg
book-/works/OL503424W,Quo Vadis? Powieść z czasów Nerona,Henryk Sienkiewicz,1895,453,Fiction|History|Church History|Primitive And Early Church|Rome In Fiction|Church History In Fiction|Histoire|Romans|Église|Religion In Fiction,https://covers.openlibrary.org/b/id/833096-L.jpg
book-/works/OL357501W,Up from Slavery,Booker T. Washington,1900,430,Tuskegee Institute|Biography|Educators|African Americans|Tuskegee Normal And Industrial Institute|Afro-Americans|College Presidents|United States|Slaves|Biography & Autobiography,https://covers.openlibrary.org/b/id/119317-L.jpg
book-/works/OL54059W,Roughing It,Mark Twain,1872,408,19Th Century|American Authors|Biography|Business|Christian Science|Description And Travel|Homes And Haunts|Intellectual Life|Journeys|Law And Politics,https://covers.openlibrary.org/b/id/9165528-L.jpg
book-/works/OL28623W,Incidents in the Life of a Slave Girl,Harriet A. Jacobs,1861,386,Women Slaves|United States|Slaves|Social Conditions|Biography|Autobiografie|Erlebnisbericht|Sklaverei|Condition Of Slaves|Slavery,https://covers.openlibrary.org/b/id/411542-L.jpg
book-/works/OL1815550W,Two years before the mast,Richard Henry Dana,1000,369,Alert (Brig : 1843-1862)|Large-Type Books|Pilgrim (Brig)|Sailors|Seafaring Life|Specimens|Travel|Viajes|Vie En Mer|Voyages,https://covers.openlibrary.org/b/id/8245243-L.jpg
book-/works/OL38684W,Lord Jim,Joseph Conrad,1900,345,Fiction|British|Officers|Merchant Marine|Atonement|Cowardice|Fiction In English|Travel|Indonesia|Seafaring Life,https://covers.openlibrary.org/b/id/8236295-L.jpg
book-/works/OL22364W,Erewhon,Samuel Butler,1700,338,Fiction|Utopian Fiction|Satirical Fiction|Utopias|Church Buildings|History|Presbyterian Church In The U.S.|Church History|Slaves|Biography,https://covers.openlibrary.org/b/id/825789-L.jpg
book-/works/OL2521179W,Lives,Plutarch,1564,323,Biography|Classical Biography|Early Works To 1800|Ethics|Plutarch|Rome -- Biography -- Early Works To 1800|Sources|Translations Into English|Biographies|Biografieën,https://covers.openlibrary.org/b/id/10679669-L.jpg
book-/works/OL505730W,The Magician,William Somerset Maugham,1908,313,Fiction|Magicians|Magic|English Authors|Biography|Good And Evil|Magier|English Literature|Fiction In English|Fiction In English 1900- Texts,https://covers.openlibrary.org/b/id/2789948-L.jpg
book-/works/OL551668W,Cyrano de Bergerac,Edmond Rostand,1821,309,Drama|History|French Authors|French Drama|English Drama|French Language|Translations Into English|Translations From French|Théâtre|In Literature,https://covers.openlibrary.org/b/id/8236320-L.jpg
book-/works/OL743333W,"The life of Olaudah Equiano, or Gustavus Vassa, the African",Olaudah Equiano,1789,298,Slavery|Voyages And Travels|Social Life And Customs|Slaves|Biography|United States|Personal Narratives|Biography: General|Slavery & Emancipation|Social Classes,https://covers.openlibrary.org/b/id/2074044-L.jpg
book-/works/OL59979W,Sailing alone around the world,Joshua Slocum,1800,297,Spray (Sloop)|Single-Handed Sailing|Sailing|Yachting|Travel|Voyages And Travels|Voyages Around The World|Nonfiction|Sailboats|Liberdade (Ship),https://covers.openlibrary.org/b/id/8247067-L.jpg
book-/works/OL266178W,Het Achterhuis,Anne Frank,1944,294,Autobiographies|Ethnic Relations|Dutch Literature|Jews-Netherlands|German Occupation|Library Staff Picks|Race Relations|Jews|Diaries|Jewish Personal Narratives,https://covers.openlibrary.org/b/id/8584021-L.jpg
book-/works/OL54147W,"Tom Sawyer, Detective",Mark Twain,1897,276,Fiction|Tom Sawyer (Fictitious Character)|American Authors|Biography|Mystery And Detective Stories|Detective And Mystery Stories|Boys|Humorous Stories|Adventure|Literature,https://covers.openlibrary.org/b/id/8923621-L.jpg
book-/works/OL3920712W,Acres of diamonds,Russell Herman Conwell,1901,275,Success|Religious Aspects Of Success|Baptists|Clergy|Self-Reliance|Biography|Christianity|New Age|Nonfiction|Self-Improvement,https://covers.openlibrary.org/b/id/5833160-L.jpg
book-/works/OL849217W,"Maria; or, The Wrongs of Woman",Mary Wollstonecraft,1799,265,Fiction|Women|Biography|English Authors|Feminists|English Literature|Pr5841.W8 M37 2007|823/.6|Literary Styles & Movements - Fiction|English Feminist Fiction,https://covers.openlibrary.org/b/id/314559-L.jpg
book-/works/OL362289W,Plays (36),William Shakespeare,1623,256,Sources|English Manuscripts|English Literature: Shakespeare Texts|Classics|Performing Arts|English Drama|Tragicomedy|Drama|Survival After Airplane Accidents|Shipwrecks,https://covers.openlibrary.org/b/id/9023411-L.jpg
book-/works/OL687015W,Ἀνάβασις,Xenophon,1623,252,History|Historical Geography|Early Works To 1800|Readers|Iran|Greek Language|Polish Literature|Translations From Greek|Greek Literature|Greek Prose Literature,https://covers.openlibrary.org/b/id/6133592-L.jpg
book-/works/OL239849W,Captivity and Restoration,Mary White Rowlandson,1682,250,Lancaster (Mass.)|Indian Captivities|Criticism And Interpretation|History|Narragansett Indians|Fast-Day Sermons|Sermons|Personal Narratives|Captivities|Indians Of North America,https://covers.openlibrary.org/b/id/1813688-L.jpg
book-/works/OL8193478W,Oliver Twist,Charles Dickens,1822,2209,Bildungsromans|Boys|Brigands And Robbers|British Fiction|Children|Children'S Fiction|Children'S Stories|Classic|Coming Of Age|Criminals,https://covers.openlibrary.org/b/id/13300802-L.jpg
book-/works/OL53919W,The Adventures of Tom Sawyer,Mark Twain,1817,879,The Adventures Of Tom Sawyer|Mark Twain|1835-1910|19Th Century|Historical|Fiction|Classic|American|Novel|Children,https://covers.openlibrary.org/b/id/12043351-L.jpg
book-/works/OL82586W,Harry Potter and the Deathly Hallows,J. K. Rowling,2007,144,The Elder Wand|Children'S Books|Dementors|Good And Evil|Juvenile Literature|Juvenile Works|Death|Fiction|Wizards|New York Times Bestseller,https://covers.openlibrary.org/b/id/15158660-L.jpg
book-/works/OL45885W,The BFG,Roald Dahl,1980,136,Open Library Staff Picks|Roald Dahl|Tweens|Teens|Teenagers|Ya|Young Adult|Juvenile|Fiction|Fantasy,https://covers.openlibrary.org/b/id/9176033-L.jpg
book-/works/OL45793W,Charlie and the Great Glass Elevator,Roald Dahl,1972,113,Charlie Bucket (Fictitious Character)|Juvenile Fiction|Children'S Fiction|Science Fiction|Humorous Stories|Outer Space|Fiction|Eccentrics And Eccentricities|Chocolate Industry|Candy Industry,https://covers.openlibrary.org/b/id/7893583-L.jpg
book-/works/OL262141W,Mary Poppins,Pamela L. Travers,1934,109,Magic|Translations Into Thai|Translations From English|Magic In Fiction|Fiction|Fantasy|England In Fiction|Fairy Tales|Mary Poppins (Fictitious Character)|Children'S Stories,https://covers.openlibrary.org/b/id/7421-L.jpg
book-/works/OL14908941W,Mockingjay,Suzanne Collins,2010,98,New York Times Bestseller|Sci-Fi|Young Adult|Science Fiction|Interpersonal Relations|Television Programs|Insurgency|Survival|Contests|Fiction,https://covers.openlibrary.org/b/id/12646459-L.jpg
book-/works/OL4072567W,The Bobbsey Twins,Laura Lee Hope,1904,94,Laura Lee Hope|Bobbsey Twins|Series|Fiction|Children|Children'S|Kid'S|Youngsters|Tweens|Young Adult,https://covers.openlibrary.org/b/id/9330264-L.jpg
book-/works/OL1503145W,Island of the Blue Dolphins,Scott O’Dell,1960,89,Children'S Fiction|Fiction|Indians Of North America|Islands|Juvenile Fiction|Newbery Medal|Survival|Survival Skills|Brothers And Sisters|Curricula,https://covers.openlibrary.org/b/id/5021868-L.jpg
book-/works/OL8125760W,Hatchet,Gary Paulsen,1986,81,Divorce|Plane Crash|Survival|Children'S Fiction|Newbery Honor|Juvenile Fiction|Fiction|Hatchet|Gary Paulsen|1988 Newbery Honor Book,https://covers.openlibrary.org/b/id/11240448-L.jpg
book-/works/OL268217W,"Are You There God? It's Me, Margaret",Judy Blume,1970,66,Children'S Middle Grade Books|Young Adult Novels|Puberty|Menarche|Christians|Jews|Prayer|Sanitary Napkins|Menstruation|Seven Minutes In Heaven,https://covers.openlibrary.org/b/id/12388102-L.jpg
book-/works/OL16808471W,Allegiant,Veronica Roth,2011,60,Dystopian|Young Adult|Fiction|Dystopian Fiction|Sci-Fi|Science Fiction|Ya|Dystopian Ya|Bestseller|Future,https://covers.openlibrary.org/b/id/7276393-L.jpg
book-/works/OL151956W,Runaway Ralph,Beverly Cleary,1970,60,Watchdogs|Motorcycling|Camping|Running Away|Summer Camp|Summer|Juvenile Fiction|Mice|Fiction|Mice -- Fiction,https://covers.openlibrary.org/b/id/15033545-L.jpg
book-/works/OL270979W,Sounder,William H. Armstrong,1969,60,Children: Grades 4-6|Dogs|Poverty|Juvenile Fiction|African Americans|Family Life|Fiction|Dogs In Fiction|Family Life In Fiction|African Americans In Fiction,https://covers.openlibrary.org/b/id/9542261-L.jpg
book-/works/OL17714701W,The Hate U Give,Angie Thomas,2017,59,Black Lives Matter|Fiction|National Book Awards Longlist|Race Relations|African American Teenagers|Police Shootings|Witnesses|Police-Community Relations|Juvenile Fiction|Young Adult Fiction,https://covers.openlibrary.org/b/id/11521588-L.jpg
book-/works/OL151989W,Ramona and Her Father,Beverly Cleary,1977,56,Fathers|Growing Up|Elementary School|Father-Daughter Relationship|Nonsexist Children'S Literature|Newbery Honor Book|Juvenile Works|Family|Family Problems|Fiction,https://covers.openlibrary.org/b/id/15087264-L.jpg
book-/works/OL453885W,The Amazing Maurice and His Educated Rodents,Terry Pratchett,2001,48,Fiction|Rats|Cats|Musicians|Swindlers And Swindling|Humorous Stories|Human-Animal Relationships|Juvenile Fiction|Fantasy|Humorous Fiction,https://covers.openlibrary.org/b/id/14645777-L.jpg
book-/works/OL6324150W,Old Yeller,Fred Gipson,1920,48,Classic Literature|Fiction|Juvenile Fiction|Boys|Frontier And Pioneer Life|Human-Animal Relationships|Dogs|Children'S Fiction|Newbery Honor|Chiens,https://covers.openlibrary.org/b/id/392647-L.jpg
book-/works/OL3464570W,Bunnicula,Deborah Howe,1979,46,Comedy And Humor|Mystery And Suspense|Pets|Curiosity|Confronting And Resolving Fears|Juvenile Audience|Fiction|Rabbits|Vampires|Mystery And Detective Stories,https://covers.openlibrary.org/b/id/8536550-L.jpg
book-/works/OL1838328W,Fudge-a-mania,Judy Blume,1990,43,Children'S Fiction|Humorous Stories|Award:Nēnē_Award|Award:Nēnē_Award=Chapter_Book|Childrens|Fiction|Middle Grade|Humor|Young Adult|Realistic Fiction,https://covers.openlibrary.org/b/id/10541245-L.jpg
book-/works/OL2628761W,Sabriel,Garth Nix,1995,42,Fathers And Daughters|Missing Persons|Magic|Teen Fantasy Fiction|Fiction|Fantasy|Science Fiction & Fantasy|Fantasy Fiction|Juvenile Fiction|Magical Thinking,https://covers.openlibrary.org/b/id/13165306-L.jpg
book-/works/OL2130549W,An Abundance of Katherines,John Green,2006,42,Young Adult|Romance|Juvenile Fiction|Fiction|Self-Perception|Interpersonal Relations|Mathematics|Man-Woman Relationships|Young Adult Fiction|Humorous,https://covers.openlibrary.org/b/id/14559681-L.jpg
book-/works/OL679348W,The Graveyard Book,Neil Gaiman,2008,40,Fiction|Cemeteries|Supernatural|Dead|Orphans|Juvenile Fiction|New York Times Bestseller|Death|Family|Alternative Family,https://covers.openlibrary.org/b/id/7099583-L.jpg
book-/works/OL4449820W,How To Eat Fried Worms,Thomas Rockwell,1953,40,Juvenile Fiction|Humorous Stories|Worms|Wagers|Children'S Books|Bets|Condiments|Setting Goals|Honesty|Food And Drinks,https://covers.openlibrary.org/b/id/14228597-L.jpg
book-/works/OL3972834W,The White Mountains (The Tripods #1),Sam Youd,1967,39,Young Adult|Extraterrestrial Beings|Freedom|Aliens|Teenagers|Fiction|Science Fiction|Children'S Stories|Dystopias|Juvenile Fiction,https://covers.openlibrary.org/b/id/14301-L.jpg
book-/works/OL529408W,Freaky Friday,Mary Rodgers,1972,38,Children'S Fiction|Mothers And Daughters|Fiction|Juvenile Fiction|Schools|Self-Perception|Teacher-Student Relationships|Teenage Girls|Middle Schools|Fantasy,https://covers.openlibrary.org/b/id/2249-L.jpg
book-/works/OL27086W,The Great Gilly Hopkins (M Books),Katherine Paterson,1978,38,Children|Children'S|Kid'S|Tween|Young Adult|Adolescence|Coming Of Age|Juvenile|Fiction|Literature,https://covers.openlibrary.org/b/id/2292779-L.jpg
book-/works/OL114726W,The Whipping Boy,Sid Fleischman,1986,37,Children|Childrens|Kid'S|Tweens|Teens|Teenagers|Ya|Young Adult|Juvenile|Fiction,https://covers.openlibrary.org/b/id/27023-L.jpg
book-/works/OL869965W,The Black Stallion,Walter Farley,1941,36,Walter Farley|Horses|Racing Horses|Black Stallion|Childrens|Children'S|Juvenile|Ya|Young Adult|Fiction,https://covers.openlibrary.org/b/id/4037099-L.jpg
book-/works/OL16239519W,Shadow and Bone,Leigh Bardugo,2012,35,Magic|Ability|Fantasy Fiction|Orphans|Fantasy|Monsters|Fiction|Children'S Fiction|Juvenile Fiction|Imaginary Wars And Battles,https://covers.openlibrary.org/b/id/13816048-L.jpg
book-/works/OL17356883W,Red Queen,Victoria Aveyard,2015,35,Love & Romance|Ability|Resistance To Government|Juvenile Fiction|Ungdomslitteratur|Cloth Or Hardcover|Fantasy & Magic|Fiction|Fantasy|Blood,https://covers.openlibrary.org/b/id/7434883-L.jpg
book-/works/OL42383W,The Harvester,Gene Stratton-Porter,1911,34,Christian Life|Gene Stratton-Porter|History|Historical|Fiction|Classic|Adult|Ya|Young Adult|American,https://covers.openlibrary.org/b/id/4115711-L.jpg
book-/works/OL16282945W,Cinder,Marissa Meyer,2011,33,Serie:The_Lunar_Chronicles|Extraterrestrial Beings|Social Classes|New York Times Bestseller|Overpopulation|Kings And Rulers|Science Fiction|Plague|Honorariums|Stepfamilies,https://covers.openlibrary.org/b/id/6998634-L.jpg
book-/works/OL1417723W,The Eagle of the Ninth. 1400 Grundwörter.,Rosemary Sutcliff,1954,33,Children'S Fiction|Juvenile Fiction|Fiction|Juvenile Literature|History|Romans|Military History|Young Adult,https://covers.openlibrary.org/b/id/1053251-L.jpg
book-/works/OL268379W,Scary stories to tell in the dark,Alvin Schwartz,1981,32,Cuentos De Terror Estadounidenses|American Ghost Stories|American Horror Tales|Cuentos De Fantasmas Estadounidenses|Tales|Folklore|Cuentos Populares|Horror Stories|Ghosts|Spanish Language Materials,https://covers.openlibrary.org/b/id/12634210-L.jpg
book-/works/OL2693077W,Me Talk Pretty One Day,David Sedaris,2000,29,David Sedaris|Teens|Teenagers|Ya|Young Adult|Juvenile|Nonfiction|Biography|Bio|Humor,https://covers.openlibrary.org/b/id/8567510-L.jpg
book-/works/OL20924915W,Siege and Storm,Leigh Bardugo,2013,28,Monsters -- Fiction|Magic -- Fiction|Orphans -- Fiction|Fantasy|First Person (Point Of View)|Magic|Monsters|Fantasy Fiction|Juvenile Fiction|Orphans,https://covers.openlibrary.org/b/id/10297781-L.jpg
book-/works/OL17367560W,Heir of Fire,Sarah J. Maas,2014,28,Magic|Ya|High Fantasy|Fiction|Romance|Fantasy|Court|Assassins|Identity|Identity (Psychology),https://covers.openlibrary.org/b/id/9318480-L.jpg
book-/works/OL69302W,My Teacher Is an Alien,Bruce Coville,1989,27,School Stories|Juvenile Fiction|Alien Abduction|Fiction|Science Fiction|Substitute Teachers|Teachers|Life On Other Planets|Schools|Extraterrestrial Beings,https://covers.openlibrary.org/b/id/1315830-L.jpg
book-/works/OL17293267W,Ruin and Rising,Leigh Bardugo,2014,26,Magic|Fantasy Fiction|Orphans|Fantasy|Love Stories|Love|Fiction|Children'S Fiction|New York Times Reviewed|Juvenile Fiction,https://covers.openlibrary.org/b/id/12667421-L.jpg
book-/works/OL17076473W,Red Rising,Pierce Brown,2014,26,Franchise:Red Rising|Series:Red Rising Trilogy|Series:Red Rising Saga|Form:Novel|Genre:Science Fiction|Fantasy|Fiction|Dystopia|Young Adult|Resistance To Government,https://covers.openlibrary.org/b/id/7316188-L.jpg
book-/works/OL729138W,The City Boy,Herman Wouk,1948,25,Fiction|Pulitzer Prize Winner|Herman Wouk|Young Adult|Adult|American|Classic|Literature|Stories|Books,https://covers.openlibrary.org/b/id/191145-L.jpg
book-/works/OL12388W,The Face on the Milk Carton,Caroline B. Cooney,1990,24,Young Adult|Fiction|Parent And Child|Parental Kidnapping|Identity|Juvenile Fiction|Identity (Philosophical Concept)|Young Adult Fiction|Kidnapping|Individuality,https://covers.openlibrary.org/b/id/1473631-L.jpg
book-/works/OL17597665W,Crooked Kingdom,Leigh Bardugo,2016,24,Young Adult|Fantasy|Magic|Juvenile Fiction|Friendship|Revenge|Brigands And Robbers|Fiction|Juvenile Audience|Fantasy Fiction,https://covers.openlibrary.org/b/id/12667428-L.jpg
book-/works/OL17357353W,Simon vs. the Homo Sapiens Agenda,Becky Albertalli,2015,22,Lgbt|Young Adult|Juvenile Fiction / Love & Romance|Secrets|Juvenile Fiction|Secrecy|Friendship In Adolescence|Fiction|Gay Teenagers|Schools,https://covers.openlibrary.org/b/id/12303551-L.jpg
book-/works/OL497779W,Freak the Mighty,W. R. Philbrick,1989,21,Learning Disabilities|People With Disabilities|Friendship|Fiction|Physically Handicapped|Young Adult Fiction|Best Books For Young Adults|Young Adults|Children'S Fiction|Juvenile Fiction,https://covers.openlibrary.org/b/id/384409-L.jpg
book-/works/OL4466873W,Zia,Scott O’Dell,1976,21,Indians Of North America|Juvenile Fiction|Indians Of North America In Fiction|Fiction|Children'S Stories|Indians Of North America-Fiction|Children'S Fiction|Spanish Language Materials|Collection:Name|Historical Fiction,https://covers.openlibrary.org/b/id/255488-L.jpg
book-/works/OL13489W,Shiloh,Phyllis Reynolds Naylor,1991,21,Animals|Newbery Medal|Beagles (Dogs)|Juvenile Fiction|Animal Welfare|Fiction|Treatment|West Virginia|Beagle (Dog Breed)|Human-Animal Relationships,https://covers.openlibrary.org/b/id/10275959-L.jpg
book-/works/OL5590818W,Blue Willow,Doris Gates,1940,20,Juvenile Fiction|Migrant Labor|Poverty|Fiction|The Dust Bowl|The Great Depression|Mexican Americans|Donna Harsh Collection|Farm & Ranch Life|Depressions,https://covers.openlibrary.org/b/id/101370-L.jpg
book-/works/OL19659793W,Children of Blood and Bone,Tomi Adeyemi,2017,20,Magic|Brothers And Sisters|Resistance To Government|Youths' Writings|Prejudices|Fiction|Fantasy|Young Adult Fiction / Fantasy / General|Princesses|Siblings,https://covers.openlibrary.org/b/id/8572526-L.jpg
book-/works/OL276726W,Flawless,Sara Shepard,2006,20,Sara Shepard|Teens|Teenagers|Ya|Young Adult|Juvenile|Fiction|Literature|Books|Stories,https://covers.openlibrary.org/b/id/1069050-L.jpg
book-/works/OL548168W,Just Ella,Margaret Peterson Haddix,1999,19,Ella|Cinderella|Just Ella|Princess|Queen|Castle|Kingdom|Fairytale|Romance|Fiction,https://covers.openlibrary.org/b/id/435575-L.jpg
book-/works/OL479073W,Lost in the Barrens - Collector's Edition,Farley Mowat,1956,19,Farley Mowat|Aka|Two Against The North|Children|Children'S|Kid'S|Ya|Young Adult|Juvenile|Historical,https://covers.openlibrary.org/b/id/530643-L.jpg
book-/works/OL17305107W,The Infinite Sea,Richard Yancey,2014,18,Aliens|Survival Skills|War Stories|Science Fiction|War|Extraterrestrial Beings|Juvenile Fiction|Survival|Fiction|Young Adult Fiction,https://covers.openlibrary.org/b/id/7385181-L.jpg
book-/works/OL16807297W,Steelheart,Brandon Sanderson,2001,18,Fantasy|Young Adult|Urban|Guerrilla Warfare|Science Fiction|Juvenile Fiction|Supervillains|Fiction|Children'S Fiction|Assassins,https://covers.openlibrary.org/b/id/14658147-L.jpg
book-/works/OL45867W,Over to You - Ten Stories of Flyers and Flying,Roald Dahl,1946,18,World War Ii|Royal Air Force|Resistance To Interrogation|Hard Water|Soft Water|World War|Aeronautics|Literature|Air Pilots In Fiction|Fiction,https://covers.openlibrary.org/b/id/9159069-L.jpg
book-/works/OL37572598W,The Reappearance of Rachel Price,Holly Jackson,2024,18,Children'S Fiction|New York Times Bestseller|Suspense|Thriller|Young Adult Fiction|Young Adult|Audience:Young Adult,https://covers.openlibrary.org/b/id/14605870-L.jpg
book-/works/OL1253285W,The Scarlet Pimpernel,Emma Orczy,1900,591,Classic Literature|Adventure And Adventurers|Open Library Staff Picks|British|Fiction|Text-Books For Foreigners|English Language|Historical Fiction|Refugees|Nobility,https://covers.openlibrary.org/b/id/479102-L.jpg
book-/works/OL2319934W,The Coral Island,Robert Michael Ballantyne,1858,473,Fiction|Adventure And Adventurers|Shipwrecks|Juvenile Fiction|Survival|Islands|Adventure Stories|Conduct Of Life|Pirates|Boys,https://covers.openlibrary.org/b/id/8242206-L.jpg
book-/works/OL17531W,Cleopatra,H. Rider Haggard,1881,359,Fiction|History|Romans|Histoire|Adventure,https://covers.openlibrary.org/b/id/1748730-L.jpg
book-/works/OL36738W,"Le vicomte de Bragelonne, ou, dix ans plus tard",Alexandre Dumas,1848,356,Fiction|History|Romans|Histoire|Historical Fiction|Adventure Stories|Swordsmen -- Fiction|Adventure,https://covers.openlibrary.org/b/id/14564690-L.jpg
book-/works/OL76597W,Huntingtower,John Buchan,1910,293,Fiction|Dickson Mccunn (Fictitious Character)|Kidnapping|Kidnapping In Fiction|Princesses|Scotland In Fiction|Princesses In Fiction|Kidnapping -- Fiction|Princesses -- Fiction|Scotland -- Fiction,https://covers.openlibrary.org/b/id/1979431-L.jpg
book-/works/OL24163W,David Balfour,Robert Louis Stevenson,1883,280,Adventure And Adventurers|Fiction|History|Juvenile Fiction|Classic Literature|Kidnapping|Pirates|Histoire|Open Library Staff Picks|David Balfour (Fictitious Character),https://covers.openlibrary.org/b/id/8244483-L.jpg
book-/works/OL36462W,Vingt ans apres̀,Alexandre Dumas,1800,268,Ficción|Fiction|France|Histoire|Historia|History|Roman|Romans|Swordsmen|French Fiction,https://covers.openlibrary.org/b/id/14564526-L.jpg
book-/works/OL1253282W,The Old Man in the Corner,Emma Orczy,1908,215,Detective And Mystery Stories|Classic Literature|English Detective And Mystery Stories|Fiction|History|Mystery And Detective Stories|Adventure,https://covers.openlibrary.org/b/id/5815381-L.jpg
book-/works/OL24164W,The master of Ballantrae,Robert Louis Stevenson,1888,205,Fiction|Absence And Presumption Of Death|History|Brothers|Inheritance And Succession|Revenge|Fiction In English|Historical Fiction|Inheritance And Succession -- Fiction|Revenge -- Fiction,https://covers.openlibrary.org/b/id/8230370-L.jpg
book-/works/OL76591W,The three hostages,John Buchan,1924,204,Fiction|Great Britain|Intelligence Service|Richard Hannay (Fictitious Character)|Adventure Stories|Spy Stories|Adventure,https://covers.openlibrary.org/b/id/755987-L.jpg
book-/works/OL8070951W,The Sea-Hawk,Rafael Sabatini,1900,201,Spanish Armada|Pirates|Barbary Pirates|Open Library Staff Picks|British|Fiction|Muslims|Sea Stories|Historical Fiction|Adventure Stories,https://covers.openlibrary.org/b/id/8239512-L.jpg
book-/works/OL1418112W,Tarzan the Untamed (Book #7),Edgar Rice Burroughs,1920,178,Fiction|Classic Literature|Tarzan (Fictitious Character)|Tarzan (Fictitious Character) Vfiction|Tarzan (Fictitious Character) -- Fiction|Fantasy Fiction|Adventure Stories|Adventure,https://covers.openlibrary.org/b/id/2404593-L.jpg
book-/works/OL1517919W,Room 13,Edgar Wallace,1920,171,Adventure|Fiction,https://covers.openlibrary.org/b/id/12947911-L.jpg
book-/works/OL1418108W,Tarzan the Terrible (#8),Edgar Rice Burroughs,1921,158,Tarzan (Fictitious Character)|Fiction|Classic Literature|Tarzan (Fictitious Character) -- Fiction|Fantasy Fiction|Adventure Stories|Adventure,https://covers.openlibrary.org/b/id/875818-L.jpg
book-/works/OL28988W,Northern Lights,Philip Pullman,1995,148,Political Theology|Polar Bears|Kidnapping|Adventure Stories|Children And Adults|Open Library Staff Picks|Juvenile Fiction|Fantasy|Experiments|Witches,https://covers.openlibrary.org/b/id/8747028-L.jpg
book-/works/OL1418248W,Tarzan and the Jewels of Opar,Edgar Rice Burroughs,1916,135,Classic Literature|Fiction|Tarzan (Fictitious Character)|Non-Classifiable|Tarzan (Fictitious Character) -- Fiction|Fantasy Fiction|Adventure Stories|Adventure,https://covers.openlibrary.org/b/id/8235276-L.jpg
book-/works/OL2455093W,Lost Horizon,James Hilton,1933,130,Fiction|Utopias|Shangri-La (Imaginary Place)|Folklore|Survival|Fantasy|Adventure|Adventure Stories|Fantasy Fiction|Roman,https://covers.openlibrary.org/b/id/4656607-L.jpg
book-/works/OL1517869W,The door with seven locks,Edgar Wallace,1926,119,Detective And Mystery Stories|Adventure|Fiction,https://covers.openlibrary.org/b/id/12947915-L.jpg
book-/works/OL241903W,The black gang,H. C. McNeile,1922,115,Bulldog Drummond (Fictional Character)|Sapper|Adventurer|Adventure|Suspense|Bulldog Drummond (Fictitious Character)|Fiction,https://covers.openlibrary.org/b/id/13716769-L.jpg
book-/works/OL1518031W,The avenger,Edgar Wallace,1924,109,Missing Persons--Fiction|Kidnapping--Fiction|Adventure|Fiction,https://covers.openlibrary.org/b/id/890189-L.jpg
book-/works/OL241909W,Bulldog Drummond,H. C. McNeile,1919,101,Bulldog Drummond (Fictional Character)|Sapper|Adventurer|Adventure|Suspense|Extortion|Fiction|Kidnapping|Bulldog Drummond (Fictitious Character)|Private Investigators,https://covers.openlibrary.org/b/id/5894747-L.jpg
book-/works/OL5840870W,The Boy in the Striped Pyjamas,John Boyne,2006,98,Teen & Young Adult Fiction|Teen & Young Adult Historical Fiction|Teen & Young Adult Social Issues|Naivety|Gas Chambers|Commandants|Adventure|Juvenile Works|Concentration Camps|Concentration Camps In Fiction,https://covers.openlibrary.org/b/id/12720687-L.jpg
book-/works/OL38815W,"The nigger of the ""Narcissus""",Joseph Conrad,1897,93,Fiction|Blacks|Tuberculosis In Fiction|Patients|West Indians In Fiction|West Indians|Ocean Travel In Fiction|Ocean Travel|Terminally Ill In Fiction|Terminally Ill,https://covers.openlibrary.org/b/id/8235355-L.jpg
book-/works/OL471784W,The Seven Dials Mystery,Agatha Christie,1920,91,English Detective And Mystery Stories|Fiction|Mystery|Police|Private Investigators|Translations Into Russian|Detective And Mystery Stories|Adventure|Alarm Clocks|English Literature,https://covers.openlibrary.org/b/id/14575632-L.jpg
book-/works/OL1518049W,The Council of Justice,Edgar Wallace,1920,91,Fiction In English|Adventure|Fiction,https://covers.openlibrary.org/b/id/890195-L.jpg
book-/works/OL76561W,The Magic Walking-Stick,John Buchan,1932,90,Adventure And Adventurers|Adventure Stories|Fiction|For Children|Magic|Children'S Fiction|Adventure|Brothers|Juvenile Fiction|Frères,https://covers.openlibrary.org/b/id/5548088-L.jpg
book-/works/OL5819895W,Eragon,Christopher Paolini,2000,90,Fantasy|Juvenile Fiction|Dragons|Magic|Fiction|Violence|Dwarves|Humans|Fighting|Adventure,https://covers.openlibrary.org/b/id/13921600-L.jpg
book-/works/OL2172356W,Do Androids Dream of Electric Sheep?,Philip K. Dick,1968,90,Androids|Fiction|Rick Deckard (Fictitious Character)|Science Fiction|Twenty-First Century|Open_Syllabus_Project|Bounty Hunters|Movie-Tv Tie-In|Movies|Motion Pictures,https://covers.openlibrary.org/b/id/207515-L.jpg
book-/works/OL24656586W,The Boxcar Children,Gertrude Chandler Warner,1924,87,Orphans|Juvenile Fiction|Brothers And Sisters|Railroad Cars|Detective And Mystery Stories|Mystery And Detective Stories|Detective And Mystery Fiction|Fiction|Juvenile Works|Juvenile Audience,https://covers.openlibrary.org/b/id/11349395-L.jpg
book-/works/OL1948704W,Five on a Treasure Island,Enid Blyton,1942,85,Children: Grades 4-6|Famous Five (Fictitious Characters)|Juvenile Fiction|Children'S Fiction|Famous Five|Kid'S Book|Adventure|Translations From English|Children'S Stories|Buried Treasure,https://covers.openlibrary.org/b/id/14570937-L.jpg
book-/works/OL40873W,The Road,Cormac McCarthy,2006,84,Fiction|Dystopia|Adventure|Post-Apocalyptic Fiction|Extinction Event|Open Library Staff Picks|Fathers And Sons|Survival Skills|Regression (Civilization)|Voyages And Travels,https://covers.openlibrary.org/b/id/198120-L.jpg
book-/works/OL66554W,Pride and Prejudice,Jane Austen,1813,4039,Brothers And Sisters|Courtship|Drama|English Fiction|English Literature|Families|Family|Family Life|Family Relations|Fiction Classics,https://covers.openlibrary.org/b/id/14348537-L.jpg
book-/works/OL53908W,Adventures of Huckleberry Finn,Mark Twain,1876,2623,Adventure And Adventurers|Adventure Stories|American Literature|Boys|Child And Youth Fiction|Children'S Fiction|Child Witnesses|Courtship|English Language|Friendship,https://covers.openlibrary.org/b/id/8157718-L.jpg
book-/works/OL455305W,The Scarlet Letter,Nathaniel Hawthorne,1800,2425,Fiction|Puritans|Puritans In Fiction|History|Adultery In Fiction|Adultery|Illegitimate Children|Illegitimate Children In Fiction|Triangles (Interpersonal Relations)|Clergy,https://covers.openlibrary.org/b/id/5654516-L.jpg
book-/works/OL8193465W,A Tale of Two Cities,Charles Dickens,1800,2060,British|Children'S Fiction|Criticism And Interpretation|English Fiction|English Literature|Executions And Executioners|Fathers And Daughters|Fiction|Classics|Histoire,https://covers.openlibrary.org/b/id/13301713-L.jpg
book-/works/OL36861W,Les Trois Mousquetaires,Alexandre Dumas,1844,1104,History|Fiction|Swordsmen|France In Fiction|Vietnamese Language Books|Swordplay|Adventure And Adventurers|Spanish Language Materials|Histoire|Combat Au Sabre,https://covers.openlibrary.org/b/id/11929973-L.jpg
book-/works/OL77958W,The Last of the Mohicans,James Fenimore Cooper,1826,864,Adventure Stories|Ficción|Fiction|Frontier And Pioneer Life|Historia|Historical Fiction|History|Indians Of North America|Indios De América Del Norte|Mohegan Indians,https://covers.openlibrary.org/b/id/8236937-L.jpg
book-/works/OL8662242W,David Copperfield,Charles Dickens,1800,846,Children'S Fiction|Readers|Fiction|Social Life And Customs|General|Young Men|Manners And Customs|English Literature|Littérature Anglaise|Coming Of Age,https://covers.openlibrary.org/b/id/1048892-L.jpg
book-/works/OL53994W,The Prince and the Pauper,Mark Twain,1881,755,Readers|Fiction|Poor|Kings And Rulers|Impostors And Imposture|Poor Children|Boys|Classic Literature|Princes|Adventure And Adventurers,https://covers.openlibrary.org/b/id/8221267-L.jpg
book-/works/OL114967W,The Jungle,Upton Sinclair,1791,673,Slaughtering And Slaughter-Houses|Sociology|Lithuanian Americans|Fiction|Historical Fiction|Emigration And Immigration|Packing-Houses|Stockyards|Meat Industry And Trade|Corrupt Practices,https://covers.openlibrary.org/b/id/8231790-L.jpg
book-/works/OL267171W,War and Peace,Лев Толстой,1864,644,Classic|History|Russian Empire|Fiction|Russia|Classic Literature|Historical Fiction|Textual Criticism|Campaigns|Napoléan In Fiction,https://covers.openlibrary.org/b/id/12621906-L.jpg
book-/works/OL12795W,O Pioneers!,Willa Cather,1913,613,Fiction|Women Pioneers|Women Farmers|Farm Life|Swedish Americans|Women Immigrants|Brothers And Sisters|Frontier And Pioneer Life|History|Immigrants,https://covers.openlibrary.org/b/id/8242999-L.jpg
book-/works/OL86318W,Ulysses,James Joyce,1914,612,Married People|Male Friendship|Fiction|Historical Fiction|Psychological Fiction|Alienation (Social Psychology)|Textual Criticism|Molly Bloom (Fictitious Character)|Men|Facsimiles,https://covers.openlibrary.org/b/id/13136548-L.jpg
book-/works/OL262452W,His Last Bow [8 stories],Arthur Conan Doyle,1917,583,Short Stories|Detective And Mystery Fiction|Fiction|Mystery Fiction|Historical Fiction|Classic Literature|English Detective And Mystery Stories|Mystery|Private Investigators|Romans,https://covers.openlibrary.org/b/id/8243267-L.jpg
book-/works/OL1095397W,Shirley,Charlotte Brontë,1800,536,Textile Industry|Fiction|Women|Historical Fiction|Yorkshire (England) -- Fiction|Women -- England -- Fiction|Textile Industry -- Fiction|Social Life And Customs|Long Now Manual For Civilization|Collection:Name,https://covers.openlibrary.org/b/id/11024634-L.jpg
book-/works/OL1063588W,Les Misérables,Victor Hugo,1862,526,Poverty|Fiction|Readers|Ex-Convicts|History|Historical Fiction|French Fiction|Orphans|Literature And Fiction (General)|Classic Literature,https://covers.openlibrary.org/b/id/12721865-L.jpg
book-/works/OL863808W,Ivanhoe,Sir Walter Scott,1800,480,Fiction|History|Knights And Knighthood|Jews|Anglo-Saxons|Juvenile Fiction|Normans|Readers|Triangles (Interpersonal Relations)|Chivalry,https://covers.openlibrary.org/b/id/314235-L.jpg
book-/works/OL455288W,The House of Seven Gables Readalong,Nathaniel Hawthorne,1851,471,Fiction|Haunted Houses In Fiction|Haunted Houses|Ghosts In Fiction|Ghosts|Families|Family|Readers|Readers In Fiction|Classic Literature,https://covers.openlibrary.org/b/id/10956643-L.jpg
book-/works/OL39360W,Orlando,Virginia Woolf,1928,452,Nobility In Fiction|Gender Identity In Fiction|Fiction|England In Fiction|Transsexuals|Sex Role In Fiction|Textual Criticism|Literature|Mujeres|Hombres,https://covers.openlibrary.org/b/id/3240273-L.jpg
book-/works/OL658250W,Metamorphoses,Lucius Apuleius,1500,449,Fiction|Classical Mythology|Metamorphosis|Latin Fiction|Translations Into English|Translations Into Italian|Translations Into Spanish|Translations Into French|Isis (Egyptian Deity)|Metamorphosis In Literature,https://covers.openlibrary.org/b/id/6596872-L.jpg
book-/works/OL25649539W,The Red Badge of Courage,Stephen Crane,1871,447,Historical Fiction|War Stories,https://covers.openlibrary.org/b/id/12044954-L.jpg
book-/works/OL166925W,Идиот,Fyodor Dostoyevsky,1874,437,Russia In Fiction|Fiction|Social Conditions|Social Life And Customs|Russian Fiction|Translations Into English|Russia|Classic Literature|Television Adaptations|Idiot (Television Program),https://covers.openlibrary.org/b/id/11226648-L.jpg
book-/works/OL36854W,La tulipe noire,Alexandre Dumas,1800,399,Fiction|History|Historical Fiction|Netherlands In Fiction|French Language Materials|Histoire|French Language|Readers,https://covers.openlibrary.org/b/id/14565101-L.jpg
book-/works/OL77970W,The Prairie,James Fenimore Cooper,1800,399,Indians Of North America|Open Library Staff Picks|Natty Bumppo (Fictitious Character)|Fiction|History|Frontier And Pioneer Life|Juvenile Fiction|United States|Historical Fiction|Classic Literature,https://covers.openlibrary.org/b/id/5578106-L.jpg
book-/works/OL505740W,The moon and sixpence,William Somerset Maugham,1919,397,American Fiction|Classic Literature|England In Fiction|Fiction|Historical Fiction|Literature|Painters|Painters In Fiction|Tahiti|Tahiti In Fiction,https://covers.openlibrary.org/b/id/314604-L.jpg
book-/works/OL40962W,The Narrative of Arthur Gordon Pym,Edgar Allan Poe,1838,392,Fiction|Young Men|Stowaways|Whaling|Whaling Ships|Mutiny|Seafaring Life|Classic Literature|Historical Fiction|American Literature,https://covers.openlibrary.org/b/id/7160877-L.jpg
book-/works/OL88876W,Where Angels Fear to Tread,E. M. Forster,1920,382,Middle Class|Fiction|Culture Conflict|Classic Literature|English Literature|Historical Fiction|Humorous Stories|Culture Conflict -- Fiction|Middle Class -- England -- Fiction|Satire,https://covers.openlibrary.org/b/id/107982-L.jpg
book-/works/OL863587W,Rob Roy,Sir Walter Scott,1817,380,Scottish Fiction|Jacobite Rising|Fiction|Outlaws|Scottish Authors|History|Historical|Biographical|Historical Fiction|Senior Fiction,https://covers.openlibrary.org/b/id/8240340-L.jpg
book-/works/OL455489W,Twice-Told Tales,Nathaniel Hawthorne,1800,369,Supernatural|Fiction|Paranormal Fiction|Short Story|Social Life And Customs|American Historical Fiction|History|Manners And Customs|Short Stories|American Fiction,https://covers.openlibrary.org/b/id/10223473-L.jpg
book-/works/OL267933W,Gone With the Wind,Margaret Mitchell,1936,362,Survival|Slavery|Bildungsroman|Open_Syllabus_Project|History|Historical Fiction|War Stories|United States Civil War|Women|Open Library Staff Picks,https://covers.openlibrary.org/b/id/14817133-L.jpg
book-/works/OL8444981W,The Elusive Pimpernel (Scarlet Pimpernel),Emma Orczy,1908,327,Classic Literature|Fiction|Nobility|History|Histoire|Historical Fiction|Adventure Stories|Nobility -- Great Britain -- Fiction,https://covers.openlibrary.org/b/id/502823-L.jpg
book-/works/OL23205W,The Grapes of Wrath,John Steinbeck,1939,321,Labor Camps|Depressions|Labor Camps In Literature|Classic Literature|Open Library Staff Picks|Pulitzer Prize Winner|Fiction|Award:Pulitzer_Prize=1940|Open_Syllabus_Project|Award:Pulitzer_Prize=Fiction,https://covers.openlibrary.org/b/id/12715902-L.jpg
book-/works/OL32466W,A Christmas Carol,Charles Dickens,1843,3199,Children'S Fiction|Christmas|Drama|Ghosts|Plays|Ghost Plays|Christmas Stories|Ghost Stories|Fiction|Histoires De Noël,https://covers.openlibrary.org/b/id/12875748-L.jpg
book-/works/OL258902W,Macbeth,William Shakespeare,1508,1867,Drama|Regicides|Kings And Rulers|Texts|French-Canadian Dialect|Scotland|Kings|Greed|Murder Of The King|Regicide,https://covers.openlibrary.org/b/id/872432-L.jpg
book-/works/OL14942956W,The Call of the Wild,Jack London,1903,1700,Gold Discoveries|Bienestar|Lobos|Descubrimiento De Oro|Crítica E Interpretación|American Nature Stories|Cartoons And Comics|Feral Dogs|Robo De Mascotas|Pet Theft,https://covers.openlibrary.org/b/id/12393037-L.jpg
book-/works/OL259026W,King Lear,William Shakespeare,1608,1614,Drama|King Lear (Legendary Character)|Fathers And Daughters|Kings And Rulers|Inheritance And Succession|Britons|Aging Parents|Stage History|Textual Criticism|English Literature,https://covers.openlibrary.org/b/id/7420452-L.jpg
book-/works/OL69612W,The Secret Garden,Frances Hodgson Burnett,1911,1594,Child And Youth Fiction|Children'S Fiction|American Literature|English Language|Orphans|Juvenile Fiction|Gardens|Fiction|Children With Disabilities|Loneliness In Children,https://covers.openlibrary.org/b/id/12622062-L.jpg
book-/works/OL893707W,Madame Bovary,Gustave Flaubert,1856,1558,Literary Fiction|French Literature|Fiction|Adultery|Middle Class|Physicians' Spouses|Suicide Victims|Married Women|Social Life And Customs|French Fiction,https://covers.openlibrary.org/b/id/12993424-L.jpg
book-/works/OL8721462W,Great Expectations,Charles Dickens,1861,1489,Authors|Benefactors|Bildungsromans|Boys|Child And Youth Fiction|Classic Literature|Coming Of Age|Conduct Of Life|Criticism And Interpretation|Description And Travel,https://covers.openlibrary.org/b/id/13322313-L.jpg
book-/works/OL262496W,A Study in Scarlet,Arthur Conan Doyle,1887,1447,Action & Adventure Fiction|Aortic Aneurysm|Battle Of Maiwand|Blessing And Cursing|Children'S Fiction|Classics|Crime Scenes|Detective And Mystery Stories|Detective Fiction|Detectives,https://covers.openlibrary.org/b/id/13405534-L.jpg
book-/works/OL262454W,The Hound of the Baskervilles,Arthur Conan Doyle,1900,1309,Crime Novel|English Civil War|Mires|Tors|Tombs|Dogs|Sherlock Holmes (Fictitious Character)|Fiction|Private Investigators|Blessing And Cursing,https://covers.openlibrary.org/b/id/8063264-L.jpg
book-/works/OL66544W,Persuasion,Jane Austen,1789,1236,Moški In Ženske|V Leposlovju|Medosebni Odnosi|Družbene Razmere|Social Life And Customs|Rejection (Psychology)|Officers|Great Britain. Royal Navy|Great Britain|Manners And Customs,https://covers.openlibrary.org/b/id/12824691-L.jpg
book-/works/OL166894W,Преступление и наказание,Fyodor Dostoyevsky,1866,1179,English Translations|Russian Literature|Novela Psicológica|Fiction|Translations Into Yiddish|Psychological Fiction|German Language|Murder|Fiction In Spanish|Mystery Fiction,https://covers.openlibrary.org/b/id/9411873-L.jpg
book-/works/OL1793164W,Three Men in a Boat (to say nothing of the dog),Jerome Klapka Jérôme,1889,1137,Humorous Stories|Male Friendship|Description And Travel|Humor (Fiction)|Boats And Boating|Fiction|Classic Literature|English Humorous Stories|History|General,https://covers.openlibrary.org/b/id/8243006-L.jpg
book-/works/OL262421W,The Adventures of Sherlock Holmes [12 stories],Arthur Conan Doyle,1892,1133,Classic Literature|Murder|Mystery|Conclusions|Amorality|Anglo-Saxons|Apaces|Aristocracy|Banks|Barques,https://covers.openlibrary.org/b/id/6717853-L.jpg
book-/works/OL102749W,Moby Dick,Herman Melville,1851,1116,American Sea Stories|Mentally Ill|Whaling|Science Fiction & Fantasy|Whales|Great_Books_Of_The_Western_World|Translations Into French|Literature|Captain Ahab (Fictitious Character)|American Adventure Stories,https://covers.openlibrary.org/b/id/10544254-L.jpg
book-/works/OL45139W,Moll Flanders,Daniel Defoe,1722,1114,Fiction|Social Life And Customs|Criminals|English Picaresque Literature|English Adventure Stories|Women|Children Of Prisoners|Prostitutes|Repentance|British,https://covers.openlibrary.org/b/id/12997559-L.jpg
book-/works/OL66530W,Mansfield Park,Jane Austen,1814,1108,Social Life And Customs|English Love Stories|Criticism And Interpretation|Social Classes|English Fiction|Classic Literature|Manners And Customs|English Literature|Jóvenes (Mujeres)|Novela,https://covers.openlibrary.org/b/id/14618737-L.jpg
book-/works/OL17448W,King Solomon's Mines,H. Rider Haggard,1876,1105,Children'S Fiction|Africa -- Fiction|Missing Persons -- Fiction|Adventure Stories|Treasure Troves -- Fiction|Hunting Guides -- Fiction|Diamond Mines And Mining -- Fiction|Fiction|Allan Quatermain (Fictitious Character)|Treasure Troves,https://covers.openlibrary.org/b/id/8665393-L.jpg
book-/works/OL76487W,The Man Who Was Thursday,Gilbert Keith Chesterton,1908,1105,Anarchists|Novela De Misterio|Police|Libros En Letra Grande|Fiction|Novela Fantástica|Ficción|Classic Literature|Alegorías|Anarquistas,https://covers.openlibrary.org/b/id/8242857-L.jpg
book-/works/OL8193387W,Hard Times,Charles Dickens,1854,1028,Fiction|Social Problems|Utilitarianism|Education|Social Life And Customs|Social Conditions|Married People|Industrial Revolution|Problèmes Sociaux|Conditions Sociales,https://covers.openlibrary.org/b/id/8236916-L.jpg
book-/works/OL63985W,The Legend of Sleepy Hollow,Washington Irving,1820,1017,Fiction|Ghosts|History|Short Stories|Christmas|American Ghost Stories|Ghost Stories|Ichabod Crane (Fictitious Character)|Folklore|Shorthand,https://covers.openlibrary.org/b/id/8243083-L.jpg
book-/works/OL99509W,The Railway Children,Edith Nesbit,1900,985,Brothers And Sisters|Children'S Stories|Classic Literature|Country Life|Family|Family Life|Fiction|History|Juvenile Literature|Juvenile Fiction,https://covers.openlibrary.org/b/id/13241123-L.jpg
book-/works/OL362699W,The Tempest,William Shakespeare,1611,804,English Literature: Shakespeare Texts|Plays / Drama|Literary Criticism|Classics|For National Curriculum Key Stage 3|Play|Performing Arts|English Drama|Tragicomedy|Drama,https://covers.openlibrary.org/b/id/8155661-L.jpg
book-/works/OL86343W,A Portrait of the Artist as a Young Man,James Joyce,1818,765,Fiction|Artists|Young Men|Facsimiles|Manuscripts|English Manuscripts|Autobiographical Fiction|Literature|Classic Literature|Coming Of Age,https://covers.openlibrary.org/b/id/9328410-L.jpg
book-/works/OL20874W,Silas Marner,George Eliot,1800,628,Weavers|Social Life And Customs|Conduct Of Life|Foundlings|Open Library Staff Picks|Fiction|Fathers And Daughters|Country Life|Interpersonal Relations|Pastoral Fiction,https://covers.openlibrary.org/b/id/9286405-L.jpg
book-/works/OL468362W,The Beautiful and Damned,F. Scott Fitzgerald,1920,495,Fiction|Facsimiles|History|Rich People|American Manuscripts|Avarice|Social Conditions|Manuscripts|Romance Norte Americano|Psychological Fiction,https://covers.openlibrary.org/b/id/7152019-L.jpg
book-/works/OL1230613W,L’étranger,Albert Camus,1942,468,Philosophical Novels|Murder|Fiction|Medicine In Literature|French|Novelas Francesas|Asesinato|Ficción|Relatos De Aventuras|Critique Et Interprétation,https://covers.openlibrary.org/b/id/13151269-L.jpg
book-/works/OL109724W,Barchester Towers,Anthony Trollope,1815,467,Fiction|Clergy|Clergy In Fiction|Barchester (England: Imaginary Place)|Barsetshire (England: Imaginary Place)|Barsetshire (England : Imaginary Place)|Barchester (England : Imaginary Place)|Social Life And Customs|England In Fiction|Classic Literature,https://covers.openlibrary.org/b/id/1468666-L.jpg
book-/works/OL85047W,La père Goriot,Honoré de Balzac,1800,439,Fiction|France In Fiction|Older Men In Fiction|Older Men|Fathers And Daughters|Fathers And Daughters In Fiction|History|Social Life And Customs|Boardinghouses In Fiction|Boardinghouses,https://covers.openlibrary.org/b/id/8237944-L.jpg
book-/works/OL14868510W,Bleak House,Charles Dickens,1850,418,Fiction|Guardian And Ward|Young Women|Illegitimate Children|Inheritance And Succession|Social Problems|Translations Into French|Social Life And Customs|Social Conditions|English Christmas Stories,https://covers.openlibrary.org/b/id/9279273-L.jpg
book-/works/OL100237W,The Financier,Theodore Dreiser,1912,352,Classics|Literature|Capitalists And Financiers|Fiction|Psychological Fiction|Trilogy Of Desire|Capitalists And Financiers--Fiction|Ps3507.R55 F47 2008|813/.52,https://covers.openlibrary.org/b/id/8293120-L.jpg
book-/works/OL10432709W,Братья Карамазовы,Fyodor Dostoyevsky,1880,313,Literature - Classics / Criticism|Russian|Literature: Classics|Classics|Literary|19Th Century Fiction|Russian Novel|Crime And Criminals|Russian Literature|Fiction,https://covers.openlibrary.org/b/id/8272336-L.jpg
book-/works/OL471789W,The Secret Adversary,Agatha Christie,1922,800,Classic Literature|English Language|Fiction|Married People|Murder|Mystery|Private Investigators|Report Writing|Rhetoric|Tommy Beresford (Fictitious Character),https://covers.openlibrary.org/b/id/14590159-L.jpg
book-/works/OL8763148W,The mystery of Edwin Drood,Charles Dickens,1870,598,Missing Persons|Triangles (Interpersonal Relations)|Fiction|Choral Conductors|Separation (Psychology)|England In Fiction|Choral Conductors In Fiction|Missing Persons In Fiction|Cathedrals|Cathedrals In Fiction,https://covers.openlibrary.org/b/id/8243336-L.jpg
book-/works/OL76501W,Greenmantle,John Buchan,1915,521,Richard Hannay (Fictitious Character)|Literature|Mystery|Fiction|Intelligence Service|Classic Literature|Secret Service|Romans|English War Stories|Récits De Guerre Anglais,https://covers.openlibrary.org/b/id/93023-L.jpg
book-/works/OL176086W,Basil,Wilkie Collins,1852,417,Fiction|Fathers And Sons|Young Men|Revenge|Inheritance And Succession|Psychology|Classic Literature|Mystery|Social Classes|Interpersonal Relations,https://covers.openlibrary.org/b/id/12968342-L.jpg
book-/works/OL176081W,The Law and the Lady,Wilkie Collins,1875,384,Classic Literature|Fiction|Mystery|Women Detectives|Married Women|Investigation|Social Conditions|Women|Murder|English Literature,https://covers.openlibrary.org/b/id/6396941-L.jpg
book-/works/OL1315930W,Trent's Last Case,E. C. Bentley,1900,356,Fiction|Philip Trent (Fictitious Character)|Private Investigators|Private Investigators In Fiction|Detective And Mystery Stories|English Language|Text-Books For Foreigners|English Literature|Englisch|Roman,https://covers.openlibrary.org/b/id/118583-L.jpg
book-/works/OL76595W,Prester John,John Buchan,1900,339,Fiction|Scots|Clergy|Zulu (African People)|Viction|Mystery|Adventure Stories|Prester John (Legendary Character)|Manners And Customs|South Africa,https://covers.openlibrary.org/b/id/5981967-L.jpg
book-/works/OL2234917W,Whose Body?,Dorothy L. Sayers,1923,319,Mystery|Detectives|Translations Into Russian|English Detective And Mystery Stories|Private Investigators|Fiction|Police|Classic Literature|Murder|Investigation,https://covers.openlibrary.org/b/id/8311819-L.jpg
book-/works/OL176068W,The Black Robe,Wilkie Collins,1881,303,Classic Literature|Fiction|Mystery|Priesthood|English Literature|Jewish Way Of Life,https://covers.openlibrary.org/b/id/1759983-L.jpg
book-/works/OL472073W,Murder on the Links,Agatha Christie,1923,272,Fiction|Hercule Poirot (Fictitious Character)|Private Investigators|Murder|Investigation|English Detective And Mystery Stories|Mystery|Golf Courses|English Literature|Identity,https://covers.openlibrary.org/b/id/14582832-L.jpg
book-/works/OL176085W,Armadale,Wilkie Collins,1866,261,Classic Literature|Fate And Fatalism|Fathers And Sons|Fiction|Men|Mystery|Social Life And Customs|Long Now Manual For Civilization|Medicine In Literature,https://covers.openlibrary.org/b/id/780215-L.jpg
book-/works/OL6438811W,Fifty Candles,Earl Derr Biggers,1926,258,Mystery|Suspense|Fiction,https://covers.openlibrary.org/b/id/1956467-L.jpg
book-/works/OL1518053W,The Angel of Terror,Edgar Wallace,1923,254,Fiction|Mystery|Suspense,https://covers.openlibrary.org/b/id/1814681-L.jpg
book-/works/OL471576W,Murder on the Orient Express,Agatha Christie,1933,247,Agatha Christie|Private Investigator|P.I.|Hercule Poirot|Detective|Murder|Mystery|Humour|Fiction|Literature,https://covers.openlibrary.org/b/id/11100465-L.jpg
book-/works/OL176090W,No name,Wilkie Collins,1862,236,Fiction|Orphans|Disinheritance|Illegitimacy|Sisters|Young Women|Classic Literature|Mystery|Age And Employment|Social Life And Customs,https://covers.openlibrary.org/b/id/103261-L.jpg
book-/works/OL250352W,The Amateur Cracksman,E. W. Hornung,1899,223,Classic Literature|Criminals|English Detective And Mystery Stories|Fiction|Mystery|Raffles (Fictitious Character)|Short Stories|Raffles (Personnage Fictif)|Criminels|England -- Fiction,https://covers.openlibrary.org/b/id/2895793-L.jpg
book-/works/OL471932W,The Murder of Roger Ackroyd,Agatha Christie,1926,220,Detective Fiction|Mystery|Murder|Investigation|Victim|Private Investigators|Detective And Mystery Stories|Fiction|Mystery & Detective Fiction|Historical Fiction,https://covers.openlibrary.org/b/id/13151356-L.jpg
book-/works/OL137397W,The After House,Mary Roberts Rinehart,1914,203,Classic Literature|Fiction|Mystery And Suspense|Yachting|Mystery|Suspense|Mystery & Detective|General|Literary Criticism|American,https://covers.openlibrary.org/b/id/2757973-L.jpg
book-/works/OL76837W,The Da Vinci Code,Dan Brown,2003,203,Suspense & Thriller|Spiritual Fiction|Hieros Gamos|Priory Of Sion|Holy Grail|Vitruvian Man|Fibonacci Sequence|Safe Deposit Boxes|Mystery & Suspense|Templars,https://covers.openlibrary.org/b/id/9255229-L.jpg
book-/works/OL472549W,The Man in the Brown Suit,Agatha Christie,1924,201,Fiction|Mystery|English Literature|French Fiction|English Detective And Mystery Stories|South Africa -- Fiction|Detective And Mystery Stories|London (England) -- Fiction|Murder -- Investigation -- Fiction|Women Adventurers,https://covers.openlibrary.org/b/id/11153508-L.jpg
book-/works/OL176076W,The legacy of Cain,Wilkie Collins,1859,187,Fiction|Fathers And Daughters|Clergy In Fiction|Fathers And Daughters In Fiction|Adopted Children In Fiction|England In Fiction|Children Of Women Prisoners In Fiction|Clergy|Adopted Children|Children Of Women Prisoners,https://covers.openlibrary.org/b/id/494040-L.jpg
book-/works/OL137396W,The Circular Staircase,Mary Roberts Rinehart,1908,182,Classic Literature|Fiction|Detective And Mystery Stories|Open Library Staff Picks|Middle-Aged Women|Investigation|Murder|Country Homes|Country Homes -- Fiction|Murder -- Investigation -- Fiction,https://covers.openlibrary.org/b/id/2761207-L.jpg
book-/works/OL1797752W,The Paradise Mystery,Joseph Smith Fletcher,1920,174,Classic Literature|Fiction|Mystery,https://covers.openlibrary.org/b/id/1814712-L.jpg
book-/works/OL176087W,The dead secret,Wilkie Collins,1857,167,Fiction|Social Life And Customs|Inheritance And Succession|Inheritance And Succession In Fiction|England In Fiction|Mothers And Daughters In Fiction|Illegitimate Children In Fiction|Mothers And Daughters|Illegitimate Children|Mystery,https://covers.openlibrary.org/b/id/14305247-L.jpg
book-/works/OL1172118W,The Lodger,Marie Belloc Lowndes,1913,163,Classic Literature|Fiction|Serial Murders|Detective And Mystery Stories|Serial Murders -- Fiction|Mystery|History,https://covers.openlibrary.org/b/id/696674-L.jpg
book-/works/OL1868679W,R. Holmes & Co.,John Kendrick Bangs,1906,156,Criminals|Fiction|Private Investigators|Mystery,https://covers.openlibrary.org/b/id/5716647-L.jpg
book-/works/OL1546094W,L'affaire Lerouge,Émile Gaboriau,1800,148,Fiction|Mystery|Detective And Mystery Stories,https://covers.openlibrary.org/b/id/4486242-L.jpg
book-/works/OL471509W,The A.B.C. Murders,Agatha Christie,1936,142,Fiction|Mystery|Agatha Christie|Hercule Poirot (Fictitious Character)|Series|#13|Classic|British|Literature|Stories,https://covers.openlibrary.org/b/id/14573514-L.jpg
book-/works/OL176073W,The Queen of Hearts,Wilkie Collins,1859,141,Fiction|Mystery,https://covers.openlibrary.org/b/id/1861500-L.jpg
book-/works/OL471500W,4:50 from Paddington,Agatha Christie,1957,140,Fiction|Mystery|Jane Marple (Fictitious Character)|English Literature|English Language|Murder|Investigation|Meurtre|Mystery Fiction|Homicide,https://covers.openlibrary.org/b/id/13151352-L.jpg
book-/works/OL1517945W,The daffodil murder,Edgar Wallace,1921,137,Fiction|Mystery,https://covers.openlibrary.org/b/id/2895230-L.jpg
book-/works/OL30040W,The Mysterious Key And What It Opened,Louisa May Alcott,2004,129,Fiction|Mystery|American Literature,https://covers.openlibrary.org/b/id/1815112-L.jpg
book-/works/OL250350W,Dead Men Tell No Tales,E. W. Hornung,1899,128,Fiction|Mystery,https://covers.openlibrary.org/b/id/2890645-L.jpg
book-/works/OL471610W,The Body in the Library,Agatha Christie,1942,127,Fiction|Mystery|Women Detectives|Detective And Mystery Stories|Jane Marple (Fictitious Character)|Agatha Christie|Miss Marple|Series|British|Female,https://covers.openlibrary.org/b/id/12855259-L.jpg
book-/works/OL471771W,A Murder Is Announced,Agatha Christie,1950,127,Fiction|Mystery|Agatha Christie|Miss Marple|Series|British|Amateur|Detective|Classic|Literature,https://covers.openlibrary.org/b/id/14578204-L.jpg
book-/works/OL471895W,The Murder at the Vicarage,Agatha Christie,1930,127,Women Detectives|Fiction|Classic|Literature|Audiobook|Braile|Dvd|Murder|Mystery|Humour,https://covers.openlibrary.org/b/id/12996560-L.jpg
book-/works/OL176066W,The Guilty River,Wilkie Collins,1886,126,Fiction|Mystery|Classic Literature|English Fiction,https://covers.openlibrary.org/b/id/5723048-L.jpg
book-/works/OL471990W,The Mirror Crack'd from Side to Side,Agatha Christie,1960,126,Fiction|Mystery|Jane Marple (Fictitious Character)|Women Detectives In Fiction|Women Detectives|Romance Ingles|Crime & Mystery|English Literature|English Language|Mystery Fiction,https://covers.openlibrary.org/b/id/10561150-L.jpg
book-/works/OL472542W,The Secret of Chimneys,Agatha Christie,1925,121,Fiction|Mystery|English Detective And Mystery Stories|Murder|Investigation|Conspiracies|Manors|Detective And Mystery Stories|English Literature,https://covers.openlibrary.org/b/id/12996574-L.jpg
book-/works/OL471947W,The Big Four,Agatha Christie,1927,121,Fiction|Mystery|Private Investigators|Hercule Poirot (Fictitious Character)|Translations Into Arabic|English Detective And Mystery Stories|English Literature|Détectives|Crime|Detective And Mystery Stories,https://covers.openlibrary.org/b/id/12996529-L.jpg
book-/works/OL472049W,Evil Under the Sun,Agatha Christie,1941,120,Hercule Poirot (Fictitious Character)|Private Investigators|Detective And Mystery Stories|Open Library Staff Picks|Detectives|Fiction|Belgians|Mystery|English Literature|Murder,https://covers.openlibrary.org/b/id/13671433-L.jpg
book-/works/OL2895540W,The house by the church-yard,Sheridan Le Fanu,1863,118,Ireland In Fiction|Fiction|Classic Literature|Mystery|English Literature,https://covers.openlibrary.org/b/id/3950063-L.jpg
book-/works/OL472250W,Sleeping Murder,Agatha Christie,1940,117,Fiction|Jane Marple (Fictitious Character)|Women Detectives|Women Detectives In Fiction|Mystery|English Detective And Mystery Stories|Translations Into French|English Literature|Detective And Mystery Stories|Inspectrices De Police,https://covers.openlibrary.org/b/id/10247294-L.jpg
book-/works/OL471905W,The Moving Finger,Agatha Christie,1942,115,Fiction|Women Detectives|Jane Marple (Fictitious Character)|Detective And Mystery Stories|English Fiction|Mystery|Anonymous Letters|Gossip|Women Private Investigators|Novela Policiaca,https://covers.openlibrary.org/b/id/13672855-L.jpg
book-/works/OL1797757W,The Talleyrand Maxim,Joseph Smith Fletcher,1920,115,Wills In Fiction|Detective And Mystery Stories|Fiction|Mystery,https://covers.openlibrary.org/b/id/1845490-L.jpg
