item_id,season,date,away,home,away_score,home_score,away_logo,home_logo,final_margin,overtime_periods,lead_changes,winner_came_from_behind,max_abs_lead,is_playoff
nba-401469088,2023,2023-03-02 00:00:00+00:00,PHX,CHA,105,91,https://a.espncdn.com/i/teamlogos/nba/500/scoreboard/phx.png,https://a.espncdn.com/i/teamlogos/nba/500/scoreboard/cha.png,14,0,0,0,16,0
nba-401469089,2023,2023-03-02 00:00:00+00:00,CHI,DET,117,115,https://a.espncdn.com/i/teamlogos/nba/500/scoreboard/chi.png,https://a.espncdn.com/i/teamlogos/nba/500/scoreboard/det.png,2,0,0,0,15,0
nba-401469090,2023,2023-03-02 00:30:00+00:00,CLE,BOS,113,117,https://a.espncdn.com/i/teamlogos/nba/500/scoreboard/cle.png,https://a.espncdn.com/i/teamlogos/nba/500/scoreboard/bos.png,4,0,1,0,18,0
nba-401469091,2023,2023-03-02 00:30:00+00:00,PHI,MIA,119,96,https://a.espncdn.com/i/teamlogos/nba/500/scoreboard/phi.png,https://a.espncdn.com/i/teamlogos/nba/500/scoreboard/mia.png,23,0,1,0,23,0
nba-401469092,2023,2023-03-02 00:30:00+00:00,BKN,NY,118,142,https://a.espncdn.com/i/teamlogos/nba/500/scoreboard/bkn.png,https://a.espncdn.com/i/teamlogos/nba/500/scoreboard/ny.png,24,0,0,0,24,0
nba-401469093,2023,2023-03-02 01:00:00+00:00,MEM,HOU,113,99,https://a.espncdn.com/i/teamlogos/nba/500/scoreboard/mem.png,https://a.espncdn.com/i/teamlogos/nba/500/scoreboard/hou.png,14,0,0,0,17,0
nba-401469094,2023,2023-03-02 01:00:00+00:00,ORL,MIL,117,139,https://a.espncdn.com/i/teamlogos/nba/500/scoreboard/orl.png,https://a.espncdn.com/i/teamlogos/nba/500/scoreboard/mil.png,22,0,0,0,22,0
nba-401469095,2023,2023-03-02 01:00:00+00:00,LAL,OKC,123,117,https://a.espncdn.com/i/teamlogos/nba/500/scoreboard/lal.png,https://a.espncdn.com/i/teamlogos/nba/500/scoreboard/okc.png,6,0,2,0,6,0
nba-401469096,2023,2023-03-02 03:00:00+00:00,NO,POR,121,110,https://a.espncdn.com/i/teamlogos/nba/500/scoreboard/no.png,https://a.espncdn.com/i/teamlogos/nba/500/scoreboard/por.png,11,0,1,1,11,0
nba-401360745,2022,2022-03-02 00:00:00+00:00,DET,WSH,113,116,https://a.espncdn.com/i/teamlogos/nba/500/scoreboard/det.png,https://a.espncdn.com/i/teamlogos/nba/500/scoreboard/wsh.png,3,0,2,0,3,0
nba-401360746,2022,2022-03-02 00:30:00+00:00,ATL,BOS,98,107,https://a.espncdn.com/i/teamlogos/nba/500/scoreboard/atl.png,https://a.espncdn.com/i/teamlogos/nba/500/scoreboard/bos.png,9,0,1,0,14,0
nba-401360747,2022,2022-03-02 00:30:00+00:00,BKN,TOR,108,109,https://a.espncdn.com/i/teamlogos/nba/500/scoreboard/bkn.png,https://a.espncdn.com/i/teamlogos/nba/500/scoreboard/tor.png,1,0,2,1,8,0
nba-401360748,2022,2022-03-02 01:00:00+00:00,LAC,HOU,113,100,https://a.espncdn.com/i/teamlogos/nba/500/scoreboard/lac.png,https://a.espncdn.com/i/teamlogos/nba/500/scoreboard/hou.png,13,0,2,0,14,0
nba-401360749,2022,2022-03-02 01:00:00+00:00,GS,MIN,114,129,https://a.espncdn.com/i/teamlogos/nba/500/scoreboard/gs.png,https://a.espncdn.com/i/teamlogos/nba/500/scoreboard/min.png,15,0,0,0,15,0
nba-401360750,2022,2022-03-02 03:00:00+00:00,DAL,LAL,109,104,https://a.espncdn.com/i/teamlogos/nba/500/scoreboard/dal.png,https://a.espncdn.com/i/teamlogos/nba/500/scoreboard/lal.png,5,0,2,1,15,0
nba-401591869,2024,2023-10-05 16:00:00+00:00,DAL,MIN,99,111,https://a.espncdn.com/i/teamlogos/nba/500/scoreboard/dal.png,https://a.espncdn.com/i/teamlogos/nba/500/scoreboard/min.png,12,0,0,0,18,0
nba-401657187,2024,2024-05-17 00:30:00+00:00,DEN,MIN,70,115,https://a.espncdn.com/i/teamlogos/nba/500/scoreboard/den.png,https://a.espncdn.com/i/teamlogos/nba/500/scoreboard/min.png,45,0,0,0,45,1
nba-401474858,2023,2022-10-05 23:00:00+00:00,IND,CHA,122,97,https://a.espncdn.com/i/teamlogos/nba/500/scoreboard/ind.png,https://a.espncdn.com/i/teamlogos/nba/500/scoreboard/cha.png,25,0,0,0,27,0
nba-401474859,2023,2022-10-05 23:00:00+00:00,CLE,PHI,112,113,https://a.espncdn.com/i/teamlogos/nba/500/scoreboard/cle.png,https://a.espncdn.com/i/teamlogos/nba/500/scoreboard/phi.png,1,0,1,0,5,0
nba-401474860,2023,2022-10-05 23:30:00+00:00,TOR,BOS,125,119,https://a.espncdn.com/i/teamlogos/nba/500/scoreboard/tor.png,https://a.espncdn.com/i/teamlogos/nba/500/scoreboard/bos.png,6,1,1,1,18,0
nba-401474861,2023,2022-10-06 00:00:00+00:00,DAL,OKC,98,96,https://a.espncdn.com/i/teamlogos/nba/500/scoreboard/dal.png,https://a.espncdn.com/i/teamlogos/nba/500/scoreboard/okc.png,2,0,2,1,2,0
nba-401474862,2023,2022-10-06 02:00:00+00:00,PHX,LAL,119,115,https://a.espncdn.com/i/teamlogos/nba/500/scoreboard/phx.png,https://a.espncdn.com/i/teamlogos/nba/500/scoreboard/lal.png,4,0,1,1,7,0
nba-401584115,2024,2023-11-18 00:00:00+00:00,MIL,CHA,130,99,https://a.espncdn.com/i/teamlogos/nba/500/scoreboard/mil.png,https://a.espncdn.com/i/teamlogos/nba/500/scoreboard/cha.png,31,0,1,0,31,0
nba-401584116,2024,2023-11-18 00:00:00+00:00,NY,WSH,120,99,https://a.espncdn.com/i/teamlogos/nba/500/scoreboard/ny.png,https://a.espncdn.com/i/teamlogos/nba/500/scoreboard/wsh.png,21,0,0,0,21,0
nba-401584117,2024,2023-11-18 00:30:00+00:00,PHI,ATL,126,116,https://a.espncdn.com/i/teamlogos/nba/500/scoreboard/phi.png,https://a.espncdn.com/i/teamlogos/nba/500/scoreboard/atl.png,10,0,0,0,10,0
nba-401584118,2024,2023-11-18 00:30:00+00:00,DET,CLE,100,108,https://a.espncdn.com/i/teamlogos/nba/500/scoreboard/det.png,https://a.espncdn.com/i/teamlogos/nba/500/scoreboard/cle.png,8,0,0,0,14,0
nba-401584119,2024,2023-11-18 00:30:00+00:00,BOS,TOR,108,105,https://a.espncdn.com/i/teamlogos/nba/500/scoreboard/bos.png,https://a.espncdn.com/i/teamlogos/nba/500/scoreboard/tor.png,3,0,1,0,16,0
nba-401584120,2024,2023-11-18 00:30:00+00:00,SAC,SA,129,120,https://a.espncdn.com/i/teamlogos/nba/500/scoreboard/sac.png,https://a.espncdn.com/i/teamlogos/nba/500/scoreboard/sa.png,9,0,1,0,9,0
nba-401584121,2024,2023-11-18 01:00:00+00:00,ORL,CHI,103,97,https://a.espncdn.com/i/teamlogos/nba/500/scoreboard/orl.png,https://a.espncdn.com/i/teamlogos/nba/500/scoreboard/chi.png,6,0,0,0,15,0
nba-401584122,2024,2023-11-18 01:00:00+00:00,DEN,NO,110,115,https://a.espncdn.com/i/teamlogos/nba/500/scoreboard/den.png,https://a.espncdn.com/i/teamlogos/nba/500/scoreboard/no.png,5,0,0,0,16,0
nba-401584123,2024,2023-11-18 03:00:00+00:00,PHX,UTAH,131,128,https://a.espncdn.com/i/teamlogos/nba/500/scoreboard/phx.png,https://a.espncdn.com/i/teamlogos/nba/500/scoreboard/utah.png,3,0,0,0,3,0
nba-401584124,2024,2023-11-18 03:00:00+00:00,LAL,POR,107,95,https://a.espncdn.com/i/teamlogos/nba/500/scoreboard/lal.png,https://a.espncdn.com/i/teamlogos/nba/500/scoreboard/por.png,12,0,0,0,12,0
nba-401584125,2024,2023-11-18 03:30:00+00:00,HOU,LAC,100,106,https://a.espncdn.com/i/teamlogos/nba/500/scoreboard/hou.png,https://a.espncdn.com/i/teamlogos/nba/500/scoreboard/lac.png,6,0,2,0,6,0
nba-401585739,2024,2024-04-04 23:30:00+00:00,PHI,MIA,109,105,https://a.espncdn.com/i/teamlogos/nba/500/scoreboard/phi.png,https://a.espncdn.com/i/teamlogos/nba/500/scoreboard/mia.png,4,0,2,1,10,0
nba-401585740,2024,2024-04-04 23:30:00+00:00,SAC,NY,109,120,https://a.espncdn.com/i/teamlogos/nba/500/scoreboard/sac.png,https://a.espncdn.com/i/teamlogos/nba/500/scoreboard/ny.png,11,0,1,0,15,0
nba-401585752,2024,2024-04-04 23:30:00+00:00,ATL,DAL,95,109,https://a.espncdn.com/i/teamlogos/nba/500/scoreboard/atl.png,https://a.espncdn.com/i/teamlogos/nba/500/scoreboard/dal.png,14,0,1,0,14,0
nba-401585741,2024,2024-04-05 00:00:00+00:00,GS,HOU,133,110,https://a.espncdn.com/i/teamlogos/nba/500/scoreboard/gs.png,https://a.espncdn.com/i/teamlogos/nba/500/scoreboard/hou.png,23,0,0,0,23,0
nba-401585742,2024,2024-04-05 02:00:00+00:00,DEN,LAC,100,102,https://a.espncdn.com/i/teamlogos/nba/500/scoreboard/den.png,https://a.espncdn.com/i/teamlogos/nba/500/scoreboard/lac.png,2,0,1,0,11,0
nba-401468376,2023,2022-11-18 03:00:00+00:00,BKN,POR,109,107,https://a.espncdn.com/i/teamlogos/nba/500/scoreboard/bkn.png,https://a.espncdn.com/i/teamlogos/nba/500/scoreboard/por.png,2,0,1,0,4,0
nba-401468377,2023,2022-11-18 03:00:00+00:00,SA,SAC,112,130,https://a.espncdn.com/i/teamlogos/nba/500/scoreboard/sa.png,https://a.espncdn.com/i/teamlogos/nba/500/scoreboard/sac.png,18,0,0,0,18,0
nba-401468378,2023,2022-11-18 03:30:00+00:00,DET,LAC,91,96,https://a.espncdn.com/i/teamlogos/nba/500/scoreboard/det.png,https://a.espncdn.com/i/teamlogos/nba/500/scoreboard/lac.png,5,0,1,0,8,0
nba-401469012,2023,2023-02-14 00:00:00+00:00,ATL,CHA,138,144,https://a.espncdn.com/i/teamlogos/nba/500/scoreboard/atl.png,https://a.espncdn.com/i/teamlogos/nba/500/scoreboard/cha.png,6,0,0,0,13,0
nba-401469013,2023,2023-02-14 00:00:00+00:00,SA,CLE,109,117,https://a.espncdn.com/i/teamlogos/nba/500/scoreboard/sa.png,https://a.espncdn.com/i/teamlogos/nba/500/scoreboard/cle.png,8,0,0,0,16,0
nba-401469014,2023,2023-02-14 00:00:00+00:00,UTAH,IND,123,117,https://a.espncdn.com/i/teamlogos/nba/500/scoreboard/utah.png,https://a.espncdn.com/i/teamlogos/nba/500/scoreboard/ind.png,6,0,1,0,6,0
nba-401469015,2023,2023-02-14 00:00:00+00:00,HOU,PHI,104,123,https://a.espncdn.com/i/teamlogos/nba/500/scoreboard/hou.png,https://a.espncdn.com/i/teamlogos/nba/500/scoreboard/phi.png,19,0,0,0,19,0
nba-401469016,2023,2023-02-14 00:30:00+00:00,DEN,MIA,112,108,https://a.espncdn.com/i/teamlogos/nba/500/scoreboard/den.png,https://a.espncdn.com/i/teamlogos/nba/500/scoreboard/mia.png,4,0,1,0,9,0
nba-401469017,2023,2023-02-14 00:30:00+00:00,BKN,NY,106,124,https://a.espncdn.com/i/teamlogos/nba/500/scoreboard/bkn.png,https://a.espncdn.com/i/teamlogos/nba/500/scoreboard/ny.png,18,0,2,0,18,0
nba-401469018,2023,2023-02-14 01:00:00+00:00,ORL,CHI,100,91,https://a.espncdn.com/i/teamlogos/nba/500/scoreboard/orl.png,https://a.espncdn.com/i/teamlogos/nba/500/scoreboard/chi.png,9,0,0,0,9,0
nba-401469019,2023,2023-02-14 01:00:00+00:00,NO,OKC,103,100,https://a.espncdn.com/i/teamlogos/nba/500/scoreboard/no.png,https://a.espncdn.com/i/teamlogos/nba/500/scoreboard/okc.png,3,0,0,0,9,0
nba-401469020,2023,2023-02-14 01:30:00+00:00,MIN,DAL,124,121,https://a.espncdn.com/i/teamlogos/nba/500/scoreboard/min.png,https://a.espncdn.com/i/teamlogos/nba/500/scoreboard/dal.png,3,0,0,0,18,0
nba-401469021,2023,2023-02-14 03:00:00+00:00,WSH,GS,126,135,https://a.espncdn.com/i/teamlogos/nba/500/scoreboard/wsh.png,https://a.espncdn.com/i/teamlogos/nba/500/scoreboard/gs.png,9,0,1,0,13,0
nba-401469022,2023,2023-02-14 03:00:00+00:00,LAL,POR,115,127,https://a.espncdn.com/i/teamlogos/nba/500/scoreboard/lal.png,https://a.espncdn.com/i/teamlogos/nba/500/scoreboard/por.png,12,0,0,0,22,0
nba-401585155,2024,2024-01-11 19:00:00+00:00,BKN,CLE,102,111,https://a.espncdn.com/i/teamlogos/nba/500/scoreboard/bkn.png,https://a.espncdn.com/i/teamlogos/nba/500/scoreboard/cle.png,9,0,0,0,20,0
nba-401585156,2024,2024-01-12 00:30:00+00:00,BOS,MIL,102,135,https://a.espncdn.com/i/teamlogos/nba/500/scoreboard/bos.png,https://a.espncdn.com/i/teamlogos/nba/500/scoreboard/mil.png,33,0,0,0,41,0
nba-401585157,2024,2024-01-12 01:00:00+00:00,POR,OKC,77,139,https://a.espncdn.com/i/teamlogos/nba/500/scoreboard/por.png,https://a.espncdn.com/i/teamlogos/nba/500/scoreboard/okc.png,62,0,0,0,62,0
nba-401585158,2024,2024-01-12 01:30:00+00:00,NY,DAL,124,128,https://a.espncdn.com/i/teamlogos/nba/500/scoreboard/ny.png,https://a.espncdn.com/i/teamlogos/nba/500/scoreboard/dal.png,4,0,0,0,19,0
nba-401585159,2024,2024-01-12 03:00:00+00:00,PHX,LAL,127,109,https://a.espncdn.com/i/teamlogos/nba/500/scoreboard/phx.png,https://a.espncdn.com/i/teamlogos/nba/500/scoreboard/lal.png,18,0,0,0,27,0
nba-401360675,2022,2022-02-13 19:00:00+00:00,ATL,BOS,95,105,https://a.espncdn.com/i/teamlogos/nba/500/scoreboard/atl.png,https://a.espncdn.com/i/teamlogos/nba/500/scoreboard/bos.png,10,0,1,0,11,0
nba-401360676,2022,2022-02-13 20:00:00+00:00,MIN,IND,129,120,https://a.espncdn.com/i/teamlogos/nba/500/scoreboard/min.png,https://a.espncdn.com/i/teamlogos/nba/500/scoreboard/ind.png,9,0,1,0,12,0
nba-401360289,2022,2021-12-22 00:30:00+00:00,IND,MIA,96,125,https://a.espncdn.com/i/teamlogos/nba/500/scoreboard/ind.png,https://a.espncdn.com/i/teamlogos/nba/500/scoreboard/mia.png,29,0,0,0,29,0
nba-401360290,2022,2021-12-22 00:30:00+00:00,DET,NY,91,105,https://a.espncdn.com/i/teamlogos/nba/500/scoreboard/det.png,https://a.espncdn.com/i/teamlogos/nba/500/scoreboard/ny.png,14,0,0,0,14,0
nba-401360291,2022,2021-12-22 01:00:00+00:00,POR,NO,97,111,https://a.espncdn.com/i/teamlogos/nba/500/scoreboard/por.png,https://a.espncdn.com/i/teamlogos/nba/500/scoreboard/no.png,14,0,0,0,14,0
nba-401360292,2022,2021-12-22 01:30:00+00:00,MIN,DAL,102,114,https://a.espncdn.com/i/teamlogos/nba/500/scoreboard/min.png,https://a.espncdn.com/i/teamlogos/nba/500/scoreboard/dal.png,12,0,1,0,12,0
nba-401360293,2022,2021-12-22 03:00:00+00:00,PHX,LAL,108,90,https://a.espncdn.com/i/teamlogos/nba/500/scoreboard/phx.png,https://a.espncdn.com/i/teamlogos/nba/500/scoreboard/lal.png,18,0,1,0,18,0
nba-401468670,2023,2022-12-29 00:00:00+00:00,ORL,DET,101,121,https://a.espncdn.com/i/teamlogos/nba/500/scoreboard/orl.png,https://a.espncdn.com/i/teamlogos/nba/500/scoreboard/det.png,20,0,0,0,20,0
nba-401468671,2023,2022-12-29 00:00:00+00:00,PHX,WSH,102,127,https://a.espncdn.com/i/teamlogos/nba/500/scoreboard/phx.png,https://a.espncdn.com/i/teamlogos/nba/500/scoreboard/wsh.png,25,0,0,0,25,0
nba-401468672,2023,2022-12-29 00:30:00+00:00,BKN,ATL,108,107,https://a.espncdn.com/i/teamlogos/nba/500/scoreboard/bkn.png,https://a.espncdn.com/i/teamlogos/nba/500/scoreboard/atl.png,1,0,2,0,7,0
nba-401468673,2023,2022-12-29 00:30:00+00:00,LAL,MIA,98,112,https://a.espncdn.com/i/teamlogos/nba/500/scoreboard/lal.png,https://a.espncdn.com/i/teamlogos/nba/500/scoreboard/mia.png,14,0,0,0,17,0
nba-401468674,2023,2022-12-29 01:00:00+00:00,MIL,CHI,113,119,https://a.espncdn.com/i/teamlogos/nba/500/scoreboard/mil.png,https://a.espncdn.com/i/teamlogos/nba/500/scoreboard/chi.png,6,1,3,1,6,0
nba-401468675,2023,2022-12-29 01:00:00+00:00,MIN,NO,118,119,https://a.espncdn.com/i/teamlogos/nba/500/scoreboard/min.png,https://a.espncdn.com/i/teamlogos/nba/500/scoreboard/no.png,1,0,1,1,6,0
nba-401468676,2023,2022-12-29 03:00:00+00:00,UTAH,GS,107,112,https://a.espncdn.com/i/teamlogos/nba/500/scoreboard/utah.png,https://a.espncdn.com/i/teamlogos/nba/500/scoreboard/gs.png,5,0,1,1,10,0
nba-401468677,2023,2022-12-29 03:00:00+00:00,DEN,SAC,126,127,https://a.espncdn.com/i/teamlogos/nba/500/scoreboard/den.png,https://a.espncdn.com/i/teamlogos/nba/500/scoreboard/sac.png,1,0,1,1,16,0
nba-401585049,2024,2023-12-29 00:30:00+00:00,DET,BOS,122,128,https://a.espncdn.com/i/teamlogos/nba/500/scoreboard/det.png,https://a.espncdn.com/i/teamlogos/nba/500/scoreboard/bos.png,6,1,1,0,19,0
nba-401585050,2024,2023-12-29 01:00:00+00:00,IND,CHI,120,104,https://a.espncdn.com/i/teamlogos/nba/500/scoreboard/ind.png,https://a.espncdn.com/i/teamlogos/nba/500/scoreboard/chi.png,16,0,0,0,16,0
nba-401585051,2024,2023-12-29 01:00:00+00:00,DAL,MIN,110,118,https://a.espncdn.com/i/teamlogos/nba/500/scoreboard/dal.png,https://a.espncdn.com/i/teamlogos/nba/500/scoreboard/min.png,8,0,0,0,11,0
nba-401585052,2024,2023-12-29 01:00:00+00:00,UTAH,NO,105,112,https://a.espncdn.com/i/teamlogos/nba/500/scoreboard/utah.png,https://a.espncdn.com/i/teamlogos/nba/500/scoreboard/no.png,7,0,0,0,8,0
nba-401585053,2024,2023-12-29 02:00:00+00:00,MEM,DEN,105,142,https://a.espncdn.com/i/teamlogos/nba/500/scoreboard/mem.png,https://a.espncdn.com/i/teamlogos/nba/500/scoreboard/den.png,37,0,0,0,37,0
nba-401585054,2024,2023-12-29 03:00:00+00:00,MIA,GS,114,102,https://a.espncdn.com/i/teamlogos/nba/500/scoreboard/mia.png,https://a.espncdn.com/i/teamlogos/nba/500/scoreboard/gs.png,12,0,1,0,15,0
nba-401585055,2024,2023-12-29 03:00:00+00:00,SA,POR,118,105,https://a.espncdn.com/i/teamlogos/nba/500/scoreboard/sa.png,https://a.espncdn.com/i/teamlogos/nba/500/scoreboard/por.png,13,0,0,0,24,0
nba-401585056,2024,2023-12-29 03:30:00+00:00,CHA,LAL,112,133,https://a.espncdn.com/i/teamlogos/nba/500/scoreboard/cha.png,https://a.espncdn.com/i/teamlogos/nba/500/scoreboard/lal.png,21,0,1,0,21,0
nba-401468258,2023,2022-11-01 23:30:00+00:00,CHI,BKN,108,99,https://a.espncdn.com/i/teamlogos/nba/500/scoreboard/chi.png,https://a.espncdn.com/i/teamlogos/nba/500/scoreboard/bkn.png,9,0,1,1,9,0
nba-401468259,2023,2022-11-01 23:30:00+00:00,GS,MIA,109,116,https://a.espncdn.com/i/teamlogos/nba/500/scoreboard/gs.png,https://a.espncdn.com/i/teamlogos/nba/500/scoreboard/mia.png,7,0,2,1,9,0
nba-401468260,2023,2022-11-02 00:00:00+00:00,ORL,OKC,108,116,https://a.espncdn.com/i/teamlogos/nba/500/scoreboard/orl.png,https://a.espncdn.com/i/teamlogos/nba/500/scoreboard/okc.png,8,0,2,1,8,0
nba-401468261,2023,2022-11-02 02:00:00+00:00,MIN,PHX,107,116,https://a.espncdn.com/i/teamlogos/nba/500/scoreboard/min.png,https://a.espncdn.com/i/teamlogos/nba/500/scoreboard/phx.png,9,0,0,0,11,0
nba-401585799,2024,2024-04-12 23:00:00+00:00,ORL,PHI,113,125,https://a.espncdn.com/i/teamlogos/nba/500/scoreboard/orl.png,https://a.espncdn.com/i/teamlogos/nba/500/scoreboard/phi.png,12,0,0,0,13,0
nba-401585800,2024,2024-04-12 23:00:00+00:00,CHI,WSH,129,127,https://a.espncdn.com/i/teamlogos/nba/500/scoreboard/chi.png,https://a.espncdn.com/i/teamlogos/nba/500/scoreboard/wsh.png,2,0,1,0,7,0
nba-401585801,2024,2024-04-12 23:30:00+00:00,CHA,BOS,98,131,https://a.espncdn.com/i/teamlogos/nba/500/scoreboard/cha.png,https://a.espncdn.com/i/teamlogos/nba/500/scoreboard/bos.png,33,0,0,0,33,0
nba-401585802,2024,2024-04-12 23:30:00+00:00,IND,CLE,120,129,https://a.espncdn.com/i/teamlogos/nba/500/scoreboard/ind.png,https://a.espncdn.com/i/teamlogos/nba/500/scoreboard/cle.png,9,0,0,0,11,0
nba-401585803,2024,2024-04-12 23:30:00+00:00,BKN,NY,107,111,https://a.espncdn.com/i/teamlogos/nba/500/scoreboard/bkn.png,https://a.espncdn.com/i/teamlogos/nba/500/scoreboard/ny.png,4,0,1,0,16,0
nba-401585804,2024,2024-04-13 00:00:00+00:00,TOR,MIA,103,125,https://a.espncdn.com/i/teamlogos/nba/500/scoreboard/tor.png,https://a.espncdn.com/i/teamlogos/nba/500/scoreboard/mia.png,22,0,0,0,22,0
nba-401585805,2024,2024-04-13 00:00:00+00:00,LAL,MEM,123,120,https://a.espncdn.com/i/teamlogos/nba/500/scoreboard/lal.png,https://a.espncdn.com/i/teamlogos/nba/500/scoreboard/mem.png,3,0,0,0,8,0
nba-401585806,2024,2024-04-13 00:00:00+00:00,ATL,MIN,106,109,https://a.espncdn.com/i/teamlogos/nba/500/scoreboard/atl.png,https://a.espncdn.com/i/teamlogos/nba/500/scoreboard/min.png,3,0,1,0,9,0
nba-401585807,2024,2024-04-13 00:00:00+00:00,MIL,OKC,107,125,https://a.espncdn.com/i/teamlogos/nba/500/scoreboard/mil.png,https://a.espncdn.com/i/teamlogos/nba/500/scoreboard/okc.png,18,0,0,0,18,0
nba-401585808,2024,2024-04-13 00:00:00+00:00,DEN,SA,120,121,https://a.espncdn.com/i/teamlogos/nba/500/scoreboard/den.png,https://a.espncdn.com/i/teamlogos/nba/500/scoreboard/sa.png,1,0,2,1,18,0
nba-401585809,2024,2024-04-13 00:30:00+00:00,DET,DAL,107,89,https://a.espncdn.com/i/teamlogos/nba/500/scoreboard/det.png,https://a.espncdn.com/i/teamlogos/nba/500/scoreboard/dal.png,18,0,0,0,18,0
nba-401585810,2024,2024-04-13 02:00:00+00:00,NO,GS,114,109,https://a.espncdn.com/i/teamlogos/nba/500/scoreboard/no.png,https://a.espncdn.com/i/teamlogos/nba/500/scoreboard/gs.png,5,0,1,0,14,0
nba-401585811,2024,2024-04-13 02:00:00+00:00,HOU,POR,116,107,https://a.espncdn.com/i/teamlogos/nba/500/scoreboard/hou.png,https://a.espncdn.com/i/teamlogos/nba/500/scoreboard/por.png,9,0,1,0,14,0
nba-401585812,2024,2024-04-13 02:30:00+00:00,UTAH,LAC,110,109,https://a.espncdn.com/i/teamlogos/nba/500/scoreboard/utah.png,https://a.espncdn.com/i/teamlogos/nba/500/scoreboard/lac.png,1,0,1,0,11,0
nba-401585813,2024,2024-04-13 02:30:00+00:00,PHX,SAC,108,107,https://a.espncdn.com/i/teamlogos/nba/500/scoreboard/phx.png,https://a.espncdn.com/i/teamlogos/nba/500/scoreboard/sac.png,1,0,1,1,9,0
nba-401584743,2024,2023-11-01 23:00:00+00:00,POR,DET,110,101,https://a.espncdn.com/i/teamlogos/nba/500/scoreboard/por.png,https://a.espncdn.com/i/teamlogos/nba/500/scoreboard/det.png,9,0,1,1,12,0
nba-401584744,2024,2023-11-01 23:00:00+00:00,MIL,TOR,111,130,https://a.espncdn.com/i/teamlogos/nba/500/scoreboard/mil.png,https://a.espncdn.com/i/teamlogos/nba/500/scoreboard/tor.png,19,0,0,0,22,0
nba-401584745,2024,2023-11-01 23:30:00+00:00,WSH,ATL,121,130,https://a.espncdn.com/i/teamlogos/nba/500/scoreboard/wsh.png,https://a.espncdn.com/i/teamlogos/nba/500/scoreboard/atl.png,9,0,1,0,17,0
nba-401584746,2024,2023-11-01 23:30:00+00:00,IND,BOS,104,155,https://a.espncdn.com/i/teamlogos/nba/500/scoreboard/ind.png,https://a.espncdn.com/i/teamlogos/nba/500/scoreboard/bos.png,51,0,0,0,51,0
nba-401584747,2024,2023-11-01 23:30:00+00:00,BKN,MIA,109,105,https://a.espncdn.com/i/teamlogos/nba/500/scoreboard/bkn.png,https://a.espncdn.com/i/teamlogos/nba/500/scoreboard/mia.png,4,0,1,1,10,0
nba-401584748,2024,2023-11-01 23:30:00+00:00,CLE,NY,95,89,https://a.espncdn.com/i/teamlogos/nba/500/scoreboard/cle.png,https://a.espncdn.com/i/teamlogos/nba/500/scoreboard/ny.png,6,0,2,0,8,0
nba-401584749,2024,2023-11-01 23:30:00+00:00,NO,OKC,110,106,https://a.espncdn.com/i/teamlogos/nba/500/scoreboard/no.png,https://a.espncdn.com/i/teamlogos/nba/500/scoreboard/okc.png,4,0,1,0,19,0
nba-401584750,2024,2023-11-02 00:00:00+00:00,CHA,HOU,119,128,https://a.espncdn.com/i/teamlogos/nba/500/scoreboard/cha.png,https://a.espncdn.com/i/teamlogos/nba/500/scoreboard/hou.png,9,0,0,0,12,0
nba-401584751,2024,2023-11-02 00:00:00+00:00,DEN,MIN,89,110,https://a.espncdn.com/i/teamlogos/nba/500/scoreboard/den.png,https://a.espncdn.com/i/teamlogos/nba/500/scoreboard/min.png,21,0,0,0,21,0
nba-401584752,2024,2023-11-02 00:30:00+00:00,CHI,DAL,105,114,https://a.espncdn.com/i/teamlogos/nba/500/scoreboard/chi.png,https://a.espncdn.com/i/teamlogos/nba/500/scoreboard/dal.png,9,0,2,1,9,0
nba-401584753,2024,2023-11-02 01:00:00+00:00,MEM,UTAH,109,133,https://a.espncdn.com/i/teamlogos/nba/500/scoreboard/mem.png,https://a.espncdn.com/i/teamlogos/nba/500/scoreboard/utah.png,24,0,0,0,33,0
nba-401584754,2024,2023-11-02 02:00:00+00:00,SAC,GS,101,102,https://a.espncdn.com/i/teamlogos/nba/500/scoreboard/sac.png,https://a.espncdn.com/i/teamlogos/nba/500/scoreboard/gs.png,1,0,3,1,5,0
nba-401584755,2024,2023-11-02 02:00:00+00:00,LAC,LAL,125,130,https://a.espncdn.com/i/teamlogos/nba/500/scoreboard/lac.png,https://a.espncdn.com/i/teamlogos/nba/500/scoreboard/lal.png,5,1,1,0,13,0
nba-401360615,2022,2022-02-05 22:00:00+00:00,MEM,ORL,135,115,https://a.espncdn.com/i/teamlogos/nba/500/scoreboard/mem.png,https://a.espncdn.com/i/teamlogos/nba/500/scoreboard/orl.png,20,0,0,0,27,0
nba-401360616,2022,2022-02-06 00:00:00+00:00,MIA,CHA,104,86,https://a.espncdn.com/i/teamlogos/nba/500/scoreboard/mia.png,https://a.espncdn.com/i/teamlogos/nba/500/scoreboard/cha.png,18,0,2,0,22,0
nba-401360617,2022,2022-02-06 00:00:00+00:00,PHX,WSH,95,80,https://a.espncdn.com/i/teamlogos/nba/500/scoreboard/phx.png,https://a.espncdn.com/i/teamlogos/nba/500/scoreboard/wsh.png,15,0,0,0,34,0
nba-401360618,2022,2022-02-06 01:30:00+00:00,NY,LAL,115,122,https://a.espncdn.com/i/teamlogos/nba/500/scoreboard/ny.png,https://a.espncdn.com/i/teamlogos/nba/500/scoreboard/lal.png,7,1,1,0,15,0
nba-401360619,2022,2022-02-06 03:00:00+00:00,MIL,POR,137,108,https://a.espncdn.com/i/teamlogos/nba/500/scoreboard/mil.png,https://a.espncdn.com/i/teamlogos/nba/500/scoreboard/por.png,29,0,0,0,32,0
nba-401360620,2022,2022-02-06 03:00:00+00:00,OKC,SAC,103,113,https://a.espncdn.com/i/teamlogos/nba/500/scoreboard/okc.png,https://a.espncdn.com/i/teamlogos/nba/500/scoreboard/sac.png,10,0,0,0,10,0
nba-401585125,2024,2024-01-07 18:00:00+00:00,SA,CLE,115,117,https://a.espncdn.com/i/teamlogos/nba/500/scoreboard/sa.png,https://a.espncdn.com/i/teamlogos/nba/500/scoreboard/cle.png,2,0,1,0,6,0
nba-401585126,2024,2024-01-07 20:00:00+00:00,POR,BKN,134,127,https://a.espncdn.com/i/teamlogos/nba/500/scoreboard/por.png,https://a.espncdn.com/i/teamlogos/nba/500/scoreboard/bkn.png,7,1,1,1,8,0
nba-401585127,2024,2024-01-07 23:00:00+00:00,ATL,ORL,110,117,https://a.espncdn.com/i/teamlogos/nba/500/scoreboard/atl.png,https://a.espncdn.com/i/teamlogos/nba/500/scoreboard/orl.png,7,1,2,0,9,0
nba-401585128,2024,2024-01-07 23:00:00+00:00,NO,SAC,133,100,https://a.espncdn.com/i/teamlogos/nba/500/scoreboard/no.png,https://a.espncdn.com/i/teamlogos/nba/500/scoreboard/sac.png,33,0,0,0,42,0
nba-401585129,2024,2024-01-08 00:30:00+00:00,MIN,DAL,108,115,https://a.espncdn.com/i/teamlogos/nba/500/scoreboard/min.png,https://a.espncdn.com/i/teamlogos/nba/500/scoreboard/dal.png,7,0,0,0,9,0
nba-401585130,2024,2024-01-08 01:00:00+00:00,DET,DEN,114,131,https://a.espncdn.com/i/teamlogos/nba/500/scoreboard/det.png,https://a.espncdn.com/i/teamlogos/nba/500/scoreboard/den.png,17,0,0,0,23,0
nba-401585131,2024,2024-01-08 01:00:00+00:00,MEM,PHX,121,115,https://a.espncdn.com/i/teamlogos/nba/500/scoreboard/mem.png,https://a.espncdn.com/i/teamlogos/nba/500/scoreboard/phx.png,6,0,1,1,11,0
nba-401585132,2024,2024-01-08 01:30:00+00:00,TOR,GS,133,118,https://a.espncdn.com/i/teamlogos/nba/500/scoreboard/tor.png,https://a.espncdn.com/i/teamlogos/nba/500/scoreboard/gs.png,15,0,0,0,27,0
nba-401585133,2024,2024-01-08 02:30:00+00:00,LAC,LAL,103,106,https://a.espncdn.com/i/teamlogos/nba/500/scoreboard/lac.png,https://a.espncdn.com/i/teamlogos/nba/500/scoreboard/lal.png,3,0,1,0,5,0
nba-401468957,2023,2023-02-05 18:00:00+00:00,ORL,CHA,119,113,https://a.espncdn.com/i/teamlogos/nba/500/scoreboard/orl.png,https://a.espncdn.com/i/teamlogos/nba/500/scoreboard/cha.png,6,0,1,0,9,0
nba-401468958,2023,2023-02-05 22:00:00+00:00,CLE,IND,122,103,https://a.espncdn.com/i/teamlogos/nba/500/scoreboard/cle.png,https://a.espncdn.com/i/teamlogos/nba/500/scoreboard/ind.png,19,0,0,0,19,0
nba-401468959,2023,2023-02-05 23:00:00+00:00,PHI,NY,97,108,https://a.espncdn.com/i/teamlogos/nba/500/scoreboard/phi.png,https://a.espncdn.com/i/teamlogos/nba/500/scoreboard/ny.png,11,0,1,1,11,0
nba-401468960,2023,2023-02-05 23:00:00+00:00,TOR,MEM,106,103,https://a.espncdn.com/i/teamlogos/nba/500/scoreboard/tor.png,https://a.espncdn.com/i/teamlogos/nba/500/scoreboard/mem.png,3,0,1,1,8,0
nba-401468961,2023,2023-02-06 00:00:00+00:00,DEN,MIN,98,128,https://a.espncdn.com/i/teamlogos/nba/500/scoreboard/den.png,https://a.espncdn.com/i/teamlogos/nba/500/scoreboard/min.png,30,0,0,0,30,0
nba-401468962,2023,2023-02-06 00:00:00+00:00,SAC,NO,104,136,https://a.espncdn.com/i/teamlogos/nba/500/scoreboard/sac.png,https://a.espncdn.com/i/teamlogos/nba/500/scoreboard/no.png,32,0,0,0,32,0
nba-401359971,2022,2021-11-09 00:00:00+00:00,NY,PHI,103,96,https://a.espncdn.com/i/teamlogos/nba/500/scoreboard/ny.png,https://a.espncdn.com/i/teamlogos/nba/500/scoreboard/phi.png,7,0,0,0,14,0
nba-401359972,2022,2021-11-09 01:00:00+00:00,BKN,CHI,95,118,https://a.espncdn.com/i/teamlogos/nba/500/scoreboard/bkn.png,https://a.espncdn.com/i/teamlogos/nba/500/scoreboard/chi.png,23,0,2,1,23,0
nba-401359973,2022,2021-11-09 01:00:00+00:00,MIN,MEM,118,125,https://a.espncdn.com/i/teamlogos/nba/500/scoreboard/min.png,https://a.espncdn.com/i/teamlogos/nba/500/scoreboard/mem.png,7,1,2,1,11,0
nba-401359974,2022,2021-11-09 01:30:00+00:00,NO,DAL,92,108,https://a.espncdn.com/i/teamlogos/nba/500/scoreboard/no.png,https://a.espncdn.com/i/teamlogos/nba/500/scoreboard/dal.png,16,0,1,0,16,0
nba-401359975,2022,2021-11-09 02:00:00+00:00,MIA,DEN,96,113,https://a.espncdn.com/i/teamlogos/nba/500/scoreboard/mia.png,https://a.espncdn.com/i/teamlogos/nba/500/scoreboard/den.png,17,0,0,0,21,0
nba-401359976,2022,2021-11-09 03:00:00+00:00,ATL,GS,113,127,https://a.espncdn.com/i/teamlogos/nba/500/scoreboard/atl.png,https://a.espncdn.com/i/teamlogos/nba/500/scoreboard/gs.png,14,0,1,0,17,0
nba-401359977,2022,2021-11-09 03:00:00+00:00,PHX,SAC,109,104,https://a.espncdn.com/i/teamlogos/nba/500/scoreboard/phx.png,https://a.espncdn.com/i/teamlogos/nba/500/scoreboard/sac.png,5,0,0,0,22,0
nba-401359978,2022,2021-11-09 03:30:00+00:00,CHA,LAL,123,126,https://a.espncdn.com/i/teamlogos/nba/500/scoreboard/cha.png,https://a.espncdn.com/i/teamlogos/nba/500/scoreboard/lal.png,3,1,0,0,7,0
nba-401360864,2022,2022-03-17 23:00:00+00:00,DET,ORL,134,120,https://a.espncdn.com/i/teamlogos/nba/500/scoreboard/det.png,https://a.espncdn.com/i/teamlogos/nba/500/scoreboard/orl.png,14,0,1,0,14,0
nba-401469202,2023,2023-03-17 23:00:00+00:00,PHI,CHA,121,82,https://a.espncdn.com/i/teamlogos/nba/500/scoreboard/phi.png,https://a.espncdn.com/i/teamlogos/nba/500/scoreboard/cha.png,39,0,0,0,39,0
nba-401469203,2023,2023-03-17 23:30:00+00:00,GS,ATL,119,127,https://a.espncdn.com/i/teamlogos/nba/500/scoreboard/gs.png,https://a.espncdn.com/i/teamlogos/nba/500/scoreboard/atl.png,8,0,0,0,8,0
nba-401469204,2023,2023-03-17 23:30:00+00:00,WSH,CLE,94,117,https://a.espncdn.com/i/teamlogos/nba/500/scoreboard/wsh.png,https://a.espncdn.com/i/teamlogos/nba/500/scoreboard/cle.png,23,0,0,0,23,0
nba-401469205,2023,2023-03-18 00:00:00+00:00,MIN,CHI,131,139,https://a.espncdn.com/i/teamlogos/nba/500/scoreboard/min.png,https://a.espncdn.com/i/teamlogos/nba/500/scoreboard/chi.png,8,2,1,1,10,0
nba-401469206,2023,2023-03-18 00:00:00+00:00,NO,HOU,112,114,https://a.espncdn.com/i/teamlogos/nba/500/scoreboard/no.png,https://a.espncdn.com/i/teamlogos/nba/500/scoreboard/hou.png,2,0,2,1,10,0
nba-401469207,2023,2023-03-18 00:00:00+00:00,MEM,SA,126,120,https://a.espncdn.com/i/teamlogos/nba/500/scoreboard/mem.png,https://a.espncdn.com/i/teamlogos/nba/500/scoreboard/sa.png,6,1,1,1,23,0
nba-401469208,2023,2023-03-18 02:00:00+00:00,BOS,POR,126,112,https://a.espncdn.com/i/teamlogos/nba/500/scoreboard/bos.png,https://a.espncdn.com/i/teamlogos/nba/500/scoreboard/por.png,14,0,0,0,19,0
nba-401469209,2023,2023-03-18 02:30:00+00:00,DAL,LAL,111,110,https://a.espncdn.com/i/teamlogos/nba/500/scoreboard/dal.png,https://a.espncdn.com/i/teamlogos/nba/500/scoreboard/lal.png,1,0,1,0,9,0
nba-401474900,2023,2022-10-13 23:00:00+00:00,MEM,DET,126,111,https://a.espncdn.com/i/teamlogos/nba/500/scoreboard/mem.png,https://a.espncdn.com/i/teamlogos/nba/500/scoreboard/det.png,15,0,0,0,15,0
nba-401474901,2023,2022-10-14 00:00:00+00:00,OKC,SA,118,112,https://a.espncdn.com/i/teamlogos/nba/500/scoreboard/okc.png,https://a.espncdn.com/i/teamlogos/nba/500/scoreboard/sa.png,6,0,1,1,6,0
nba-401591901,2024,2023-10-13 23:30:00+00:00,MIA,SA,104,120,https://a.espncdn.com/i/teamlogos/nba/500/scoreboard/mia.png,https://a.espncdn.com/i/teamlogos/nba/500/scoreboard/sa.png,16,0,1,0,16,0
nba-401591902,2024,2023-10-14 02:00:00+00:00,GS,LAL,129,125,https://a.espncdn.com/i/teamlogos/nba/500/scoreboard/gs.png,https://a.espncdn.com/i/teamlogos/nba/500/scoreboard/lal.png,4,0,1,0,7,0
nba-401442530,2022,2022-06-03 01:00:00+00:00,BOS,GS,120,108,https://a.espncdn.com/i/teamlogos/nba/500/scoreboard/bos.png,https://a.espncdn.com/i/teamlogos/nba/500/scoreboard/gs.png,12,0,3,1,12,1
nba-401428074,2022,2022-04-15 23:30:00+00:00,ATL,CLE,107,101,https://a.espncdn.com/i/teamlogos/nba/500/scoreboard/atl.png,https://a.espncdn.com/i/teamlogos/nba/500/scoreboard/cle.png,6,0,1,0,11,0
nba-401428075,2022,2022-04-16 02:00:00+00:00,NO,LAC,105,101,https://a.espncdn.com/i/teamlogos/nba/500/scoreboard/no.png,https://a.espncdn.com/i/teamlogos/nba/500/scoreboard/lac.png,4,0,2,1,10,0
nba-401607491,2024,2023-12-05 00:30:00+00:00,BOS,IND,112,122,https://a.espncdn.com/i/teamlogos/nba/500/scoreboard/bos.png,https://a.espncdn.com/i/teamlogos/nba/500/scoreboard/ind.png,10,0,1,0,10,0
nba-401607492,2024,2023-12-05 03:00:00+00:00,NO,SAC,127,117,https://a.espncdn.com/i/teamlogos/nba/500/scoreboard/no.png,https://a.espncdn.com/i/teamlogos/nba/500/scoreboard/sac.png,10,0,1,0,10,0
nba-401468499,2023,2022-12-04 20:30:00+00:00,DEN,NO,106,121,https://a.espncdn.com/i/teamlogos/nba/500/scoreboard/den.png,https://a.espncdn.com/i/teamlogos/nba/500/scoreboard/no.png,15,0,1,0,15,0
nba-401468500,2023,2022-12-04 21:00:00+00:00,PHX,SA,133,95,https://a.espncdn.com/i/teamlogos/nba/500/scoreboard/phx.png,https://a.espncdn.com/i/teamlogos/nba/500/scoreboard/sa.png,38,0,0,0,38,0
nba-401468501,2023,2022-12-04 23:00:00+00:00,BOS,BKN,103,92,https://a.espncdn.com/i/teamlogos/nba/500/scoreboard/bos.png,https://a.espncdn.com/i/teamlogos/nba/500/scoreboard/bkn.png,11,0,0,0,12,0
nba-401468502,2023,2022-12-04 23:00:00+00:00,MEM,DET,122,112,https://a.espncdn.com/i/teamlogos/nba/500/scoreboard/mem.png,https://a.espncdn.com/i/teamlogos/nba/500/scoreboard/det.png,10,0,0,0,18,0
nba-401468503,2023,2022-12-04 23:00:00+00:00,CLE,NY,81,92,https://a.espncdn.com/i/teamlogos/nba/500/scoreboard/cle.png,https://a.espncdn.com/i/teamlogos/nba/500/scoreboard/ny.png,11,0,0,0,11,0
nba-401468504,2023,2022-12-04 23:00:00+00:00,LAL,WSH,130,119,https://a.espncdn.com/i/teamlogos/nba/500/scoreboard/lal.png,https://a.espncdn.com/i/teamlogos/nba/500/scoreboard/wsh.png,11,0,0,0,24,0
nba-401468505,2023,2022-12-04 23:00:00+00:00,CHI,SAC,101,110,https://a.espncdn.com/i/teamlogos/nba/500/scoreboard/chi.png,https://a.espncdn.com/i/teamlogos/nba/500/scoreboard/sac.png,9,0,0,0,15,0
nba-401468506,2023,2022-12-05 02:00:00+00:00,IND,POR,100,116,https://a.espncdn.com/i/teamlogos/nba/500/scoreboard/ind.png,https://a.espncdn.com/i/teamlogos/nba/500/scoreboard/por.png,16,0,0,0,19,0
nba-401540750,2023,2023-04-15 17:00:00+00:00,BKN,PHI,101,121,https://a.espncdn.com/i/teamlogos/nba/500/scoreboard/bkn.png,https://a.espncdn.com/i/teamlogos/nba/500/scoreboard/phi.png,20,0,0,0,20,1
nba-401540751,2023,2023-04-15 19:30:00+00:00,ATL,BOS,99,112,https://a.espncdn.com/i/teamlogos/nba/500/scoreboard/atl.png,https://a.espncdn.com/i/teamlogos/nba/500/scoreboard/bos.png,13,0,0,0,30,1
nba-401540752,2023,2023-04-15 22:10:00+00:00,NY,CLE,101,97,https://a.espncdn.com/i/teamlogos/nba/500/scoreboard/ny.png,https://a.espncdn.com/i/teamlogos/nba/500/scoreboard/cle.png,4,0,0,0,8,1
nba-401540753,2023,2023-04-16 00:30:00+00:00,GS,SAC,123,126,https://a.espncdn.com/i/teamlogos/nba/500/scoreboard/gs.png,https://a.espncdn.com/i/teamlogos/nba/500/scoreboard/sac.png,3,0,1,0,6,1
nba-401585316,2024,2024-02-03 00:00:00+00:00,LAC,DET,136,125,https://a.espncdn.com/i/teamlogos/nba/500/scoreboard/lac.png,https://a.espncdn.com/i/teamlogos/nba/500/scoreboard/det.png,11,0,1,0,11,0
nba-401585317,2024,2024-02-03 00:00:00+00:00,MIA,WSH,110,102,https://a.espncdn.com/i/teamlogos/nba/500/scoreboard/mia.png,https://a.espncdn.com/i/teamlogos/nba/500/scoreboard/wsh.png,8,0,1,0,13,0
nba-401585318,2024,2024-02-03 00:30:00+00:00,PHX,ATL,120,129,https://a.espncdn.com/i/teamlogos/nba/500/scoreboard/phx.png,https://a.espncdn.com/i/teamlogos/nba/500/scoreboard/atl.png,9,0,0,0,9,0
nba-401585319,2024,2024-02-03 00:30:00+00:00,SAC,IND,133,122,https://a.espncdn.com/i/teamlogos/nba/500/scoreboard/sac.png,https://a.espncdn.com/i/teamlogos/nba/500/scoreboard/ind.png,11,0,1,0,11,0
nba-401585320,2024,2024-02-03 01:00:00+00:00,TOR,HOU,106,135,https://a.espncdn.com/i/teamlogos/nba/500/scoreboard/tor.png,https://a.espncdn.com/i/teamlogos/nba/500/scoreboard/hou.png,29,0,0,0,30,0
nba-401585321,2024,2024-02-03 01:00:00+00:00,GS,MEM,121,101,https://a.espncdn.com/i/teamlogos/nba/500/scoreboard/gs.png,https://a.espncdn.com/i/teamlogos/nba/500/scoreboard/mem.png,20,0,0,0,20,0
nba-401585322,2024,2024-02-03 01:00:00+00:00,ORL,MIN,108,106,https://a.espncdn.com/i/teamlogos/nba/500/scoreboard/orl.png,https://a.espncdn.com/i/teamlogos/nba/500/scoreboard/min.png,2,0,1,1,12,0
nba-401585323,2024,2024-02-03 01:00:00+00:00,CHA,OKC,106,126,https://a.espncdn.com/i/teamlogos/nba/500/scoreboard/cha.png,https://a.espncdn.com/i/teamlogos/nba/500/scoreboard/okc.png,20,0,0,0,33,0
nba-401585324,2024,2024-02-03 01:00:00+00:00,NO,SA,114,113,https://a.espncdn.com/i/teamlogos/nba/500/scoreboard/no.png,https://a.espncdn.com/i/teamlogos/nba/500/scoreboard/sa.png,1,0,1,0,9,0
nba-401585325,2024,2024-02-03 02:00:00+00:00,POR,DEN,108,120,https://a.espncdn.com/i/teamlogos/nba/500/scoreboard/por.png,https://a.espncdn.com/i/teamlogos/nba/500/scoreboard/den.png,12,0,0,0,13,0
nba-401360091,2022,2021-11-25 00:00:00+00:00,PHX,CLE,120,115,https://a.espncdn.com/i/teamlogos/nba/500/scoreboard/phx.png,https://a.espncdn.com/i/teamlogos/nba/500/scoreboard/cle.png,5,0,2,0,5,0
nba-401360092,2022,2021-11-25 00:00:00+00:00,LAL,IND,124,116,https://a.espncdn.com/i/teamlogos/nba/500/scoreboard/lal.png,https://a.espncdn.com/i/teamlogos/nba/500/scoreboard/ind.png,8,1,1,1,8,0
nba-401360093,2022,2021-11-25 00:00:00+00:00,CHA,ORL,106,99,https://a.espncdn.com/i/teamlogos/nba/500/scoreboard/cha.png,https://a.espncdn.com/i/teamlogos/nba/500/scoreboard/orl.png,7,0,1,0,7,0
nba-401360094,2022,2021-11-25 00:30:00+00:00,BKN,BOS,123,104,https://a.espncdn.com/i/teamlogos/nba/500/scoreboard/bkn.png,https://a.espncdn.com/i/teamlogos/nba/500/scoreboard/bos.png,19,0,0,0,21,0
nba-401360095,2022,2021-11-25 01:00:00+00:00,CHI,HOU,113,118,https://a.espncdn.com/i/teamlogos/nba/500/scoreboard/chi.png,https://a.espncdn.com/i/teamlogos/nba/500/scoreboard/hou.png,5,0,1,0,9,0
nba-401360096,2022,2021-11-25 01:00:00+00:00,TOR,MEM,126,113,https://a.espncdn.com/i/teamlogos/nba/500/scoreboard/tor.png,https://a.espncdn.com/i/teamlogos/nba/500/scoreboard/mem.png,13,0,1,1,13,0
nba-401360097,2022,2021-11-25 01:00:00+00:00,DET,MIL,93,114,https://a.espncdn.com/i/teamlogos/nba/500/scoreboard/det.png,https://a.espncdn.com/i/teamlogos/nba/500/scoreboard/mil.png,21,0,0,0,21,0
nba-401360098,2022,2021-11-25 01:00:00+00:00,MIA,MIN,101,113,https://a.espncdn.com/i/teamlogos/nba/500/scoreboard/mia.png,https://a.espncdn.com/i/teamlogos/nba/500/scoreboard/min.png,12,0,2,0,12,0
nba-401360099,2022,2021-11-25 01:00:00+00:00,WSH,NO,102,127,https://a.espncdn.com/i/teamlogos/nba/500/scoreboard/wsh.png,https://a.espncdn.com/i/teamlogos/nba/500/scoreboard/no.png,25,0,0,0,25,0
nba-401360100,2022,2021-11-25 01:00:00+00:00,UTAH,OKC,110,104,https://a.espncdn.com/i/teamlogos/nba/500/scoreboard/utah.png,https://a.espncdn.com/i/teamlogos/nba/500/scoreboard/okc.png,6,0,1,0,6,0
nba-401360101,2022,2021-11-25 01:30:00+00:00,ATL,SA,124,106,https://a.espncdn.com/i/teamlogos/nba/500/scoreboard/atl.png,https://a.espncdn.com/i/teamlogos/nba/500/scoreboard/sa.png,18,0,0,0,20,0
nba-401360102,2022,2021-11-25 03:00:00+00:00,PHI,GS,96,116,https://a.espncdn.com/i/teamlogos/nba/500/scoreboard/phi.png,https://a.espncdn.com/i/teamlogos/nba/500/scoreboard/gs.png,20,0,1,0,20,0
nba-401360103,2022,2021-11-25 03:00:00+00:00,POR,SAC,121,125,https://a.espncdn.com/i/teamlogos/nba/500/scoreboard/por.png,https://a.espncdn.com/i/teamlogos/nba/500/scoreboard/sac.png,4,0,1,0,4,0
nba-401585552,2024,2024-03-10 19:00:00+00:00,MIL,LAC,124,117,https://a.espncdn.com/i/teamlogos/nba/500/scoreboard/mil.png,https://a.espncdn.com/i/teamlogos/nba/500/scoreboard/lac.png,7,0,1,0,7,0
nba-401585553,2024,2024-03-10 22:00:00+00:00,NO,ATL,116,103,https://a.espncdn.com/i/teamlogos/nba/500/scoreboard/no.png,https://a.espncdn.com/i/teamlogos/nba/500/scoreboard/atl.png,13,0,0,0,15,0
nba-401585554,2024,2024-03-10 22:00:00+00:00,WSH,MIA,110,108,https://a.espncdn.com/i/teamlogos/nba/500/scoreboard/wsh.png,https://a.espncdn.com/i/teamlogos/nba/500/scoreboard/mia.png,2,0,1,1,6,0
nba-401585556,2024,2024-03-10 22:00:00+00:00,IND,ORL,111,97,https://a.espncdn.com/i/teamlogos/nba/500/scoreboard/ind.png,https://a.espncdn.com/i/teamlogos/nba/500/scoreboard/orl.png,14,0,1,0,15,0
nba-401585557,2024,2024-03-10 22:00:00+00:00,HOU,SAC,112,104,https://a.espncdn.com/i/teamlogos/nba/500/scoreboard/hou.png,https://a.espncdn.com/i/teamlogos/nba/500/scoreboard/sac.png,8,0,1,0,13,0
nba-401585555,2024,2024-03-10 23:00:00+00:00,PHI,NY,79,73,https://a.espncdn.com/i/teamlogos/nba/500/scoreboard/phi.png,https://a.espncdn.com/i/teamlogos/nba/500/scoreboard/ny.png,6,0,0,0,7,0
nba-401585558,2024,2024-03-10 23:00:00+00:00,BKN,CLE,120,101,https://a.espncdn.com/i/teamlogos/nba/500/scoreboard/bkn.png,https://a.espncdn.com/i/teamlogos/nba/500/scoreboard/cle.png,19,0,0,0,19,0
nba-401585559,2024,2024-03-10 23:00:00+00:00,MEM,OKC,93,124,https://a.espncdn.com/i/teamlogos/nba/500/scoreboard/mem.png,https://a.espncdn.com/i/teamlogos/nba/500/scoreboard/okc.png,31,0,0,0,34,0
nba-401585560,2024,2024-03-11 01:30:00+00:00,MIN,LAL,109,120,https://a.espncdn.com/i/teamlogos/nba/500/scoreboard/min.png,https://a.espncdn.com/i/teamlogos/nba/500/scoreboard/lal.png,11,0,2,1,11,0
nba-401433612,2022,2022-05-07 19:30:00+00:00,BOS,MIL,101,103,https://a.espncdn.com/i/teamlogos/nba/500/scoreboard/bos.png,https://a.espncdn.com/i/teamlogos/nba/500/scoreboard/mil.png,2,0,2,0,13,1
nba-401434772,2022,2022-05-08 00:30:00+00:00,MEM,GS,112,142,https://a.espncdn.com/i/teamlogos/nba/500/scoreboard/mem.png,https://a.espncdn.com/i/teamlogos/nba/500/scoreboard/gs.png,30,0,1,0,30,1
nba-401545114,2023,2023-05-07 19:30:00+00:00,BOS,PHI,115,116,https://a.espncdn.com/i/teamlogos/nba/500/scoreboard/bos.png,https://a.espncdn.com/i/teamlogos/nba/500/scoreboard/phi.png,1,1,0,0,9,1
nba-401544337,2023,2023-05-08 00:00:00+00:00,DEN,PHX,124,129,https://a.espncdn.com/i/teamlogos/nba/500/scoreboard/den.png,https://a.espncdn.com/i/teamlogos/nba/500/scoreboard/phx.png,5,0,1,0,6,1
nba-401585522,2024,2024-03-07 00:00:00+00:00,ORL,WSH,119,109,https://a.espncdn.com/i/teamlogos/nba/500/scoreboard/orl.png,https://a.espncdn.com/i/teamlogos/nba/500/scoreboard/wsh.png,10,0,1,0,12,0
nba-401585523,2024,2024-03-07 00:30:00+00:00,CLE,ATL,101,112,https://a.espncdn.com/i/teamlogos/nba/500/scoreboard/cle.png,https://a.espncdn.com/i/teamlogos/nba/500/scoreboard/atl.png,11,0,2,1,15,0
nba-401585524,2024,2024-03-07 00:30:00+00:00,MEM,PHI,115,109,https://a.espncdn.com/i/teamlogos/nba/500/scoreboard/mem.png,https://a.espncdn.com/i/teamlogos/nba/500/scoreboard/phi.png,6,0,2,1,12,0
nba-401585525,2024,2024-03-07 00:30:00+00:00,LAC,HOU,122,116,https://a.espncdn.com/i/teamlogos/nba/500/scoreboard/lac.png,https://a.espncdn.com/i/teamlogos/nba/500/scoreboard/hou.png,6,0,1,1,13,0
nba-401585526,2024,2024-03-07 02:00:00+00:00,CHI,UTAH,119,117,https://a.espncdn.com/i/teamlogos/nba/500/scoreboard/chi.png,https://a.espncdn.com/i/teamlogos/nba/500/scoreboard/utah.png,2,0,0,0,10,0
nba-401585527,2024,2024-03-07 03:00:00+00:00,MIL,GS,90,125,https://a.espncdn.com/i/teamlogos/nba/500/scoreboard/mil.png,https://a.espncdn.com/i/teamlogos/nba/500/scoreboard/gs.png,35,0,0,0,35,0
nba-401585528,2024,2024-03-07 03:00:00+00:00,OKC,POR,128,120,https://a.espncdn.com/i/teamlogos/nba/500/scoreboard/okc.png,https://a.espncdn.com/i/teamlogos/nba/500/scoreboard/por.png,8,0,0,0,10,0
nba-401585529,2024,2024-03-07 03:30:00+00:00,SAC,LAL,130,120,https://a.espncdn.com/i/teamlogos/nba/500/scoreboard/sac.png,https://a.espncdn.com/i/teamlogos/nba/500/scoreboard/lal.png,10,0,1,0,15,0
nba-401545116,2023,2023-05-11 23:30:00+00:00,BOS,PHI,95,86,https://a.espncdn.com/i/teamlogos/nba/500/scoreboard/bos.png,https://a.espncdn.com/i/teamlogos/nba/500/scoreboard/phi.png,9,0,2,1,9,1
nba-401544339,2023,2023-05-12 02:00:00+00:00,DEN,PHX,125,100,https://a.espncdn.com/i/teamlogos/nba/500/scoreboard/den.png,https://a.espncdn.com/i/teamlogos/nba/500/scoreboard/phx.png,25,0,0,0,30,1
nba-401433614,2022,2022-05-11 23:00:00+00:00,MIL,BOS,110,107,https://a.espncdn.com/i/teamlogos/nba/500/scoreboard/mil.png,https://a.espncdn.com/i/teamlogos/nba/500/scoreboard/bos.png,3,0,2,1,9,1
nba-401434774,2022,2022-05-12 01:30:00+00:00,GS,MEM,95,134,https://a.espncdn.com/i/teamlogos/nba/500/scoreboard/gs.png,https://a.espncdn.com/i/teamlogos/nba/500/scoreboard/mem.png,39,0,0,0,52,1
nba-401468236,2023,2022-10-29 22:00:00+00:00,MIA,SAC,113,119,https://a.espncdn.com/i/teamlogos/nba/500/scoreboard/mia.png,https://a.espncdn.com/i/teamlogos/nba/500/scoreboard/sac.png,6,0,0,0,22,0
nba-401468237,2023,2022-10-29 23:00:00+00:00,GS,CHA,113,120,https://a.espncdn.com/i/teamlogos/nba/500/scoreboard/gs.png,https://a.espncdn.com/i/teamlogos/nba/500/scoreboard/cha.png,7,1,2,1,12,0
nba-401468238,2023,2022-10-29 23:30:00+00:00,IND,BKN,125,116,https://a.espncdn.com/i/teamlogos/nba/500/scoreboard/ind.png,https://a.espncdn.com/i/teamlogos/nba/500/scoreboard/bkn.png,9,0,0,0,9,0
nba-401468239,2023,2022-10-30 00:00:00+00:00,PHI,CHI,114,109,https://a.espncdn.com/i/teamlogos/nba/500/scoreboard/phi.png,https://a.espncdn.com/i/teamlogos/nba/500/scoreboard/chi.png,5,0,0,0,15,0
nba-401468240,2023,2022-10-30 00:00:00+00:00,ATL,MIL,115,123,https://a.espncdn.com/i/teamlogos/nba/500/scoreboard/atl.png,https://a.espncdn.com/i/teamlogos/nba/500/scoreboard/mil.png,8,0,0,0,8,0
nba-401468241,2023,2022-10-30 01:00:00+00:00,OKC,DAL,117,111,https://a.espncdn.com/i/teamlogos/nba/500/scoreboard/okc.png,https://a.espncdn.com/i/teamlogos/nba/500/scoreboard/dal.png,6,1,2,0,6,0
nba-401468242,2023,2022-10-30 01:00:00+00:00,MEM,UTAH,123,124,https://a.espncdn.com/i/teamlogos/nba/500/scoreboard/mem.png,https://a.espncdn.com/i/teamlogos/nba/500/scoreboard/utah.png,1,0,1,0,8,0
nba-401584723,2024,2023-10-29 19:30:00+00:00,DEN,OKC,128,95,https://a.espncdn.com/i/teamlogos/nba/500/scoreboard/den.png,https://a.espncdn.com/i/teamlogos/nba/500/scoreboard/okc.png,33,0,0,0,33,0
nba-401584724,2024,2023-10-29 23:00:00+00:00,GS,HOU,106,95,https://a.espncdn.com/i/teamlogos/nba/500/scoreboard/gs.png,https://a.espncdn.com/i/teamlogos/nba/500/scoreboard/hou.png,11,0,0,0,11,0
nba-401584725,2024,2023-10-29 23:00:00+00:00,ATL,MIL,127,110,https://a.espncdn.com/i/teamlogos/nba/500/scoreboard/atl.png,https://a.espncdn.com/i/teamlogos/nba/500/scoreboard/mil.png,17,0,0,0,21,0
nba-401584726,2024,2023-10-29 23:30:00+00:00,POR,PHI,98,126,https://a.espncdn.com/i/teamlogos/nba/500/scoreboard/por.png,https://a.espncdn.com/i/teamlogos/nba/500/scoreboard/phi.png,28,0,0,0,28,0
nba-401584727,2024,2023-10-30 01:00:00+00:00,SA,LAC,83,123,https://a.espncdn.com/i/teamlogos/nba/500/scoreboard/sa.png,https://a.espncdn.com/i/teamlogos/nba/500/scoreboard/lac.png,40,0,0,0,40,0
nba-401584728,2024,2023-10-30 01:00:00+00:00,LAL,SAC,127,132,https://a.espncdn.com/i/teamlogos/nba/500/scoreboard/lal.png,https://a.espncdn.com/i/teamlogos/nba/500/scoreboard/sac.png,5,1,0,0,13,0
nba-401359833,2022,2021-10-20 23:00:00+00:00,IND,CHA,122,123,https://a.espncdn.com/i/teamlogos/nba/500/scoreboard/ind.png,https://a.espncdn.com/i/teamlogos/nba/500/scoreboard/cha.png,1,0,1,0,16,0
nba-401359834,2022,2021-10-20 23:00:00+00:00,CHI,DET,94,88,https://a.espncdn.com/i/teamlogos/nba/500/scoreboard/chi.png,https://a.espncdn.com/i/teamlogos/nba/500/scoreboard/det.png,6,0,1,0,6,0
nba-401358775,2022,2021-10-20 23:30:00+00:00,BOS,NY,134,138,https://a.espncdn.com/i/teamlogos/nba/500/scoreboard/bos.png,https://a.espncdn.com/i/teamlogos/nba/500/scoreboard/ny.png,4,2,1,0,6,0
nba-401359835,2022,2021-10-20 23:30:00+00:00,WSH,TOR,98,83,https://a.espncdn.com/i/teamlogos/nba/500/scoreboard/wsh.png,https://a.espncdn.com/i/teamlogos/nba/500/scoreboard/tor.png,15,0,0,0,22,0
nba-401359836,2022,2021-10-21 00:00:00+00:00,CLE,MEM,121,132,https://a.espncdn.com/i/teamlogos/nba/500/scoreboard/cle.png,https://a.espncdn.com/i/teamlogos/nba/500/scoreboard/mem.png,11,0,0,0,12,0
nba-401359837,2022,2021-10-21 00:00:00+00:00,HOU,MIN,106,124,https://a.espncdn.com/i/teamlogos/nba/500/scoreboard/hou.png,https://a.espncdn.com/i/teamlogos/nba/500/scoreboard/min.png,18,0,0,0,28,0
nba-401359838,2022,2021-10-21 00:00:00+00:00,PHI,NO,117,97,https://a.espncdn.com/i/teamlogos/nba/500/scoreboard/phi.png,https://a.espncdn.com/i/teamlogos/nba/500/scoreboard/no.png,20,0,0,0,20,0
nba-401359839,2022,2021-10-21 00:30:00+00:00,ORL,SA,97,123,https://a.espncdn.com/i/teamlogos/nba/500/scoreboard/orl.png,https://a.espncdn.com/i/teamlogos/nba/500/scoreboard/sa.png,26,0,0,0,26,0
nba-401359840,2022,2021-10-21 01:00:00+00:00,OKC,UTAH,86,107,https://a.espncdn.com/i/teamlogos/nba/500/scoreboard/okc.png,https://a.espncdn.com/i/teamlogos/nba/500/scoreboard/utah.png,21,0,0,0,21,0
nba-401358776,2022,2021-10-21 02:00:00+00:00,DEN,PHX,110,98,https://a.espncdn.com/i/teamlogos/nba/500/scoreboard/den.png,https://a.espncdn.com/i/teamlogos/nba/500/scoreboard/phx.png,12,0,2,0,12,0
nba-401359841,2022,2021-10-21 02:00:00+00:00,SAC,POR,124,121,https://a.espncdn.com/i/teamlogos/nba/500/scoreboard/sac.png,https://a.espncdn.com/i/teamlogos/nba/500/scoreboard/por.png,3,0,0,0,15,0
nba-401468557,2023,2022-12-13 00:00:00+00:00,MIA,IND,87,82,https://a.espncdn.com/i/teamlogos/nba/500/scoreboard/mia.png,https://a.espncdn.com/i/teamlogos/nba/500/scoreboard/ind.png,5,0,0,0,7,0
nba-401468558,2023,2022-12-13 00:00:00+00:00,BKN,WSH,112,100,https://a.espncdn.com/i/teamlogos/nba/500/scoreboard/bkn.png,https://a.espncdn.com/i/teamlogos/nba/500/scoreboard/wsh.png,12,0,0,0,12,0
nba-401468559,2023,2022-12-13 01:00:00+00:00,ATL,MEM,103,128,https://a.espncdn.com/i/teamlogos/nba/500/scoreboard/atl.png,https://a.espncdn.com/i/teamlogos/nba/500/scoreboard/mem.png,25,0,0,0,26,0
nba-401468560,2023,2022-12-13 01:30:00+00:00,OKC,DAL,114,121,https://a.espncdn.com/i/teamlogos/nba/500/scoreboard/okc.png,https://a.espncdn.com/i/teamlogos/nba/500/scoreboard/dal.png,7,0,1,0,14,0
nba-401468561,2023,2022-12-13 01:30:00+00:00,CLE,SA,111,112,https://a.espncdn.com/i/teamlogos/nba/500/scoreboard/cle.png,https://a.espncdn.com/i/teamlogos/nba/500/scoreboard/sa.png,1,0,0,0,16,0
nba-401468562,2023,2022-12-13 03:00:00+00:00,MIN,POR,112,133,https://a.espncdn.com/i/teamlogos/nba/500/scoreboard/min.png,https://a.espncdn.com/i/teamlogos/nba/500/scoreboard/por.png,21,0,0,0,22,0
nba-401468563,2023,2022-12-13 03:30:00+00:00,BOS,LAC,93,113,https://a.espncdn.com/i/teamlogos/nba/500/scoreboard/bos.png,https://a.espncdn.com/i/teamlogos/nba/500/scoreboard/lac.png,20,0,0,0,20,0
nba-401584933,2024,2023-12-13 00:30:00+00:00,CLE,BOS,113,120,https://a.espncdn.com/i/teamlogos/nba/500/scoreboard/cle.png,https://a.espncdn.com/i/teamlogos/nba/500/scoreboard/bos.png,7,0,1,0,10,0
nba-401584934,2024,2023-12-13 00:30:00+00:00,LAL,DAL,125,127,https://a.espncdn.com/i/teamlogos/nba/500/scoreboard/lal.png,https://a.espncdn.com/i/teamlogos/nba/500/scoreboard/dal.png,2,0,2,1,10,0
nba-401584935,2024,2023-12-13 01:00:00+00:00,DEN,CHI,114,106,https://a.espncdn.com/i/teamlogos/nba/500/scoreboard/den.png,https://a.espncdn.com/i/teamlogos/nba/500/scoreboard/chi.png,8,0,0,0,12,0
nba-401584936,2024,2023-12-13 03:00:00+00:00,GS,PHX,116,119,https://a.espncdn.com/i/teamlogos/nba/500/scoreboard/gs.png,https://a.espncdn.com/i/teamlogos/nba/500/scoreboard/phx.png,3,0,1,0,3,0
nba-401584937,2024,2023-12-13 03:30:00+00:00,SAC,LAC,99,119,https://a.espncdn.com/i/teamlogos/nba/500/scoreboard/sac.png,https://a.espncdn.com/i/teamlogos/nba/500/scoreboard/lac.png,20,0,0,0,29,0
nba-401360985,2022,2022-04-03 17:00:00+00:00,WSH,BOS,102,144,https://a.espncdn.com/i/teamlogos/nba/500/scoreboard/wsh.png,https://a.espncdn.com/i/teamlogos/nba/500/scoreboard/bos.png,42,0,0,0,42,0
nba-401360986,2022,2022-04-03 17:00:00+00:00,DAL,MIL,118,112,https://a.espncdn.com/i/teamlogos/nba/500/scoreboard/dal.png,https://a.espncdn.com/i/teamlogos/nba/500/scoreboard/mil.png,6,0,1,0,8,0
nba-401360987,2022,2022-04-03 19:30:00+00:00,DEN,LAL,129,118,https://a.espncdn.com/i/teamlogos/nba/500/scoreboard/den.png,https://a.espncdn.com/i/teamlogos/nba/500/scoreboard/lal.png,11,0,1,0,11,0
nba-401360988,2022,2022-04-03 21:00:00+00:00,DET,IND,121,117,https://a.espncdn.com/i/teamlogos/nba/500/scoreboard/det.png,https://a.espncdn.com/i/teamlogos/nba/500/scoreboard/ind.png,4,0,2,0,7,0
nba-401360989,2022,2022-04-03 22:00:00+00:00,PHI,CLE,112,108,https://a.espncdn.com/i/teamlogos/nba/500/scoreboard/phi.png,https://a.espncdn.com/i/teamlogos/nba/500/scoreboard/cle.png,4,0,1,0,6,0
nba-401360990,2022,2022-04-03 22:00:00+00:00,NY,ORL,118,88,https://a.espncdn.com/i/teamlogos/nba/500/scoreboard/ny.png,https://a.espncdn.com/i/teamlogos/nba/500/scoreboard/orl.png,30,0,0,0,32,0
nba-401360991,2022,2022-04-03 23:00:00+00:00,MIA,TOR,114,109,https://a.espncdn.com/i/teamlogos/nba/500/scoreboard/mia.png,https://a.espncdn.com/i/teamlogos/nba/500/scoreboard/tor.png,5,0,1,0,10,0
nba-401360992,2022,2022-04-03 23:00:00+00:00,MIN,HOU,139,132,https://a.espncdn.com/i/teamlogos/nba/500/scoreboard/min.png,https://a.espncdn.com/i/teamlogos/nba/500/scoreboard/hou.png,7,0,0,0,24,0
nba-401360993,2022,2022-04-03 23:00:00+00:00,PHX,OKC,96,117,https://a.espncdn.com/i/teamlogos/nba/500/scoreboard/phx.png,https://a.espncdn.com/i/teamlogos/nba/500/scoreboard/okc.png,21,0,1,0,21,0
nba-401360994,2022,2022-04-03 23:00:00+00:00,POR,SA,92,113,https://a.espncdn.com/i/teamlogos/nba/500/scoreboard/por.png,https://a.espncdn.com/i/teamlogos/nba/500/scoreboard/sa.png,21,0,2,0,21,0
nba-401360995,2022,2022-04-04 01:00:00+00:00,GS,SAC,109,90,https://a.espncdn.com/i/teamlogos/nba/500/scoreboard/gs.png,https://a.espncdn.com/i/teamlogos/nba/500/scoreboard/sac.png,19,0,0,0,20,0
nba-401360996,2022,2022-04-04 01:30:00+00:00,NO,LAC,100,119,https://a.espncdn.com/i/teamlogos/nba/500/scoreboard/no.png,https://a.espncdn.com/i/teamlogos/nba/500/scoreboard/lac.png,19,0,0,0,22,0
nba-401360436,2022,2022-01-16 18:00:00+00:00,PHX,DET,135,108,https://a.espncdn.com/i/teamlogos/nba/500/scoreboard/phx.png,https://a.espncdn.com/i/teamlogos/nba/500/scoreboard/det.png,27,0,0,0,27,0
nba-401360470,2022,2022-01-16 23:00:00+00:00,HOU,SAC,118,112,https://a.espncdn.com/i/teamlogos/nba/500/scoreboard/hou.png,https://a.espncdn.com/i/teamlogos/nba/500/scoreboard/sac.png,6,0,2,1,8,0
nba-401360471,2022,2022-01-17 01:00:00+00:00,GS,MIN,99,119,https://a.espncdn.com/i/teamlogos/nba/500/scoreboard/gs.png,https://a.espncdn.com/i/teamlogos/nba/500/scoreboard/min.png,20,0,0,0,20,0
nba-401360472,2022,2022-01-17 01:00:00+00:00,UTAH,DEN,125,102,https://a.espncdn.com/i/teamlogos/nba/500/scoreboard/utah.png,https://a.espncdn.com/i/teamlogos/nba/500/scoreboard/den.png,23,0,0,0,23,0
nba-401585405,2024,2024-02-15 00:00:00+00:00,ATL,CHA,99,122,https://a.espncdn.com/i/teamlogos/nba/500/scoreboard/atl.png,https://a.espncdn.com/i/teamlogos/nba/500/scoreboard/cha.png,23,0,1,0,23,0
nba-401585406,2024,2024-02-15 00:00:00+00:00,NY,ORL,100,118,https://a.espncdn.com/i/teamlogos/nba/500/scoreboard/ny.png,https://a.espncdn.com/i/teamlogos/nba/500/scoreboard/orl.png,18,0,1,0,18,0
nba-401585407,2024,2024-02-15 00:00:00+00:00,MIA,PHI,109,104,https://a.espncdn.com/i/teamlogos/nba/500/scoreboard/mia.png,https://a.espncdn.com/i/teamlogos/nba/500/scoreboard/phi.png,5,0,1,0,5,0
nba-401585408,2024,2024-02-15 00:30:00+00:00,BKN,BOS,86,136,https://a.espncdn.com/i/teamlogos/nba/500/scoreboard/bkn.png,https://a.espncdn.com/i/teamlogos/nba/500/scoreboard/bos.png,50,0,0,0,50,0
nba-401585409,2024,2024-02-15 00:30:00+00:00,CHI,CLE,105,108,https://a.espncdn.com/i/teamlogos/nba/500/scoreboard/chi.png,https://a.espncdn.com/i/teamlogos/nba/500/scoreboard/cle.png,3,0,1,1,7,0
nba-401585410,2024,2024-02-15 00:30:00+00:00,IND,TOR,127,125,https://a.espncdn.com/i/teamlogos/nba/500/scoreboard/ind.png,https://a.espncdn.com/i/teamlogos/nba/500/scoreboard/tor.png,2,0,1,1,6,0
nba-401585411,2024,2024-02-15 01:00:00+00:00,HOU,MEM,113,121,https://a.espncdn.com/i/teamlogos/nba/500/scoreboard/hou.png,https://a.espncdn.com/i/teamlogos/nba/500/scoreboard/mem.png,8,0,0,0,15,0
nba-401585412,2024,2024-02-15 01:00:00+00:00,WSH,NO,126,133,https://a.espncdn.com/i/teamlogos/nba/500/scoreboard/wsh.png,https://a.espncdn.com/i/teamlogos/nba/500/scoreboard/no.png,7,0,0,0,8,0
nba-401585413,2024,2024-02-15 01:30:00+00:00,SA,DAL,93,116,https://a.espncdn.com/i/teamlogos/nba/500/scoreboard/sa.png,https://a.espncdn.com/i/teamlogos/nba/500/scoreboard/dal.png,23,0,1,0,23,0
nba-401585414,2024,2024-02-15 02:00:00+00:00,SAC,DEN,102,98,https://a.espncdn.com/i/teamlogos/nba/500/scoreboard/sac.png,https://a.espncdn.com/i/teamlogos/nba/500/scoreboard/den.png,4,0,1,1,12,0
nba-401585415,2024,2024-02-15 02:00:00+00:00,DET,PHX,100,116,https://a.espncdn.com/i/teamlogos/nba/500/scoreboard/det.png,https://a.espncdn.com/i/teamlogos/nba/500/scoreboard/phx.png,16,0,0,0,30,0
nba-401585416,2024,2024-02-15 02:00:00+00:00,LAL,UTAH,138,122,https://a.espncdn.com/i/teamlogos/nba/500/scoreboard/lal.png,https://a.espncdn.com/i/teamlogos/nba/500/scoreboard/utah.png,16,0,0,0,16,0
nba-401585417,2024,2024-02-15 03:00:00+00:00,LAC,GS,130,125,https://a.espncdn.com/i/teamlogos/nba/500/scoreboard/lac.png,https://a.espncdn.com/i/teamlogos/nba/500/scoreboard/gs.png,5,0,1,1,11,0
nba-401468811,2023,2023-01-16 18:00:00+00:00,BOS,CHA,130,118,https://a.espncdn.com/i/teamlogos/nba/500/scoreboard/bos.png,https://a.espncdn.com/i/teamlogos/nba/500/scoreboard/cha.png,12,0,0,0,13,0
nba-401468812,2023,2023-01-16 19:30:00+00:00,IND,MIL,119,132,https://a.espncdn.com/i/teamlogos/nba/500/scoreboard/ind.png,https://a.espncdn.com/i/teamlogos/nba/500/scoreboard/mil.png,13,0,1,1,13,0
nba-401468813,2023,2023-01-16 20:00:00+00:00,NO,CLE,103,113,https://a.espncdn.com/i/teamlogos/nba/500/scoreboard/no.png,https://a.espncdn.com/i/teamlogos/nba/500/scoreboard/cle.png,10,0,1,1,10,0
nba-401468814,2023,2023-01-16 20:00:00+00:00,TOR,NY,123,121,https://a.espncdn.com/i/teamlogos/nba/500/scoreboard/tor.png,https://a.espncdn.com/i/teamlogos/nba/500/scoreboard/ny.png,2,1,2,1,6,0
nba-401468815,2023,2023-01-16 20:00:00+00:00,GS,WSH,127,118,https://a.espncdn.com/i/teamlogos/nba/500/scoreboard/gs.png,https://a.espncdn.com/i/teamlogos/nba/500/scoreboard/wsh.png,9,0,0,0,9,0
nba-401468816,2023,2023-01-16 20:30:00+00:00,MIA,ATL,113,121,https://a.espncdn.com/i/teamlogos/nba/500/scoreboard/mia.png,https://a.espncdn.com/i/teamlogos/nba/500/scoreboard/atl.png,8,0,0,0,20,0
nba-401468817,2023,2023-01-16 21:00:00+00:00,UTAH,MIN,126,125,https://a.espncdn.com/i/teamlogos/nba/500/scoreboard/utah.png,https://a.espncdn.com/i/teamlogos/nba/500/scoreboard/min.png,1,0,1,1,8,0
nba-401468818,2023,2023-01-16 23:00:00+00:00,PHX,MEM,106,136,https://a.espncdn.com/i/teamlogos/nba/500/scoreboard/phx.png,https://a.espncdn.com/i/teamlogos/nba/500/scoreboard/mem.png,30,0,1,0,30,0
nba-401468819,2023,2023-01-17 03:30:00+00:00,HOU,LAL,132,140,https://a.espncdn.com/i/teamlogos/nba/500/scoreboard/hou.png,https://a.espncdn.com/i/teamlogos/nba/500/scoreboard/lal.png,8,0,0,0,12,0
nba-401655108,2024,2024-04-28 17:00:00+00:00,NY,PHI,97,92,https://a.espncdn.com/i/teamlogos/nba/500/scoreboard/ny.png,https://a.espncdn.com/i/teamlogos/nba/500/scoreboard/phi.png,5,0,1,0,10,1
nba-401655096,2024,2024-04-28 19:30:00+00:00,LAC,DAL,116,111,https://a.espncdn.com/i/teamlogos/nba/500/scoreboard/lac.png,https://a.espncdn.com/i/teamlogos/nba/500/scoreboard/dal.png,5,0,0,0,23,1
nba-401655114,2024,2024-04-28 23:00:00+00:00,MIL,IND,113,126,https://a.espncdn.com/i/teamlogos/nba/500/scoreboard/mil.png,https://a.espncdn.com/i/teamlogos/nba/500/scoreboard/ind.png,13,0,0,0,13,1
nba-401655090,2024,2024-04-29 01:30:00+00:00,MIN,PHX,122,116,https://a.espncdn.com/i/teamlogos/nba/500/scoreboard/min.png,https://a.espncdn.com/i/teamlogos/nba/500/scoreboard/phx.png,6,0,1,1,6,1
nba-401474877,2023,2022-10-09 22:00:00+00:00,CHI,TOR,115,98,https://a.espncdn.com/i/teamlogos/nba/500/scoreboard/chi.png,https://a.espncdn.com/i/teamlogos/nba/500/scoreboard/tor.png,17,0,1,1,17,0
nba-401474878,2023,2022-10-09 23:00:00+00:00,MRC,OKC,97,144,https://a.espncdn.com/i/teamlogos/nba/500/mrc.png,https://a.espncdn.com/i/teamlogos/nba/500/scoreboard/okc.png,47,0,0,0,47,0
nba-401474879,2023,2022-10-09 23:00:00+00:00,NO,SA,111,97,https://a.espncdn.com/i/teamlogos/nba/500/scoreboard/no.png,https://a.espncdn.com/i/teamlogos/nba/500/scoreboard/sa.png,14,0,0,0,21,0
nba-401474880,2023,2022-10-10 00:30:00+00:00,LAL,GS,124,121,https://a.espncdn.com/i/teamlogos/nba/500/scoreboard/lal.png,https://a.espncdn.com/i/teamlogos/nba/500/scoreboard/gs.png,3,0,2,1,8,0
nba-401474881,2023,2022-10-10 01:00:00+00:00,POR,SAC,94,126,https://a.espncdn.com/i/teamlogos/nba/500/scoreboard/por.png,https://a.espncdn.com/i/teamlogos/nba/500/scoreboard/sac.png,32,0,0,0,32,0
nba-401474882,2023,2022-10-10 02:30:00+00:00,MIN,LAC,119,117,https://a.espncdn.com/i/teamlogos/nba/500/scoreboard/min.png,https://a.espncdn.com/i/teamlogos/nba/500/scoreboard/lac.png,2,0,1,1,10,0
nba-401591878,2024,2023-10-09 23:30:00+00:00,BOS,NY,107,114,https://a.espncdn.com/i/teamlogos/nba/500/scoreboard/bos.png,https://a.espncdn.com/i/teamlogos/nba/500/scoreboard/ny.png,7,0,1,0,7,0
nba-401591879,2024,2023-10-10 00:00:00+00:00,SA,OKC,121,122,https://a.espncdn.com/i/teamlogos/nba/500/scoreboard/sa.png,https://a.espncdn.com/i/teamlogos/nba/500/scoreboard/okc.png,1,0,1,0,13,0
nba-401591880,2024,2023-10-10 01:00:00+00:00,BKN,LAL,126,129,https://a.espncdn.com/i/teamlogos/nba/500/scoreboard/bkn.png,https://a.espncdn.com/i/teamlogos/nba/500/scoreboard/lal.png,3,0,1,0,14,0
nba-401585672,2024,2024-03-26 23:30:00+00:00,GS,MIA,113,92,https://a.espncdn.com/i/teamlogos/nba/500/scoreboard/gs.png,https://a.espncdn.com/i/teamlogos/nba/500/scoreboard/mia.png,21,0,1,0,21,0
nba-401585673,2024,2024-03-26 23:30:00+00:00,LAL,MIL,128,124,https://a.espncdn.com/i/teamlogos/nba/500/scoreboard/lal.png,https://a.espncdn.com/i/teamlogos/nba/500/scoreboard/mil.png,4,2,1,1,16,0
nba-401585674,2024,2024-03-27 00:00:00+00:00,OKC,NO,119,112,https://a.espncdn.com/i/teamlogos/nba/500/scoreboard/okc.png,https://a.espncdn.com/i/teamlogos/nba/500/scoreboard/no.png,7,0,1,0,15,0
nba-401585675,2024,2024-03-27 02:00:00+00:00,DAL,SAC,132,96,https://a.espncdn.com/i/teamlogos/nba/500/scoreboard/dal.png,https://a.espncdn.com/i/teamlogos/nba/500/scoreboard/sac.png,36,0,0,0,36,0
nba-401359998,2022,2021-11-13 00:00:00+00:00,NY,CHA,96,104,https://a.espncdn.com/i/teamlogos/nba/500/scoreboard/ny.png,https://a.espncdn.com/i/teamlogos/nba/500/scoreboard/cha.png,8,0,1,0,16,0
nba-401359999,2022,2021-11-13 00:30:00+00:00,MIL,BOS,113,122,https://a.espncdn.com/i/teamlogos/nba/500/scoreboard/mil.png,https://a.espncdn.com/i/teamlogos/nba/500/scoreboard/bos.png,9,1,1,0,9,0
nba-401360000,2022,2021-11-13 00:30:00+00:00,DET,CLE,78,98,https://a.espncdn.com/i/teamlogos/nba/500/scoreboard/det.png,https://a.espncdn.com/i/teamlogos/nba/500/scoreboard/cle.png,20,0,0,0,22,0
nba-401360001,2022,2021-11-13 01:00:00+00:00,POR,HOU,104,92,https://a.espncdn.com/i/teamlogos/nba/500/scoreboard/por.png,https://a.espncdn.com/i/teamlogos/nba/500/scoreboard/hou.png,12,0,0,0,14,0
nba-401360002,2022,2021-11-13 01:00:00+00:00,PHX,MEM,119,94,https://a.espncdn.com/i/teamlogos/nba/500/scoreboard/phx.png,https://a.espncdn.com/i/teamlogos/nba/500/scoreboard/mem.png,25,0,0,0,28,0
nba-401360003,2022,2021-11-13 01:00:00+00:00,BKN,NO,120,112,https://a.espncdn.com/i/teamlogos/nba/500/scoreboard/bkn.png,https://a.espncdn.com/i/teamlogos/nba/500/scoreboard/no.png,8,0,0,0,12,0
nba-401360004,2022,2021-11-13 01:00:00+00:00,SAC,OKC,103,105,https://a.espncdn.com/i/teamlogos/nba/500/scoreboard/sac.png,https://a.espncdn.com/i/teamlogos/nba/500/scoreboard/okc.png,2,0,1,1,14,0
nba-401360005,2022,2021-11-13 01:30:00+00:00,DAL,SA,123,109,https://a.espncdn.com/i/teamlogos/nba/500/scoreboard/dal.png,https://a.espncdn.com/i/teamlogos/nba/500/scoreboard/sa.png,14,0,0,0,25,0
nba-401360006,2022,2021-11-13 02:00:00+00:00,ATL,DEN,96,105,https://a.espncdn.com/i/teamlogos/nba/500/scoreboard/atl.png,https://a.espncdn.com/i/teamlogos/nba/500/scoreboard/den.png,9,0,0,0,10,0
nba-401360007,2022,2021-11-13 03:00:00+00:00,CHI,GS,93,119,https://a.espncdn.com/i/teamlogos/nba/500/scoreboard/chi.png,https://a.espncdn.com/i/teamlogos/nba/500/scoreboard/gs.png,26,0,1,0,26,0
nba-401360008,2022,2021-11-13 03:30:00+00:00,MIN,LAL,107,83,https://a.espncdn.com/i/teamlogos/nba/500/scoreboard/min.png,https://a.espncdn.com/i/teamlogos/nba/500/scoreboard/lal.png,24,0,1,0,24,0
nba-401541190,2023,2023-04-23 17:00:00+00:00,CLE,NY,93,102,https://a.espncdn.com/i/teamlogos/nba/500/scoreboard/cle.png,https://a.espncdn.com/i/teamlogos/nba/500/scoreboard/ny.png,9,0,0,0,9,1
nba-401541185,2023,2023-04-23 19:30:00+00:00,SAC,GS,125,126,https://a.espncdn.com/i/teamlogos/nba/500/scoreboard/sac.png,https://a.espncdn.com/i/teamlogos/nba/500/scoreboard/gs.png,1,0,1,0,10,1
nba-401541188,2023,2023-04-23 23:00:00+00:00,BOS,ATL,129,121,https://a.espncdn.com/i/teamlogos/nba/500/scoreboard/bos.png,https://a.espncdn.com/i/teamlogos/nba/500/scoreboard/atl.png,8,0,0,0,12,1
nba-401541183,2023,2023-04-24 01:30:00+00:00,DEN,MIN,108,114,https://a.espncdn.com/i/teamlogos/nba/500/scoreboard/den.png,https://a.espncdn.com/i/teamlogos/nba/500/scoreboard/min.png,6,1,2,0,6,1
nba-401430240,2022,2022-04-23 18:00:00+00:00,PHI,TOR,102,110,https://a.espncdn.com/i/teamlogos/nba/500/scoreboard/phi.png,https://a.espncdn.com/i/teamlogos/nba/500/scoreboard/tor.png,8,0,0,0,8,1
nba-401430237,2022,2022-04-23 20:30:00+00:00,DAL,UTAH,99,100,https://a.espncdn.com/i/teamlogos/nba/500/scoreboard/dal.png,https://a.espncdn.com/i/teamlogos/nba/500/scoreboard/utah.png,1,0,2,1,12,1
nba-401430211,2022,2022-04-23 23:30:00+00:00,BOS,BKN,109,103,https://a.espncdn.com/i/teamlogos/nba/500/scoreboard/bos.png,https://a.espncdn.com/i/teamlogos/nba/500/scoreboard/bkn.png,6,0,0,0,9,1
nba-401430230,2022,2022-04-24 02:00:00+00:00,MEM,MIN,118,119,https://a.espncdn.com/i/teamlogos/nba/500/scoreboard/mem.png,https://a.espncdn.com/i/teamlogos/nba/500/scoreboard/min.png,1,0,0,0,6,1
nba-401359943,2022,2021-11-04 23:00:00+00:00,PHI,DET,109,98,https://a.espncdn.com/i/teamlogos/nba/500/scoreboard/phi.png,https://a.espncdn.com/i/teamlogos/nba/500/scoreboard/det.png,11,0,1,0,11,0
nba-401359944,2022,2021-11-04 23:30:00+00:00,UTAH,ATL,116,98,https://a.espncdn.com/i/teamlogos/nba/500/scoreboard/utah.png,https://a.espncdn.com/i/teamlogos/nba/500/scoreboard/atl.png,18,0,1,0,18,0
nba-401359945,2022,2021-11-04 23:30:00+00:00,BOS,MIA,95,78,https://a.espncdn.com/i/teamlogos/nba/500/scoreboard/bos.png,https://a.espncdn.com/i/teamlogos/nba/500/scoreboard/mia.png,17,0,1,0,18,0
nba-401359946,2022,2021-11-05 02:00:00+00:00,HOU,PHX,111,123,https://a.espncdn.com/i/teamlogos/nba/500/scoreboard/hou.png,https://a.espncdn.com/i/teamlogos/nba/500/scoreboard/phx.png,12,0,2,0,12,0
nba-401359947,2022,2021-11-05 02:30:00+00:00,OKC,LAL,107,104,https://a.espncdn.com/i/teamlogos/nba/500/scoreboard/okc.png,https://a.espncdn.com/i/teamlogos/nba/500/scoreboard/lal.png,3,0,1,1,8,0
nba-401468986,2023,2023-02-10 00:00:00+00:00,DEN,ORL,104,115,https://a.espncdn.com/i/teamlogos/nba/500/scoreboard/den.png,https://a.espncdn.com/i/teamlogos/nba/500/scoreboard/orl.png,11,0,0,0,11,0
nba-401468987,2023,2023-02-10 00:30:00+00:00,PHX,ATL,107,116,https://a.espncdn.com/i/teamlogos/nba/500/scoreboard/phx.png,https://a.espncdn.com/i/teamlogos/nba/500/scoreboard/atl.png,9,0,0,0,18,0
nba-401468988,2023,2023-02-10 00:30:00+00:00,CHI,BKN,105,116,https://a.espncdn.com/i/teamlogos/nba/500/scoreboard/chi.png,https://a.espncdn.com/i/teamlogos/nba/500/scoreboard/bkn.png,11,0,3,1,11,0
nba-401468989,2023,2023-02-10 03:00:00+00:00,MIL,LAL,115,106,https://a.espncdn.com/i/teamlogos/nba/500/scoreboard/mil.png,https://a.espncdn.com/i/teamlogos/nba/500/scoreboard/lal.png,9,0,1,0,9,0
nba-401360644,2022,2022-02-10 00:00:00+00:00,SA,CLE,92,105,https://a.espncdn.com/i/teamlogos/nba/500/scoreboard/sa.png,https://a.espncdn.com/i/teamlogos/nba/500/scoreboard/cle.png,13,0,1,0,13,0
nba-401360645,2022,2022-02-10 00:30:00+00:00,CHI,CHA,121,109,https://a.espncdn.com/i/teamlogos/nba/500/scoreboard/chi.png,https://a.espncdn.com/i/teamlogos/nba/500/scoreboard/cha.png,12,0,1,0,13,0
nba-401360646,2022,2022-02-10 01:00:00+00:00,TOR,OKC,117,98,https://a.espncdn.com/i/teamlogos/nba/500/scoreboard/tor.png,https://a.espncdn.com/i/teamlogos/nba/500/scoreboard/okc.png,19,0,0,0,19,0
nba-401360647,2022,2022-02-10 03:00:00+00:00,GS,UTAH,85,111,https://a.espncdn.com/i/teamlogos/nba/500/scoreboard/gs.png,https://a.espncdn.com/i/teamlogos/nba/500/scoreboard/utah.png,26,0,1,0,26,0
nba-401360648,2022,2022-02-10 03:00:00+00:00,LAL,POR,105,107,https://a.espncdn.com/i/teamlogos/nba/500/scoreboard/lal.png,https://a.espncdn.com/i/teamlogos/nba/500/scoreboard/por.png,2,0,1,1,7,0
nba-401360649,2022,2022-02-10 03:00:00+00:00,MIN,SAC,119,132,https://a.espncdn.com/i/teamlogos/nba/500/scoreboard/min.png,https://a.espncdn.com/i/teamlogos/nba/500/scoreboard/sac.png,13,0,3,1,13,0
nba-401468838,2023,2023-01-21 00:00:00+00:00,NO,ORL,110,123,https://a.espncdn.com/i/teamlogos/nba/500/scoreboard/no.png,https://a.espncdn.com/i/teamlogos/nba/500/scoreboard/orl.png,13,0,1,1,13,0
nba-401468839,2023,2023-01-21 00:30:00+00:00,NY,ATL,124,139,https://a.espncdn.com/i/teamlogos/nba/500/scoreboard/ny.png,https://a.espncdn.com/i/teamlogos/nba/500/scoreboard/atl.png,15,0,1,0,15,0
nba-401468840,2023,2023-01-21 00:30:00+00:00,GS,CLE,120,114,https://a.espncdn.com/i/teamlogos/nba/500/scoreboard/gs.png,https://a.espncdn.com/i/teamlogos/nba/500/scoreboard/cle.png,6,0,0,0,12,0
nba-401468841,2023,2023-01-21 00:30:00+00:00,MIA,DAL,90,115,https://a.espncdn.com/i/teamlogos/nba/500/scoreboard/mia.png,https://a.espncdn.com/i/teamlogos/nba/500/scoreboard/dal.png,25,0,0,0,25,0
nba-401468842,2023,2023-01-21 01:00:00+00:00,LAC,SA,131,126,https://a.espncdn.com/i/teamlogos/nba/500/scoreboard/lac.png,https://a.espncdn.com/i/teamlogos/nba/500/scoreboard/sa.png,5,0,2,0,7,0
nba-401468843,2023,2023-01-21 02:00:00+00:00,IND,DEN,111,134,https://a.espncdn.com/i/teamlogos/nba/500/scoreboard/ind.png,https://a.espncdn.com/i/teamlogos/nba/500/scoreboard/den.png,23,0,0,0,23,0
nba-401468844,2023,2023-01-21 02:00:00+00:00,BKN,UTAH,117,106,https://a.espncdn.com/i/teamlogos/nba/500/scoreboard/bkn.png,https://a.espncdn.com/i/teamlogos/nba/500/scoreboard/utah.png,11,0,2,0,11,0
nba-401468845,2023,2023-01-21 03:00:00+00:00,MEM,LAL,121,122,https://a.espncdn.com/i/teamlogos/nba/500/scoreboard/mem.png,https://a.espncdn.com/i/teamlogos/nba/500/scoreboard/lal.png,1,0,2,1,8,0
nba-401468846,2023,2023-01-21 03:00:00+00:00,OKC,SAC,113,118,https://a.espncdn.com/i/teamlogos/nba/500/scoreboard/okc.png,https://a.espncdn.com/i/teamlogos/nba/500/scoreboard/sac.png,5,0,2,0,7,0
nba-401585420,2024,2024-02-23 00:00:00+00:00,ORL,CLE,116,109,https://a.espncdn.com/i/teamlogos/nba/500/scoreboard/orl.png,https://a.espncdn.com/i/teamlogos/nba/500/scoreboard/cle.png,7,0,0,0,7,0
nba-401585421,2024,2024-02-23 00:00:00+00:00,DET,IND,115,129,https://a.espncdn.com/i/teamlogos/nba/500/scoreboard/det.png,https://a.espncdn.com/i/teamlogos/nba/500/scoreboard/ind.png,14,0,0,0,29,0
nba-401585422,2024,2024-02-23 00:00:00+00:00,NY,PHI,110,96,https://a.espncdn.com/i/teamlogos/nba/500/scoreboard/ny.png,https://a.espncdn.com/i/teamlogos/nba/500/scoreboard/phi.png,14,0,0,0,23,0
nba-401585423,2024,2024-02-23 00:00:00+00:00,BKN,TOR,93,121,https://a.espncdn.com/i/teamlogos/nba/500/scoreboard/bkn.png,https://a.espncdn.com/i/teamlogos/nba/500/scoreboard/tor.png,28,0,0,0,28,0
nba-401585424,2024,2024-02-23 00:30:00+00:00,PHX,DAL,113,123,https://a.espncdn.com/i/teamlogos/nba/500/scoreboard/phx.png,https://a.espncdn.com/i/teamlogos/nba/500/scoreboard/dal.png,10,0,1,0,10,0
nba-401585425,2024,2024-02-23 01:00:00+00:00,BOS,CHI,129,112,https://a.espncdn.com/i/teamlogos/nba/500/scoreboard/bos.png,https://a.espncdn.com/i/teamlogos/nba/500/scoreboard/chi.png,17,0,2,0,17,0
nba-401585426,2024,2024-02-23 01:00:00+00:00,HOU,NO,105,127,https://a.espncdn.com/i/teamlogos/nba/500/scoreboard/hou.png,https://a.espncdn.com/i/teamlogos/nba/500/scoreboard/no.png,22,0,0,0,22,0
nba-401585427,2024,2024-02-23 01:00:00+00:00,LAC,OKC,107,129,https://a.espncdn.com/i/teamlogos/nba/500/scoreboard/lac.png,https://a.espncdn.com/i/teamlogos/nba/500/scoreboard/okc.png,22,0,0,0,22,0
nba-401585428,2024,2024-02-23 02:00:00+00:00,WSH,DEN,110,130,https://a.espncdn.com/i/teamlogos/nba/500/scoreboard/wsh.png,https://a.espncdn.com/i/teamlogos/nba/500/scoreboard/den.png,20,0,0,0,23,0
nba-401585429,2024,2024-02-23 02:00:00+00:00,CHA,UTAH,115,107,https://a.espncdn.com/i/teamlogos/nba/500/scoreboard/cha.png,https://a.espncdn.com/i/teamlogos/nba/500/scoreboard/utah.png,8,0,2,1,8,0
nba-401585430,2024,2024-02-23 03:00:00+00:00,LAL,GS,110,128,https://a.espncdn.com/i/teamlogos/nba/500/scoreboard/lal.png,https://a.espncdn.com/i/teamlogos/nba/500/scoreboard/gs.png,18,0,0,0,18,0
nba-401585431,2024,2024-02-23 03:00:00+00:00,SA,SAC,122,127,https://a.espncdn.com/i/teamlogos/nba/500/scoreboard/sa.png,https://a.espncdn.com/i/teamlogos/nba/500/scoreboard/sac.png,5,0,1,0,8,0
nba-401360500,2022,2022-01-21 00:30:00+00:00,NO,NY,102,91,https://a.espncdn.com/i/teamlogos/nba/500/scoreboard/no.png,https://a.espncdn.com/i/teamlogos/nba/500/scoreboard/ny.png,11,0,0,0,24,0
nba-401360501,2022,2022-01-21 00:30:00+00:00,PHX,DAL,109,101,https://a.espncdn.com/i/teamlogos/nba/500/scoreboard/phx.png,https://a.espncdn.com/i/teamlogos/nba/500/scoreboard/dal.png,8,0,1,1,8,0
nba-401360502,2022,2022-01-21 03:00:00+00:00,IND,GS,121,117,https://a.espncdn.com/i/teamlogos/nba/500/scoreboard/ind.png,https://a.espncdn.com/i/teamlogos/nba/500/scoreboard/gs.png,4,1,1,0,8,0
nba-401438135,2022,2022-05-28 00:30:00+00:00,MIA,BOS,111,103,https://a.espncdn.com/i/teamlogos/nba/500/scoreboard/mia.png,https://a.espncdn.com/i/teamlogos/nba/500/scoreboard/bos.png,8,0,0,0,8,1
nba-401547676,2023,2023-05-28 00:30:00+00:00,BOS,MIA,104,103,https://a.espncdn.com/i/teamlogos/nba/500/scoreboard/bos.png,https://a.espncdn.com/i/teamlogos/nba/500/scoreboard/mia.png,1,0,0,0,7,1
nba-401585702,2024,2024-03-30 21:00:00+00:00,BOS,NO,104,92,https://a.espncdn.com/i/teamlogos/nba/500/scoreboard/bos.png,https://a.espncdn.com/i/teamlogos/nba/500/scoreboard/no.png,12,0,1,0,15,0
nba-401585703,2024,2024-03-30 23:00:00+00:00,MEM,ORL,88,118,https://a.espncdn.com/i/teamlogos/nba/500/scoreboard/mem.png,https://a.espncdn.com/i/teamlogos/nba/500/scoreboard/orl.png,30,0,0,0,35,0
nba-401585704,2024,2024-03-30 23:30:00+00:00,MIL,ATL,122,113,https://a.espncdn.com/i/teamlogos/nba/500/scoreboard/mil.png,https://a.espncdn.com/i/teamlogos/nba/500/scoreboard/atl.png,9,0,0,0,15,0
nba-401360715,2022,2022-02-26 00:00:00+00:00,TOR,CHA,93,125,https://a.espncdn.com/i/teamlogos/nba/500/scoreboard/tor.png,https://a.espncdn.com/i/teamlogos/nba/500/scoreboard/cha.png,32,0,0,0,36,0
nba-401360716,2022,2022-02-26 00:00:00+00:00,OKC,IND,129,125,https://a.espncdn.com/i/teamlogos/nba/500/scoreboard/okc.png,https://a.espncdn.com/i/teamlogos/nba/500/scoreboard/ind.png,4,1,3,1,8,0
nba-401360717,2022,2022-02-26 00:00:00+00:00,HOU,ORL,111,119,https://a.espncdn.com/i/teamlogos/nba/500/scoreboard/hou.png,https://a.espncdn.com/i/teamlogos/nba/500/scoreboard/orl.png,8,0,1,0,8,0
nba-401360718,2022,2022-02-26 00:00:00+00:00,SA,WSH,157,153,https://a.espncdn.com/i/teamlogos/nba/500/scoreboard/sa.png,https://a.espncdn.com/i/teamlogos/nba/500/scoreboard/wsh.png,4,2,1,0,4,0
nba-401360719,2022,2022-02-26 00:30:00+00:00,MIA,NY,115,100,https://a.espncdn.com/i/teamlogos/nba/500/scoreboard/mia.png,https://a.espncdn.com/i/teamlogos/nba/500/scoreboard/ny.png,15,0,1,0,15,0
nba-401360720,2022,2022-02-26 01:00:00+00:00,PHI,MIN,133,102,https://a.espncdn.com/i/teamlogos/nba/500/scoreboard/phi.png,https://a.espncdn.com/i/teamlogos/nba/500/scoreboard/min.png,31,0,0,0,31,0
nba-401360721,2022,2022-02-26 02:00:00+00:00,NO,PHX,117,102,https://a.espncdn.com/i/teamlogos/nba/500/scoreboard/no.png,https://a.espncdn.com/i/teamlogos/nba/500/scoreboard/phx.png,15,0,0,0,15,0
nba-401360722,2022,2022-02-26 02:00:00+00:00,DAL,UTAH,109,114,https://a.espncdn.com/i/teamlogos/nba/500/scoreboard/dal.png,https://a.espncdn.com/i/teamlogos/nba/500/scoreboard/utah.png,5,0,1,0,7,0
nba-401360723,2022,2022-02-26 03:00:00+00:00,LAC,LAL,105,102,https://a.espncdn.com/i/teamlogos/nba/500/scoreboard/lac.png,https://a.espncdn.com/i/teamlogos/nba/500/scoreboard/lal.png,3,0,2,1,10,0
nba-401585270,2024,2024-01-27 17:00:00+00:00,WSH,DET,118,104,https://a.espncdn.com/i/teamlogos/nba/500/scoreboard/wsh.png,https://a.espncdn.com/i/teamlogos/nba/500/scoreboard/det.png,14,0,2,0,14,0
nba-401585271,2024,2024-01-27 20:00:00+00:00,MIA,NY,109,125,https://a.espncdn.com/i/teamlogos/nba/500/scoreboard/mia.png,https://a.espncdn.com/i/teamlogos/nba/500/scoreboard/ny.png,16,0,1,0,16,0
nba-401585272,2024,2024-01-27 22:30:00+00:00,PHI,DEN,105,111,https://a.espncdn.com/i/teamlogos/nba/500/scoreboard/phi.png,https://a.espncdn.com/i/teamlogos/nba/500/scoreboard/den.png,6,0,2,1,6,0
nba-401585273,2024,2024-01-27 23:00:00+00:00,HOU,BKN,104,106,https://a.espncdn.com/i/teamlogos/nba/500/scoreboard/hou.png,https://a.espncdn.com/i/teamlogos/nba/500/scoreboard/bkn.png,2,0,0,0,20,0
nba-401585274,2024,2024-01-28 00:00:00+00:00,LAC,BOS,115,96,https://a.espncdn.com/i/teamlogos/nba/500/scoreboard/lac.png,https://a.espncdn.com/i/teamlogos/nba/500/scoreboard/bos.png,19,0,0,0,31,0
nba-401585275,2024,2024-01-28 00:00:00+00:00,UTAH,CHA,134,122,https://a.espncdn.com/i/teamlogos/nba/500/scoreboard/utah.png,https://a.espncdn.com/i/teamlogos/nba/500/scoreboard/cha.png,12,0,0,0,35,0
nba-401585276,2024,2024-01-28 01:00:00+00:00,NO,MIL,117,141,https://a.espncdn.com/i/teamlogos/nba/500/scoreboard/no.png,https://a.espncdn.com/i/teamlogos/nba/500/scoreboard/mil.png,24,0,0,0,25,0
nba-401585277,2024,2024-01-28 01:30:00+00:00,MIN,SA,112,113,https://a.espncdn.com/i/teamlogos/nba/500/scoreboard/min.png,https://a.espncdn.com/i/teamlogos/nba/500/scoreboard/sa.png,1,0,1,1,13,0
nba-401585278,2024,2024-01-28 01:30:00+00:00,LAL,GS,145,144,https://a.espncdn.com/i/teamlogos/nba/500/scoreboard/lal.png,https://a.espncdn.com/i/teamlogos/nba/500/scoreboard/gs.png,1,2,2,1,8,0
nba-401585279,2024,2024-01-28 02:00:00+00:00,SAC,DAL,120,115,https://a.espncdn.com/i/teamlogos/nba/500/scoreboard/sac.png,https://a.espncdn.com/i/teamlogos/nba/500/scoreboard/dal.png,5,0,0,0,19,0
nba-401469058,2023,2023-02-25 17:00:00+00:00,TOR,DET,95,91,https://a.espncdn.com/i/teamlogos/nba/500/scoreboard/tor.png,https://a.espncdn.com/i/teamlogos/nba/500/scoreboard/det.png,4,0,0,0,4,0
nba-401469059,2023,2023-02-26 00:00:00+00:00,MIA,CHA,103,108,https://a.espncdn.com/i/teamlogos/nba/500/scoreboard/mia.png,https://a.espncdn.com/i/teamlogos/nba/500/scoreboard/cha.png,5,0,0,0,13,0
nba-401469060,2023,2023-02-26 00:00:00+00:00,IND,ORL,121,108,https://a.espncdn.com/i/teamlogos/nba/500/scoreboard/ind.png,https://a.espncdn.com/i/teamlogos/nba/500/scoreboard/orl.png,13,0,2,0,13,0
nba-401469061,2023,2023-02-26 00:30:00+00:00,NO,NY,106,128,https://a.espncdn.com/i/teamlogos/nba/500/scoreboard/no.png,https://a.espncdn.com/i/teamlogos/nba/500/scoreboard/ny.png,22,0,0,0,22,0
nba-401469062,2023,2023-02-26 01:00:00+00:00,DEN,MEM,94,112,https://a.espncdn.com/i/teamlogos/nba/500/scoreboard/den.png,https://a.espncdn.com/i/teamlogos/nba/500/scoreboard/mem.png,18,0,0,0,32,0
nba-401469063,2023,2023-02-26 01:30:00+00:00,BOS,PHI,110,107,https://a.espncdn.com/i/teamlogos/nba/500/scoreboard/bos.png,https://a.espncdn.com/i/teamlogos/nba/500/scoreboard/phi.png,3,0,1,0,6,0
nba-401469064,2023,2023-02-26 02:00:00+00:00,SA,UTAH,102,118,https://a.espncdn.com/i/teamlogos/nba/500/scoreboard/sa.png,https://a.espncdn.com/i/teamlogos/nba/500/scoreboard/utah.png,16,0,1,0,16,0
nba-401360124,2022,2021-11-28 20:30:00+00:00,GS,LAC,105,90,https://a.espncdn.com/i/teamlogos/nba/500/scoreboard/gs.png,https://a.espncdn.com/i/teamlogos/nba/500/scoreboard/lac.png,15,0,1,0,15,0
nba-401360125,2022,2021-11-28 22:00:00+00:00,MIL,IND,118,100,https://a.espncdn.com/i/teamlogos/nba/500/scoreboard/mil.png,https://a.espncdn.com/i/teamlogos/nba/500/scoreboard/ind.png,18,0,0,0,18,0
nba-401360126,2022,2021-11-28 23:00:00+00:00,BOS,TOR,109,97,https://a.espncdn.com/i/teamlogos/nba/500/scoreboard/bos.png,https://a.espncdn.com/i/teamlogos/nba/500/scoreboard/tor.png,12,0,0,0,12,0
nba-401360127,2022,2021-11-28 23:00:00+00:00,SAC,MEM,101,128,https://a.espncdn.com/i/teamlogos/nba/500/scoreboard/sac.png,https://a.espncdn.com/i/teamlogos/nba/500/scoreboard/mem.png,27,0,0,0,32,0
nba-401360128,2022,2021-11-29 02:30:00+00:00,DET,LAL,106,110,https://a.espncdn.com/i/teamlogos/nba/500/scoreboard/det.png,https://a.espncdn.com/i/teamlogos/nba/500/scoreboard/lal.png,4,0,0,0,13,0
nba-401468403,2023,2022-11-22 00:00:00+00:00,ATL,CLE,102,114,https://a.espncdn.com/i/teamlogos/nba/500/scoreboard/atl.png,https://a.espncdn.com/i/teamlogos/nba/500/scoreboard/cle.png,12,0,0,0,12,0
nba-401468404,2023,2022-11-22 00:00:00+00:00,ORL,IND,102,123,https://a.espncdn.com/i/teamlogos/nba/500/scoreboard/orl.png,https://a.espncdn.com/i/teamlogos/nba/500/scoreboard/ind.png,21,0,1,0,21,0
nba-401468405,2023,2022-11-22 01:00:00+00:00,BOS,CHI,107,121,https://a.espncdn.com/i/teamlogos/nba/500/scoreboard/bos.png,https://a.espncdn.com/i/teamlogos/nba/500/scoreboard/chi.png,14,0,0,0,16,0
nba-401468406,2023,2022-11-22 01:00:00+00:00,POR,MIL,111,119,https://a.espncdn.com/i/teamlogos/nba/500/scoreboard/por.png,https://a.espncdn.com/i/teamlogos/nba/500/scoreboard/mil.png,8,0,1,0,14,0
nba-401468407,2023,2022-11-22 01:00:00+00:00,MIA,MIN,101,105,https://a.espncdn.com/i/teamlogos/nba/500/scoreboard/mia.png,https://a.espncdn.com/i/teamlogos/nba/500/scoreboard/min.png,4,0,1,0,13,0
nba-401468408,2023,2022-11-22 01:00:00+00:00,GS,NO,83,128,https://a.espncdn.com/i/teamlogos/nba/500/scoreboard/gs.png,https://a.espncdn.com/i/teamlogos/nba/500/scoreboard/no.png,45,0,0,0,45,0
nba-401468409,2023,2022-11-22 01:00:00+00:00,NY,OKC,129,119,https://a.espncdn.com/i/teamlogos/nba/500/scoreboard/ny.png,https://a.espncdn.com/i/teamlogos/nba/500/scoreboard/okc.png,10,0,0,0,11,0
nba-401468410,2023,2022-11-22 03:30:00+00:00,UTAH,LAC,114,121,https://a.espncdn.com/i/teamlogos/nba/500/scoreboard/utah.png,https://a.espncdn.com/i/teamlogos/nba/500/scoreboard/lac.png,7,0,2,1,10,0
nba-401584126,2024,2023-11-22 00:00:00+00:00,TOR,ORL,107,126,https://a.espncdn.com/i/teamlogos/nba/500/scoreboard/tor.png,https://a.espncdn.com/i/teamlogos/nba/500/scoreboard/orl.png,19,0,0,0,19,0
nba-401584127,2024,2023-11-22 00:30:00+00:00,IND,ATL,157,152,https://a.espncdn.com/i/teamlogos/nba/500/scoreboard/ind.png,https://a.espncdn.com/i/teamlogos/nba/500/scoreboard/atl.png,5,0,1,0,13,0
nba-401584128,2024,2023-11-22 00:30:00+00:00,CLE,PHI,122,119,https://a.espncdn.com/i/teamlogos/nba/500/scoreboard/cle.png,https://a.espncdn.com/i/teamlogos/nba/500/scoreboard/phi.png,3,1,0,0,12,0
nba-401584129,2024,2023-11-22 02:00:00+00:00,POR,PHX,107,120,https://a.espncdn.com/i/teamlogos/nba/500/scoreboard/por.png,https://a.espncdn.com/i/teamlogos/nba/500/scoreboard/phx.png,13,0,0,0,13,0
nba-401584130,2024,2023-11-22 03:00:00+00:00,UTAH,LAL,99,131,https://a.espncdn.com/i/teamlogos/nba/500/scoreboard/utah.png,https://a.espncdn.com/i/teamlogos/nba/500/scoreboard/lal.png,32,0,0,0,32,0
nba-401541168,2023,2023-04-19 23:30:00+00:00,LAL,MEM,93,103,https://a.espncdn.com/i/teamlogos/nba/500/scoreboard/lal.png,https://a.espncdn.com/i/teamlogos/nba/500/scoreboard/mem.png,10,0,0,0,15,1
nba-401541171,2023,2023-04-20 01:00:00+00:00,MIA,MIL,122,138,https://a.espncdn.com/i/teamlogos/nba/500/scoreboard/mia.png,https://a.espncdn.com/i/teamlogos/nba/500/scoreboard/mil.png,16,0,0,0,33,1
nba-401541167,2023,2023-04-20 02:00:00+00:00,MIN,DEN,113,122,https://a.espncdn.com/i/teamlogos/nba/500/scoreboard/min.png,https://a.espncdn.com/i/teamlogos/nba/500/scoreboard/den.png,9,0,2,1,15,1
nba-401468529,2023,2022-12-09 00:30:00+00:00,LAC,MIA,110,115,https://a.espncdn.com/i/teamlogos/nba/500/scoreboard/lac.png,https://a.espncdn.com/i/teamlogos/nba/500/scoreboard/mia.png,5,0,3,1,8,0
nba-401468530,2023,2022-12-09 01:30:00+00:00,HOU,SA,109,118,https://a.espncdn.com/i/teamlogos/nba/500/scoreboard/hou.png,https://a.espncdn.com/i/teamlogos/nba/500/scoreboard/sa.png,9,0,1,0,13,0
nba-401468531,2023,2022-12-09 03:00:00+00:00,DEN,POR,121,120,https://a.espncdn.com/i/teamlogos/nba/500/scoreboard/den.png,https://a.espncdn.com/i/teamlogos/nba/500/scoreboard/por.png,1,0,1,1,10,0
nba-401616470,2024,2023-12-09 00:00:00+00:00,TOR,CHA,116,119,https://a.espncdn.com/i/teamlogos/nba/500/scoreboard/tor.png,https://a.espncdn.com/i/teamlogos/nba/500/scoreboard/cha.png,3,0,0,0,13,0
nba-401616471,2024,2023-12-09 00:00:00+00:00,DET,ORL,91,123,https://a.espncdn.com/i/teamlogos/nba/500/scoreboard/det.png,https://a.espncdn.com/i/teamlogos/nba/500/scoreboard/orl.png,32,0,0,0,32,0
nba-401616472,2024,2023-12-09 00:00:00+00:00,ATL,PHI,114,125,https://a.espncdn.com/i/teamlogos/nba/500/scoreboard/atl.png,https://a.espncdn.com/i/teamlogos/nba/500/scoreboard/phi.png,11,0,2,0,12,0
nba-401616473,2024,2023-12-09 00:30:00+00:00,WSH,BKN,97,124,https://a.espncdn.com/i/teamlogos/nba/500/scoreboard/wsh.png,https://a.espncdn.com/i/teamlogos/nba/500/scoreboard/bkn.png,27,0,0,0,27,0
nba-401617579,2024,2023-12-09 00:30:00+00:00,NY,BOS,123,133,https://a.espncdn.com/i/teamlogos/nba/500/scoreboard/ny.png,https://a.espncdn.com/i/teamlogos/nba/500/scoreboard/bos.png,10,0,0,0,14,0
nba-401616474,2024,2023-12-09 01:00:00+00:00,CLE,MIA,111,99,https://a.espncdn.com/i/teamlogos/nba/500/scoreboard/cle.png,https://a.espncdn.com/i/teamlogos/nba/500/scoreboard/mia.png,12,0,1,0,13,0
nba-401616475,2024,2023-12-09 01:00:00+00:00,MIN,MEM,127,103,https://a.espncdn.com/i/teamlogos/nba/500/scoreboard/min.png,https://a.espncdn.com/i/teamlogos/nba/500/scoreboard/mem.png,24,0,0,0,24,0
nba-401616476,2024,2023-12-09 01:00:00+00:00,GS,OKC,136,138,https://a.espncdn.com/i/teamlogos/nba/500/scoreboard/gs.png,https://a.espncdn.com/i/teamlogos/nba/500/scoreboard/okc.png,2,1,1,0,9,0
nba-401616477,2024,2023-12-09 01:30:00+00:00,CHI,SA,121,112,https://a.espncdn.com/i/teamlogos/nba/500/scoreboard/chi.png,https://a.espncdn.com/i/teamlogos/nba/500/scoreboard/sa.png,9,0,1,0,11,0
nba-401616478,2024,2023-12-09 02:00:00+00:00,HOU,DEN,114,106,https://a.espncdn.com/i/teamlogos/nba/500/scoreboard/hou.png,https://a.espncdn.com/i/teamlogos/nba/500/scoreboard/den.png,8,0,0,0,18,0
nba-401617581,2024,2023-12-09 02:00:00+00:00,SAC,PHX,114,106,https://a.espncdn.com/i/teamlogos/nba/500/scoreboard/sac.png,https://a.espncdn.com/i/teamlogos/nba/500/scoreboard/phx.png,8,0,1,0,12,0
nba-401616479,2024,2023-12-09 03:00:00+00:00,LAC,UTAH,117,103,https://a.espncdn.com/i/teamlogos/nba/500/scoreboard/lac.png,https://a.espncdn.com/i/teamlogos/nba/500/scoreboard/utah.png,14,0,0,0,14,0
nba-401616480,2024,2023-12-09 03:00:00+00:00,DAL,POR,125,112,https://a.espncdn.com/i/teamlogos/nba/500/scoreboard/dal.png,https://a.espncdn.com/i/teamlogos/nba/500/scoreboard/por.png,13,0,0,0,15,0
nba-401430216,2022,2022-04-19 23:30:00+00:00,ATL,MIA,105,115,https://a.espncdn.com/i/teamlogos/nba/500/scoreboard/atl.png,https://a.espncdn.com/i/teamlogos/nba/500/scoreboard/mia.png,10,0,0,0,11,1
nba-401430223,2022,2022-04-20 00:30:00+00:00,MIN,MEM,96,124,https://a.espncdn.com/i/teamlogos/nba/500/scoreboard/min.png,https://a.espncdn.com/i/teamlogos/nba/500/scoreboard/mem.png,28,0,0,0,28,1
nba-401430222,2022,2022-04-20 02:00:00+00:00,NO,PHX,125,114,https://a.espncdn.com/i/teamlogos/nba/500/scoreboard/no.png,https://a.espncdn.com/i/teamlogos/nba/500/scoreboard/phx.png,11,0,2,0,11,1
nba-401360143,2022,2021-12-02 00:00:00+00:00,ATL,IND,114,111,https://a.espncdn.com/i/teamlogos/nba/500/scoreboard/atl.png,https://a.espncdn.com/i/teamlogos/nba/500/scoreboard/ind.png,3,0,2,1,9,0
nba-401360144,2022,2021-12-02 00:00:00+00:00,DEN,ORL,103,108,https://a.espncdn.com/i/teamlogos/nba/500/scoreboard/den.png,https://a.espncdn.com/i/teamlogos/nba/500/scoreboard/orl.png,5,0,1,1,16,0
nba-401360145,2022,2021-12-02 00:00:00+00:00,MIN,WSH,107,115,https://a.espncdn.com/i/teamlogos/nba/500/scoreboard/min.png,https://a.espncdn.com/i/teamlogos/nba/500/scoreboard/wsh.png,8,0,1,0,8,0
nba-401360146,2022,2021-12-02 00:30:00+00:00,PHI,BOS,87,88,https://a.espncdn.com/i/teamlogos/nba/500/scoreboard/phi.png,https://a.espncdn.com/i/teamlogos/nba/500/scoreboard/bos.png,1,0,0,0,4,0
nba-401360147,2022,2021-12-02 00:30:00+00:00,CLE,MIA,111,85,https://a.espncdn.com/i/teamlogos/nba/500/scoreboard/cle.png,https://a.espncdn.com/i/teamlogos/nba/500/scoreboard/mia.png,26,0,0,0,26,0
nba-401360148,2022,2021-12-02 01:00:00+00:00,CHA,MIL,125,127,https://a.espncdn.com/i/teamlogos/nba/500/scoreboard/cha.png,https://a.espncdn.com/i/teamlogos/nba/500/scoreboard/mil.png,2,0,1,0,16,0
nba-401360149,2022,2021-12-02 01:00:00+00:00,DAL,NO,139,107,https://a.espncdn.com/i/teamlogos/nba/500/scoreboard/dal.png,https://a.espncdn.com/i/teamlogos/nba/500/scoreboard/no.png,32,0,0,0,32,0
nba-401360150,2022,2021-12-02 01:00:00+00:00,HOU,OKC,114,110,https://a.espncdn.com/i/teamlogos/nba/500/scoreboard/hou.png,https://a.espncdn.com/i/teamlogos/nba/500/scoreboard/okc.png,4,0,1,1,8,0
nba-401360151,2022,2021-12-02 03:30:00+00:00,SAC,LAC,124,115,https://a.espncdn.com/i/teamlogos/nba/500/scoreboard/sac.png,https://a.espncdn.com/i/teamlogos/nba/500/scoreboard/lac.png,9,0,0,0,23,0
nba-401656360,2024,2024-06-10 00:00:00+00:00,DAL,BOS,98,105,https://a.espncdn.com/i/teamlogos/nba/500/scoreboard/dal.png,https://a.espncdn.com/i/teamlogos/nba/500/scoreboard/bos.png,7,0,1,0,9,1
nba-401584691,2024,2023-10-25 23:00:00+00:00,ATL,CHA,110,116,https://a.espncdn.com/i/teamlogos/nba/500/scoreboard/atl.png,https://a.espncdn.com/i/teamlogos/nba/500/scoreboard/cha.png,6,0,1,0,6,0
nba-401584692,2024,2023-10-25 23:00:00+00:00,WSH,IND,120,143,https://a.espncdn.com/i/teamlogos/nba/500/scoreboard/wsh.png,https://a.espncdn.com/i/teamlogos/nba/500/scoreboard/ind.png,23,0,1,0,23,0
nba-401584693,2024,2023-10-25 23:00:00+00:00,BOS,NY,108,104,https://a.espncdn.com/i/teamlogos/nba/500/scoreboard/bos.png,https://a.espncdn.com/i/teamlogos/nba/500/scoreboard/ny.png,4,0,0,0,12,0
nba-401584694,2024,2023-10-25 23:00:00+00:00,HOU,ORL,86,116,https://a.espncdn.com/i/teamlogos/nba/500/scoreboard/hou.png,https://a.espncdn.com/i/teamlogos/nba/500/scoreboard/orl.png,30,0,0,0,30,0
nba-401584695,2024,2023-10-25 23:30:00+00:00,CLE,BKN,114,113,https://a.espncdn.com/i/teamlogos/nba/500/scoreboard/cle.png,https://a.espncdn.com/i/teamlogos/nba/500/scoreboard/bkn.png,1,0,0,0,5,0
nba-401584696,2024,2023-10-25 23:30:00+00:00,DET,MIA,102,103,https://a.espncdn.com/i/teamlogos/nba/500/scoreboard/det.png,https://a.espncdn.com/i/teamlogos/nba/500/scoreboard/mia.png,1,0,1,0,11,0
nba-401584697,2024,2023-10-25 23:30:00+00:00,MIN,TOR,94,97,https://a.espncdn.com/i/teamlogos/nba/500/scoreboard/min.png,https://a.espncdn.com/i/teamlogos/nba/500/scoreboard/tor.png,3,0,2,1,3,0
nba-401584698,2024,2023-10-26 00:00:00+00:00,OKC,CHI,124,104,https://a.espncdn.com/i/teamlogos/nba/500/scoreboard/okc.png,https://a.espncdn.com/i/teamlogos/nba/500/scoreboard/chi.png,20,0,1,0,20,0
nba-401584699,2024,2023-10-26 00:00:00+00:00,NO,MEM,111,104,https://a.espncdn.com/i/teamlogos/nba/500/scoreboard/no.png,https://a.espncdn.com/i/teamlogos/nba/500/scoreboard/mem.png,7,0,1,0,12,0
nba-401584700,2024,2023-10-26 01:00:00+00:00,SAC,UTAH,130,114,https://a.espncdn.com/i/teamlogos/nba/500/scoreboard/sac.png,https://a.espncdn.com/i/teamlogos/nba/500/scoreboard/utah.png,16,0,0,0,18,0
nba-401584701,2024,2023-10-26 01:30:00+00:00,DAL,SA,126,119,https://a.espncdn.com/i/teamlogos/nba/500/scoreboard/dal.png,https://a.espncdn.com/i/teamlogos/nba/500/scoreboard/sa.png,7,0,1,0,7,0
nba-401584702,2024,2023-10-26 02:30:00+00:00,POR,LAC,111,123,https://a.espncdn.com/i/teamlogos/nba/500/scoreboard/por.png,https://a.espncdn.com/i/teamlogos/nba/500/scoreboard/lac.png,12,0,0,0,26,0
nba-401468207,2023,2022-10-25 23:00:00+00:00,DET,WSH,99,120,https://a.espncdn.com/i/teamlogos/nba/500/scoreboard/det.png,https://a.espncdn.com/i/teamlogos/nba/500/scoreboard/wsh.png,21,0,0,0,21,0
nba-401468208,2023,2022-10-25 23:30:00+00:00,DAL,NO,111,113,https://a.espncdn.com/i/teamlogos/nba/500/scoreboard/dal.png,https://a.espncdn.com/i/teamlogos/nba/500/scoreboard/no.png,2,0,2,1,9,0
nba-401468209,2023,2022-10-26 00:00:00+00:00,LAC,OKC,94,108,https://a.espncdn.com/i/teamlogos/nba/500/scoreboard/lac.png,https://a.espncdn.com/i/teamlogos/nba/500/scoreboard/okc.png,14,0,0,0,16,0
nba-401468210,2023,2022-10-26 02:00:00+00:00,GS,PHX,105,134,https://a.espncdn.com/i/teamlogos/nba/500/scoreboard/gs.png,https://a.espncdn.com/i/teamlogos/nba/500/scoreboard/phx.png,29,0,0,0,29,0
nba-401469232,2023,2023-03-21 23:00:00+00:00,WSH,ORL,112,122,https://a.espncdn.com/i/teamlogos/nba/500/scoreboard/wsh.png,https://a.espncdn.com/i/teamlogos/nba/500/scoreboard/orl.png,10,0,2,1,10,0
nba-401469233,2023,2023-03-21 23:30:00+00:00,DET,ATL,107,129,https://a.espncdn.com/i/teamlogos/nba/500/scoreboard/det.png,https://a.espncdn.com/i/teamlogos/nba/500/scoreboard/atl.png,22,0,0,0,22,0
nba-401469234,2023,2023-03-21 23:30:00+00:00,CLE,BKN,115,109,https://a.espncdn.com/i/teamlogos/nba/500/scoreboard/cle.png,https://a.espncdn.com/i/teamlogos/nba/500/scoreboard/bkn.png,6,0,1,0,16,0
nba-401469235,2023,2023-03-22 00:00:00+00:00,SA,NO,84,119,https://a.espncdn.com/i/teamlogos/nba/500/scoreboard/sa.png,https://a.espncdn.com/i/teamlogos/nba/500/scoreboard/no.png,35,0,0,0,35,0
nba-401469236,2023,2023-03-22 02:00:00+00:00,BOS,SAC,132,109,https://a.espncdn.com/i/teamlogos/nba/500/scoreboard/bos.png,https://a.espncdn.com/i/teamlogos/nba/500/scoreboard/sac.png,23,0,1,0,23,0
nba-401469237,2023,2023-03-22 02:30:00+00:00,OKC,LAC,101,100,https://a.espncdn.com/i/teamlogos/nba/500/scoreboard/okc.png,https://a.espncdn.com/i/teamlogos/nba/500/scoreboard/lac.png,1,0,2,1,5,0
nba-401360890,2022,2022-03-21 23:00:00+00:00,NO,CHA,103,106,https://a.espncdn.com/i/teamlogos/nba/500/scoreboard/no.png,https://a.espncdn.com/i/teamlogos/nba/500/scoreboard/cha.png,3,0,1,1,6,0
nba-401360891,2022,2022-03-21 23:00:00+00:00,LAL,CLE,131,120,https://a.espncdn.com/i/teamlogos/nba/500/scoreboard/lal.png,https://a.espncdn.com/i/teamlogos/nba/500/scoreboard/cle.png,11,0,3,1,11,0
nba-401360892,2022,2022-03-21 23:00:00+00:00,POR,DET,119,115,https://a.espncdn.com/i/teamlogos/nba/500/scoreboard/por.png,https://a.espncdn.com/i/teamlogos/nba/500/scoreboard/det.png,4,0,0,0,15,0
nba-401360893,2022,2022-03-21 23:30:00+00:00,MIA,PHI,106,113,https://a.espncdn.com/i/teamlogos/nba/500/scoreboard/mia.png,https://a.espncdn.com/i/teamlogos/nba/500/scoreboard/phi.png,7,0,1,0,7,0
nba-401360894,2022,2022-03-21 23:30:00+00:00,UTAH,BKN,106,114,https://a.espncdn.com/i/teamlogos/nba/500/scoreboard/utah.png,https://a.espncdn.com/i/teamlogos/nba/500/scoreboard/bkn.png,8,0,1,0,16,0
nba-401360895,2022,2022-03-22 00:00:00+00:00,TOR,CHI,99,113,https://a.espncdn.com/i/teamlogos/nba/500/scoreboard/tor.png,https://a.espncdn.com/i/teamlogos/nba/500/scoreboard/chi.png,14,0,2,0,14,0
nba-401360896,2022,2022-03-22 00:00:00+00:00,WSH,HOU,97,115,https://a.espncdn.com/i/teamlogos/nba/500/scoreboard/wsh.png,https://a.espncdn.com/i/teamlogos/nba/500/scoreboard/hou.png,18,0,1,1,18,0
nba-401360897,2022,2022-03-22 00:00:00+00:00,BOS,OKC,132,123,https://a.espncdn.com/i/teamlogos/nba/500/scoreboard/bos.png,https://a.espncdn.com/i/teamlogos/nba/500/scoreboard/okc.png,9,0,0,0,24,0
nba-401360898,2022,2022-03-22 00:30:00+00:00,MIN,DAL,108,110,https://a.espncdn.com/i/teamlogos/nba/500/scoreboard/min.png,https://a.espncdn.com/i/teamlogos/nba/500/scoreboard/dal.png,2,0,1,0,6,0
nba-401585302,2024,2024-02-01 00:00:00+00:00,CHI,CHA,117,110,https://a.espncdn.com/i/teamlogos/nba/500/scoreboard/chi.png,https://a.espncdn.com/i/teamlogos/nba/500/scoreboard/cha.png,7,0,2,0,7,0
nba-401585303,2024,2024-02-01 00:00:00+00:00,DET,CLE,121,128,https://a.espncdn.com/i/teamlogos/nba/500/scoreboard/det.png,https://a.espncdn.com/i/teamlogos/nba/500/scoreboard/cle.png,7,0,0,0,7,0
nba-401585304,2024,2024-02-01 00:00:00+00:00,LAC,WSH,125,109,https://a.espncdn.com/i/teamlogos/nba/500/scoreboard/lac.png,https://a.espncdn.com/i/teamlogos/nba/500/scoreboard/wsh.png,16,0,0,0,27,0
nba-401585306,2024,2024-02-01 00:30:00+00:00,SAC,MIA,106,115,https://a.espncdn.com/i/teamlogos/nba/500/scoreboard/sac.png,https://a.espncdn.com/i/teamlogos/nba/500/scoreboard/mia.png,9,0,0,0,9,0
nba-401585307,2024,2024-02-01 01:00:00+00:00,NO,HOU,110,99,https://a.espncdn.com/i/teamlogos/nba/500/scoreboard/no.png,https://a.espncdn.com/i/teamlogos/nba/500/scoreboard/hou.png,11,0,0,0,11,0
nba-401585308,2024,2024-02-01 01:00:00+00:00,DAL,MIN,87,121,https://a.espncdn.com/i/teamlogos/nba/500/scoreboard/dal.png,https://a.espncdn.com/i/teamlogos/nba/500/scoreboard/min.png,34,0,0,0,34,0
nba-401585309,2024,2024-02-01 01:00:00+00:00,ORL,SA,108,98,https://a.espncdn.com/i/teamlogos/nba/500/scoreboard/orl.png,https://a.espncdn.com/i/teamlogos/nba/500/scoreboard/sa.png,10,0,1,0,19,0
nba-401585310,2024,2024-02-01 01:00:00+00:00,DEN,OKC,100,105,https://a.espncdn.com/i/teamlogos/nba/500/scoreboard/den.png,https://a.espncdn.com/i/teamlogos/nba/500/scoreboard/okc.png,5,0,1,0,9,0
nba-401585305,2024,2024-02-01 01:30:00+00:00,PHX,BKN,136,120,https://a.espncdn.com/i/teamlogos/nba/500/scoreboard/phx.png,https://a.espncdn.com/i/teamlogos/nba/500/scoreboard/bkn.png,16,0,0,0,19,0
nba-401585311,2024,2024-02-01 03:00:00+00:00,MIL,POR,116,119,https://a.espncdn.com/i/teamlogos/nba/500/scoreboard/mil.png,https://a.espncdn.com/i/teamlogos/nba/500/scoreboard/por.png,3,0,1,0,5,0
nba-401655100,2024,2024-04-24 23:00:00+00:00,MIA,BOS,111,101,https://a.espncdn.com/i/teamlogos/nba/500/scoreboard/mia.png,https://a.espncdn.com/i/teamlogos/nba/500/scoreboard/bos.png,10,0,2,0,10,1
nba-401655076,2024,2024-04-25 01:30:00+00:00,NO,OKC,92,124,https://a.espncdn.com/i/teamlogos/nba/500/scoreboard/no.png,https://a.espncdn.com/i/teamlogos/nba/500/scoreboard/okc.png,32,0,0,0,32,1
nba-401623259,2024,2024-02-19 01:00:00+00:00,WEST,EAST,186,211,https://a.espncdn.com/i/teamlogos/nba/500/scoreboard/west.png,https://a.espncdn.com/i/teamlogos/nba/500/scoreboard/east.png,25,0,0,0,25,0
nba-401360257,2022,2021-12-18 00:00:00+00:00,MIA,ORL,115,105,https://a.espncdn.com/i/teamlogos/nba/500/scoreboard/mia.png,https://a.espncdn.com/i/teamlogos/nba/500/scoreboard/orl.png,10,0,0,0,10,0
nba-401360258,2022,2021-12-18 00:30:00+00:00,DEN,ATL,133,115,https://a.espncdn.com/i/teamlogos/nba/500/scoreboard/den.png,https://a.espncdn.com/i/teamlogos/nba/500/scoreboard/atl.png,18,0,0,0,19,0
nba-401360259,2022,2021-12-18 00:30:00+00:00,GS,BOS,111,107,https://a.espncdn.com/i/teamlogos/nba/500/scoreboard/gs.png,https://a.espncdn.com/i/teamlogos/nba/500/scoreboard/bos.png,4,0,0,0,14,0
nba-401360262,2022,2021-12-18 01:00:00+00:00,MIL,NO,112,116,https://a.espncdn.com/i/teamlogos/nba/500/scoreboard/mil.png,https://a.espncdn.com/i/teamlogos/nba/500/scoreboard/no.png,4,1,1,0,7,0
nba-401360261,2022,2021-12-18 02:00:00+00:00,SA,UTAH,128,126,https://a.espncdn.com/i/teamlogos/nba/500/scoreboard/sa.png,https://a.espncdn.com/i/teamlogos/nba/500/scoreboard/utah.png,2,0,1,0,14,0
nba-401360260,2022,2021-12-18 03:00:00+00:00,LAL,MIN,92,110,https://a.espncdn.com/i/teamlogos/nba/500/scoreboard/lal.png,https://a.espncdn.com/i/teamlogos/nba/500/scoreboard/min.png,18,0,0,0,20,0
nba-401360263,2022,2021-12-18 03:00:00+00:00,CHA,POR,116,125,https://a.espncdn.com/i/teamlogos/nba/500/scoreboard/cha.png,https://a.espncdn.com/i/teamlogos/nba/500/scoreboard/por.png,9,0,0,0,26,0
nba-401360264,2022,2021-12-18 03:00:00+00:00,MEM,SAC,124,105,https://a.espncdn.com/i/teamlogos/nba/500/scoreboard/mem.png,https://a.espncdn.com/i/teamlogos/nba/500/scoreboard/sac.png,19,0,1,0,19,0
nba-401360252,2022,2021-12-17 00:00:00+00:00,DET,IND,113,122,https://a.espncdn.com/i/teamlogos/nba/500/scoreboard/det.png,https://a.espncdn.com/i/teamlogos/nba/500/scoreboard/ind.png,9,0,0,0,12,0
nba-401360253,2022,2021-12-17 00:30:00+00:00,PHI,BKN,105,114,https://a.espncdn.com/i/teamlogos/nba/500/scoreboard/phi.png,https://a.espncdn.com/i/teamlogos/nba/500/scoreboard/bkn.png,9,0,0,0,18,0
nba-401360255,2022,2021-12-17 01:00:00+00:00,NY,HOU,116,103,https://a.espncdn.com/i/teamlogos/nba/500/scoreboard/ny.png,https://a.espncdn.com/i/teamlogos/nba/500/scoreboard/hou.png,13,0,0,0,13,0
nba-401360256,2022,2021-12-17 02:00:00+00:00,WSH,PHX,98,118,https://a.espncdn.com/i/teamlogos/nba/500/scoreboard/wsh.png,https://a.espncdn.com/i/teamlogos/nba/500/scoreboard/phx.png,20,0,0,0,20,0
nba-401585297,2024,2024-01-31 00:30:00+00:00,LAL,ATL,122,138,https://a.espncdn.com/i/teamlogos/nba/500/scoreboard/lal.png,https://a.espncdn.com/i/teamlogos/nba/500/scoreboard/atl.png,16,0,0,0,16,0
nba-401585298,2024,2024-01-31 00:30:00+00:00,IND,BOS,124,129,https://a.espncdn.com/i/teamlogos/nba/500/scoreboard/ind.png,https://a.espncdn.com/i/teamlogos/nba/500/scoreboard/bos.png,5,0,0,0,15,0
nba-401585299,2024,2024-01-31 00:30:00+00:00,UTAH,NY,103,118,https://a.espncdn.com/i/teamlogos/nba/500/scoreboard/utah.png,https://a.espncdn.com/i/teamlogos/nba/500/scoreboard/ny.png,15,0,0,0,20,0
nba-401585300,2024,2024-01-31 01:00:00+00:00,TOR,CHI,118,107,https://a.espncdn.com/i/teamlogos/nba/500/scoreboard/tor.png,https://a.espncdn.com/i/teamlogos/nba/500/scoreboard/chi.png,11,0,1,0,11,0
nba-401585301,2024,2024-01-31 03:00:00+00:00,PHI,GS,107,119,https://a.espncdn.com/i/teamlogos/nba/500/scoreboard/phi.png,https://a.espncdn.com/i/teamlogos/nba/500/scoreboard/gs.png,12,0,1,0,12,0
nba-401655119,2024,2024-04-25 23:00:00+00:00,CLE,ORL,83,121,https://a.espncdn.com/i/teamlogos/nba/500/scoreboard/cle.png,https://a.espncdn.com/i/teamlogos/nba/500/scoreboard/orl.png,38,0,0,0,38,1
nba-401655107,2024,2024-04-25 23:30:00+00:00,NY,PHI,114,125,https://a.espncdn.com/i/teamlogos/nba/500/scoreboard/ny.png,https://a.espncdn.com/i/teamlogos/nba/500/scoreboard/phi.png,11,0,1,0,13,1
nba-401655083,2024,2024-04-26 02:00:00+00:00,DEN,LAL,112,105,https://a.espncdn.com/i/teamlogos/nba/500/scoreboard/den.png,https://a.espncdn.com/i/teamlogos/nba/500/scoreboard/lal.png,7,0,1,0,10,1
nba-401584689,2024,2023-10-24 23:30:00+00:00,LAL,DEN,107,119,https://a.espncdn.com/i/teamlogos/nba/500/scoreboard/lal.png,https://a.espncdn.com/i/teamlogos/nba/500/scoreboard/den.png,12,0,0,0,14,0
nba-401584690,2024,2023-10-25 02:00:00+00:00,PHX,GS,108,104,https://a.espncdn.com/i/teamlogos/nba/500/scoreboard/phx.png,https://a.espncdn.com/i/teamlogos/nba/500/scoreboard/gs.png,4,0,2,1,15,0
nba-401468199,2023,2022-10-24 23:00:00+00:00,IND,PHI,106,120,https://a.espncdn.com/i/teamlogos/nba/500/scoreboard/ind.png,https://a.espncdn.com/i/teamlogos/nba/500/scoreboard/phi.png,14,0,0,0,18,0
nba-401468200,2023,2022-10-24 23:30:00+00:00,TOR,MIA,98,90,https://a.espncdn.com/i/teamlogos/nba/500/scoreboard/tor.png,https://a.espncdn.com/i/teamlogos/nba/500/scoreboard/mia.png,8,0,2,1,8,0
nba-401468201,2023,2022-10-24 23:30:00+00:00,ORL,NY,102,115,https://a.espncdn.com/i/teamlogos/nba/500/scoreboard/orl.png,https://a.espncdn.com/i/teamlogos/nba/500/scoreboard/ny.png,13,0,0,0,14,0
nba-401468202,2023,2022-10-25 00:00:00+00:00,BOS,CHI,102,120,https://a.espncdn.com/i/teamlogos/nba/500/scoreboard/bos.png,https://a.espncdn.com/i/teamlogos/nba/500/scoreboard/chi.png,18,0,1,0,21,0
nba-401468203,2023,2022-10-25 00:00:00+00:00,UTAH,HOU,108,114,https://a.espncdn.com/i/teamlogos/nba/500/scoreboard/utah.png,https://a.espncdn.com/i/teamlogos/nba/500/scoreboard/hou.png,6,0,0,0,6,0
nba-401468204,2023,2022-10-25 00:00:00+00:00,BKN,MEM,124,134,https://a.espncdn.com/i/teamlogos/nba/500/scoreboard/bkn.png,https://a.espncdn.com/i/teamlogos/nba/500/scoreboard/mem.png,10,0,2,0,12,0
nba-401468205,2023,2022-10-25 00:00:00+00:00,SA,MIN,115,106,https://a.espncdn.com/i/teamlogos/nba/500/scoreboard/sa.png,https://a.espncdn.com/i/teamlogos/nba/500/scoreboard/min.png,9,0,0,0,32,0
nba-401468206,2023,2022-10-25 02:00:00+00:00,DEN,POR,110,135,https://a.espncdn.com/i/teamlogos/nba/500/scoreboard/den.png,https://a.espncdn.com/i/teamlogos/nba/500/scoreboard/por.png,25,0,1,0,25,0
nba-401469226,2023,2023-03-20 23:00:00+00:00,IND,CHA,109,115,https://a.espncdn.com/i/teamlogos/nba/500/scoreboard/ind.png,https://a.espncdn.com/i/teamlogos/nba/500/scoreboard/cha.png,6,0,1,1,18,0
nba-401469227,2023,2023-03-20 23:00:00+00:00,CHI,PHI,109,105,https://a.espncdn.com/i/teamlogos/nba/500/scoreboard/chi.png,https://a.espncdn.com/i/teamlogos/nba/500/scoreboard/phi.png,4,2,1,0,5,0
nba-401469228,2023,2023-03-20 23:30:00+00:00,MIN,NY,140,134,https://a.espncdn.com/i/teamlogos/nba/500/scoreboard/min.png,https://a.espncdn.com/i/teamlogos/nba/500/scoreboard/ny.png,6,0,0,0,10,0
nba-401469229,2023,2023-03-21 00:00:00+00:00,GS,HOU,121,108,https://a.espncdn.com/i/teamlogos/nba/500/scoreboard/gs.png,https://a.espncdn.com/i/teamlogos/nba/500/scoreboard/hou.png,13,0,0,0,13,0
nba-401469230,2023,2023-03-21 00:00:00+00:00,DAL,MEM,108,112,https://a.espncdn.com/i/teamlogos/nba/500/scoreboard/dal.png,https://a.espncdn.com/i/teamlogos/nba/500/scoreboard/mem.png,4,0,2,1,13,0
nba-401469231,2023,2023-03-21 01:00:00+00:00,SAC,UTAH,120,128,https://a.espncdn.com/i/teamlogos/nba/500/scoreboard/sac.png,https://a.espncdn.com/i/teamlogos/nba/500/scoreboard/utah.png,8,0,0,0,21,0
nba-401360881,2022,2022-03-20 19:30:00+00:00,POR,IND,98,129,https://a.espncdn.com/i/teamlogos/nba/500/scoreboard/por.png,https://a.espncdn.com/i/teamlogos/nba/500/scoreboard/ind.png,31,0,0,0,31,0
nba-401360882,2022,2022-03-20 19:30:00+00:00,MEM,HOU,122,98,https://a.espncdn.com/i/teamlogos/nba/500/scoreboard/mem.png,https://a.espncdn.com/i/teamlogos/nba/500/scoreboard/hou.png,24,0,0,0,24,0
nba-401360883,2022,2022-03-20 22:00:00+00:00,NO,ATL,117,112,https://a.espncdn.com/i/teamlogos/nba/500/scoreboard/no.png,https://a.espncdn.com/i/teamlogos/nba/500/scoreboard/atl.png,5,0,0,0,17,0
nba-401360884,2022,2022-03-20 22:00:00+00:00,OKC,ORL,85,90,https://a.espncdn.com/i/teamlogos/nba/500/scoreboard/okc.png,https://a.espncdn.com/i/teamlogos/nba/500/scoreboard/orl.png,5,0,2,1,6,0
nba-401360885,2022,2022-03-20 22:00:00+00:00,PHX,SAC,127,124,https://a.espncdn.com/i/teamlogos/nba/500/scoreboard/phx.png,https://a.espncdn.com/i/teamlogos/nba/500/scoreboard/sac.png,3,1,1,1,10,0
nba-401360886,2022,2022-03-20 23:30:00+00:00,UTAH,NY,108,93,https://a.espncdn.com/i/teamlogos/nba/500/scoreboard/utah.png,https://a.espncdn.com/i/teamlogos/nba/500/scoreboard/ny.png,15,0,1,0,15,0
nba-401360887,2022,2022-03-21 00:00:00+00:00,BOS,DEN,124,104,https://a.espncdn.com/i/teamlogos/nba/500/scoreboard/bos.png,https://a.espncdn.com/i/teamlogos/nba/500/scoreboard/den.png,20,0,0,0,25,0
nba-401360888,2022,2022-03-21 00:30:00+00:00,TOR,PHI,93,88,https://a.espncdn.com/i/teamlogos/nba/500/scoreboard/tor.png,https://a.espncdn.com/i/teamlogos/nba/500/scoreboard/phi.png,5,0,3,1,10,0
nba-401360889,2022,2022-03-21 00:30:00+00:00,SA,GS,110,108,https://a.espncdn.com/i/teamlogos/nba/500/scoreboard/sa.png,https://a.espncdn.com/i/teamlogos/nba/500/scoreboard/gs.png,2,0,2,1,14,0
nba-401671998,2024,2024-05-22 00:00:00+00:00,IND,BOS,128,133,https://a.espncdn.com/i/teamlogos/nba/500/scoreboard/ind.png,https://a.espncdn.com/i/teamlogos/nba/500/scoreboard/bos.png,5,1,0,0,5,1
nba-401541172,2023,2023-04-18 23:00:00+00:00,ATL,BOS,106,119,https://a.espncdn.com/i/teamlogos/nba/500/scoreboard/atl.png,https://a.espncdn.com/i/teamlogos/nba/500/scoreboard/bos.png,13,0,0,0,13,1
nba-401541174,2023,2023-04-18 23:30:00+00:00,NY,CLE,90,107,https://a.espncdn.com/i/teamlogos/nba/500/scoreboard/ny.png,https://a.espncdn.com/i/teamlogos/nba/500/scoreboard/cle.png,17,0,0,0,22,1
nba-401541170,2023,2023-04-19 02:00:00+00:00,LAC,PHX,109,123,https://a.espncdn.com/i/teamlogos/nba/500/scoreboard/lac.png,https://a.espncdn.com/i/teamlogos/nba/500/scoreboard/phx.png,14,0,1,0,14,1
nba-401468532,2023,2022-12-10 00:00:00+00:00,NY,CHA,121,102,https://a.espncdn.com/i/teamlogos/nba/500/scoreboard/ny.png,https://a.espncdn.com/i/teamlogos/nba/500/scoreboard/cha.png,19,0,0,0,19,0
nba-401468533,2023,2022-12-10 00:00:00+00:00,WSH,IND,111,121,https://a.espncdn.com/i/teamlogos/nba/500/scoreboard/wsh.png,https://a.espncdn.com/i/teamlogos/nba/500/scoreboard/ind.png,10,0,1,0,10,0
nba-401468534,2023,2022-12-10 00:00:00+00:00,TOR,ORL,109,113,https://a.espncdn.com/i/teamlogos/nba/500/scoreboard/tor.png,https://a.espncdn.com/i/teamlogos/nba/500/scoreboard/orl.png,4,0,0,0,12,0
nba-401468535,2023,2022-12-10 00:30:00+00:00,ATL,BKN,116,120,https://a.espncdn.com/i/teamlogos/nba/500/scoreboard/atl.png,https://a.espncdn.com/i/teamlogos/nba/500/scoreboard/bkn.png,4,0,0,0,6,0
nba-401468536,2023,2022-12-10 00:30:00+00:00,SAC,CLE,106,95,https://a.espncdn.com/i/teamlogos/nba/500/scoreboard/sac.png,https://a.espncdn.com/i/teamlogos/nba/500/scoreboard/cle.png,11,0,2,1,11,0
nba-401468537,2023,2022-12-10 00:30:00+00:00,LAL,PHI,122,133,https://a.espncdn.com/i/teamlogos/nba/500/scoreboard/lal.png,https://a.espncdn.com/i/teamlogos/nba/500/scoreboard/phi.png,11,1,0,0,11,0
nba-401468538,2023,2022-12-10 01:00:00+00:00,DET,MEM,103,114,https://a.espncdn.com/i/teamlogos/nba/500/scoreboard/det.png,https://a.espncdn.com/i/teamlogos/nba/500/scoreboard/mem.png,11,0,0,0,20,0
nba-401468539,2023,2022-12-10 01:30:00+00:00,PHX,NO,117,128,https://a.espncdn.com/i/teamlogos/nba/500/scoreboard/phx.png,https://a.espncdn.com/i/teamlogos/nba/500/scoreboard/no.png,11,0,1,0,13,0
nba-401468540,2023,2022-12-10 02:00:00+00:00,MIN,UTAH,118,108,https://a.espncdn.com/i/teamlogos/nba/500/scoreboard/min.png,https://a.espncdn.com/i/teamlogos/nba/500/scoreboard/utah.png,10,0,0,0,15,0
nba-401468541,2023,2022-12-10 03:00:00+00:00,MIL,DAL,106,105,https://a.espncdn.com/i/teamlogos/nba/500/scoreboard/mil.png,https://a.espncdn.com/i/teamlogos/nba/500/scoreboard/dal.png,1,0,3,1,11,0
nba-401607495,2024,2023-12-10 01:30:00+00:00,IND,LAL,109,123,https://a.espncdn.com/i/teamlogos/nba/500/scoreboard/ind.png,https://a.espncdn.com/i/teamlogos/nba/500/scoreboard/lal.png,14,0,0,0,14,0
nba-401430233,2022,2022-04-18 23:30:00+00:00,TOR,PHI,97,112,https://a.espncdn.com/i/teamlogos/nba/500/scoreboard/tor.png,https://a.espncdn.com/i/teamlogos/nba/500/scoreboard/phi.png,15,0,1,0,24,1
nba-401430232,2022,2022-04-19 00:30:00+00:00,UTAH,DAL,104,110,https://a.espncdn.com/i/teamlogos/nba/500/scoreboard/utah.png,https://a.espncdn.com/i/teamlogos/nba/500/scoreboard/dal.png,6,0,1,1,7,1
nba-401430247,2022,2022-04-19 02:00:00+00:00,DEN,GS,106,126,https://a.espncdn.com/i/teamlogos/nba/500/scoreboard/den.png,https://a.espncdn.com/i/teamlogos/nba/500/scoreboard/gs.png,20,0,1,0,20,1
nba-401360708,2022,2022-02-25 00:00:00+00:00,CLE,DET,103,106,https://a.espncdn.com/i/teamlogos/nba/500/scoreboard/cle.png,https://a.espncdn.com/i/teamlogos/nba/500/scoreboard/det.png,3,0,1,1,6,0
nba-401360709,2022,2022-02-25 00:30:00+00:00,BOS,BKN,129,106,https://a.espncdn.com/i/teamlogos/nba/500/scoreboard/bos.png,https://a.espncdn.com/i/teamlogos/nba/500/scoreboard/bkn.png,23,0,0,0,23,0
nba-401360710,2022,2022-02-25 01:00:00+00:00,ATL,CHI,108,112,https://a.espncdn.com/i/teamlogos/nba/500/scoreboard/atl.png,https://a.espncdn.com/i/teamlogos/nba/500/scoreboard/chi.png,4,0,0,0,5,0
nba-401360711,2022,2022-02-25 01:00:00+00:00,MEM,MIN,114,119,https://a.espncdn.com/i/teamlogos/nba/500/scoreboard/mem.png,https://a.espncdn.com/i/teamlogos/nba/500/scoreboard/min.png,5,0,1,0,10,0
nba-401360712,2022,2022-02-25 01:00:00+00:00,PHX,OKC,124,104,https://a.espncdn.com/i/teamlogos/nba/500/scoreboard/phx.png,https://a.espncdn.com/i/teamlogos/nba/500/scoreboard/okc.png,20,0,0,0,20,0
nba-401360713,2022,2022-02-25 03:00:00+00:00,GS,POR,132,95,https://a.espncdn.com/i/teamlogos/nba/500/scoreboard/gs.png,https://a.espncdn.com/i/teamlogos/nba/500/scoreboard/por.png,37,0,1,0,37,0
nba-401360714,2022,2022-02-25 03:00:00+00:00,DEN,SAC,128,110,https://a.espncdn.com/i/teamlogos/nba/500/scoreboard/den.png,https://a.espncdn.com/i/teamlogos/nba/500/scoreboard/sac.png,18,0,0,0,18,0
nba-401585262,2024,2024-01-27 00:00:00+00:00,DAL,ATL,148,143,https://a.espncdn.com/i/teamlogos/nba/500/scoreboard/dal.png,https://a.espncdn.com/i/teamlogos/nba/500/scoreboard/atl.png,5,0,1,0,6,0
nba-401585263,2024,2024-01-27 00:00:00+00:00,HOU,CHA,138,104,https://a.espncdn.com/i/teamlogos/nba/500/scoreboard/hou.png,https://a.espncdn.com/i/teamlogos/nba/500/scoreboard/cha.png,34,0,0,0,34,0
nba-401585264,2024,2024-01-27 00:00:00+00:00,PHX,IND,131,133,https://a.espncdn.com/i/teamlogos/nba/500/scoreboard/phx.png,https://a.espncdn.com/i/teamlogos/nba/500/scoreboard/ind.png,2,0,1,1,10,0
nba-401585265,2024,2024-01-27 00:30:00+00:00,LAC,TOR,127,107,https://a.espncdn.com/i/teamlogos/nba/500/scoreboard/lac.png,https://a.espncdn.com/i/teamlogos/nba/500/scoreboard/tor.png,20,0,0,0,20,0
nba-401585266,2024,2024-01-27 01:00:00+00:00,ORL,MEM,106,107,https://a.espncdn.com/i/teamlogos/nba/500/scoreboard/orl.png,https://a.espncdn.com/i/teamlogos/nba/500/scoreboard/mem.png,1,0,0,0,9,0
nba-401585267,2024,2024-01-27 01:00:00+00:00,CLE,MIL,112,100,https://a.espncdn.com/i/teamlogos/nba/500/scoreboard/cle.png,https://a.espncdn.com/i/teamlogos/nba/500/scoreboard/mil.png,12,0,2,0,12,0
nba-401585268,2024,2024-01-27 01:00:00+00:00,OKC,NO,107,83,https://a.espncdn.com/i/teamlogos/nba/500/scoreboard/okc.png,https://a.espncdn.com/i/teamlogos/nba/500/scoreboard/no.png,24,0,1,0,24,0
nba-401585269,2024,2024-01-27 02:30:00+00:00,POR,SA,100,116,https://a.espncdn.com/i/teamlogos/nba/500/scoreboard/por.png,https://a.espncdn.com/i/teamlogos/nba/500/scoreboard/sa.png,16,0,1,0,16,0
nba-401469050,2023,2023-02-25 00:00:00+00:00,NY,WSH,115,109,https://a.espncdn.com/i/teamlogos/nba/500/scoreboard/ny.png,https://a.espncdn.com/i/teamlogos/nba/500/scoreboard/wsh.png,6,0,1,0,11,0
nba-401469051,2023,2023-02-25 00:30:00+00:00,CLE,ATL,119,136,https://a.espncdn.com/i/teamlogos/nba/500/scoreboard/cle.png,https://a.espncdn.com/i/teamlogos/nba/500/scoreboard/atl.png,17,0,0,0,25,0
nba-401469052,2023,2023-02-25 00:30:00+00:00,MIA,MIL,99,128,https://a.espncdn.com/i/teamlogos/nba/500/scoreboard/mia.png,https://a.espncdn.com/i/teamlogos/nba/500/scoreboard/mil.png,29,0,0,0,29,0
nba-401469053,2023,2023-02-25 01:00:00+00:00,CHA,MIN,121,113,https://a.espncdn.com/i/teamlogos/nba/500/scoreboard/cha.png,https://a.espncdn.com/i/teamlogos/nba/500/scoreboard/min.png,8,0,0,0,8,0
nba-401469055,2023,2023-02-25 01:00:00+00:00,BKN,CHI,87,131,https://a.espncdn.com/i/teamlogos/nba/500/scoreboard/bkn.png,https://a.espncdn.com/i/teamlogos/nba/500/scoreboard/chi.png,44,0,0,0,46,0
nba-401469054,2023,2023-02-25 03:00:00+00:00,OKC,PHX,115,124,https://a.espncdn.com/i/teamlogos/nba/500/scoreboard/okc.png,https://a.espncdn.com/i/teamlogos/nba/500/scoreboard/phx.png,9,0,1,0,9,0
nba-401469056,2023,2023-02-25 03:00:00+00:00,HOU,GS,101,116,https://a.espncdn.com/i/teamlogos/nba/500/scoreboard/hou.png,https://a.espncdn.com/i/teamlogos/nba/500/scoreboard/gs.png,15,0,0,0,17,0
nba-401469057,2023,2023-02-25 03:30:00+00:00,SAC,LAC,176,175,https://a.espncdn.com/i/teamlogos/nba/500/scoreboard/sac.png,https://a.espncdn.com/i/teamlogos/nba/500/scoreboard/lac.png,1,2,1,1,7,0
nba-401360129,2022,2021-11-30 00:00:00+00:00,ORL,PHI,96,101,https://a.espncdn.com/i/teamlogos/nba/500/scoreboard/orl.png,https://a.espncdn.com/i/teamlogos/nba/500/scoreboard/phi.png,5,0,0,0,12,0
nba-401360130,2022,2021-11-30 00:30:00+00:00,DEN,MIA,120,111,https://a.espncdn.com/i/teamlogos/nba/500/scoreboard/den.png,https://a.espncdn.com/i/teamlogos/nba/500/scoreboard/mia.png,9,0,0,0,20,0
nba-401360131,2022,2021-11-30 01:00:00+00:00,CHA,CHI,119,133,https://a.espncdn.com/i/teamlogos/nba/500/scoreboard/cha.png,https://a.espncdn.com/i/teamlogos/nba/500/scoreboard/chi.png,14,0,1,0,19,0
nba-401360132,2022,2021-11-30 01:00:00+00:00,OKC,HOU,89,102,https://a.espncdn.com/i/teamlogos/nba/500/scoreboard/okc.png,https://a.espncdn.com/i/teamlogos/nba/500/scoreboard/hou.png,13,0,0,0,13,0
nba-401360133,2022,2021-11-30 01:00:00+00:00,IND,MIN,98,100,https://a.espncdn.com/i/teamlogos/nba/500/scoreboard/ind.png,https://a.espncdn.com/i/teamlogos/nba/500/scoreboard/min.png,2,0,1,0,9,0
nba-401360134,2022,2021-11-30 01:30:00+00:00,CLE,DAL,114,96,https://a.espncdn.com/i/teamlogos/nba/500/scoreboard/cle.png,https://a.espncdn.com/i/teamlogos/nba/500/scoreboard/dal.png,18,0,0,0,22,0
nba-401360135,2022,2021-11-30 01:30:00+00:00,WSH,SA,99,116,https://a.espncdn.com/i/teamlogos/nba/500/scoreboard/wsh.png,https://a.espncdn.com/i/teamlogos/nba/500/scoreboard/sa.png,17,0,1,0,17,0
nba-401360136,2022,2021-11-30 02:00:00+00:00,POR,UTAH,107,129,https://a.espncdn.com/i/teamlogos/nba/500/scoreboard/por.png,https://a.espncdn.com/i/teamlogos/nba/500/scoreboard/utah.png,22,0,1,0,22,0
nba-401360137,2022,2021-11-30 03:30:00+00:00,NO,LAC,123,104,https://a.espncdn.com/i/teamlogos/nba/500/scoreboard/no.png,https://a.espncdn.com/i/teamlogos/nba/500/scoreboard/lac.png,19,0,0,0,19,0
nba-401468395,2023,2022-11-20 20:30:00+00:00,NY,PHX,95,116,https://a.espncdn.com/i/teamlogos/nba/500/scoreboard/ny.png,https://a.espncdn.com/i/teamlogos/nba/500/scoreboard/phx.png,21,0,0,0,21,0
nba-401468396,2023,2022-11-20 23:00:00+00:00,CHA,WSH,102,106,https://a.espncdn.com/i/teamlogos/nba/500/scoreboard/cha.png,https://a.espncdn.com/i/teamlogos/nba/500/scoreboard/wsh.png,4,0,2,1,8,0
nba-401468397,2023,2022-11-20 23:00:00+00:00,DET,SAC,129,137,https://a.espncdn.com/i/teamlogos/nba/500/scoreboard/det.png,https://a.espncdn.com/i/teamlogos/nba/500/scoreboard/sac.png,8,0,2,0,8,0
nba-401468398,2023,2022-11-21 00:00:00+00:00,MEM,BKN,115,127,https://a.espncdn.com/i/teamlogos/nba/500/scoreboard/mem.png,https://a.espncdn.com/i/teamlogos/nba/500/scoreboard/bkn.png,12,0,1,0,12,0
nba-401468399,2023,2022-11-21 00:00:00+00:00,MIA,CLE,87,113,https://a.espncdn.com/i/teamlogos/nba/500/scoreboard/mia.png,https://a.espncdn.com/i/teamlogos/nba/500/scoreboard/cle.png,26,0,0,0,31,0
nba-401468400,2023,2022-11-21 00:00:00+00:00,GS,HOU,127,120,https://a.espncdn.com/i/teamlogos/nba/500/scoreboard/gs.png,https://a.espncdn.com/i/teamlogos/nba/500/scoreboard/hou.png,7,0,2,0,12,0
nba-401468401,2023,2022-11-21 00:30:00+00:00,DEN,DAL,98,97,https://a.espncdn.com/i/teamlogos/nba/500/scoreboard/den.png,https://a.espncdn.com/i/teamlogos/nba/500/scoreboard/dal.png,1,0,1,0,5,0
nba-401468402,2023,2022-11-21 02:30:00+00:00,SA,LAL,92,123,https://a.espncdn.com/i/teamlogos/nba/500/scoreboard/sa.png,https://a.espncdn.com/i/teamlogos/nba/500/scoreboard/lal.png,31,0,0,0,31,0
nba-401584845,2024,2023-11-21 00:00:00+00:00,BOS,CHA,118,121,https://a.espncdn.com/i/teamlogos/nba/500/scoreboard/bos.png,https://a.espncdn.com/i/teamlogos/nba/500/scoreboard/cha.png,3,1,1,1,11,0
nba-401584846,2024,2023-11-21 00:00:00+00:00,DEN,DET,107,103,https://a.espncdn.com/i/teamlogos/nba/500/scoreboard/den.png,https://a.espncdn.com/i/teamlogos/nba/500/scoreboard/det.png,4,0,0,0,4,0
nba-401584847,2024,2023-11-21 00:00:00+00:00,MIL,WSH,142,129,https://a.espncdn.com/i/teamlogos/nba/500/scoreboard/mil.png,https://a.espncdn.com/i/teamlogos/nba/500/scoreboard/wsh.png,13,0,0,0,13,0
nba-401584848,2024,2023-11-21 01:00:00+00:00,MIA,CHI,118,100,https://a.espncdn.com/i/teamlogos/nba/500/scoreboard/mia.png,https://a.espncdn.com/i/teamlogos/nba/500/scoreboard/chi.png,18,0,0,0,18,0
nba-401584849,2024,2023-11-21 01:00:00+00:00,NY,MIN,100,117,https://a.espncdn.com/i/teamlogos/nba/500/scoreboard/ny.png,https://a.espncdn.com/i/teamlogos/nba/500/scoreboard/min.png,17,0,0,0,18,0
nba-401584850,2024,2023-11-21 01:00:00+00:00,SAC,NO,93,129,https://a.espncdn.com/i/teamlogos/nba/500/scoreboard/sac.png,https://a.espncdn.com/i/teamlogos/nba/500/scoreboard/no.png,36,0,1,0,36,0
nba-401584851,2024,2023-11-21 01:00:00+00:00,LAC,SA,124,99,https://a.espncdn.com/i/teamlogos/nba/500/scoreboard/lac.png,https://a.espncdn.com/i/teamlogos/nba/500/scoreboard/sa.png,25,0,0,0,25,0
nba-401584852,2024,2023-11-21 03:00:00+00:00,HOU,GS,116,121,https://a.espncdn.com/i/teamlogos/nba/500/scoreboard/hou.png,https://a.espncdn.com/i/teamlogos/nba/500/scoreboard/gs.png,5,0,0,0,11,0
nba-401438948,2022,2022-05-27 01:00:00+00:00,DAL,GS,110,120,https://a.espncdn.com/i/teamlogos/nba/500/scoreboard/dal.png,https://a.espncdn.com/i/teamlogos/nba/500/scoreboard/gs.png,10,0,0,0,17,1
nba-401585705,2024,2024-03-31 19:30:00+00:00,CLE,DEN,101,130,https://a.espncdn.com/i/teamlogos/nba/500/scoreboard/cle.png,https://a.espncdn.com/i/teamlogos/nba/500/scoreboard/den.png,29,0,0,0,29,0
nba-401585706,2024,2024-03-31 22:00:00+00:00,LAL,BKN,116,104,https://a.espncdn.com/i/teamlogos/nba/500/scoreboard/lal.png,https://a.espncdn.com/i/teamlogos/nba/500/scoreboard/bkn.png,12,0,0,0,23,0
nba-401585707,2024,2024-03-31 22:00:00+00:00,LAC,CHA,130,118,https://a.espncdn.com/i/teamlogos/nba/500/scoreboard/lac.png,https://a.espncdn.com/i/teamlogos/nba/500/scoreboard/cha.png,12,0,0,0,12,0
nba-401585708,2024,2024-03-31 22:00:00+00:00,PHI,TOR,135,120,https://a.espncdn.com/i/teamlogos/nba/500/scoreboard/phi.png,https://a.espncdn.com/i/teamlogos/nba/500/scoreboard/tor.png,15,0,0,0,16,0
nba-401585709,2024,2024-03-31 22:00:00+00:00,MIA,WSH,119,107,https://a.espncdn.com/i/teamlogos/nba/500/scoreboard/mia.png,https://a.espncdn.com/i/teamlogos/nba/500/scoreboard/wsh.png,12,0,0,0,15,0
nba-401585710,2024,2024-03-31 23:00:00+00:00,OKC,NY,113,112,https://a.espncdn.com/i/teamlogos/nba/500/scoreboard/okc.png,https://a.espncdn.com/i/teamlogos/nba/500/scoreboard/ny.png,1,0,3,1,10,0
nba-401585711,2024,2024-03-31 23:00:00+00:00,DAL,HOU,125,107,https://a.espncdn.com/i/teamlogos/nba/500/scoreboard/dal.png,https://a.espncdn.com/i/teamlogos/nba/500/scoreboard/hou.png,18,0,0,0,21,0
nba-401585712,2024,2024-03-31 23:00:00+00:00,CHI,MIN,109,101,https://a.espncdn.com/i/teamlogos/nba/500/scoreboard/chi.png,https://a.espncdn.com/i/teamlogos/nba/500/scoreboard/min.png,8,0,0,0,11,0
nba-401585713,2024,2024-03-31 23:00:00+00:00,GS,SA,117,113,https://a.espncdn.com/i/teamlogos/nba/500/scoreboard/gs.png,https://a.espncdn.com/i/teamlogos/nba/500/scoreboard/sa.png,4,0,1,0,8,0
nba-401585714,2024,2024-04-01 01:00:00+00:00,UTAH,SAC,106,127,https://a.espncdn.com/i/teamlogos/nba/500/scoreboard/utah.png,https://a.espncdn.com/i/teamlogos/nba/500/scoreboard/sac.png,21,0,0,0,21,0
nba-401468847,2023,2023-01-21 22:00:00+00:00,BOS,TOR,106,104,https://a.espncdn.com/i/teamlogos/nba/500/scoreboard/bos.png,https://a.espncdn.com/i/teamlogos/nba/500/scoreboard/tor.png,2,0,1,1,7,0
nba-401468848,2023,2023-01-22 00:00:00+00:00,ORL,WSH,118,138,https://a.espncdn.com/i/teamlogos/nba/500/scoreboard/orl.png,https://a.espncdn.com/i/teamlogos/nba/500/scoreboard/wsh.png,20,0,0,0,20,0
nba-401468849,2023,2023-01-22 00:30:00+00:00,CHA,ATL,122,118,https://a.espncdn.com/i/teamlogos/nba/500/scoreboard/cha.png,https://a.espncdn.com/i/teamlogos/nba/500/scoreboard/atl.png,4,0,1,1,16,0
nba-401468850,2023,2023-01-22 00:30:00+00:00,MIL,CLE,102,114,https://a.espncdn.com/i/teamlogos/nba/500/scoreboard/mil.png,https://a.espncdn.com/i/teamlogos/nba/500/scoreboard/cle.png,12,0,1,0,12,0
nba-401468851,2023,2023-01-22 01:00:00+00:00,HOU,MIN,104,113,https://a.espncdn.com/i/teamlogos/nba/500/scoreboard/hou.png,https://a.espncdn.com/i/teamlogos/nba/500/scoreboard/min.png,9,0,1,0,9,0
nba-401468852,2023,2023-01-22 02:00:00+00:00,IND,PHX,107,112,https://a.espncdn.com/i/teamlogos/nba/500/scoreboard/ind.png,https://a.espncdn.com/i/teamlogos/nba/500/scoreboard/phx.png,5,0,0,0,5,0
nba-401468853,2023,2023-01-22 03:00:00+00:00,PHI,SAC,129,127,https://a.espncdn.com/i/teamlogos/nba/500/scoreboard/phi.png,https://a.espncdn.com/i/teamlogos/nba/500/scoreboard/sac.png,2,0,1,0,10,0
nba-401585432,2024,2024-02-24 00:30:00+00:00,TOR,ATL,123,121,https://a.espncdn.com/i/teamlogos/nba/500/scoreboard/tor.png,https://a.espncdn.com/i/teamlogos/nba/500/scoreboard/atl.png,2,0,0,0,11,0
nba-401585433,2024,2024-02-24 00:30:00+00:00,CLE,PHI,97,104,https://a.espncdn.com/i/teamlogos/nba/500/scoreboard/cle.png,https://a.espncdn.com/i/teamlogos/nba/500/scoreboard/phi.png,7,0,0,0,7,0
nba-401585434,2024,2024-02-24 01:00:00+00:00,PHX,HOU,110,114,https://a.espncdn.com/i/teamlogos/nba/500/scoreboard/phx.png,https://a.espncdn.com/i/teamlogos/nba/500/scoreboard/hou.png,4,0,1,0,13,0
nba-401585435,2024,2024-02-24 01:00:00+00:00,LAC,MEM,101,95,https://a.espncdn.com/i/teamlogos/nba/500/scoreboard/lac.png,https://a.espncdn.com/i/teamlogos/nba/500/scoreboard/mem.png,6,0,1,0,6,0
nba-401585437,2024,2024-02-24 01:00:00+00:00,WSH,OKC,106,147,https://a.espncdn.com/i/teamlogos/nba/500/scoreboard/wsh.png,https://a.espncdn.com/i/teamlogos/nba/500/scoreboard/okc.png,41,0,0,0,41,0
nba-401585438,2024,2024-02-24 01:00:00+00:00,MIA,NO,106,95,https://a.espncdn.com/i/teamlogos/nba/500/scoreboard/mia.png,https://a.espncdn.com/i/teamlogos/nba/500/scoreboard/no.png,11,0,0,0,11,0
nba-401585436,2024,2024-02-24 03:00:00+00:00,MIL,MIN,112,107,https://a.espncdn.com/i/teamlogos/nba/500/scoreboard/mil.png,https://a.espncdn.com/i/teamlogos/nba/500/scoreboard/min.png,5,0,2,0,17,0
nba-401585439,2024,2024-02-24 03:00:00+00:00,CHA,GS,84,97,https://a.espncdn.com/i/teamlogos/nba/500/scoreboard/cha.png,https://a.espncdn.com/i/teamlogos/nba/500/scoreboard/gs.png,13,0,0,0,21,0
nba-401585440,2024,2024-02-24 03:00:00+00:00,DEN,POR,127,112,https://a.espncdn.com/i/teamlogos/nba/500/scoreboard/den.png,https://a.espncdn.com/i/teamlogos/nba/500/scoreboard/por.png,15,0,0,0,18,0
nba-401585441,2024,2024-02-24 03:30:00+00:00,SA,LAL,118,123,https://a.espncdn.com/i/teamlogos/nba/500/scoreboard/sa.png,https://a.espncdn.com/i/teamlogos/nba/500/scoreboard/lal.png,5,0,0,0,7,0
nba-401360503,2022,2022-01-22 00:00:00+00:00,OKC,CHA,98,121,https://a.espncdn.com/i/teamlogos/nba/500/scoreboard/okc.png,https://a.espncdn.com/i/teamlogos/nba/500/scoreboard/cha.png,23,0,0,0,23,0
nba-401360504,2022,2022-01-22 00:00:00+00:00,LAL,ORL,116,105,https://a.espncdn.com/i/teamlogos/nba/500/scoreboard/lal.png,https://a.espncdn.com/i/teamlogos/nba/500/scoreboard/orl.png,11,0,1,0,11,0
nba-401360505,2022,2022-01-22 00:00:00+00:00,LAC,PHI,102,101,https://a.espncdn.com/i/teamlogos/nba/500/scoreboard/lac.png,https://a.espncdn.com/i/teamlogos/nba/500/scoreboard/phi.png,1,0,2,1,14,0
nba-401360506,2022,2022-01-22 00:30:00+00:00,MIA,ATL,108,110,https://a.espncdn.com/i/teamlogos/nba/500/scoreboard/mia.png,https://a.espncdn.com/i/teamlogos/nba/500/scoreboard/atl.png,2,0,0,0,14,0
nba-401360507,2022,2022-01-22 00:30:00+00:00,POR,BOS,109,105,https://a.espncdn.com/i/teamlogos/nba/500/scoreboard/por.png,https://a.espncdn.com/i/teamlogos/nba/500/scoreboard/bos.png,4,0,2,0,5,0
nba-401360508,2022,2022-01-22 01:00:00+00:00,TOR,WSH,109,105,https://a.espncdn.com/i/teamlogos/nba/500/scoreboard/tor.png,https://a.espncdn.com/i/teamlogos/nba/500/scoreboard/wsh.png,4,0,1,0,14,0
nba-401360509,2022,2022-01-22 01:00:00+00:00,CHI,MIL,90,94,https://a.espncdn.com/i/teamlogos/nba/500/scoreboard/chi.png,https://a.espncdn.com/i/teamlogos/nba/500/scoreboard/mil.png,4,0,2,1,4,0
nba-401360510,2022,2022-01-22 01:30:00+00:00,BKN,SA,117,102,https://a.espncdn.com/i/teamlogos/nba/500/scoreboard/bkn.png,https://a.espncdn.com/i/teamlogos/nba/500/scoreboard/sa.png,15,0,1,0,15,0
nba-401360511,2022,2022-01-22 02:00:00+00:00,MEM,DEN,122,118,https://a.espncdn.com/i/teamlogos/nba/500/scoreboard/mem.png,https://a.espncdn.com/i/teamlogos/nba/500/scoreboard/den.png,4,0,0,0,9,0
nba-401360512,2022,2022-01-22 02:00:00+00:00,DET,UTAH,101,111,https://a.espncdn.com/i/teamlogos/nba/500/scoreboard/det.png,https://a.espncdn.com/i/teamlogos/nba/500/scoreboard/utah.png,10,0,0,0,10,0
nba-401360513,2022,2022-01-22 03:00:00+00:00,HOU,GS,103,105,https://a.espncdn.com/i/teamlogos/nba/500/scoreboard/hou.png,https://a.espncdn.com/i/teamlogos/nba/500/scoreboard/gs.png,2,0,1,0,11,0
nba-401585029,2024,2023-12-25 17:00:00+00:00,MIL,NY,122,129,https://a.espncdn.com/i/teamlogos/nba/500/scoreboard/mil.png,https://a.espncdn.com/i/teamlogos/nba/500/scoreboard/ny.png,7,0,0,0,11,0
nba-401585030,2024,2023-12-25 19:30:00+00:00,GS,DEN,114,120,https://a.espncdn.com/i/teamlogos/nba/500/scoreboard/gs.png,https://a.espncdn.com/i/teamlogos/nba/500/scoreboard/den.png,6,0,2,0,6,0
nba-401585031,2024,2023-12-25 22:00:00+00:00,BOS,LAL,126,115,https://a.espncdn.com/i/teamlogos/nba/500/scoreboard/bos.png,https://a.espncdn.com/i/teamlogos/nba/500/scoreboard/lal.png,11,0,0,0,11,0
nba-401585032,2024,2023-12-26 01:00:00+00:00,PHI,MIA,113,119,https://a.espncdn.com/i/teamlogos/nba/500/scoreboard/phi.png,https://a.espncdn.com/i/teamlogos/nba/500/scoreboard/mia.png,6,0,0,0,14,0
nba-401585033,2024,2023-12-26 03:43:00+00:00,DAL,PHX,128,114,https://a.espncdn.com/i/teamlogos/nba/500/scoreboard/dal.png,https://a.espncdn.com/i/teamlogos/nba/500/scoreboard/phx.png,14,0,2,1,14,0
nba-401468648,2023,2022-12-25 17:00:00+00:00,PHI,NY,119,112,https://a.espncdn.com/i/teamlogos/nba/500/scoreboard/phi.png,https://a.espncdn.com/i/teamlogos/nba/500/scoreboard/ny.png,7,0,1,1,12,0
nba-401468649,2023,2022-12-25 19:30:00+00:00,LAL,DAL,115,124,https://a.espncdn.com/i/teamlogos/nba/500/scoreboard/lal.png,https://a.espncdn.com/i/teamlogos/nba/500/scoreboard/dal.png,9,0,1,0,19,0
nba-401468650,2023,2022-12-25 22:00:00+00:00,MIL,BOS,118,139,https://a.espncdn.com/i/teamlogos/nba/500/scoreboard/mil.png,https://a.espncdn.com/i/teamlogos/nba/500/scoreboard/bos.png,21,0,0,0,21,0
nba-401468651,2023,2022-12-26 01:00:00+00:00,MEM,GS,109,123,https://a.espncdn.com/i/teamlogos/nba/500/scoreboard/mem.png,https://a.espncdn.com/i/teamlogos/nba/500/scoreboard/gs.png,14,0,0,0,15,0
nba-401468652,2023,2022-12-26 03:30:00+00:00,PHX,DEN,125,128,https://a.espncdn.com/i/teamlogos/nba/500/scoreboard/phx.png,https://a.espncdn.com/i/teamlogos/nba/500/scoreboard/den.png,3,1,2,1,6,0
nba-401359948,2022,2021-11-05 23:00:00+00:00,BKN,DET,96,90,https://a.espncdn.com/i/teamlogos/nba/500/scoreboard/bkn.png,https://a.espncdn.com/i/teamlogos/nba/500/scoreboard/det.png,6,0,0,0,16,0
nba-401359949,2022,2021-11-05 23:00:00+00:00,SA,ORL,102,89,https://a.espncdn.com/i/teamlogos/nba/500/scoreboard/sa.png,https://a.espncdn.com/i/teamlogos/nba/500/scoreboard/orl.png,13,0,0,0,13,0
nba-401359950,2022,2021-11-05 23:00:00+00:00,MEM,WSH,87,115,https://a.espncdn.com/i/teamlogos/nba/500/scoreboard/mem.png,https://a.espncdn.com/i/teamlogos/nba/500/scoreboard/wsh.png,28,0,0,0,28,0
nba-401359951,2022,2021-11-05 23:30:00+00:00,CLE,TOR,102,101,https://a.espncdn.com/i/teamlogos/nba/500/scoreboard/cle.png,https://a.espncdn.com/i/teamlogos/nba/500/scoreboard/tor.png,1,0,1,1,9,0
nba-401359952,2022,2021-11-05 23:30:00+00:00,NY,MIL,113,98,https://a.espncdn.com/i/teamlogos/nba/500/scoreboard/ny.png,https://a.espncdn.com/i/teamlogos/nba/500/scoreboard/mil.png,15,0,1,0,19,0
nba-401359953,2022,2021-11-06 00:00:00+00:00,LAC,MIN,104,84,https://a.espncdn.com/i/teamlogos/nba/500/scoreboard/lac.png,https://a.espncdn.com/i/teamlogos/nba/500/scoreboard/min.png,20,0,1,0,20,0
nba-401359954,2022,2021-11-06 02:00:00+00:00,NO,GS,85,126,https://a.espncdn.com/i/teamlogos/nba/500/scoreboard/no.png,https://a.espncdn.com/i/teamlogos/nba/500/scoreboard/gs.png,41,0,0,0,41,0
nba-401359955,2022,2021-11-06 02:00:00+00:00,IND,POR,106,110,https://a.espncdn.com/i/teamlogos/nba/500/scoreboard/ind.png,https://a.espncdn.com/i/teamlogos/nba/500/scoreboard/por.png,4,0,2,1,6,0
nba-401359956,2022,2021-11-06 02:00:00+00:00,CHA,SAC,110,140,https://a.espncdn.com/i/teamlogos/nba/500/scoreboard/cha.png,https://a.espncdn.com/i/teamlogos/nba/500/scoreboard/sac.png,30,0,0,0,30,0
nba-401468977,2023,2023-02-09 00:00:00+00:00,DET,CLE,85,113,https://a.espncdn.com/i/teamlogos/nba/500/scoreboard/det.png,https://a.espncdn.com/i/teamlogos/nba/500/scoreboard/cle.png,28,0,0,0,28,0
nba-401468978,2023,2023-02-09 00:00:00+00:00,CHA,WSH,104,118,https://a.espncdn.com/i/teamlogos/nba/500/scoreboard/cha.png,https://a.espncdn.com/i/teamlogos/nba/500/scoreboard/wsh.png,14,0,0,0,14,0
nba-401468979,2023,2023-02-09 00:30:00+00:00,PHI,BOS,99,106,https://a.espncdn.com/i/teamlogos/nba/500/scoreboard/phi.png,https://a.espncdn.com/i/teamlogos/nba/500/scoreboard/bos.png,7,0,0,0,7,0
nba-401468980,2023,2023-02-09 00:30:00+00:00,IND,MIA,111,116,https://a.espncdn.com/i/teamlogos/nba/500/scoreboard/ind.png,https://a.espncdn.com/i/teamlogos/nba/500/scoreboard/mia.png,5,0,2,0,9,0
nba-401468981,2023,2023-02-09 00:30:00+00:00,SA,TOR,98,112,https://a.espncdn.com/i/teamlogos/nba/500/scoreboard/sa.png,https://a.espncdn.com/i/teamlogos/nba/500/scoreboard/tor.png,14,0,0,0,14,0
nba-401468982,2023,2023-02-09 01:00:00+00:00,SAC,HOU,130,128,https://a.espncdn.com/i/teamlogos/nba/500/scoreboard/sac.png,https://a.espncdn.com/i/teamlogos/nba/500/scoreboard/hou.png,2,0,1,0,7,0
nba-401468983,2023,2023-02-09 02:00:00+00:00,MIN,UTAH,143,118,https://a.espncdn.com/i/teamlogos/nba/500/scoreboard/min.png,https://a.espncdn.com/i/teamlogos/nba/500/scoreboard/utah.png,25,0,0,0,29,0
nba-401468984,2023,2023-02-09 03:00:00+00:00,DAL,LAC,110,104,https://a.espncdn.com/i/teamlogos/nba/500/scoreboard/dal.png,https://a.espncdn.com/i/teamlogos/nba/500/scoreboard/lac.png,6,0,0,0,16,0
nba-401468985,2023,2023-02-09 03:00:00+00:00,GS,POR,122,125,https://a.espncdn.com/i/teamlogos/nba/500/scoreboard/gs.png,https://a.espncdn.com/i/teamlogos/nba/500/scoreboard/por.png,3,0,2,0,7,0
nba-401360634,2022,2022-02-09 00:00:00+00:00,PHX,PHI,114,109,https://a.espncdn.com/i/teamlogos/nba/500/scoreboard/phx.png,https://a.espncdn.com/i/teamlogos/nba/500/scoreboard/phi.png,5,0,2,1,5,0
nba-401360635,2022,2022-02-09 00:30:00+00:00,IND,ATL,112,133,https://a.espncdn.com/i/teamlogos/nba/500/scoreboard/ind.png,https://a.espncdn.com/i/teamlogos/nba/500/scoreboard/atl.png,21,0,0,0,31,0
nba-401360636,2022,2022-02-09 00:30:00+00:00,BOS,BKN,126,91,https://a.espncdn.com/i/teamlogos/nba/500/scoreboard/bos.png,https://a.espncdn.com/i/teamlogos/nba/500/scoreboard/bkn.png,35,0,0,0,35,0
nba-401360637,2022,2022-02-09 01:00:00+00:00,LAC,MEM,109,135,https://a.espncdn.com/i/teamlogos/nba/500/scoreboard/lac.png,https://a.espncdn.com/i/teamlogos/nba/500/scoreboard/mem.png,26,0,0,0,30,0
nba-401360638,2022,2022-02-09 01:00:00+00:00,HOU,NO,97,110,https://a.espncdn.com/i/teamlogos/nba/500/scoreboard/hou.png,https://a.espncdn.com/i/teamlogos/nba/500/scoreboard/no.png,13,0,0,0,13,0
nba-401360639,2022,2022-02-09 01:30:00+00:00,DET,DAL,86,116,https://a.espncdn.com/i/teamlogos/nba/500/scoreboard/det.png,https://a.espncdn.com/i/teamlogos/nba/500/scoreboard/dal.png,30,0,0,0,30,0
nba-401360640,2022,2022-02-09 02:00:00+00:00,NY,DEN,115,132,https://a.espncdn.com/i/teamlogos/nba/500/scoreboard/ny.png,https://a.espncdn.com/i/teamlogos/nba/500/scoreboard/den.png,17,0,0,0,23,0
nba-401360641,2022,2022-02-09 03:00:00+00:00,MIL,LAL,131,116,https://a.espncdn.com/i/teamlogos/nba/500/scoreboard/mil.png,https://a.espncdn.com/i/teamlogos/nba/500/scoreboard/lal.png,15,0,0,0,24,0
nba-401360642,2022,2022-02-09 03:00:00+00:00,ORL,POR,113,95,https://a.espncdn.com/i/teamlogos/nba/500/scoreboard/orl.png,https://a.espncdn.com/i/teamlogos/nba/500/scoreboard/por.png,18,0,0,0,18,0
nba-401360643,2022,2022-02-09 03:00:00+00:00,MIN,SAC,134,114,https://a.espncdn.com/i/teamlogos/nba/500/scoreboard/min.png,https://a.espncdn.com/i/teamlogos/nba/500/scoreboard/sac.png,20,0,0,0,20,0
nba-401541189,2023,2023-04-22 17:00:00+00:00,PHI,BKN,96,88,https://a.espncdn.com/i/teamlogos/nba/500/scoreboard/phi.png,https://a.espncdn.com/i/teamlogos/nba/500/scoreboard/bkn.png,8,0,1,0,8,1
nba-401541186,2023,2023-04-22 19:30:00+00:00,PHX,LAC,112,100,https://a.espncdn.com/i/teamlogos/nba/500/scoreboard/phx.png,https://a.espncdn.com/i/teamlogos/nba/500/scoreboard/lac.png,12,0,1,0,12,1
nba-401541179,2023,2023-04-22 23:30:00+00:00,MIL,MIA,99,121,https://a.espncdn.com/i/teamlogos/nba/500/scoreboard/mil.png,https://a.espncdn.com/i/teamlogos/nba/500/scoreboard/mia.png,22,0,0,0,22,1
nba-401541176,2023,2023-04-23 02:10:00+00:00,MEM,LAL,101,111,https://a.espncdn.com/i/teamlogos/nba/500/scoreboard/mem.png,https://a.espncdn.com/i/teamlogos/nba/500/scoreboard/lal.png,10,0,0,0,26,1
nba-401430217,2022,2022-04-22 23:55:00+00:00,MIA,ATL,110,111,https://a.espncdn.com/i/teamlogos/nba/500/scoreboard/mia.png,https://a.espncdn.com/i/teamlogos/nba/500/scoreboard/atl.png,1,0,3,1,8,1
nba-401430248,2022,2022-04-23 00:30:00+00:00,MIL,CHI,111,81,https://a.espncdn.com/i/teamlogos/nba/500/scoreboard/mil.png,https://a.espncdn.com/i/teamlogos/nba/500/scoreboard/chi.png,30,0,0,0,31,1
nba-401430224,2022,2022-04-23 02:00:00+00:00,PHX,NO,114,111,https://a.espncdn.com/i/teamlogos/nba/500/scoreboard/phx.png,https://a.espncdn.com/i/teamlogos/nba/500/scoreboard/no.png,3,0,1,0,11,1
nba-401585772,2024,2024-04-09 23:00:00+00:00,DAL,CHA,130,104,https://a.espncdn.com/i/teamlogos/nba/500/scoreboard/dal.png,https://a.espncdn.com/i/teamlogos/nba/500/scoreboard/cha.png,26,0,0,0,26,0
nba-401585773,2024,2024-04-09 23:00:00+00:00,DET,PHI,102,120,https://a.espncdn.com/i/teamlogos/nba/500/scoreboard/det.png,https://a.espncdn.com/i/teamlogos/nba/500/scoreboard/phi.png,18,0,0,0,18,0
nba-401585774,2024,2024-04-09 23:00:00+00:00,IND,TOR,140,123,https://a.espncdn.com/i/teamlogos/nba/500/scoreboard/ind.png,https://a.espncdn.com/i/teamlogos/nba/500/scoreboard/tor.png,17,0,1,0,17,0
nba-401585775,2024,2024-04-09 23:30:00+00:00,MIA,ATL,117,111,https://a.espncdn.com/i/teamlogos/nba/500/scoreboard/mia.png,https://a.espncdn.com/i/teamlogos/nba/500/scoreboard/atl.png,6,2,0,0,12,0
nba-401585776,2024,2024-04-09 23:30:00+00:00,BOS,MIL,91,104,https://a.espncdn.com/i/teamlogos/nba/500/scoreboard/bos.png,https://a.espncdn.com/i/teamlogos/nba/500/scoreboard/mil.png,13,0,0,0,20,0
nba-401585777,2024,2024-04-10 00:00:00+00:00,NY,CHI,128,117,https://a.espncdn.com/i/teamlogos/nba/500/scoreboard/ny.png,https://a.espncdn.com/i/teamlogos/nba/500/scoreboard/chi.png,11,0,0,0,11,0
nba-401585778,2024,2024-04-10 00:00:00+00:00,ORL,HOU,106,118,https://a.espncdn.com/i/teamlogos/nba/500/scoreboard/orl.png,https://a.espncdn.com/i/teamlogos/nba/500/scoreboard/hou.png,12,0,0,0,15,0
nba-401585779,2024,2024-04-10 00:00:00+00:00,SA,MEM,102,87,https://a.espncdn.com/i/teamlogos/nba/500/scoreboard/sa.png,https://a.espncdn.com/i/teamlogos/nba/500/scoreboard/mem.png,15,0,1,0,16,0
nba-401585780,2024,2024-04-10 00:00:00+00:00,WSH,MIN,121,130,https://a.espncdn.com/i/teamlogos/nba/500/scoreboard/wsh.png,https://a.espncdn.com/i/teamlogos/nba/500/scoreboard/min.png,9,0,1,0,18,0
nba-401585781,2024,2024-04-10 00:00:00+00:00,SAC,OKC,105,112,https://a.espncdn.com/i/teamlogos/nba/500/scoreboard/sac.png,https://a.espncdn.com/i/teamlogos/nba/500/scoreboard/okc.png,7,0,1,1,19,0
nba-401585782,2024,2024-04-10 01:00:00+00:00,DEN,UTAH,111,95,https://a.espncdn.com/i/teamlogos/nba/500/scoreboard/den.png,https://a.espncdn.com/i/teamlogos/nba/500/scoreboard/utah.png,16,0,0,0,17,0
nba-401585783,2024,2024-04-10 02:00:00+00:00,GS,LAL,134,120,https://a.espncdn.com/i/teamlogos/nba/500/scoreboard/gs.png,https://a.espncdn.com/i/teamlogos/nba/500/scoreboard/lal.png,14,0,0,0,17,0
nba-401585784,2024,2024-04-10 02:00:00+00:00,LAC,PHX,105,92,https://a.espncdn.com/i/teamlogos/nba/500/scoreboard/lac.png,https://a.espncdn.com/i/teamlogos/nba/500/scoreboard/phx.png,13,0,0,0,33,0
nba-401585785,2024,2024-04-10 02:00:00+00:00,NO,POR,110,100,https://a.espncdn.com/i/teamlogos/nba/500/scoreboard/no.png,https://a.espncdn.com/i/teamlogos/nba/500/scoreboard/por.png,10,0,2,0,10,0
nba-401360009,2022,2021-11-13 22:00:00+00:00,MIA,UTAH,111,105,https://a.espncdn.com/i/teamlogos/nba/500/scoreboard/mia.png,https://a.espncdn.com/i/teamlogos/nba/500/scoreboard/utah.png,6,0,0,0,26,0
nba-401360010,2022,2021-11-14 00:00:00+00:00,PHI,IND,113,118,https://a.espncdn.com/i/teamlogos/nba/500/scoreboard/phi.png,https://a.espncdn.com/i/teamlogos/nba/500/scoreboard/ind.png,5,0,0,0,12,0
nba-401360011,2022,2021-11-14 00:00:00+00:00,WSH,ORL,104,92,https://a.espncdn.com/i/teamlogos/nba/500/scoreboard/wsh.png,https://a.espncdn.com/i/teamlogos/nba/500/scoreboard/orl.png,12,0,0,0,23,0
nba-401360012,2022,2021-11-14 00:00:00+00:00,MEM,NO,101,112,https://a.espncdn.com/i/teamlogos/nba/500/scoreboard/mem.png,https://a.espncdn.com/i/teamlogos/nba/500/scoreboard/no.png,11,0,0,0,18,0
nba-401360013,2022,2021-11-14 00:30:00+00:00,DET,TOR,127,121,https://a.espncdn.com/i/teamlogos/nba/500/scoreboard/det.png,https://a.espncdn.com/i/teamlogos/nba/500/scoreboard/tor.png,6,0,3,1,6,0
nba-401360014,2022,2021-11-14 01:00:00+00:00,BOS,CLE,89,91,https://a.espncdn.com/i/teamlogos/nba/500/scoreboard/bos.png,https://a.espncdn.com/i/teamlogos/nba/500/scoreboard/cle.png,2,0,1,1,14,0
nba-401360015,2022,2021-11-14 03:30:00+00:00,MIN,LAC,102,129,https://a.espncdn.com/i/teamlogos/nba/500/scoreboard/min.png,https://a.espncdn.com/i/teamlogos/nba/500/scoreboard/lac.png,27,0,0,0,27,0
nba-401585676,2024,2024-03-27 23:00:00+00:00,CLE,CHA,111,118,https://a.espncdn.com/i/teamlogos/nba/500/scoreboard/cle.png,https://a.espncdn.com/i/teamlogos/nba/500/scoreboard/cha.png,7,0,1,0,10,0
nba-401585677,2024,2024-03-27 23:00:00+00:00,GS,ORL,101,93,https://a.espncdn.com/i/teamlogos/nba/500/scoreboard/gs.png,https://a.espncdn.com/i/teamlogos/nba/500/scoreboard/orl.png,8,0,0,0,16,0
nba-401585678,2024,2024-03-27 23:00:00+00:00,BKN,WSH,122,119,https://a.espncdn.com/i/teamlogos/nba/500/scoreboard/bkn.png,https://a.espncdn.com/i/teamlogos/nba/500/scoreboard/wsh.png,3,1,1,0,7,0
nba-401585679,2024,2024-03-27 23:30:00+00:00,POR,ATL,106,120,https://a.espncdn.com/i/teamlogos/nba/500/scoreboard/por.png,https://a.espncdn.com/i/teamlogos/nba/500/scoreboard/atl.png,14,0,1,0,14,0
nba-401585680,2024,2024-03-27 23:30:00+00:00,LAC,PHI,108,107,https://a.espncdn.com/i/teamlogos/nba/500/scoreboard/lac.png,https://a.espncdn.com/i/teamlogos/nba/500/scoreboard/phi.png,1,0,1,1,12,0
nba-401585681,2024,2024-03-27 23:30:00+00:00,NY,TOR,145,101,https://a.espncdn.com/i/teamlogos/nba/500/scoreboard/ny.png,https://a.espncdn.com/i/teamlogos/nba/500/scoreboard/tor.png,44,0,0,0,44,0
nba-401585682,2024,2024-03-28 00:00:00+00:00,IND,CHI,99,125,https://a.espncdn.com/i/teamlogos/nba/500/scoreboard/ind.png,https://a.espncdn.com/i/teamlogos/nba/500/scoreboard/chi.png,26,0,0,0,26,0
nba-401585683,2024,2024-03-28 00:00:00+00:00,LAL,MEM,136,124,https://a.espncdn.com/i/teamlogos/nba/500/scoreboard/lal.png,https://a.espncdn.com/i/teamlogos/nba/500/scoreboard/mem.png,12,0,0,0,12,0
nba-401585684,2024,2024-03-28 00:00:00+00:00,DET,MIN,91,106,https://a.espncdn.com/i/teamlogos/nba/500/scoreboard/det.png,https://a.espncdn.com/i/teamlogos/nba/500/scoreboard/min.png,15,0,0,0,15,0
nba-401585685,2024,2024-03-28 00:00:00+00:00,HOU,OKC,132,126,https://a.espncdn.com/i/teamlogos/nba/500/scoreboard/hou.png,https://a.espncdn.com/i/teamlogos/nba/500/scoreboard/okc.png,6,1,2,1,11,0
nba-401585686,2024,2024-03-28 01:00:00+00:00,SA,UTAH,118,111,https://a.espncdn.com/i/teamlogos/nba/500/scoreboard/sa.png,https://a.espncdn.com/i/teamlogos/nba/500/scoreboard/utah.png,7,0,0,0,14,0
nba-401585687,2024,2024-03-28 02:00:00+00:00,PHX,DEN,104,97,https://a.espncdn.com/i/teamlogos/nba/500/scoreboard/phx.png,https://a.espncdn.com/i/teamlogos/nba/500/scoreboard/den.png,7,0,0,0,10,0
nba-401474876,2023,2022-10-08 16:00:00+00:00,ATL,MIL,118,109,https://a.espncdn.com/i/teamlogos/nba/500/scoreboard/atl.png,https://a.espncdn.com/i/teamlogos/nba/500/scoreboard/mil.png,9,0,1,0,21,0
nba-401591872,2024,2023-10-08 17:00:00+00:00,CHI,MIL,102,105,https://a.espncdn.com/i/teamlogos/nba/500/scoreboard/chi.png,https://a.espncdn.com/i/teamlogos/nba/500/scoreboard/mil.png,3,0,1,1,9,0
nba-401591873,2024,2023-10-08 19:00:00+00:00,PHX,DET,130,126,https://a.espncdn.com/i/teamlogos/nba/500/scoreboard/phx.png,https://a.espncdn.com/i/teamlogos/nba/500/scoreboard/det.png,4,1,0,0,20,0
nba-401591874,2024,2023-10-08 22:00:00+00:00,PHI,BOS,106,114,https://a.espncdn.com/i/teamlogos/nba/500/scoreboard/phi.png,https://a.espncdn.com/i/teamlogos/nba/500/scoreboard/bos.png,8,0,1,0,9,0
nba-401591875,2024,2023-10-09 00:00:00+00:00,IND,MEM,122,127,https://a.espncdn.com/i/teamlogos/nba/500/scoreboard/ind.png,https://a.espncdn.com/i/teamlogos/nba/500/scoreboard/mem.png,5,1,0,0,7,0
nba-401591876,2024,2023-10-09 00:00:00+00:00,SAC,TOR,99,112,https://a.espncdn.com/i/teamlogos/nba/500/scoreboard/sac.png,https://a.espncdn.com/i/teamlogos/nba/500/scoreboard/tor.png,13,0,0,0,21,0
nba-401591877,2024,2023-10-09 01:00:00+00:00,UTAH,LAC,101,96,https://a.espncdn.com/i/teamlogos/nba/500/scoreboard/utah.png,https://a.espncdn.com/i/teamlogos/nba/500/scoreboard/lac.png,5,0,1,0,7,0
nba-401655102,2024,2024-04-29 23:30:00+00:00,BOS,MIA,102,88,https://a.espncdn.com/i/teamlogos/nba/500/scoreboard/bos.png,https://a.espncdn.com/i/teamlogos/nba/500/scoreboard/mia.png,14,0,0,0,22,1
nba-401655078,2024,2024-04-30 00:30:00+00:00,OKC,NO,97,89,https://a.espncdn.com/i/teamlogos/nba/500/scoreboard/okc.png,https://a.espncdn.com/i/teamlogos/nba/500/scoreboard/no.png,8,0,2,1,8,1
nba-401655085,2024,2024-04-30 02:00:00+00:00,LAL,DEN,106,108,https://a.espncdn.com/i/teamlogos/nba/500/scoreboard/lal.png,https://a.espncdn.com/i/teamlogos/nba/500/scoreboard/den.png,2,0,2,0,4,1
nba-401469318,2023,2023-04-02 17:00:00+00:00,TOR,CHA,128,108,https://a.espncdn.com/i/teamlogos/nba/500/scoreboard/tor.png,https://a.espncdn.com/i/teamlogos/nba/500/scoreboard/cha.png,20,0,0,0,20,0
nba-401469319,2023,2023-04-02 19:30:00+00:00,UTAH,BKN,110,111,https://a.espncdn.com/i/teamlogos/nba/500/scoreboard/utah.png,https://a.espncdn.com/i/teamlogos/nba/500/scoreboard/bkn.png,1,0,0,0,17,0
nba-401469320,2023,2023-04-02 19:30:00+00:00,MEM,CHI,107,128,https://a.espncdn.com/i/teamlogos/nba/500/scoreboard/mem.png,https://a.espncdn.com/i/teamlogos/nba/500/scoreboard/chi.png,21,0,1,0,21,0
nba-401469321,2023,2023-04-02 19:30:00+00:00,POR,MIN,107,105,https://a.espncdn.com/i/teamlogos/nba/500/scoreboard/por.png,https://a.espncdn.com/i/teamlogos/nba/500/scoreboard/min.png,2,0,2,1,6,0
nba-401469322,2023,2023-04-02 22:00:00+00:00,DAL,ATL,130,132,https://a.espncdn.com/i/teamlogos/nba/500/scoreboard/dal.png,https://a.espncdn.com/i/teamlogos/nba/500/scoreboard/atl.png,2,1,0,0,8,0
nba-401469323,2023,2023-04-02 22:00:00+00:00,WSH,NY,109,118,https://a.espncdn.com/i/teamlogos/nba/500/scoreboard/wsh.png,https://a.espncdn.com/i/teamlogos/nba/500/scoreboard/ny.png,9,0,2,0,9,0
nba-401469324,2023,2023-04-02 22:00:00+00:00,DET,ORL,102,128,https://a.espncdn.com/i/teamlogos/nba/500/scoreboard/det.png,https://a.espncdn.com/i/teamlogos/nba/500/scoreboard/orl.png,26,0,0,0,26,0
nba-401469325,2023,2023-04-02 22:00:00+00:00,SA,SAC,142,134,https://a.espncdn.com/i/teamlogos/nba/500/scoreboard/sa.png,https://a.espncdn.com/i/teamlogos/nba/500/scoreboard/sac.png,8,1,0,0,8,0
nba-401469326,2023,2023-04-02 23:00:00+00:00,LAL,HOU,134,109,https://a.espncdn.com/i/teamlogos/nba/500/scoreboard/lal.png,https://a.espncdn.com/i/teamlogos/nba/500/scoreboard/hou.png,25,0,0,0,25,0
nba-401469327,2023,2023-04-02 23:00:00+00:00,PHX,OKC,128,118,https://a.espncdn.com/i/teamlogos/nba/500/scoreboard/phx.png,https://a.espncdn.com/i/teamlogos/nba/500/scoreboard/okc.png,10,0,0,0,14,0
nba-401469328,2023,2023-04-03 00:00:00+00:00,IND,CLE,105,115,https://a.espncdn.com/i/teamlogos/nba/500/scoreboard/ind.png,https://a.espncdn.com/i/teamlogos/nba/500/scoreboard/cle.png,10,0,1,1,10,0
nba-401469329,2023,2023-04-03 00:00:00+00:00,PHI,MIL,104,117,https://a.espncdn.com/i/teamlogos/nba/500/scoreboard/phi.png,https://a.espncdn.com/i/teamlogos/nba/500/scoreboard/mil.png,13,0,0,0,16,0
nba-401469330,2023,2023-04-03 00:30:00+00:00,GS,DEN,110,112,https://a.espncdn.com/i/teamlogos/nba/500/scoreboard/gs.png,https://a.espncdn.com/i/teamlogos/nba/500/scoreboard/den.png,2,0,1,0,10,0
nba-401468564,2023,2022-12-14 00:00:00+00:00,SAC,PHI,103,123,https://a.espncdn.com/i/teamlogos/nba/500/scoreboard/sac.png,https://a.espncdn.com/i/teamlogos/nba/500/scoreboard/phi.png,20,0,0,0,25,0
nba-401468565,2023,2022-12-14 00:30:00+00:00,GS,MIL,111,128,https://a.espncdn.com/i/teamlogos/nba/500/scoreboard/gs.png,https://a.espncdn.com/i/teamlogos/nba/500/scoreboard/mil.png,17,0,0,0,18,0
nba-401468566,2023,2022-12-14 01:00:00+00:00,PHX,HOU,97,111,https://a.espncdn.com/i/teamlogos/nba/500/scoreboard/phx.png,https://a.espncdn.com/i/teamlogos/nba/500/scoreboard/hou.png,14,0,0,0,19,0
nba-401468567,2023,2022-12-14 02:00:00+00:00,NO,UTAH,100,121,https://a.espncdn.com/i/teamlogos/nba/500/scoreboard/no.png,https://a.espncdn.com/i/teamlogos/nba/500/scoreboard/utah.png,21,0,1,0,21,0
nba-401468568,2023,2022-12-14 03:00:00+00:00,BOS,LAL,122,118,https://a.espncdn.com/i/teamlogos/nba/500/scoreboard/bos.png,https://a.espncdn.com/i/teamlogos/nba/500/scoreboard/lal.png,4,1,0,0,15,0
nba-401584938,2024,2023-12-14 00:00:00+00:00,PHI,DET,129,111,https://a.espncdn.com/i/teamlogos/nba/500/scoreboard/phi.png,https://a.espncdn.com/i/teamlogos/nba/500/scoreboard/det.png,18,0,0,0,24,0
nba-401584939,2024,2023-12-14 00:00:00+00:00,NO,WSH,142,122,https://a.espncdn.com/i/teamlogos/nba/500/scoreboard/no.png,https://a.espncdn.com/i/teamlogos/nba/500/scoreboard/wsh.png,20,0,1,0,20,0
nba-401584940,2024,2023-12-14 00:30:00+00:00,CHA,MIA,104,115,https://a.espncdn.com/i/teamlogos/nba/500/scoreboard/cha.png,https://a.espncdn.com/i/teamlogos/nba/500/scoreboard/mia.png,11,0,1,0,21,0
nba-401584941,2024,2023-12-14 00:30:00+00:00,ATL,TOR,128,135,https://a.espncdn.com/i/teamlogos/nba/500/scoreboard/atl.png,https://a.espncdn.com/i/teamlogos/nba/500/scoreboard/tor.png,7,0,1,0,8,0
nba-401584942,2024,2023-12-14 01:00:00+00:00,MEM,HOU,104,117,https://a.espncdn.com/i/teamlogos/nba/500/scoreboard/mem.png,https://a.espncdn.com/i/teamlogos/nba/500/scoreboard/hou.png,13,0,0,0,14,0
nba-401584943,2024,2023-12-14 01:00:00+00:00,IND,MIL,126,140,https://a.espncdn.com/i/teamlogos/nba/500/scoreboard/ind.png,https://a.espncdn.com/i/teamlogos/nba/500/scoreboard/mil.png,14,0,0,0,14,0
nba-401584944,2024,2023-12-14 01:00:00+00:00,LAL,SA,122,119,https://a.espncdn.com/i/teamlogos/nba/500/scoreboard/lal.png,https://a.espncdn.com/i/teamlogos/nba/500/scoreboard/sa.png,3,0,0,0,18,0
nba-401584945,2024,2023-12-14 02:00:00+00:00,BKN,PHX,116,112,https://a.espncdn.com/i/teamlogos/nba/500/scoreboard/bkn.png,https://a.espncdn.com/i/teamlogos/nba/500/scoreboard/phx.png,4,0,2,1,9,0
nba-401584946,2024,2023-12-14 02:00:00+00:00,NY,UTAH,113,117,https://a.espncdn.com/i/teamlogos/nba/500/scoreboard/ny.png,https://a.espncdn.com/i/teamlogos/nba/500/scoreboard/utah.png,4,0,1,0,9,0
nba-401360980,2022,2022-04-02 16:30:00+00:00,CHA,PHI,114,144,https://a.espncdn.com/i/teamlogos/nba/500/scoreboard/cha.png,https://a.espncdn.com/i/teamlogos/nba/500/scoreboard/phi.png,30,0,0,0,30,0
nba-401360981,2022,2022-04-02 17:00:00+00:00,CLE,NY,119,101,https://a.espncdn.com/i/teamlogos/nba/500/scoreboard/cle.png,https://a.espncdn.com/i/teamlogos/nba/500/scoreboard/ny.png,18,0,0,0,18,0
nba-401360982,2022,2022-04-02 23:30:00+00:00,BKN,ATL,115,122,https://a.espncdn.com/i/teamlogos/nba/500/scoreboard/bkn.png,https://a.espncdn.com/i/teamlogos/nba/500/scoreboard/atl.png,7,0,1,0,15,0
nba-401360983,2022,2022-04-03 00:00:00+00:00,MIA,CHI,127,109,https://a.espncdn.com/i/teamlogos/nba/500/scoreboard/mia.png,https://a.espncdn.com/i/teamlogos/nba/500/scoreboard/chi.png,18,0,0,0,19,0
nba-401360984,2022,2022-04-03 00:30:00+00:00,UTAH,GS,107,111,https://a.espncdn.com/i/teamlogos/nba/500/scoreboard/utah.png,https://a.espncdn.com/i/teamlogos/nba/500/scoreboard/gs.png,4,0,1,1,13,0
nba-401360473,2022,2022-01-17 17:30:00+00:00,NO,BOS,92,104,https://a.espncdn.com/i/teamlogos/nba/500/scoreboard/no.png,https://a.espncdn.com/i/teamlogos/nba/500/scoreboard/bos.png,12,0,1,0,12,0
nba-401360474,2022,2022-01-17 18:00:00+00:00,CHA,NY,97,87,https://a.espncdn.com/i/teamlogos/nba/500/scoreboard/cha.png,https://a.espncdn.com/i/teamlogos/nba/500/scoreboard/ny.png,10,0,0,0,19,0
nba-401360475,2022,2022-01-17 19:00:00+00:00,PHI,WSH,98,117,https://a.espncdn.com/i/teamlogos/nba/500/scoreboard/phi.png,https://a.espncdn.com/i/teamlogos/nba/500/scoreboard/wsh.png,19,0,0,0,19,0
nba-401360476,2022,2022-01-17 20:00:00+00:00,BKN,CLE,107,114,https://a.espncdn.com/i/teamlogos/nba/500/scoreboard/bkn.png,https://a.espncdn.com/i/teamlogos/nba/500/scoreboard/cle.png,7,0,3,1,7,0
nba-401360477,2022,2022-01-17 20:30:00+00:00,CHI,MEM,106,119,https://a.espncdn.com/i/teamlogos/nba/500/scoreboard/chi.png,https://a.espncdn.com/i/teamlogos/nba/500/scoreboard/mem.png,13,0,0,0,20,0
nba-401360478,2022,2022-01-17 20:30:00+00:00,IND,LAC,133,139,https://a.espncdn.com/i/teamlogos/nba/500/scoreboard/ind.png,https://a.espncdn.com/i/teamlogos/nba/500/scoreboard/lac.png,6,0,0,0,14,0
nba-401360479,2022,2022-01-17 23:00:00+00:00,MIL,ATL,114,121,https://a.espncdn.com/i/teamlogos/nba/500/scoreboard/mil.png,https://a.espncdn.com/i/teamlogos/nba/500/scoreboard/atl.png,7,0,1,1,12,0
nba-401360480,2022,2022-01-18 00:00:00+00:00,POR,ORL,98,88,https://a.espncdn.com/i/teamlogos/nba/500/scoreboard/por.png,https://a.espncdn.com/i/teamlogos/nba/500/scoreboard/orl.png,10,0,0,0,20,0
nba-401360481,2022,2022-01-18 00:30:00+00:00,TOR,MIA,99,104,https://a.espncdn.com/i/teamlogos/nba/500/scoreboard/tor.png,https://a.espncdn.com/i/teamlogos/nba/500/scoreboard/mia.png,5,0,1,0,7,0
nba-401360482,2022,2022-01-18 01:30:00+00:00,OKC,DAL,102,104,https://a.espncdn.com/i/teamlogos/nba/500/scoreboard/okc.png,https://a.espncdn.com/i/teamlogos/nba/500/scoreboard/dal.png,2,0,0,0,11,0
nba-401360483,2022,2022-01-18 01:30:00+00:00,PHX,SA,121,107,https://a.espncdn.com/i/teamlogos/nba/500/scoreboard/phx.png,https://a.espncdn.com/i/teamlogos/nba/500/scoreboard/sa.png,14,0,2,1,14,0
nba-401360484,2022,2022-01-18 03:30:00+00:00,UTAH,LAL,95,101,https://a.espncdn.com/i/teamlogos/nba/500/scoreboard/utah.png,https://a.espncdn.com/i/teamlogos/nba/500/scoreboard/lal.png,6,0,3,1,6,0
nba-401585418,2024,2024-02-16 01:30:00+00:00,MIL,MEM,110,113,https://a.espncdn.com/i/teamlogos/nba/500/scoreboard/mil.png,https://a.espncdn.com/i/teamlogos/nba/500/scoreboard/mem.png,3,0,0,0,9,0
nba-401636113,2024,2024-02-16 02:00:00+00:00,GS,UTAH,140,137,https://a.espncdn.com/i/teamlogos/nba/500/scoreboard/gs.png,https://a.espncdn.com/i/teamlogos/nba/500/scoreboard/utah.png,3,0,1,0,18,0
nba-401585419,2024,2024-02-16 03:00:00+00:00,MIN,POR,128,91,https://a.espncdn.com/i/teamlogos/nba/500/scoreboard/min.png,https://a.espncdn.com/i/teamlogos/nba/500/scoreboard/por.png,37,0,0,0,37,0
nba-401468820,2023,2023-01-18 00:30:00+00:00,TOR,MIL,122,130,https://a.espncdn.com/i/teamlogos/nba/500/scoreboard/tor.png,https://a.espncdn.com/i/teamlogos/nba/500/scoreboard/mil.png,8,0,2,0,10,0
nba-401468821,2023,2023-01-18 01:00:00+00:00,BKN,SA,98,106,https://a.espncdn.com/i/teamlogos/nba/500/scoreboard/bkn.png,https://a.espncdn.com/i/teamlogos/nba/500/scoreboard/sa.png,8,0,0,0,12,0
nba-401468822,2023,2023-01-18 02:00:00+00:00,POR,DEN,113,122,https://a.espncdn.com/i/teamlogos/nba/500/scoreboard/por.png,https://a.espncdn.com/i/teamlogos/nba/500/scoreboard/den.png,9,0,0,0,12,0
nba-401468823,2023,2023-01-18 03:00:00+00:00,PHI,LAC,120,110,https://a.espncdn.com/i/teamlogos/nba/500/scoreboard/phi.png,https://a.espncdn.com/i/teamlogos/nba/500/scoreboard/lac.png,10,0,0,0,11,0
nba-401468225,2023,2022-10-28 23:00:00+00:00,ATL,DET,136,112,https://a.espncdn.com/i/teamlogos/nba/500/scoreboard/atl.png,https://a.espncdn.com/i/teamlogos/nba/500/scoreboard/det.png,24,0,0,0,24,0
nba-401468226,2023,2022-10-28 23:00:00+00:00,CHA,ORL,93,113,https://a.espncdn.com/i/teamlogos/nba/500/scoreboard/cha.png,https://a.espncdn.com/i/teamlogos/nba/500/scoreboard/orl.png,20,0,0,0,29,0
nba-401468227,2023,2022-10-28 23:30:00+00:00,CLE,BOS,132,123,https://a.espncdn.com/i/teamlogos/nba/500/scoreboard/cle.png,https://a.espncdn.com/i/teamlogos/nba/500/scoreboard/bos.png,9,1,1,1,13,0
nba-401468228,2023,2022-10-28 23:30:00+00:00,PHI,TOR,112,90,https://a.espncdn.com/i/teamlogos/nba/500/scoreboard/phi.png,https://a.espncdn.com/i/teamlogos/nba/500/scoreboard/tor.png,22,0,0,0,22,0
nba-401468229,2023,2022-10-28 23:30:00+00:00,IND,WSH,127,117,https://a.espncdn.com/i/teamlogos/nba/500/scoreboard/ind.png,https://a.espncdn.com/i/teamlogos/nba/500/scoreboard/wsh.png,10,0,0,0,15,0
nba-401468230,2023,2022-10-29 00:00:00+00:00,NY,MIL,108,119,https://a.espncdn.com/i/teamlogos/nba/500/scoreboard/ny.png,https://a.espncdn.com/i/teamlogos/nba/500/scoreboard/mil.png,11,0,0,0,11,0
nba-401468231,2023,2022-10-29 00:00:00+00:00,LAL,MIN,102,111,https://a.espncdn.com/i/teamlogos/nba/500/scoreboard/lal.png,https://a.espncdn.com/i/teamlogos/nba/500/scoreboard/min.png,9,0,0,0,9,0
nba-401468232,2023,2022-10-29 00:30:00+00:00,CHI,SA,124,129,https://a.espncdn.com/i/teamlogos/nba/500/scoreboard/chi.png,https://a.espncdn.com/i/teamlogos/nba/500/scoreboard/sa.png,5,0,0,0,7,0
nba-401468233,2023,2022-10-29 01:00:00+00:00,UTAH,DEN,101,117,https://a.espncdn.com/i/teamlogos/nba/500/scoreboard/utah.png,https://a.espncdn.com/i/teamlogos/nba/500/scoreboard/den.png,16,0,0,0,16,0
nba-401468235,2023,2022-10-29 02:00:00+00:00,HOU,POR,111,125,https://a.espncdn.com/i/teamlogos/nba/500/scoreboard/hou.png,https://a.espncdn.com/i/teamlogos/nba/500/scoreboard/por.png,14,0,0,0,14,0
nba-401468234,2023,2022-10-29 02:15:00+00:00,NO,PHX,111,124,https://a.espncdn.com/i/teamlogos/nba/500/scoreboard/no.png,https://a.espncdn.com/i/teamlogos/nba/500/scoreboard/phx.png,13,0,1,0,13,0
nba-401584716,2024,2023-10-28 23:00:00+00:00,CHI,DET,102,118,https://a.espncdn.com/i/teamlogos/nba/500/scoreboard/chi.png,https://a.espncdn.com/i/teamlogos/nba/500/scoreboard/det.png,16,0,0,0,16,0
nba-401584717,2024,2023-10-28 23:00:00+00:00,MEM,WSH,106,113,https://a.espncdn.com/i/teamlogos/nba/500/scoreboard/mem.png,https://a.espncdn.com/i/teamlogos/nba/500/scoreboard/wsh.png,7,0,0,0,16,0
nba-401584718,2024,2023-10-28 23:00:00+00:00,NY,NO,87,96,https://a.espncdn.com/i/teamlogos/nba/500/scoreboard/ny.png,https://a.espncdn.com/i/teamlogos/nba/500/scoreboard/no.png,9,0,0,0,18,0
nba-401584719,2024,2023-10-28 23:30:00+00:00,IND,CLE,125,113,https://a.espncdn.com/i/teamlogos/nba/500/scoreboard/ind.png,https://a.espncdn.com/i/teamlogos/nba/500/scoreboard/cle.png,12,0,1,0,12,0
nba-401584720,2024,2023-10-28 23:30:00+00:00,PHI,TOR,114,107,https://a.espncdn.com/i/teamlogos/nba/500/scoreboard/phi.png,https://a.espncdn.com/i/teamlogos/nba/500/scoreboard/tor.png,7,0,1,0,12,0
nba-401584721,2024,2023-10-29 00:00:00+00:00,MIA,MIN,90,106,https://a.espncdn.com/i/teamlogos/nba/500/scoreboard/mia.png,https://a.espncdn.com/i/teamlogos/nba/500/scoreboard/min.png,16,0,1,0,16,0
nba-401584722,2024,2023-10-29 02:00:00+00:00,UTAH,PHX,104,126,https://a.espncdn.com/i/teamlogos/nba/500/scoreboard/utah.png,https://a.espncdn.com/i/teamlogos/nba/500/scoreboard/phx.png,22,0,0,0,28,0
nba-401358777,2022,2021-10-21 23:30:00+00:00,DAL,ATL,87,113,https://a.espncdn.com/i/teamlogos/nba/500/scoreboard/dal.png,https://a.espncdn.com/i/teamlogos/nba/500/scoreboard/atl.png,26,0,0,0,26,0
nba-401359842,2022,2021-10-22 00:00:00+00:00,MIL,MIA,95,137,https://a.espncdn.com/i/teamlogos/nba/500/scoreboard/mil.png,https://a.espncdn.com/i/teamlogos/nba/500/scoreboard/mia.png,42,0,0,0,42,0
nba-401358778,2022,2021-10-22 02:00:00+00:00,LAC,GS,113,115,https://a.espncdn.com/i/teamlogos/nba/500/scoreboard/lac.png,https://a.espncdn.com/i/teamlogos/nba/500/scoreboard/gs.png,2,0,2,1,17,0
nba-401585530,2024,2024-03-08 00:00:00+00:00,BKN,DET,112,118,https://a.espncdn.com/i/teamlogos/nba/500/scoreboard/bkn.png,https://a.espncdn.com/i/teamlogos/nba/500/scoreboard/det.png,6,0,2,0,10,0
nba-401585531,2024,2024-03-08 00:00:00+00:00,MIN,IND,113,111,https://a.espncdn.com/i/teamlogos/nba/500/scoreboard/min.png,https://a.espncdn.com/i/teamlogos/nba/500/scoreboard/ind.png,2,0,0,0,11,0
nba-401585532,2024,2024-03-08 00:30:00+00:00,MIA,DAL,108,114,https://a.espncdn.com/i/teamlogos/nba/500/scoreboard/mia.png,https://a.espncdn.com/i/teamlogos/nba/500/scoreboard/dal.png,6,0,1,0,8,0
nba-401585533,2024,2024-03-08 02:00:00+00:00,TOR,PHX,113,120,https://a.espncdn.com/i/teamlogos/nba/500/scoreboard/tor.png,https://a.espncdn.com/i/teamlogos/nba/500/scoreboard/phx.png,7,0,0,0,14,0
nba-401585534,2024,2024-03-08 03:00:00+00:00,BOS,DEN,109,115,https://a.espncdn.com/i/teamlogos/nba/500/scoreboard/bos.png,https://a.espncdn.com/i/teamlogos/nba/500/scoreboard/den.png,6,0,0,0,10,0
nba-401585535,2024,2024-03-08 03:00:00+00:00,CHI,GS,125,122,https://a.espncdn.com/i/teamlogos/nba/500/scoreboard/chi.png,https://a.espncdn.com/i/teamlogos/nba/500/scoreboard/gs.png,3,0,1,0,10,0
nba-401585536,2024,2024-03-08 03:00:00+00:00,SA,SAC,129,131,https://a.espncdn.com/i/teamlogos/nba/500/scoreboard/sa.png,https://a.espncdn.com/i/teamlogos/nba/500/scoreboard/sac.png,2,0,1,0,12,0
nba-401544977,2023,2023-05-10 23:30:00+00:00,MIA,NY,103,112,https://a.espncdn.com/i/teamlogos/nba/500/scoreboard/mia.png,https://a.espncdn.com/i/teamlogos/nba/500/scoreboard/ny.png,9,0,1,0,10,1
nba-401545235,2023,2023-05-11 02:00:00+00:00,LAL,GS,106,121,https://a.espncdn.com/i/teamlogos/nba/500/scoreboard/lal.png,https://a.espncdn.com/i/teamlogos/nba/500/scoreboard/gs.png,15,0,0,0,15,1
nba-401656361,2024,2024-06-13 00:30:00+00:00,BOS,DAL,106,99,https://a.espncdn.com/i/teamlogos/nba/500/scoreboard/bos.png,https://a.espncdn.com/i/teamlogos/nba/500/scoreboard/dal.png,7,0,1,0,15,1
nba-401434054,2022,2022-05-10 23:30:00+00:00,PHI,MIA,85,120,https://a.espncdn.com/i/teamlogos/nba/500/scoreboard/phi.png,https://a.espncdn.com/i/teamlogos/nba/500/scoreboard/mia.png,35,0,0,0,35,1
nba-401434113,2022,2022-05-11 02:00:00+00:00,DAL,PHX,80,110,https://a.espncdn.com/i/teamlogos/nba/500/scoreboard/dal.png,https://a.espncdn.com/i/teamlogos/nba/500/scoreboard/phx.png,30,0,1,0,30,1
nba-401585561,2024,2024-03-11 23:00:00+00:00,CHA,DET,97,114,https://a.espncdn.com/i/teamlogos/nba/500/scoreboard/cha.png,https://a.espncdn.com/i/teamlogos/nba/500/scoreboard/det.png,17,0,0,0,19,0
nba-401585562,2024,2024-03-11 23:30:00+00:00,PHX,CLE,117,111,https://a.espncdn.com/i/teamlogos/nba/500/scoreboard/phx.png,https://a.espncdn.com/i/teamlogos/nba/500/scoreboard/cle.png,6,0,1,0,9,0
nba-401585563,2024,2024-03-12 00:00:00+00:00,DAL,CHI,127,92,https://a.espncdn.com/i/teamlogos/nba/500/scoreboard/dal.png,https://a.espncdn.com/i/teamlogos/nba/500/scoreboard/chi.png,35,0,0,0,35,0
nba-401585564,2024,2024-03-12 00:00:00+00:00,GS,SA,112,102,https://a.espncdn.com/i/teamlogos/nba/500/scoreboard/gs.png,https://a.espncdn.com/i/teamlogos/nba/500/scoreboard/sa.png,10,0,1,0,12,0
nba-401585565,2024,2024-03-12 01:00:00+00:00,TOR,DEN,119,125,https://a.espncdn.com/i/teamlogos/nba/500/scoreboard/tor.png,https://a.espncdn.com/i/teamlogos/nba/500/scoreboard/den.png,6,0,1,1,17,0
nba-401585566,2024,2024-03-12 02:30:00+00:00,BOS,POR,121,99,https://a.espncdn.com/i/teamlogos/nba/500/scoreboard/bos.png,https://a.espncdn.com/i/teamlogos/nba/500/scoreboard/por.png,22,0,0,0,22,0
nba-401434052,2022,2022-05-06 23:00:00+00:00,MIA,PHI,79,99,https://a.espncdn.com/i/teamlogos/nba/500/scoreboard/mia.png,https://a.espncdn.com/i/teamlogos/nba/500/scoreboard/phi.png,20,0,0,0,20,1
nba-401434111,2022,2022-05-07 01:30:00+00:00,PHX,DAL,94,103,https://a.espncdn.com/i/teamlogos/nba/500/scoreboard/phx.png,https://a.espncdn.com/i/teamlogos/nba/500/scoreboard/dal.png,9,0,0,0,15,1
nba-401544975,2023,2023-05-06 19:30:00+00:00,NY,MIA,86,105,https://a.espncdn.com/i/teamlogos/nba/500/scoreboard/ny.png,https://a.espncdn.com/i/teamlogos/nba/500/scoreboard/mia.png,19,0,0,0,19,1
nba-401545233,2023,2023-05-07 00:30:00+00:00,GS,LAL,97,127,https://a.espncdn.com/i/teamlogos/nba/500/scoreboard/gs.png,https://a.espncdn.com/i/teamlogos/nba/500/scoreboard/lal.png,30,0,1,0,30,1
nba-401469078,2023,2023-03-01 00:30:00+00:00,WSH,ATL,119,116,https://a.espncdn.com/i/teamlogos/nba/500/scoreboard/wsh.png,https://a.espncdn.com/i/teamlogos/nba/500/scoreboard/atl.png,3,0,1,1,5,0
nba-401469079,2023,2023-03-01 00:30:00+00:00,MIL,BKN,118,104,https://a.espncdn.com/i/teamlogos/nba/500/scoreboard/mil.png,https://a.espncdn.com/i/teamlogos/nba/500/scoreboard/bkn.png,14,0,1,0,14,0
nba-401469080,2023,2023-03-01 00:30:00+00:00,CHI,TOR,98,104,https://a.espncdn.com/i/teamlogos/nba/500/scoreboard/chi.png,https://a.espncdn.com/i/teamlogos/nba/500/scoreboard/tor.png,6,0,2,1,6,0
nba-401469082,2023,2023-03-01 00:30:00+00:00,LAL,MEM,109,121,https://a.espncdn.com/i/teamlogos/nba/500/scoreboard/lal.png,https://a.espncdn.com/i/teamlogos/nba/500/scoreboard/mem.png,12,0,2,0,12,0
nba-401469081,2023,2023-03-01 01:00:00+00:00,DEN,HOU,133,112,https://a.espncdn.com/i/teamlogos/nba/500/scoreboard/den.png,https://a.espncdn.com/i/teamlogos/nba/500/scoreboard/hou.png,21,0,0,0,22,0
nba-401469083,2023,2023-03-01 01:00:00+00:00,SAC,OKC,123,117,https://a.espncdn.com/i/teamlogos/nba/500/scoreboard/sac.png,https://a.espncdn.com/i/teamlogos/nba/500/scoreboard/okc.png,6,0,0,0,6,0
nba-401469084,2023,2023-03-01 01:30:00+00:00,IND,DAL,124,122,https://a.espncdn.com/i/teamlogos/nba/500/scoreboard/ind.png,https://a.espncdn.com/i/teamlogos/nba/500/scoreboard/dal.png,2,0,1,0,10,0
nba-401469085,2023,2023-03-01 02:00:00+00:00,SA,UTAH,102,94,https://a.espncdn.com/i/teamlogos/nba/500/scoreboard/sa.png,https://a.espncdn.com/i/teamlogos/nba/500/scoreboard/utah.png,8,0,2,1,8,0
nba-401469086,2023,2023-03-01 03:00:00+00:00,POR,GS,105,123,https://a.espncdn.com/i/teamlogos/nba/500/scoreboard/por.png,https://a.espncdn.com/i/teamlogos/nba/500/scoreboard/gs.png,18,0,1,0,18,0
nba-401469087,2023,2023-03-01 03:00:00+00:00,MIN,LAC,108,101,https://a.espncdn.com/i/teamlogos/nba/500/scoreboard/min.png,https://a.espncdn.com/i/teamlogos/nba/500/scoreboard/lac.png,7,0,1,0,11,0
nba-401360739,2022,2022-03-01 00:00:00+00:00,MIN,CLE,127,122,https://a.espncdn.com/i/teamlogos/nba/500/scoreboard/min.png,https://a.espncdn.com/i/teamlogos/nba/500/scoreboard/cle.png,5,0,1,0,13,0
nba-401360740,2022,2022-03-01 00:00:00+00:00,IND,ORL,103,119,https://a.espncdn.com/i/teamlogos/nba/500/scoreboard/ind.png,https://a.espncdn.com/i/teamlogos/nba/500/scoreboard/orl.png,16,0,1,0,16,0
nba-401360545,2022,2022-03-01 00:30:00+00:00,TOR,BKN,133,97,https://a.espncdn.com/i/teamlogos/nba/500/scoreboard/tor.png,https://a.espncdn.com/i/teamlogos/nba/500/scoreboard/bkn.png,36,0,0,0,36,0
nba-401360741,2022,2022-03-01 00:30:00+00:00,CHI,MIA,99,112,https://a.espncdn.com/i/teamlogos/nba/500/scoreboard/chi.png,https://a.espncdn.com/i/teamlogos/nba/500/scoreboard/mia.png,13,0,0,0,24,0
nba-401360742,2022,2022-03-01 01:00:00+00:00,SA,MEM,105,118,https://a.espncdn.com/i/teamlogos/nba/500/scoreboard/sa.png,https://a.espncdn.com/i/teamlogos/nba/500/scoreboard/mem.png,13,0,0,0,13,0
nba-401360743,2022,2022-03-01 01:00:00+00:00,CHA,MIL,106,130,https://a.espncdn.com/i/teamlogos/nba/500/scoreboard/cha.png,https://a.espncdn.com/i/teamlogos/nba/500/scoreboard/mil.png,24,0,0,0,32,0
nba-401360744,2022,2022-03-01 01:00:00+00:00,SAC,OKC,131,110,https://a.espncdn.com/i/teamlogos/nba/500/scoreboard/sac.png,https://a.espncdn.com/i/teamlogos/nba/500/scoreboard/okc.png,21,0,0,0,21,0
nba-401607489,2024,2023-12-06 00:30:00+00:00,NY,MIL,122,146,https://a.espncdn.com/i/teamlogos/nba/500/scoreboard/ny.png,https://a.espncdn.com/i/teamlogos/nba/500/scoreboard/mil.png,24,0,0,0,24,0
nba-401607490,2024,2023-12-06 03:00:00+00:00,PHX,LAL,103,106,https://a.espncdn.com/i/teamlogos/nba/500/scoreboard/phx.png,https://a.espncdn.com/i/teamlogos/nba/500/scoreboard/lal.png,3,0,0,0,12,0
nba-401468507,2023,2022-12-06 00:00:00+00:00,LAC,CHA,119,117,https://a.espncdn.com/i/teamlogos/nba/500/scoreboard/lac.png,https://a.espncdn.com/i/teamlogos/nba/500/scoreboard/cha.png,2,0,2,1,9,0
nba-401468508,2023,2022-12-06 00:00:00+00:00,MIL,ORL,109,102,https://a.espncdn.com/i/teamlogos/nba/500/scoreboard/mil.png,https://a.espncdn.com/i/teamlogos/nba/500/scoreboard/orl.png,7,0,0,0,16,0
nba-401468509,2023,2022-12-06 00:30:00+00:00,OKC,ATL,121,114,https://a.espncdn.com/i/teamlogos/nba/500/scoreboard/okc.png,https://a.espncdn.com/i/teamlogos/nba/500/scoreboard/atl.png,7,0,1,1,7,0
nba-401468510,2023,2022-12-06 00:30:00+00:00,BOS,TOR,116,110,https://a.espncdn.com/i/teamlogos/nba/500/scoreboard/bos.png,https://a.espncdn.com/i/teamlogos/nba/500/scoreboard/tor.png,6,0,2,0,11,0
nba-401468511,2023,2022-12-06 01:00:00+00:00,PHI,HOU,123,132,https://a.espncdn.com/i/teamlogos/nba/500/scoreboard/phi.png,https://a.espncdn.com/i/teamlogos/nba/500/scoreboard/hou.png,9,2,1,0,9,0
nba-401468512,2023,2022-12-06 01:00:00+00:00,MIA,MEM,93,101,https://a.espncdn.com/i/teamlogos/nba/500/scoreboard/mia.png,https://a.espncdn.com/i/teamlogos/nba/500/scoreboard/mem.png,8,0,1,0,8,0
nba-401468513,2023,2022-12-06 01:30:00+00:00,PHX,DAL,111,130,https://a.espncdn.com/i/teamlogos/nba/500/scoreboard/phx.png,https://a.espncdn.com/i/teamlogos/nba/500/scoreboard/dal.png,19,0,0,0,26,0
nba-401468514,2023,2022-12-06 03:00:00+00:00,IND,GS,112,104,https://a.espncdn.com/i/teamlogos/nba/500/scoreboard/ind.png,https://a.espncdn.com/i/teamlogos/nba/500/scoreboard/gs.png,8,0,0,0,13,0
nba-401539675,2023,2023-04-14 23:00:00+00:00,CHI,MIA,91,102,https://a.espncdn.com/i/teamlogos/nba/500/scoreboard/chi.png,https://a.espncdn.com/i/teamlogos/nba/500/scoreboard/mia.png,11,0,2,1,11,0
nba-401539676,2023,2023-04-15 01:50:00+00:00,OKC,MIN,95,120,https://a.espncdn.com/i/teamlogos/nba/500/scoreboard/okc.png,https://a.espncdn.com/i/teamlogos/nba/500/scoreboard/min.png,25,0,0,0,25,0
nba-401468702,2023,2023-01-02 01:00:00+00:00,SAC,MEM,108,118,https://a.espncdn.com/i/teamlogos/nba/500/scoreboard/sac.png,https://a.espncdn.com/i/teamlogos/nba/500/scoreboard/mem.png,10,0,0,0,10,0
nba-401468703,2023,2023-01-02 01:00:00+00:00,WSH,MIL,118,95,https://a.espncdn.com/i/teamlogos/nba/500/scoreboard/wsh.png,https://a.espncdn.com/i/teamlogos/nba/500/scoreboard/mil.png,23,0,0,0,23,0
nba-401468704,2023,2023-01-02 01:00:00+00:00,BOS,DEN,111,123,https://a.espncdn.com/i/teamlogos/nba/500/scoreboard/bos.png,https://a.espncdn.com/i/teamlogos/nba/500/scoreboard/den.png,12,0,0,0,13,0
nba-401585326,2024,2024-02-03 23:00:00+00:00,BKN,PHI,136,121,https://a.espncdn.com/i/teamlogos/nba/500/scoreboard/bkn.png,https://a.espncdn.com/i/teamlogos/nba/500/scoreboard/phi.png,15,0,0,0,23,0
nba-401585327,2024,2024-02-04 00:30:00+00:00,GS,ATL,134,141,https://a.espncdn.com/i/teamlogos/nba/500/scoreboard/gs.png,https://a.espncdn.com/i/teamlogos/nba/500/scoreboard/atl.png,7,1,1,0,7,0
nba-401585328,2024,2024-02-04 01:00:00+00:00,SAC,CHI,123,115,https://a.espncdn.com/i/teamlogos/nba/500/scoreboard/sac.png,https://a.espncdn.com/i/teamlogos/nba/500/scoreboard/chi.png,8,0,0,0,19,0
nba-401585329,2024,2024-02-04 01:30:00+00:00,LAL,NY,113,105,https://a.espncdn.com/i/teamlogos/nba/500/scoreboard/lal.png,https://a.espncdn.com/i/teamlogos/nba/500/scoreboard/ny.png,8,0,2,1,8,0
nba-401585330,2024,2024-02-04 01:30:00+00:00,MIL,DAL,129,117,https://a.espncdn.com/i/teamlogos/nba/500/scoreboard/mil.png,https://a.espncdn.com/i/teamlogos/nba/500/scoreboard/dal.png,12,0,1,0,24,0
nba-401585331,2024,2024-02-04 01:30:00+00:00,CLE,SA,117,101,https://a.espncdn.com/i/teamlogos/nba/500/scoreboard/cle.png,https://a.espncdn.com/i/teamlogos/nba/500/scoreboard/sa.png,16,0,0,0,22,0
nba-401360358,2022,2022-01-01 23:30:00+00:00,NO,MIL,113,136,https://a.espncdn.com/i/teamlogos/nba/500/scoreboard/no.png,https://a.espncdn.com/i/teamlogos/nba/500/scoreboard/mil.png,23,0,0,0,23,0
nba-401360359,2022,2022-01-02 00:00:00+00:00,SA,DET,116,117,https://a.espncdn.com/i/teamlogos/nba/500/scoreboard/sa.png,https://a.espncdn.com/i/teamlogos/nba/500/scoreboard/det.png,1,1,1,0,9,0
nba-401360360,2022,2022-01-02 00:00:00+00:00,CHI,WSH,120,119,https://a.espncdn.com/i/teamlogos/nba/500/scoreboard/chi.png,https://a.espncdn.com/i/teamlogos/nba/500/scoreboard/wsh.png,1,0,1,1,12,0
nba-401360361,2022,2022-01-02 00:30:00+00:00,LAC,BKN,120,116,https://a.espncdn.com/i/teamlogos/nba/500/scoreboard/lac.png,https://a.espncdn.com/i/teamlogos/nba/500/scoreboard/bkn.png,4,0,1,1,7,0
nba-401360362,2022,2022-01-02 01:00:00+00:00,DEN,HOU,124,111,https://a.espncdn.com/i/teamlogos/nba/500/scoreboard/den.png,https://a.espncdn.com/i/teamlogos/nba/500/scoreboard/hou.png,13,0,1,0,25,0
nba-401360363,2022,2022-01-02 02:00:00+00:00,GS,UTAH,123,116,https://a.espncdn.com/i/teamlogos/nba/500/scoreboard/gs.png,https://a.espncdn.com/i/teamlogos/nba/500/scoreboard/utah.png,7,0,2,1,14,0
nba-401360852,2022,2022-03-16 23:00:00+00:00,ATL,CHA,106,116,https://a.espncdn.com/i/teamlogos/nba/500/scoreboard/atl.png,https://a.espncdn.com/i/teamlogos/nba/500/scoreboard/cha.png,10,0,1,0,10,0
nba-401360853,2022,2022-03-16 23:00:00+00:00,PHI,CLE,118,114,https://a.espncdn.com/i/teamlogos/nba/500/scoreboard/phi.png,https://a.espncdn.com/i/teamlogos/nba/500/scoreboard/cle.png,4,0,2,1,13,0
nba-401360854,2022,2022-03-16 23:00:00+00:00,DEN,WSH,127,109,https://a.espncdn.com/i/teamlogos/nba/500/scoreboard/den.png,https://a.espncdn.com/i/teamlogos/nba/500/scoreboard/wsh.png,18,0,0,0,23,0
nba-401360855,2022,2022-03-16 23:30:00+00:00,DAL,BKN,113,111,https://a.espncdn.com/i/teamlogos/nba/500/scoreboard/dal.png,https://a.espncdn.com/i/teamlogos/nba/500/scoreboard/bkn.png,2,0,1,1,12,0
nba-401360856,2022,2022-03-16 23:30:00+00:00,POR,NY,98,128,https://a.espncdn.com/i/teamlogos/nba/500/scoreboard/por.png,https://a.espncdn.com/i/teamlogos/nba/500/scoreboard/ny.png,30,0,0,0,30,0
nba-401360857,2022,2022-03-17 00:00:00+00:00,PHX,HOU,129,112,https://a.espncdn.com/i/teamlogos/nba/500/scoreboard/phx.png,https://a.espncdn.com/i/teamlogos/nba/500/scoreboard/hou.png,17,0,0,0,17,0
nba-401360858,2022,2022-03-17 00:00:00+00:00,LAL,MIN,104,124,https://a.espncdn.com/i/teamlogos/nba/500/scoreboard/lal.png,https://a.espncdn.com/i/teamlogos/nba/500/scoreboard/min.png,20,0,0,0,21,0
nba-401360859,2022,2022-03-17 00:30:00+00:00,OKC,SA,120,122,https://a.espncdn.com/i/teamlogos/nba/500/scoreboard/okc.png,https://a.espncdn.com/i/teamlogos/nba/500/scoreboard/sa.png,2,0,0,0,12,0
nba-401360860,2022,2022-03-17 01:00:00+00:00,CHI,UTAH,110,125,https://a.espncdn.com/i/teamlogos/nba/500/scoreboard/chi.png,https://a.espncdn.com/i/teamlogos/nba/500/scoreboard/utah.png,15,0,0,0,15,0
nba-401360861,2022,2022-03-17 02:00:00+00:00,BOS,GS,110,88,https://a.espncdn.com/i/teamlogos/nba/500/scoreboard/bos.png,https://a.espncdn.com/i/teamlogos/nba/500/scoreboard/gs.png,22,0,0,0,22,0
nba-401360862,2022,2022-03-17 02:00:00+00:00,MIL,SAC,135,126,https://a.espncdn.com/i/teamlogos/nba/500/scoreboard/mil.png,https://a.espncdn.com/i/teamlogos/nba/500/scoreboard/sac.png,9,0,1,0,9,0
nba-401360863,2022,2022-03-17 02:30:00+00:00,TOR,LAC,103,100,https://a.espncdn.com/i/teamlogos/nba/500/scoreboard/tor.png,https://a.espncdn.com/i/teamlogos/nba/500/scoreboard/lac.png,3,0,0,0,10,0
nba-401469197,2023,2023-03-16 23:00:00+00:00,DEN,DET,119,100,https://a.espncdn.com/i/teamlogos/nba/500/scoreboard/den.png,https://a.espncdn.com/i/teamlogos/nba/500/scoreboard/det.png,19,0,2,0,19,0
nba-401469198,2023,2023-03-16 23:30:00+00:00,SAC,BKN,101,96,https://a.espncdn.com/i/teamlogos/nba/500/scoreboard/sac.png,https://a.espncdn.com/i/teamlogos/nba/500/scoreboard/bkn.png,5,0,0,0,13,0
nba-401469199,2023,2023-03-16 23:30:00+00:00,OKC,TOR,111,128,https://a.espncdn.com/i/teamlogos/nba/500/scoreboard/okc.png,https://a.espncdn.com/i/teamlogos/nba/500/scoreboard/tor.png,17,0,0,0,17,0
nba-401469200,2023,2023-03-17 00:00:00+00:00,IND,MIL,139,123,https://a.espncdn.com/i/teamlogos/nba/500/scoreboard/ind.png,https://a.espncdn.com/i/teamlogos/nba/500/scoreboard/mil.png,16,0,1,0,16,0
nba-401469201,2023,2023-03-17 02:00:00+00:00,ORL,PHX,113,116,https://a.espncdn.com/i/teamlogos/nba/500/scoreboard/orl.png,https://a.espncdn.com/i/teamlogos/nba/500/scoreboard/phx.png,3,0,1,0,9,0
nba-401474892,2023,2022-10-12 23:00:00+00:00,ATL,CLE,99,105,https://a.espncdn.com/i/teamlogos/nba/500/scoreboard/atl.png,https://a.espncdn.com/i/teamlogos/nba/500/scoreboard/cle.png,6,0,1,0,10,0
nba-401474893,2023,2022-10-12 23:00:00+00:00,NY,IND,100,109,https://a.espncdn.com/i/teamlogos/nba/500/scoreboard/ny.png,https://a.espncdn.com/i/teamlogos/nba/500/scoreboard/ind.png,9,0,1,1,10,0
nba-401474894,2023,2022-10-12 23:00:00+00:00,CHA,PHI,94,99,https://a.espncdn.com/i/teamlogos/nba/500/scoreboard/cha.png,https://a.espncdn.com/i/teamlogos/nba/500/scoreboard/phi.png,5,0,1,0,8,0
nba-401474895,2023,2022-10-12 23:30:00+00:00,NO,MIA,103,120,https://a.espncdn.com/i/teamlogos/nba/500/scoreboard/no.png,https://a.espncdn.com/i/teamlogos/nba/500/scoreboard/mia.png,17,0,0,0,17,0
nba-401474896,2023,2022-10-12 23:30:00+00:00,BKN,MIL,107,97,https://a.espncdn.com/i/teamlogos/nba/500/scoreboard/bkn.png,https://a.espncdn.com/i/teamlogos/nba/500/scoreboard/mil.png,10,0,0,0,17,0
nba-401474897,2023,2022-10-13 02:00:00+00:00,MIN,LAL,118,113,https://a.espncdn.com/i/teamlogos/nba/500/scoreboard/min.png,https://a.espncdn.com/i/teamlogos/nba/500/scoreboard/lal.png,5,0,0,0,8,0
nba-401474898,2023,2022-10-13 02:00:00+00:00,SAC,PHX,105,104,https://a.espncdn.com/i/teamlogos/nba/500/scoreboard/sac.png,https://a.espncdn.com/i/teamlogos/nba/500/scoreboard/phx.png,1,0,1,0,8,0
nba-401474899,2023,2022-10-13 02:30:00+00:00,DEN,LAC,126,115,https://a.espncdn.com/i/teamlogos/nba/500/scoreboard/den.png,https://a.espncdn.com/i/teamlogos/nba/500/scoreboard/lac.png,11,0,0,0,11,0
nba-401655103,2024,2024-05-01 23:30:00+00:00,MIA,BOS,84,118,https://a.espncdn.com/i/teamlogos/nba/500/scoreboard/mia.png,https://a.espncdn.com/i/teamlogos/nba/500/scoreboard/bos.png,34,0,0,0,34,1
nba-401655097,2024,2024-05-02 02:00:00+00:00,DAL,LAC,123,93,https://a.espncdn.com/i/teamlogos/nba/500/scoreboard/dal.png,https://a.espncdn.com/i/teamlogos/nba/500/scoreboard/lac.png,30,0,0,0,30,1
nba-401591893,2024,2023-10-12 23:00:00+00:00,ORL,CLE,108,105,https://a.espncdn.com/i/teamlogos/nba/500/scoreboard/orl.png,https://a.espncdn.com/i/teamlogos/nba/500/scoreboard/cle.png,3,0,0,0,12,0
nba-401591894,2024,2023-10-12 23:00:00+00:00,DET,OKC,128,125,https://a.espncdn.com/i/teamlogos/nba/500/scoreboard/det.png,https://a.espncdn.com/i/teamlogos/nba/500/scoreboard/okc.png,3,0,1,1,16,0
nba-401591895,2024,2023-10-12 23:00:00+00:00,CHA,WSH,92,98,https://a.espncdn.com/i/teamlogos/nba/500/scoreboard/cha.png,https://a.espncdn.com/i/teamlogos/nba/500/scoreboard/wsh.png,6,0,1,1,12,0
nba-401591896,2024,2023-10-12 23:30:00+00:00,MEM,ATL,102,103,https://a.espncdn.com/i/teamlogos/nba/500/scoreboard/mem.png,https://a.espncdn.com/i/teamlogos/nba/500/scoreboard/atl.png,1,0,1,0,11,0
nba-401591897,2024,2023-10-12 23:30:00+00:00,MRC,BKN,103,135,https://a.espncdn.com/i/teamlogos/nba/500/mrc.png,https://a.espncdn.com/i/teamlogos/nba/500/scoreboard/bkn.png,32,0,1,0,32,0
nba-401591898,2024,2023-10-13 00:00:00+00:00,DEN,CHI,124,133,https://a.espncdn.com/i/teamlogos/nba/500/scoreboard/den.png,https://a.espncdn.com/i/teamlogos/nba/500/scoreboard/chi.png,9,2,0,0,10,0
nba-401591899,2024,2023-10-13 00:00:00+00:00,HOU,NO,120,87,https://a.espncdn.com/i/teamlogos/nba/500/scoreboard/hou.png,https://a.espncdn.com/i/teamlogos/nba/500/scoreboard/no.png,33,0,0,0,33,0
nba-401591900,2024,2023-10-13 02:00:00+00:00,PHX,POR,122,111,https://a.espncdn.com/i/teamlogos/nba/500/scoreboard/phx.png,https://a.espncdn.com/i/teamlogos/nba/500/scoreboard/por.png,11,0,1,0,21,0
nba-401360606,2022,2022-02-05 00:00:00+00:00,CLE,CHA,102,101,https://a.espncdn.com/i/teamlogos/nba/500/scoreboard/cle.png,https://a.espncdn.com/i/teamlogos/nba/500/scoreboard/cha.png,1,0,1,0,11,0
nba-401360607,2022,2022-02-05 00:00:00+00:00,BOS,DET,102,93,https://a.espncdn.com/i/teamlogos/nba/500/scoreboard/bos.png,https://a.espncdn.com/i/teamlogos/nba/500/scoreboard/det.png,9,0,0,0,22,0
nba-401360608,2022,2022-02-05 00:00:00+00:00,CHI,IND,122,115,https://a.espncdn.com/i/teamlogos/nba/500/scoreboard/chi.png,https://a.espncdn.com/i/teamlogos/nba/500/scoreboard/ind.png,7,0,0,0,7,0
nba-401360609,2022,2022-02-05 00:30:00+00:00,ATL,TOR,114,125,https://a.espncdn.com/i/teamlogos/nba/500/scoreboard/atl.png,https://a.espncdn.com/i/teamlogos/nba/500/scoreboard/tor.png,11,0,0,0,11,0
nba-401360611,2022,2022-02-05 01:30:00+00:00,HOU,SA,106,131,https://a.espncdn.com/i/teamlogos/nba/500/scoreboard/hou.png,https://a.espncdn.com/i/teamlogos/nba/500/scoreboard/sa.png,25,0,0,0,25,0
nba-401360612,2022,2022-02-05 02:00:00+00:00,BKN,UTAH,102,125,https://a.espncdn.com/i/teamlogos/nba/500/scoreboard/bkn.png,https://a.espncdn.com/i/teamlogos/nba/500/scoreboard/utah.png,23,0,0,0,32,0
nba-401360613,2022,2022-02-05 02:00:00+00:00,NO,DEN,113,105,https://a.espncdn.com/i/teamlogos/nba/500/scoreboard/no.png,https://a.espncdn.com/i/teamlogos/nba/500/scoreboard/den.png,8,0,1,0,8,0
nba-401360610,2022,2022-02-05 03:00:00+00:00,PHI,DAL,98,107,https://a.espncdn.com/i/teamlogos/nba/500/scoreboard/phi.png,https://a.espncdn.com/i/teamlogos/nba/500/scoreboard/dal.png,9,0,1,0,10,0
nba-401360614,2022,2022-02-05 03:00:00+00:00,OKC,POR,96,93,https://a.espncdn.com/i/teamlogos/nba/500/scoreboard/okc.png,https://a.espncdn.com/i/teamlogos/nba/500/scoreboard/por.png,3,0,2,1,4,0
nba-401585121,2024,2024-01-07 00:00:00+00:00,BOS,IND,118,101,https://a.espncdn.com/i/teamlogos/nba/500/scoreboard/bos.png,https://a.espncdn.com/i/teamlogos/nba/500/scoreboard/ind.png,17,0,0,0,17,0
nba-401585122,2024,2024-01-07 00:00:00+00:00,NY,WSH,121,105,https://a.espncdn.com/i/teamlogos/nba/500/scoreboard/ny.png,https://a.espncdn.com/i/teamlogos/nba/500/scoreboard/wsh.png,16,0,0,0,20,0
nba-401585123,2024,2024-01-07 00:30:00+00:00,UTAH,PHI,120,109,https://a.espncdn.com/i/teamlogos/nba/500/scoreboard/utah.png,https://a.espncdn.com/i/teamlogos/nba/500/scoreboard/phi.png,11,0,0,0,11,0
nba-401585124,2024,2024-01-07 01:00:00+00:00,MIL,HOU,108,112,https://a.espncdn.com/i/teamlogos/nba/500/scoreboard/mil.png,https://a.espncdn.com/i/teamlogos/nba/500/scoreboard/hou.png,4,0,0,0,20,0
nba-401468948,2023,2023-02-04 23:00:00+00:00,WSH,BKN,123,125,https://a.espncdn.com/i/teamlogos/nba/500/scoreboard/wsh.png,https://a.espncdn.com/i/teamlogos/nba/500/scoreboard/bkn.png,2,0,1,1,19,0
nba-401468953,2023,2023-02-04 23:00:00+00:00,LAL,NO,126,131,https://a.espncdn.com/i/teamlogos/nba/500/scoreboard/lal.png,https://a.espncdn.com/i/teamlogos/nba/500/scoreboard/no.png,5,0,1,1,11,0
nba-401468949,2023,2023-02-05 00:00:00+00:00,PHX,DET,116,100,https://a.espncdn.com/i/teamlogos/nba/500/scoreboard/phx.png,https://a.espncdn.com/i/teamlogos/nba/500/scoreboard/det.png,16,0,0,0,16,0
nba-401468950,2023,2023-02-05 00:00:00+00:00,LAC,NY,134,128,https://a.espncdn.com/i/teamlogos/nba/500/scoreboard/lac.png,https://a.espncdn.com/i/teamlogos/nba/500/scoreboard/ny.png,6,1,0,0,15,0
nba-401468951,2023,2023-02-05 01:00:00+00:00,POR,CHI,121,129,https://a.espncdn.com/i/teamlogos/nba/500/scoreboard/por.png,https://a.espncdn.com/i/teamlogos/nba/500/scoreboard/chi.png,8,0,2,0,11,0
nba-401468952,2023,2023-02-05 01:00:00+00:00,MIA,MIL,115,123,https://a.espncdn.com/i/teamlogos/nba/500/scoreboard/mia.png,https://a.espncdn.com/i/teamlogos/nba/500/scoreboard/mil.png,8,0,0,0,8,0
nba-401468954,2023,2023-02-05 01:00:00+00:00,HOU,OKC,121,153,https://a.espncdn.com/i/teamlogos/nba/500/scoreboard/hou.png,https://a.espncdn.com/i/teamlogos/nba/500/scoreboard/okc.png,32,0,0,0,42,0
nba-401468955,2023,2023-02-05 01:30:00+00:00,DAL,GS,113,119,https://a.espncdn.com/i/teamlogos/nba/500/scoreboard/dal.png,https://a.espncdn.com/i/teamlogos/nba/500/scoreboard/gs.png,6,0,0,0,17,0
nba-401468956,2023,2023-02-05 02:00:00+00:00,ATL,DEN,108,128,https://a.espncdn.com/i/teamlogos/nba/500/scoreboard/atl.png,https://a.espncdn.com/i/teamlogos/nba/500/scoreboard/den.png,20,0,0,0,20,0
nba-401359979,2022,2021-11-10 00:30:00+00:00,MIL,PHI,118,109,https://a.espncdn.com/i/teamlogos/nba/500/scoreboard/mil.png,https://a.espncdn.com/i/teamlogos/nba/500/scoreboard/phi.png,9,0,3,1,9,0
nba-401359980,2022,2021-11-10 02:00:00+00:00,ATL,UTAH,98,110,https://a.espncdn.com/i/teamlogos/nba/500/scoreboard/atl.png,https://a.espncdn.com/i/teamlogos/nba/500/scoreboard/utah.png,12,0,0,0,15,0
nba-401359981,2022,2021-11-10 03:00:00+00:00,POR,LAC,109,117,https://a.espncdn.com/i/teamlogos/nba/500/scoreboard/por.png,https://a.espncdn.com/i/teamlogos/nba/500/scoreboard/lac.png,8,0,0,0,8,0
nba-401360281,2022,2021-12-21 00:30:00+00:00,PHI,BOS,108,103,https://a.espncdn.com/i/teamlogos/nba/500/scoreboard/phi.png,https://a.espncdn.com/i/teamlogos/nba/500/scoreboard/bos.png,5,0,2,1,8,0
nba-401360283,2022,2021-12-21 01:00:00+00:00,HOU,CHI,118,133,https://a.espncdn.com/i/teamlogos/nba/500/scoreboard/hou.png,https://a.espncdn.com/i/teamlogos/nba/500/scoreboard/chi.png,15,0,0,0,22,0
nba-401360284,2022,2021-12-21 01:00:00+00:00,OKC,MEM,102,99,https://a.espncdn.com/i/teamlogos/nba/500/scoreboard/okc.png,https://a.espncdn.com/i/teamlogos/nba/500/scoreboard/mem.png,3,0,1,0,12,0
nba-401360285,2022,2021-12-21 02:00:00+00:00,CHA,UTAH,102,112,https://a.espncdn.com/i/teamlogos/nba/500/scoreboard/cha.png,https://a.espncdn.com/i/teamlogos/nba/500/scoreboard/utah.png,10,0,0,0,19,0
nba-401360286,2022,2021-12-21 03:00:00+00:00,SAC,GS,98,113,https://a.espncdn.com/i/teamlogos/nba/500/scoreboard/sac.png,https://a.espncdn.com/i/teamlogos/nba/500/scoreboard/gs.png,15,0,0,0,15,0
nba-401360287,2022,2021-12-21 03:30:00+00:00,SA,LAC,116,92,https://a.espncdn.com/i/teamlogos/nba/500/scoreboard/sa.png,https://a.espncdn.com/i/teamlogos/nba/500/scoreboard/lac.png,24,0,0,0,27,0
nba-401468678,2023,2022-12-30 00:00:00+00:00,OKC,CHA,113,121,https://a.espncdn.com/i/teamlogos/nba/500/scoreboard/okc.png,https://a.espncdn.com/i/teamlogos/nba/500/scoreboard/cha.png,8,0,2,0,8,0
nba-401468679,2023,2022-12-30 00:00:00+00:00,CLE,IND,126,135,https://a.espncdn.com/i/teamlogos/nba/500/scoreboard/cle.png,https://a.espncdn.com/i/teamlogos/nba/500/scoreboard/ind.png,9,0,1,0,9,0
nba-401468680,2023,2022-12-30 00:30:00+00:00,LAC,BOS,110,116,https://a.espncdn.com/i/teamlogos/nba/500/scoreboard/lac.png,https://a.espncdn.com/i/teamlogos/nba/500/scoreboard/bos.png,6,0,2,1,11,0
nba-401468681,2023,2022-12-30 00:30:00+00:00,MEM,TOR,119,106,https://a.espncdn.com/i/teamlogos/nba/500/scoreboard/mem.png,https://a.espncdn.com/i/teamlogos/nba/500/scoreboard/tor.png,13,0,0,0,18,0
nba-401468682,2023,2022-12-30 01:00:00+00:00,NY,SA,115,122,https://a.espncdn.com/i/teamlogos/nba/500/scoreboard/ny.png,https://a.espncdn.com/i/teamlogos/nba/500/scoreboard/sa.png,7,0,0,0,13,0
nba-401468683,2023,2022-12-30 01:30:00+00:00,HOU,DAL,114,129,https://a.espncdn.com/i/teamlogos/nba/500/scoreboard/hou.png,https://a.espncdn.com/i/teamlogos/nba/500/scoreboard/dal.png,15,0,0,0,20,0
nba-401585057,2024,2023-12-30 00:00:00+00:00,NY,ORL,108,117,https://a.espncdn.com/i/teamlogos/nba/500/scoreboard/ny.png,https://a.espncdn.com/i/teamlogos/nba/500/scoreboard/orl.png,9,0,1,0,12,0
nba-401585058,2024,2023-12-30 00:00:00+00:00,BKN,WSH,104,110,https://a.espncdn.com/i/teamlogos/nba/500/scoreboard/bkn.png,https://a.espncdn.com/i/teamlogos/nba/500/scoreboard/wsh.png,6,0,2,1,6,0
nba-401585059,2024,2023-12-30 00:30:00+00:00,SAC,ATL,117,110,https://a.espncdn.com/i/teamlogos/nba/500/scoreboard/sac.png,https://a.espncdn.com/i/teamlogos/nba/500/scoreboard/atl.png,7,0,1,1,18,0
nba-401585060,2024,2023-12-30 00:30:00+00:00,TOR,BOS,118,120,https://a.espncdn.com/i/teamlogos/nba/500/scoreboard/tor.png,https://a.espncdn.com/i/teamlogos/nba/500/scoreboard/bos.png,2,0,0,0,15,0
nba-401585061,2024,2023-12-30 00:30:00+00:00,MIL,CLE,119,111,https://a.espncdn.com/i/teamlogos/nba/500/scoreboard/mil.png,https://a.espncdn.com/i/teamlogos/nba/500/scoreboard/cle.png,8,0,1,0,12,0
nba-401585062,2024,2023-12-30 01:00:00+00:00,PHI,HOU,131,127,https://a.espncdn.com/i/teamlogos/nba/500/scoreboard/phi.png,https://a.espncdn.com/i/teamlogos/nba/500/scoreboard/hou.png,4,0,1,1,7,0
nba-401585063,2024,2023-12-30 02:00:00+00:00,OKC,DEN,119,93,https://a.espncdn.com/i/teamlogos/nba/500/scoreboard/okc.png,https://a.espncdn.com/i/teamlogos/nba/500/scoreboard/den.png,26,0,0,0,26,0
nba-401585064,2024,2023-12-30 02:00:00+00:00,CHA,PHX,119,133,https://a.espncdn.com/i/teamlogos/nba/500/scoreboard/cha.png,https://a.espncdn.com/i/teamlogos/nba/500/scoreboard/phx.png,14,0,0,0,14,0
nba-401585065,2024,2023-12-30 03:00:00+00:00,SA,POR,128,134,https://a.espncdn.com/i/teamlogos/nba/500/scoreboard/sa.png,https://a.espncdn.com/i/teamlogos/nba/500/scoreboard/por.png,6,0,0,0,15,0
nba-401585066,2024,2023-12-30 03:30:00+00:00,MEM,LAC,106,117,https://a.espncdn.com/i/teamlogos/nba/500/scoreboard/mem.png,https://a.espncdn.com/i/teamlogos/nba/500/scoreboard/lac.png,11,0,0,0,19,0
nba-401584828,2024,2023-11-17 00:30:00+00:00,BKN,MIA,115,122,https://a.espncdn.com/i/teamlogos/nba/500/scoreboard/bkn.png,https://a.espncdn.com/i/teamlogos/nba/500/scoreboard/mia.png,7,0,0,0,12,0
nba-401584829,2024,2023-11-17 03:00:00+00:00,OKC,GS,128,109,https://a.espncdn.com/i/teamlogos/nba/500/scoreboard/okc.png,https://a.espncdn.com/i/teamlogos/nba/500/scoreboard/gs.png,19,0,0,0,19,0
nba-401585743,2024,2024-04-05 23:00:00+00:00,ORL,CHA,115,124,https://a.espncdn.com/i/teamlogos/nba/500/scoreboard/orl.png,https://a.espncdn.com/i/teamlogos/nba/500/scoreboard/cha.png,9,0,0,0,15,0
nba-401585744,2024,2024-04-05 23:00:00+00:00,OKC,IND,112,126,https://a.espncdn.com/i/teamlogos/nba/500/scoreboard/okc.png,https://a.espncdn.com/i/teamlogos/nba/500/scoreboard/ind.png,14,0,1,0,14,0
nba-401585745,2024,2024-04-05 23:00:00+00:00,POR,WSH,108,102,https://a.espncdn.com/i/teamlogos/nba/500/scoreboard/por.png,https://a.espncdn.com/i/teamlogos/nba/500/scoreboard/wsh.png,6,0,0,0,8,0
nba-401585746,2024,2024-04-05 23:30:00+00:00,SAC,BOS,100,101,https://a.espncdn.com/i/teamlogos/nba/500/scoreboard/sac.png,https://a.espncdn.com/i/teamlogos/nba/500/scoreboard/bos.png,1,0,0,0,12,0
nba-401585747,2024,2024-04-06 00:00:00+00:00,NY,CHI,100,108,https://a.espncdn.com/i/teamlogos/nba/500/scoreboard/ny.png,https://a.espncdn.com/i/teamlogos/nba/500/scoreboard/chi.png,8,0,0,0,16,0
nba-401585748,2024,2024-04-06 00:00:00+00:00,MIA,HOU,119,104,https://a.espncdn.com/i/teamlogos/nba/500/scoreboard/mia.png,https://a.espncdn.com/i/teamlogos/nba/500/scoreboard/hou.png,15,0,0,0,15,0
nba-401585749,2024,2024-04-06 00:00:00+00:00,DET,MEM,90,108,https://a.espncdn.com/i/teamlogos/nba/500/scoreboard/det.png,https://a.espncdn.com/i/teamlogos/nba/500/scoreboard/mem.png,18,0,0,0,19,0
nba-401585750,2024,2024-04-06 00:00:00+00:00,TOR,MIL,117,111,https://a.espncdn.com/i/teamlogos/nba/500/scoreboard/tor.png,https://a.espncdn.com/i/teamlogos/nba/500/scoreboard/mil.png,6,0,1,0,6,0
nba-401585751,2024,2024-04-06 00:00:00+00:00,SA,NO,111,109,https://a.espncdn.com/i/teamlogos/nba/500/scoreboard/sa.png,https://a.espncdn.com/i/teamlogos/nba/500/scoreboard/no.png,2,0,1,0,10,0
nba-401585725,2024,2024-04-06 00:30:00+00:00,GS,DAL,106,108,https://a.espncdn.com/i/teamlogos/nba/500/scoreboard/gs.png,https://a.espncdn.com/i/teamlogos/nba/500/scoreboard/dal.png,2,0,1,0,3,0
nba-401585753,2024,2024-04-06 02:00:00+00:00,MIN,PHX,87,97,https://a.espncdn.com/i/teamlogos/nba/500/scoreboard/min.png,https://a.espncdn.com/i/teamlogos/nba/500/scoreboard/phx.png,10,0,0,0,16,0
nba-401585754,2024,2024-04-06 02:30:00+00:00,UTAH,LAC,102,131,https://a.espncdn.com/i/teamlogos/nba/500/scoreboard/utah.png,https://a.espncdn.com/i/teamlogos/nba/500/scoreboard/lac.png,29,0,0,0,33,0
nba-401468366,2023,2022-11-17 00:00:00+00:00,IND,CHA,125,113,https://a.espncdn.com/i/teamlogos/nba/500/scoreboard/ind.png,https://a.espncdn.com/i/teamlogos/nba/500/scoreboard/cha.png,12,0,1,0,12,0
nba-401468367,2023,2022-11-17 00:00:00+00:00,MIN,ORL,126,108,https://a.espncdn.com/i/teamlogos/nba/500/scoreboard/min.png,https://a.espncdn.com/i/teamlogos/nba/500/scoreboard/orl.png,18,0,0,0,25,0
nba-401468368,2023,2022-11-17 00:00:00+00:00,OKC,WSH,121,120,https://a.espncdn.com/i/teamlogos/nba/500/scoreboard/okc.png,https://a.espncdn.com/i/teamlogos/nba/500/scoreboard/wsh.png,1,0,1,0,13,0
nba-401468369,2023,2022-11-17 00:30:00+00:00,BOS,ATL,126,101,https://a.espncdn.com/i/teamlogos/nba/500/scoreboard/bos.png,https://a.espncdn.com/i/teamlogos/nba/500/scoreboard/atl.png,25,0,0,0,25,0
nba-401468370,2023,2022-11-17 00:30:00+00:00,MIA,TOR,104,112,https://a.espncdn.com/i/teamlogos/nba/500/scoreboard/mia.png,https://a.espncdn.com/i/teamlogos/nba/500/scoreboard/tor.png,8,0,1,0,8,0
nba-401468371,2023,2022-11-17 01:00:00+00:00,CLE,MIL,98,113,https://a.espncdn.com/i/teamlogos/nba/500/scoreboard/cle.png,https://a.espncdn.com/i/teamlogos/nba/500/scoreboard/mil.png,15,0,1,0,17,0
nba-401468372,2023,2022-11-17 01:00:00+00:00,CHI,NO,110,124,https://a.espncdn.com/i/teamlogos/nba/500/scoreboard/chi.png,https://a.espncdn.com/i/teamlogos/nba/500/scoreboard/no.png,14,0,0,0,17,0
nba-401468373,2023,2022-11-17 01:30:00+00:00,HOU,DAL,101,92,https://a.espncdn.com/i/teamlogos/nba/500/scoreboard/hou.png,https://a.espncdn.com/i/teamlogos/nba/500/scoreboard/dal.png,9,0,0,0,9,0
nba-401468374,2023,2022-11-17 03:00:00+00:00,NY,DEN,106,103,https://a.espncdn.com/i/teamlogos/nba/500/scoreboard/ny.png,https://a.espncdn.com/i/teamlogos/nba/500/scoreboard/den.png,3,0,2,1,4,0
nba-401468375,2023,2022-11-17 03:00:00+00:00,GS,PHX,119,130,https://a.espncdn.com/i/teamlogos/nba/500/scoreboard/gs.png,https://a.espncdn.com/i/teamlogos/nba/500/scoreboard/phx.png,11,0,0,0,14,0
nba-401469010,2023,2023-02-12 19:00:00+00:00,MEM,BOS,109,119,https://a.espncdn.com/i/teamlogos/nba/500/scoreboard/mem.png,https://a.espncdn.com/i/teamlogos/nba/500/scoreboard/bos.png,10,0,1,0,13,0
nba-401469011,2023,2023-02-12 20:00:00+00:00,DET,TOR,118,119,https://a.espncdn.com/i/teamlogos/nba/500/scoreboard/det.png,https://a.espncdn.com/i/teamlogos/nba/500/scoreboard/tor.png,1,0,0,0,7,0
nba-401585145,2024,2024-01-11 00:00:00+00:00,MIN,BOS,120,127,https://a.espncdn.com/i/teamlogos/nba/500/scoreboard/min.png,https://a.espncdn.com/i/teamlogos/nba/500/scoreboard/bos.png,7,1,2,1,7,0
nba-401585146,2024,2024-01-11 00:00:00+00:00,SAC,CHA,123,98,https://a.espncdn.com/i/teamlogos/nba/500/scoreboard/sac.png,https://a.espncdn.com/i/teamlogos/nba/500/scoreboard/cha.png,25,0,0,0,25,0
nba-401585147,2024,2024-01-11 00:00:00+00:00,SA,DET,130,108,https://a.espncdn.com/i/teamlogos/nba/500/scoreboard/sa.png,https://a.espncdn.com/i/teamlogos/nba/500/scoreboard/det.png,22,0,0,0,22,0
nba-401585148,2024,2024-01-11 00:00:00+00:00,WSH,IND,104,112,https://a.espncdn.com/i/teamlogos/nba/500/scoreboard/wsh.png,https://a.espncdn.com/i/teamlogos/nba/500/scoreboard/ind.png,8,0,2,0,9,0
nba-401585149,2024,2024-01-11 00:30:00+00:00,PHI,ATL,132,139,https://a.espncdn.com/i/teamlogos/nba/500/scoreboard/phi.png,https://a.espncdn.com/i/teamlogos/nba/500/scoreboard/atl.png,7,1,2,1,7,0
nba-401585150,2024,2024-01-11 00:30:00+00:00,OKC,MIA,128,120,https://a.espncdn.com/i/teamlogos/nba/500/scoreboard/okc.png,https://a.espncdn.com/i/teamlogos/nba/500/scoreboard/mia.png,8,0,1,0,8,0
nba-401585151,2024,2024-01-11 01:00:00+00:00,HOU,CHI,119,124,https://a.espncdn.com/i/teamlogos/nba/500/scoreboard/hou.png,https://a.espncdn.com/i/teamlogos/nba/500/scoreboard/chi.png,5,1,0,0,11,0
nba-401585153,2024,2024-01-11 01:30:00+00:00,NO,GS,141,105,https://a.espncdn.com/i/teamlogos/nba/500/scoreboard/no.png,https://a.espncdn.com/i/teamlogos/nba/500/scoreboard/gs.png,36,0,0,0,36,0
nba-401585152,2024,2024-01-11 03:00:00+00:00,DEN,UTAH,111,124,https://a.espncdn.com/i/teamlogos/nba/500/scoreboard/den.png,https://a.espncdn.com/i/teamlogos/nba/500/scoreboard/utah.png,13,0,0,0,21,0
nba-401585154,2024,2024-01-11 03:30:00+00:00,TOR,LAC,120,126,https://a.espncdn.com/i/teamlogos/nba/500/scoreboard/tor.png,https://a.espncdn.com/i/teamlogos/nba/500/scoreboard/lac.png,6,0,3,1,6,0
nba-401360664,2022,2022-02-12 22:00:00+00:00,NY,POR,103,112,https://a.espncdn.com/i/teamlogos/nba/500/scoreboard/ny.png,https://a.espncdn.com/i/teamlogos/nba/500/scoreboard/por.png,9,0,1,1,15,0
nba-401360665,2022,2022-02-13 00:00:00+00:00,MEM,CHA,125,118,https://a.espncdn.com/i/teamlogos/nba/500/scoreboard/mem.png,https://a.espncdn.com/i/teamlogos/nba/500/scoreboard/cha.png,7,0,0,0,31,0
nba-401360666,2022,2022-02-13 00:00:00+00:00,SAC,WSH,123,110,https://a.espncdn.com/i/teamlogos/nba/500/scoreboard/sac.png,https://a.espncdn.com/i/teamlogos/nba/500/scoreboard/wsh.png,13,0,1,0,13,0
nba-401360667,2022,2022-02-13 00:00:00+00:00,SA,NO,124,114,https://a.espncdn.com/i/teamlogos/nba/500/scoreboard/sa.png,https://a.espncdn.com/i/teamlogos/nba/500/scoreboard/no.png,10,0,0,0,16,0
nba-401360668,2022,2022-02-13 00:30:00+00:00,CLE,PHI,93,103,https://a.espncdn.com/i/teamlogos/nba/500/scoreboard/cle.png,https://a.espncdn.com/i/teamlogos/nba/500/scoreboard/phi.png,10,0,0,0,13,0
nba-401360669,2022,2022-02-13 00:30:00+00:00,DEN,TOR,110,109,https://a.espncdn.com/i/teamlogos/nba/500/scoreboard/den.png,https://a.espncdn.com/i/teamlogos/nba/500/scoreboard/tor.png,1,0,2,1,6,0
nba-401360670,2022,2022-02-13 01:00:00+00:00,BKN,MIA,111,115,https://a.espncdn.com/i/teamlogos/nba/500/scoreboard/bkn.png,https://a.espncdn.com/i/teamlogos/nba/500/scoreboard/mia.png,4,0,0,0,15,0
nba-401360671,2022,2022-02-13 01:00:00+00:00,OKC,CHI,101,106,https://a.espncdn.com/i/teamlogos/nba/500/scoreboard/okc.png,https://a.espncdn.com/i/teamlogos/nba/500/scoreboard/chi.png,5,0,1,0,7,0
nba-401360672,2022,2022-02-13 01:30:00+00:00,LAC,DAL,99,97,https://a.espncdn.com/i/teamlogos/nba/500/scoreboard/lac.png,https://a.espncdn.com/i/teamlogos/nba/500/scoreboard/dal.png,2,0,1,0,3,0
nba-401360673,2022,2022-02-13 01:30:00+00:00,LAL,GS,115,117,https://a.espncdn.com/i/teamlogos/nba/500/scoreboard/lal.png,https://a.espncdn.com/i/teamlogos/nba/500/scoreboard/gs.png,2,0,0,0,6,0
nba-401360674,2022,2022-02-13 02:00:00+00:00,ORL,PHX,105,132,https://a.espncdn.com/i/teamlogos/nba/500/scoreboard/orl.png,https://a.espncdn.com/i/teamlogos/nba/500/scoreboard/phx.png,27,0,0,0,27,0
nba-401658197,2024,2024-05-18 00:30:00+00:00,NY,IND,103,116,https://a.espncdn.com/i/teamlogos/nba/500/scoreboard/ny.png,https://a.espncdn.com/i/teamlogos/nba/500/scoreboard/ind.png,13,0,1,0,13,1
nba-401474854,2023,2022-10-04 23:00:00+00:00,DET,NY,96,117,https://a.espncdn.com/i/teamlogos/nba/500/scoreboard/det.png,https://a.espncdn.com/i/teamlogos/nba/500/scoreboard/ny.png,21,0,0,0,24,0
nba-401474855,2023,2022-10-04 23:30:00+00:00,MIN,MIA,121,111,https://a.espncdn.com/i/teamlogos/nba/500/scoreboard/min.png,https://a.espncdn.com/i/teamlogos/nba/500/scoreboard/mia.png,10,0,0,0,12,0
nba-401474856,2023,2022-10-05 01:30:00+00:00,NO,CHI,129,125,https://a.espncdn.com/i/teamlogos/nba/500/scoreboard/no.png,https://a.espncdn.com/i/teamlogos/nba/500/scoreboard/chi.png,4,0,0,0,17,0
nba-401474857,2023,2022-10-05 02:00:00+00:00,UTAH,POR,118,101,https://a.espncdn.com/i/teamlogos/nba/500/scoreboard/utah.png,https://a.espncdn.com/i/teamlogos/nba/500/scoreboard/por.png,17,0,1,0,17,0
nba-401365911,2022,2021-10-06 22:00:00+00:00,LAL,PHX,105,117,https://a.espncdn.com/i/teamlogos/nba/500/scoreboard/lal.png,https://a.espncdn.com/i/teamlogos/nba/500/scoreboard/phx.png,12,0,0,0,28,0
nba-401365906,2022,2021-10-06 23:00:00+00:00,SA,DET,105,115,https://a.espncdn.com/i/teamlogos/nba/500/scoreboard/sa.png,https://a.espncdn.com/i/teamlogos/nba/500/scoreboard/det.png,10,0,0,0,17,0
nba-401365907,2022,2021-10-06 23:30:00+00:00,CLE,ATL,99,96,https://a.espncdn.com/i/teamlogos/nba/500/scoreboard/cle.png,https://a.espncdn.com/i/teamlogos/nba/500/scoreboard/atl.png,3,0,0,0,5,0
nba-401365908,2022,2021-10-07 00:00:00+00:00,ORL,NO,86,104,https://a.espncdn.com/i/teamlogos/nba/500/scoreboard/orl.png,https://a.espncdn.com/i/teamlogos/nba/500/scoreboard/no.png,18,0,1,0,18,0
nba-401365909,2022,2021-10-07 00:30:00+00:00,UTAH,DAL,101,111,https://a.espncdn.com/i/teamlogos/nba/500/scoreboard/utah.png,https://a.espncdn.com/i/teamlogos/nba/500/scoreboard/dal.png,10,0,1,0,18,0
nba-401365910,2022,2021-10-07 02:00:00+00:00,DEN,GS,116,118,https://a.espncdn.com/i/teamlogos/nba/500/scoreboard/den.png,https://a.espncdn.com/i/teamlogos/nba/500/scoreboard/gs.png,2,0,3,1,13,0
nba-401365912,2022,2021-10-07 02:30:00+00:00,SAC,LAC,113,98,https://a.espncdn.com/i/teamlogos/nba/500/scoreboard/sac.png,https://a.espncdn.com/i/teamlogos/nba/500/scoreboard/lac.png,15,0,0,0,21,0
nba-401585624,2024,2024-03-20 23:00:00+00:00,MIA,CLE,107,104,https://a.espncdn.com/i/teamlogos/nba/500/scoreboard/mia.png,https://a.espncdn.com/i/teamlogos/nba/500/scoreboard/cle.png,3,0,0,0,8,0
nba-401585625,2024,2024-03-20 23:00:00+00:00,IND,DET,122,103,https://a.espncdn.com/i/teamlogos/nba/500/scoreboard/ind.png,https://a.espncdn.com/i/teamlogos/nba/500/scoreboard/det.png,19,0,0,0,20,0
nba-401585626,2024,2024-03-20 23:30:00+00:00,MIL,BOS,119,122,https://a.espncdn.com/i/teamlogos/nba/500/scoreboard/mil.png,https://a.espncdn.com/i/teamlogos/nba/500/scoreboard/bos.png,3,0,0,0,18,0
nba-401585627,2024,2024-03-20 23:30:00+00:00,SAC,TOR,123,89,https://a.espncdn.com/i/teamlogos/nba/500/scoreboard/sac.png,https://a.espncdn.com/i/teamlogos/nba/500/scoreboard/tor.png,34,0,0,0,34,0
nba-401585628,2024,2024-03-21 00:00:00+00:00,UTAH,OKC,107,119,https://a.espncdn.com/i/teamlogos/nba/500/scoreboard/utah.png,https://a.espncdn.com/i/teamlogos/nba/500/scoreboard/okc.png,12,0,2,0,12,0
nba-401585629,2024,2024-03-21 02:00:00+00:00,MEM,GS,116,137,https://a.espncdn.com/i/teamlogos/nba/500/scoreboard/mem.png,https://a.espncdn.com/i/teamlogos/nba/500/scoreboard/gs.png,21,0,0,0,21,0
nba-401585630,2024,2024-03-21 02:00:00+00:00,PHI,PHX,102,115,https://a.espncdn.com/i/teamlogos/nba/500/scoreboard/phi.png,https://a.espncdn.com/i/teamlogos/nba/500/scoreboard/phx.png,13,0,1,0,24,0
nba-401585631,2024,2024-03-21 02:00:00+00:00,LAC,POR,116,103,https://a.espncdn.com/i/teamlogos/nba/500/scoreboard/lac.png,https://a.espncdn.com/i/teamlogos/nba/500/scoreboard/por.png,13,0,1,0,24,0
nba-401524696,2023,2023-02-20 00:30:00+00:00,GIA,LEB,184,175,https://a.espncdn.com/i/teamlogos/nba/500/scoreboard/gia.png,https://a.espncdn.com/i/teamlogos/nba/500/scoreboard/leb.png,9,0,0,0,17,0
nba-401360016,2022,2021-11-14 20:30:00+00:00,SA,LAL,106,114,https://a.espncdn.com/i/teamlogos/nba/500/scoreboard/sa.png,https://a.espncdn.com/i/teamlogos/nba/500/scoreboard/lal.png,8,0,0,0,11,0
nba-401360017,2022,2021-11-14 23:00:00+00:00,MIL,ATL,100,120,https://a.espncdn.com/i/teamlogos/nba/500/scoreboard/mil.png,https://a.espncdn.com/i/teamlogos/nba/500/scoreboard/atl.png,20,0,0,0,20,0
nba-401360018,2022,2021-11-15 00:00:00+00:00,GS,CHA,102,106,https://a.espncdn.com/i/teamlogos/nba/500/scoreboard/gs.png,https://a.espncdn.com/i/teamlogos/nba/500/scoreboard/cha.png,4,0,2,1,4,0
nba-401360019,2022,2021-11-15 00:00:00+00:00,PHX,HOU,115,89,https://a.espncdn.com/i/teamlogos/nba/500/scoreboard/phx.png,https://a.espncdn.com/i/teamlogos/nba/500/scoreboard/hou.png,26,0,0,0,26,0
nba-401360020,2022,2021-11-15 00:00:00+00:00,BKN,OKC,120,96,https://a.espncdn.com/i/teamlogos/nba/500/scoreboard/bkn.png,https://a.espncdn.com/i/teamlogos/nba/500/scoreboard/okc.png,24,0,0,0,24,0
nba-401360021,2022,2021-11-15 01:00:00+00:00,POR,DEN,95,124,https://a.espncdn.com/i/teamlogos/nba/500/scoreboard/por.png,https://a.espncdn.com/i/teamlogos/nba/500/scoreboard/den.png,29,0,0,0,29,0
nba-401360022,2022,2021-11-15 02:30:00+00:00,CHI,LAC,100,90,https://a.espncdn.com/i/teamlogos/nba/500/scoreboard/chi.png,https://a.espncdn.com/i/teamlogos/nba/500/scoreboard/lac.png,10,0,0,0,13,0
nba-401468911,2023,2023-01-31 00:00:00+00:00,ORL,PHI,119,109,https://a.espncdn.com/i/teamlogos/nba/500/scoreboard/orl.png,https://a.espncdn.com/i/teamlogos/nba/500/scoreboard/phi.png,10,0,1,0,13,0
nba-401468912,2023,2023-01-31 00:30:00+00:00,LAL,BKN,104,121,https://a.espncdn.com/i/teamlogos/nba/500/scoreboard/lal.png,https://a.espncdn.com/i/teamlogos/nba/500/scoreboard/bkn.png,17,0,0,0,17,0
nba-401468913,2023,2023-01-31 01:00:00+00:00,SAC,MIN,118,111,https://a.espncdn.com/i/teamlogos/nba/500/scoreboard/sac.png,https://a.espncdn.com/i/teamlogos/nba/500/scoreboard/min.png,7,1,2,1,7,0
nba-401468914,2023,2023-01-31 01:00:00+00:00,GS,OKC,128,120,https://a.espncdn.com/i/teamlogos/nba/500/scoreboard/gs.png,https://a.espncdn.com/i/teamlogos/nba/500/scoreboard/okc.png,8,0,0,0,18,0
nba-401468915,2023,2023-01-31 01:00:00+00:00,WSH,SA,127,106,https://a.espncdn.com/i/teamlogos/nba/500/scoreboard/wsh.png,https://a.espncdn.com/i/teamlogos/nba/500/scoreboard/sa.png,21,0,1,0,21,0
nba-401468916,2023,2023-01-31 01:30:00+00:00,DET,DAL,105,111,https://a.espncdn.com/i/teamlogos/nba/500/scoreboard/det.png,https://a.espncdn.com/i/teamlogos/nba/500/scoreboard/dal.png,6,0,2,1,6,0
nba-401468917,2023,2023-01-31 02:00:00+00:00,TOR,PHX,106,114,https://a.espncdn.com/i/teamlogos/nba/500/scoreboard/tor.png,https://a.espncdn.com/i/teamlogos/nba/500/scoreboard/phx.png,8,0,2,1,9,0
nba-401468918,2023,2023-01-31 03:00:00+00:00,ATL,POR,125,129,https://a.espncdn.com/i/teamlogos/nba/500/scoreboard/atl.png,https://a.espncdn.com/i/teamlogos/nba/500/scoreboard/por.png,4,0,0,0,8,0
nba-401360570,2022,2022-01-30 18:00:00+00:00,LAL,ATL,121,129,https://a.espncdn.com/i/teamlogos/nba/500/scoreboard/lal.png,https://a.espncdn.com/i/teamlogos/nba/500/scoreboard/atl.png,8,0,2,1,10,0
nba-401360571,2022,2022-01-30 18:00:00+00:00,LAC,CHA,115,90,https://a.espncdn.com/i/teamlogos/nba/500/scoreboard/lac.png,https://a.espncdn.com/i/teamlogos/nba/500/scoreboard/cha.png,25,0,1,0,25,0
nba-401360572,2022,2022-01-30 20:30:00+00:00,POR,CHI,116,130,https://a.espncdn.com/i/teamlogos/nba/500/scoreboard/por.png,https://a.espncdn.com/i/teamlogos/nba/500/scoreboard/chi.png,14,0,1,0,14,0
nba-401360573,2022,2022-01-30 23:00:00+00:00,CLE,DET,105,115,https://a.espncdn.com/i/teamlogos/nba/500/scoreboard/cle.png,https://a.espncdn.com/i/teamlogos/nba/500/scoreboard/det.png,10,0,1,1,10,0
nba-401360574,2022,2022-01-31 00:00:00+00:00,DAL,ORL,108,110,https://a.espncdn.com/i/teamlogos/nba/500/scoreboard/dal.png,https://a.espncdn.com/i/teamlogos/nba/500/scoreboard/orl.png,2,0,1,0,11,0
nba-401360575,2022,2022-01-31 00:00:00+00:00,DEN,MIL,136,100,https://a.espncdn.com/i/teamlogos/nba/500/scoreboard/den.png,https://a.espncdn.com/i/teamlogos/nba/500/scoreboard/mil.png,36,0,0,0,36,0
nba-401360576,2022,2022-01-31 01:00:00+00:00,UTAH,MIN,106,126,https://a.espncdn.com/i/teamlogos/nba/500/scoreboard/utah.png,https://a.espncdn.com/i/teamlogos/nba/500/scoreboard/min.png,20,0,0,0,20,0
nba-401360577,2022,2022-01-31 01:00:00+00:00,SA,PHX,110,115,https://a.espncdn.com/i/teamlogos/nba/500/scoreboard/sa.png,https://a.espncdn.com/i/teamlogos/nba/500/scoreboard/phx.png,5,0,1,1,12,0
nba-401430212,2022,2022-04-25 23:00:00+00:00,BOS,BKN,116,112,https://a.espncdn.com/i/teamlogos/nba/500/scoreboard/bos.png,https://a.espncdn.com/i/teamlogos/nba/500/scoreboard/bkn.png,4,0,0,0,12,1
nba-401430243,2022,2022-04-26 00:00:00+00:00,TOR,PHI,103,88,https://a.espncdn.com/i/teamlogos/nba/500/scoreboard/tor.png,https://a.espncdn.com/i/teamlogos/nba/500/scoreboard/phi.png,15,0,0,0,15,1
nba-401430239,2022,2022-04-26 01:30:00+00:00,UTAH,DAL,77,102,https://a.espncdn.com/i/teamlogos/nba/500/scoreboard/utah.png,https://a.espncdn.com/i/teamlogos/nba/500/scoreboard/dal.png,25,0,0,0,26,1
nba-401541243,2023,2023-04-25 23:30:00+00:00,ATL,BOS,119,117,https://a.espncdn.com/i/teamlogos/nba/500/scoreboard/atl.png,https://a.espncdn.com/i/teamlogos/nba/500/scoreboard/bos.png,2,0,2,1,10,1
nba-401541196,2023,2023-04-26 01:00:00+00:00,MIN,DEN,109,112,https://a.espncdn.com/i/teamlogos/nba/500/scoreboard/min.png,https://a.espncdn.com/i/teamlogos/nba/500/scoreboard/den.png,3,0,1,0,7,1
nba-401541237,2023,2023-04-26 02:00:00+00:00,LAC,PHX,130,136,https://a.espncdn.com/i/teamlogos/nba/500/scoreboard/lac.png,https://a.espncdn.com/i/teamlogos/nba/500/scoreboard/phx.png,6,0,2,0,17,1
nba-401359927,2022,2021-11-02 23:00:00+00:00,MIL,DET,117,89,https://a.espncdn.com/i/teamlogos/nba/500/scoreboard/mil.png,https://a.espncdn.com/i/teamlogos/nba/500/scoreboard/det.png,28,0,0,0,28,0
nba-401359928,2022,2021-11-02 23:30:00+00:00,MIA,DAL,125,110,https://a.espncdn.com/i/teamlogos/nba/500/scoreboard/mia.png,https://a.espncdn.com/i/teamlogos/nba/500/scoreboard/dal.png,15,0,1,0,15,0
nba-401359929,2022,2021-11-03 01:00:00+00:00,SAC,UTAH,113,119,https://a.espncdn.com/i/teamlogos/nba/500/scoreboard/sac.png,https://a.espncdn.com/i/teamlogos/nba/500/scoreboard/utah.png,6,0,2,0,6,0
nba-401359930,2022,2021-11-03 02:00:00+00:00,NO,PHX,100,112,https://a.espncdn.com/i/teamlogos/nba/500/scoreboard/no.png,https://a.espncdn.com/i/teamlogos/nba/500/scoreboard/phx.png,12,0,1,1,14,0
nba-401359931,2022,2021-11-03 02:30:00+00:00,HOU,LAL,117,119,https://a.espncdn.com/i/teamlogos/nba/500/scoreboard/hou.png,https://a.espncdn.com/i/teamlogos/nba/500/scoreboard/lal.png,2,0,1,1,6,0
nba-401360541,2022,2022-01-27 00:00:00+00:00,MIL,CLE,99,115,https://a.espncdn.com/i/teamlogos/nba/500/scoreboard/mil.png,https://a.espncdn.com/i/teamlogos/nba/500/scoreboard/cle.png,16,0,1,0,18,0
nba-401360542,2022,2022-01-27 00:00:00+00:00,CHA,IND,158,126,https://a.espncdn.com/i/teamlogos/nba/500/scoreboard/cha.png,https://a.espncdn.com/i/teamlogos/nba/500/scoreboard/ind.png,32,0,1,0,32,0
nba-401360543,2022,2022-01-27 00:00:00+00:00,LAC,ORL,111,102,https://a.espncdn.com/i/teamlogos/nba/500/scoreboard/lac.png,https://a.espncdn.com/i/teamlogos/nba/500/scoreboard/orl.png,9,0,3,1,9,0
nba-401360544,2022,2022-01-27 00:30:00+00:00,SAC,ATL,104,121,https://a.espncdn.com/i/teamlogos/nba/500/scoreboard/sac.png,https://a.espncdn.com/i/teamlogos/nba/500/scoreboard/atl.png,17,0,1,0,20,0
nba-401360546,2022,2022-01-27 00:30:00+00:00,NY,MIA,96,110,https://a.espncdn.com/i/teamlogos/nba/500/scoreboard/ny.png,https://a.espncdn.com/i/teamlogos/nba/500/scoreboard/mia.png,14,0,0,0,25,0
nba-401401134,2022,2022-01-27 01:00:00+00:00,DEN,BKN,124,118,https://a.espncdn.com/i/teamlogos/nba/500/scoreboard/den.png,https://a.espncdn.com/i/teamlogos/nba/500/scoreboard/bkn.png,6,0,2,0,11,0
nba-401401140,2022,2022-01-27 01:00:00+00:00,TOR,CHI,105,111,https://a.espncdn.com/i/teamlogos/nba/500/scoreboard/tor.png,https://a.espncdn.com/i/teamlogos/nba/500/scoreboard/chi.png,6,0,0,0,17,0
nba-401360547,2022,2022-01-27 01:30:00+00:00,MEM,SA,118,110,https://a.espncdn.com/i/teamlogos/nba/500/scoreboard/mem.png,https://a.espncdn.com/i/teamlogos/nba/500/scoreboard/sa.png,8,0,0,0,9,0
nba-401360550,2022,2022-01-27 03:00:00+00:00,PHX,UTAH,105,97,https://a.espncdn.com/i/teamlogos/nba/500/scoreboard/phx.png,https://a.espncdn.com/i/teamlogos/nba/500/scoreboard/utah.png,8,0,0,0,21,0
nba-401360551,2022,2022-01-27 03:00:00+00:00,DAL,POR,132,112,https://a.espncdn.com/i/teamlogos/nba/500/scoreboard/dal.png,https://a.espncdn.com/i/teamlogos/nba/500/scoreboard/por.png,20,0,0,0,20,0
nba-401585442,2024,2024-02-25 01:00:00+00:00,ORL,DET,112,109,https://a.espncdn.com/i/teamlogos/nba/500/scoreboard/orl.png,https://a.espncdn.com/i/teamlogos/nba/500/scoreboard/det.png,3,0,0,0,10,0
nba-401585444,2024,2024-02-25 01:30:00+00:00,BOS,NY,116,102,https://a.espncdn.com/i/teamlogos/nba/500/scoreboard/bos.png,https://a.espncdn.com/i/teamlogos/nba/500/scoreboard/ny.png,14,0,0,0,14,0
nba-401585443,2024,2024-02-25 02:00:00+00:00,BKN,MIN,86,101,https://a.espncdn.com/i/teamlogos/nba/500/scoreboard/bkn.png,https://a.espncdn.com/i/teamlogos/nba/500/scoreboard/min.png,15,0,2,0,15,0
nba-401468885,2023,2023-01-27 00:30:00+00:00,NY,BOS,120,117,https://a.espncdn.com/i/teamlogos/nba/500/scoreboard/ny.png,https://a.espncdn.com/i/teamlogos/nba/500/scoreboard/bos.png,3,1,1,0,8,0
nba-401468886,2023,2023-01-27 00:30:00+00:00,DET,BKN,130,122,https://a.espncdn.com/i/teamlogos/nba/500/scoreboard/det.png,https://a.espncdn.com/i/teamlogos/nba/500/scoreboard/bkn.png,8,0,2,0,11,0
nba-401468887,2023,2023-01-27 00:30:00+00:00,CHI,CHA,96,111,https://a.espncdn.com/i/teamlogos/nba/500/scoreboard/chi.png,https://a.espncdn.com/i/teamlogos/nba/500/scoreboard/cha.png,15,0,1,1,15,0
nba-401468888,2023,2023-01-27 01:00:00+00:00,CLE,HOU,113,95,https://a.espncdn.com/i/teamlogos/nba/500/scoreboard/cle.png,https://a.espncdn.com/i/teamlogos/nba/500/scoreboard/hou.png,18,0,0,0,26,0
nba-401468889,2023,2023-01-27 03:00:00+00:00,DAL,PHX,99,95,https://a.espncdn.com/i/teamlogos/nba/500/scoreboard/dal.png,https://a.espncdn.com/i/teamlogos/nba/500/scoreboard/phx.png,4,0,0,0,7,0
nba-401468890,2023,2023-01-27 03:30:00+00:00,SA,LAC,100,138,https://a.espncdn.com/i/teamlogos/nba/500/scoreboard/sa.png,https://a.espncdn.com/i/teamlogos/nba/500/scoreboard/lac.png,38,0,0,0,38,0
nba-401468632,2023,2022-12-23 01:00:00+00:00,SA,NO,117,126,https://a.espncdn.com/i/teamlogos/nba/500/scoreboard/sa.png,https://a.espncdn.com/i/teamlogos/nba/500/scoreboard/no.png,9,0,0,0,20,0
nba-401468633,2023,2022-12-23 02:00:00+00:00,WSH,UTAH,112,120,https://a.espncdn.com/i/teamlogos/nba/500/scoreboard/wsh.png,https://a.espncdn.com/i/teamlogos/nba/500/scoreboard/utah.png,8,0,2,0,8,0
nba-401585010,2024,2023-12-23 00:00:00+00:00,TOR,PHI,111,121,https://a.espncdn.com/i/teamlogos/nba/500/scoreboard/tor.png,https://a.espncdn.com/i/teamlogos/nba/500/scoreboard/phi.png,10,0,1,0,10,0
nba-401585011,2024,2023-12-23 00:30:00+00:00,DEN,BKN,122,117,https://a.espncdn.com/i/teamlogos/nba/500/scoreboard/den.png,https://a.espncdn.com/i/teamlogos/nba/500/scoreboard/bkn.png,5,0,1,0,5,0
nba-401585012,2024,2023-12-23 01:00:00+00:00,ATL,MIA,113,122,https://a.espncdn.com/i/teamlogos/nba/500/scoreboard/atl.png,https://a.espncdn.com/i/teamlogos/nba/500/scoreboard/mia.png,9,0,0,0,9,0
nba-401585013,2024,2023-12-23 01:00:00+00:00,DAL,HOU,96,122,https://a.espncdn.com/i/teamlogos/nba/500/scoreboard/dal.png,https://a.espncdn.com/i/teamlogos/nba/500/scoreboard/hou.png,26,0,0,0,29,0
nba-401585015,2024,2023-12-23 03:00:00+00:00,PHX,SAC,105,120,https://a.espncdn.com/i/teamlogos/nba/500/scoreboard/phx.png,https://a.espncdn.com/i/teamlogos/nba/500/scoreboard/sac.png,15,0,0,0,19,0
nba-401585014,2024,2023-12-23 03:18:00+00:00,WSH,GS,118,129,https://a.espncdn.com/i/teamlogos/nba/500/scoreboard/wsh.png,https://a.espncdn.com/i/teamlogos/nba/500/scoreboard/gs.png,11,0,0,0,18,0
nba-401365926,2022,2021-10-10 22:00:00+00:00,SA,ORL,101,100,https://a.espncdn.com/i/teamlogos/nba/500/scoreboard/sa.png,https://a.espncdn.com/i/teamlogos/nba/500/scoreboard/orl.png,1,0,0,0,17,0
nba-401365927,2022,2021-10-10 23:00:00+00:00,CHI,CLE,102,101,https://a.espncdn.com/i/teamlogos/nba/500/scoreboard/chi.png,https://a.espncdn.com/i/teamlogos/nba/500/scoreboard/cle.png,1,0,0,0,4,0
nba-401365928,2022,2021-10-10 23:30:00+00:00,OKC,MIL,110,130,https://a.espncdn.com/i/teamlogos/nba/500/scoreboard/okc.png,https://a.espncdn.com/i/teamlogos/nba/500/scoreboard/mil.png,20,0,0,0,27,0
nba-401365929,2022,2021-10-11 02:00:00+00:00,PHX,LAL,123,94,https://a.espncdn.com/i/teamlogos/nba/500/scoreboard/phx.png,https://a.espncdn.com/i/teamlogos/nba/500/scoreboard/lal.png,29,0,0,0,29,0
nba-401468018,2023,2022-10-19 23:00:00+00:00,ORL,DET,109,113,https://a.espncdn.com/i/teamlogos/nba/500/scoreboard/orl.png,https://a.espncdn.com/i/teamlogos/nba/500/scoreboard/det.png,4,0,1,0,11,0
nba-401468019,2023,2022-10-19 23:00:00+00:00,WSH,IND,114,107,https://a.espncdn.com/i/teamlogos/nba/500/scoreboard/wsh.png,https://a.espncdn.com/i/teamlogos/nba/500/scoreboard/ind.png,7,0,0,0,11,0
nba-401468020,2023,2022-10-19 23:30:00+00:00,HOU,ATL,107,117,https://a.espncdn.com/i/teamlogos/nba/500/scoreboard/hou.png,https://a.espncdn.com/i/teamlogos/nba/500/scoreboard/atl.png,10,0,0,0,10,0
nba-401468021,2023,2022-10-19 23:30:00+00:00,NO,BKN,130,108,https://a.espncdn.com/i/teamlogos/nba/500/scoreboard/no.png,https://a.espncdn.com/i/teamlogos/nba/500/scoreboard/bkn.png,22,0,0,0,22,0
nba-401468022,2023,2022-10-19 23:30:00+00:00,CHI,MIA,116,108,https://a.espncdn.com/i/teamlogos/nba/500/scoreboard/chi.png,https://a.espncdn.com/i/teamlogos/nba/500/scoreboard/mia.png,8,0,1,0,10,0
nba-401468023,2023,2022-10-19 23:30:00+00:00,CLE,TOR,105,108,https://a.espncdn.com/i/teamlogos/nba/500/scoreboard/cle.png,https://a.espncdn.com/i/teamlogos/nba/500/scoreboard/tor.png,3,0,2,1,8,0
nba-401468024,2023,2022-10-19 23:30:00+00:00,NY,MEM,112,115,https://a.espncdn.com/i/teamlogos/nba/500/scoreboard/ny.png,https://a.espncdn.com/i/teamlogos/nba/500/scoreboard/mem.png,3,1,0,0,15,0
nba-401468025,2023,2022-10-20 00:00:00+00:00,OKC,MIN,108,115,https://a.espncdn.com/i/teamlogos/nba/500/scoreboard/okc.png,https://a.espncdn.com/i/teamlogos/nba/500/scoreboard/min.png,7,0,0,0,13,0
nba-401468026,2023,2022-10-20 00:00:00+00:00,CHA,SA,129,102,https://a.espncdn.com/i/teamlogos/nba/500/scoreboard/cha.png,https://a.espncdn.com/i/teamlogos/nba/500/scoreboard/sa.png,27,0,0,0,27,0
nba-401468027,2023,2022-10-20 01:00:00+00:00,DEN,UTAH,102,123,https://a.espncdn.com/i/teamlogos/nba/500/scoreboard/den.png,https://a.espncdn.com/i/teamlogos/nba/500/scoreboard/utah.png,21,0,0,0,22,0
nba-401468028,2023,2022-10-20 02:00:00+00:00,DAL,PHX,105,107,https://a.espncdn.com/i/teamlogos/nba/500/scoreboard/dal.png,https://a.espncdn.com/i/teamlogos/nba/500/scoreboard/phx.png,2,0,1,1,17,0
nba-401468029,2023,2022-10-20 02:00:00+00:00,POR,SAC,115,108,https://a.espncdn.com/i/teamlogos/nba/500/scoreboard/por.png,https://a.espncdn.com/i/teamlogos/nba/500/scoreboard/sac.png,7,0,2,0,9,0
nba-401591928,2024,2023-10-19 23:00:00+00:00,BOS,CHA,127,99,https://a.espncdn.com/i/teamlogos/nba/500/scoreboard/bos.png,https://a.espncdn.com/i/teamlogos/nba/500/scoreboard/cha.png,28,0,0,0,35,0
nba-401591929,2024,2023-10-20 00:00:00+00:00,MIN,CHI,114,105,https://a.espncdn.com/i/teamlogos/nba/500/scoreboard/min.png,https://a.espncdn.com/i/teamlogos/nba/500/scoreboard/chi.png,9,0,0,0,12,0
nba-401591930,2024,2023-10-20 00:00:00+00:00,DET,OKC,118,116,https://a.espncdn.com/i/teamlogos/nba/500/scoreboard/det.png,https://a.espncdn.com/i/teamlogos/nba/500/scoreboard/okc.png,2,0,2,1,5,0
nba-401591931,2024,2023-10-20 02:00:00+00:00,PHX,LAL,123,100,https://a.espncdn.com/i/teamlogos/nba/500/scoreboard/phx.png,https://a.espncdn.com/i/teamlogos/nba/500/scoreboard/lal.png,23,0,2,0,23,0
nba-401591932,2024,2023-10-20 02:00:00+00:00,DEN,LAC,103,90,https://a.espncdn.com/i/teamlogos/nba/500/scoreboard/den.png,https://a.espncdn.com/i/teamlogos/nba/500/scoreboard/lac.png,13,0,0,0,13,0
nba-401591933,2024,2023-10-20 02:00:00+00:00,UTAH,SAC,113,116,https://a.espncdn.com/i/teamlogos/nba/500/scoreboard/utah.png,https://a.espncdn.com/i/teamlogos/nba/500/scoreboard/sac.png,3,0,2,1,6,0
nba-401442532,2022,2022-06-09 01:00:00+00:00,GS,BOS,100,116,https://a.espncdn.com/i/teamlogos/nba/500/scoreboard/gs.png,https://a.espncdn.com/i/teamlogos/nba/500/scoreboard/bos.png,16,0,0,0,16,1
nba-401547673,2023,2023-05-22 00:30:00+00:00,BOS,MIA,102,128,https://a.espncdn.com/i/teamlogos/nba/500/scoreboard/bos.png,https://a.espncdn.com/i/teamlogos/nba/500/scoreboard/mia.png,26,0,0,0,30,1
nba-401438132,2022,2022-05-22 00:30:00+00:00,MIA,BOS,109,103,https://a.espncdn.com/i/teamlogos/nba/500/scoreboard/mia.png,https://a.espncdn.com/i/teamlogos/nba/500/scoreboard/bos.png,6,0,0,0,21,1
nba-401469041,2023,2023-02-24 00:00:00+00:00,DEN,CLE,115,109,https://a.espncdn.com/i/teamlogos/nba/500/scoreboard/den.png,https://a.espncdn.com/i/teamlogos/nba/500/scoreboard/cle.png,6,0,2,1,6,0
nba-401469042,2023,2023-02-24 00:00:00+00:00,BOS,IND,142,138,https://a.espncdn.com/i/teamlogos/nba/500/scoreboard/bos.png,https://a.espncdn.com/i/teamlogos/nba/500/scoreboard/ind.png,4,1,0,0,10,0
nba-401469043,2023,2023-02-24 00:00:00+00:00,DET,ORL,106,108,https://a.espncdn.com/i/teamlogos/nba/500/scoreboard/det.png,https://a.espncdn.com/i/teamlogos/nba/500/scoreboard/orl.png,2,0,0,0,2,0
nba-401469044,2023,2023-02-24 00:30:00+00:00,MEM,PHI,105,110,https://a.espncdn.com/i/teamlogos/nba/500/scoreboard/mem.png,https://a.espncdn.com/i/teamlogos/nba/500/scoreboard/phi.png,5,0,1,1,15,0
nba-401469045,2023,2023-02-24 00:30:00+00:00,NO,TOR,110,115,https://a.espncdn.com/i/teamlogos/nba/500/scoreboard/no.png,https://a.espncdn.com/i/teamlogos/nba/500/scoreboard/tor.png,5,0,0,0,15,0
nba-401469046,2023,2023-02-24 01:30:00+00:00,SA,DAL,116,142,https://a.espncdn.com/i/teamlogos/nba/500/scoreboard/sa.png,https://a.espncdn.com/i/teamlogos/nba/500/scoreboard/dal.png,26,0,0,0,26,0
nba-401469047,2023,2023-02-24 02:00:00+00:00,OKC,UTAH,119,120,https://a.espncdn.com/i/teamlogos/nba/500/scoreboard/okc.png,https://a.espncdn.com/i/teamlogos/nba/500/scoreboard/utah.png,1,1,2,1,9,0
nba-401469048,2023,2023-02-24 03:00:00+00:00,GS,LAL,111,124,https://a.espncdn.com/i/teamlogos/nba/500/scoreboard/gs.png,https://a.espncdn.com/i/teamlogos/nba/500/scoreboard/lal.png,13,0,0,0,15,0
nba-401469049,2023,2023-02-24 03:00:00+00:00,POR,SAC,116,133,https://a.espncdn.com/i/teamlogos/nba/500/scoreboard/por.png,https://a.espncdn.com/i/teamlogos/nba/500/scoreboard/sac.png,17,0,1,0,17,0
nba-401585228,2024,2024-01-21 20:30:00+00:00,BKN,LAC,114,125,https://a.espncdn.com/i/teamlogos/nba/500/scoreboard/bkn.png,https://a.espncdn.com/i/teamlogos/nba/500/scoreboard/lac.png,11,0,1,1,15,0
nba-401585229,2024,2024-01-21 23:00:00+00:00,MIA,ORL,87,105,https://a.espncdn.com/i/teamlogos/nba/500/scoreboard/mia.png,https://a.espncdn.com/i/teamlogos/nba/500/scoreboard/orl.png,18,0,0,0,18,0
nba-401585230,2024,2024-01-21 23:00:00+00:00,DEN,WSH,113,104,https://a.espncdn.com/i/teamlogos/nba/500/scoreboard/den.png,https://a.espncdn.com/i/teamlogos/nba/500/scoreboard/wsh.png,9,0,0,0,11,0
nba-401585231,2024,2024-01-22 00:00:00+00:00,BOS,HOU,116,107,https://a.espncdn.com/i/teamlogos/nba/500/scoreboard/bos.png,https://a.espncdn.com/i/teamlogos/nba/500/scoreboard/hou.png,9,0,0,0,15,0
nba-401585232,2024,2024-01-22 01:00:00+00:00,IND,PHX,110,117,https://a.espncdn.com/i/teamlogos/nba/500/scoreboard/ind.png,https://a.espncdn.com/i/teamlogos/nba/500/scoreboard/phx.png,7,0,0,0,8,0
nba-401585233,2024,2024-01-22 03:00:00+00:00,POR,LAL,110,134,https://a.espncdn.com/i/teamlogos/nba/500/scoreboard/por.png,https://a.espncdn.com/i/teamlogos/nba/500/scoreboard/lal.png,24,0,0,0,24,0
nba-401584881,2024,2023-11-28 00:00:00+00:00,WSH,DET,126,107,https://a.espncdn.com/i/teamlogos/nba/500/scoreboard/wsh.png,https://a.espncdn.com/i/teamlogos/nba/500/scoreboard/det.png,19,0,0,0,19,0
nba-401584882,2024,2023-11-28 00:00:00+00:00,POR,IND,114,110,https://a.espncdn.com/i/teamlogos/nba/500/scoreboard/por.png,https://a.espncdn.com/i/teamlogos/nba/500/scoreboard/ind.png,4,0,1,0,5,0
nba-401584883,2024,2023-11-28 00:00:00+00:00,LAL,PHI,94,138,https://a.espncdn.com/i/teamlogos/nba/500/scoreboard/lal.png,https://a.espncdn.com/i/teamlogos/nba/500/scoreboard/phi.png,44,0,0,0,44,0
nba-401584884,2024,2023-11-28 02:00:00+00:00,NO,UTAH,112,114,https://a.espncdn.com/i/teamlogos/nba/500/scoreboard/no.png,https://a.espncdn.com/i/teamlogos/nba/500/scoreboard/utah.png,2,0,0,0,8,0
nba-401584885,2024,2023-11-28 03:30:00+00:00,DEN,LAC,113,104,https://a.espncdn.com/i/teamlogos/nba/500/scoreboard/den.png,https://a.espncdn.com/i/teamlogos/nba/500/scoreboard/lac.png,9,0,3,1,11,0
nba-401468445,2023,2022-11-27 20:00:00+00:00,POR,BKN,97,111,https://a.espncdn.com/i/teamlogos/nba/500/scoreboard/por.png,https://a.espncdn.com/i/teamlogos/nba/500/scoreboard/bkn.png,14,0,0,0,14,0
nba-401468446,2023,2022-11-27 20:30:00+00:00,GS,MIN,137,114,https://a.espncdn.com/i/teamlogos/nba/500/scoreboard/gs.png,https://a.espncdn.com/i/teamlogos/nba/500/scoreboard/min.png,23,0,0,0,23,0
nba-401468447,2023,2022-11-27 21:00:00+00:00,IND,LAC,100,114,https://a.espncdn.com/i/teamlogos/nba/500/scoreboard/ind.png,https://a.espncdn.com/i/teamlogos/nba/500/scoreboard/lac.png,14,0,0,0,14,0
nba-401468448,2023,2022-11-27 22:00:00+00:00,MIA,ATL,106,98,https://a.espncdn.com/i/teamlogos/nba/500/scoreboard/mia.png,https://a.espncdn.com/i/teamlogos/nba/500/scoreboard/atl.png,8,0,1,0,9,0
nba-401468449,2023,2022-11-27 23:00:00+00:00,WSH,BOS,121,130,https://a.espncdn.com/i/teamlogos/nba/500/scoreboard/wsh.png,https://a.espncdn.com/i/teamlogos/nba/500/scoreboard/bos.png,9,0,0,0,25,0
nba-401468450,2023,2022-11-27 23:00:00+00:00,CLE,DET,102,94,https://a.espncdn.com/i/teamlogos/nba/500/scoreboard/cle.png,https://a.espncdn.com/i/teamlogos/nba/500/scoreboard/det.png,8,0,1,1,8,0
nba-401468451,2023,2022-11-27 23:00:00+00:00,MEM,NY,127,123,https://a.espncdn.com/i/teamlogos/nba/500/scoreboard/mem.png,https://a.espncdn.com/i/teamlogos/nba/500/scoreboard/ny.png,4,0,1,0,10,0
nba-401468452,2023,2022-11-27 23:00:00+00:00,PHI,ORL,133,103,https://a.espncdn.com/i/teamlogos/nba/500/scoreboard/phi.png,https://a.espncdn.com/i/teamlogos/nba/500/scoreboard/orl.png,30,0,0,0,30,0
nba-401468453,2023,2022-11-28 01:00:00+00:00,DAL,MIL,115,124,https://a.espncdn.com/i/teamlogos/nba/500/scoreboard/dal.png,https://a.espncdn.com/i/teamlogos/nba/500/scoreboard/mil.png,9,0,0,0,11,0
nba-401360187,2022,2021-12-08 00:30:00+00:00,BKN,DAL,102,99,https://a.espncdn.com/i/teamlogos/nba/500/scoreboard/bkn.png,https://a.espncdn.com/i/teamlogos/nba/500/scoreboard/dal.png,3,0,1,1,12,0
nba-401360188,2022,2021-12-08 01:30:00+00:00,NY,SA,121,109,https://a.espncdn.com/i/teamlogos/nba/500/scoreboard/ny.png,https://a.espncdn.com/i/teamlogos/nba/500/scoreboard/sa.png,12,0,0,0,14,0
nba-401360189,2022,2021-12-08 03:00:00+00:00,BOS,LAL,102,117,https://a.espncdn.com/i/teamlogos/nba/500/scoreboard/bos.png,https://a.espncdn.com/i/teamlogos/nba/500/scoreboard/lal.png,15,0,1,0,16,0
nba-401585361,2024,2024-02-09 00:00:00+00:00,GS,IND,131,109,https://a.espncdn.com/i/teamlogos/nba/500/scoreboard/gs.png,https://a.espncdn.com/i/teamlogos/nba/500/scoreboard/ind.png,22,0,0,0,22,0
nba-401585362,2024,2024-02-09 00:00:00+00:00,SA,ORL,111,127,https://a.espncdn.com/i/teamlogos/nba/500/scoreboard/sa.png,https://a.espncdn.com/i/teamlogos/nba/500/scoreboard/orl.png,16,0,0,0,17,0
nba-401585363,2024,2024-02-09 00:30:00+00:00,CLE,BKN,118,95,https://a.espncdn.com/i/teamlogos/nba/500/scoreboard/cle.png,https://a.espncdn.com/i/teamlogos/nba/500/scoreboard/bkn.png,23,0,0,0,23,0
nba-401585364,2024,2024-02-09 00:30:00+00:00,DAL,NY,122,108,https://a.espncdn.com/i/teamlogos/nba/500/scoreboard/dal.png,https://a.espncdn.com/i/teamlogos/nba/500/scoreboard/ny.png,14,0,0,0,16,0
nba-401585365,2024,2024-02-09 01:00:00+00:00,CHI,MEM,118,110,https://a.espncdn.com/i/teamlogos/nba/500/scoreboard/chi.png,https://a.espncdn.com/i/teamlogos/nba/500/scoreboard/mem.png,8,0,1,1,8,0
nba-401585366,2024,2024-02-09 01:00:00+00:00,MIN,MIL,129,105,https://a.espncdn.com/i/teamlogos/nba/500/scoreboard/min.png,https://a.espncdn.com/i/teamlogos/nba/500/scoreboard/mil.png,24,0,0,0,27,0
nba-401585367,2024,2024-02-09 02:00:00+00:00,UTAH,PHX,115,129,https://a.espncdn.com/i/teamlogos/nba/500/scoreboard/utah.png,https://a.espncdn.com/i/teamlogos/nba/500/scoreboard/phx.png,14,0,0,0,19,0
nba-401585368,2024,2024-02-09 03:00:00+00:00,DEN,LAL,114,106,https://a.espncdn.com/i/teamlogos/nba/500/scoreboard/den.png,https://a.espncdn.com/i/teamlogos/nba/500/scoreboard/lal.png,8,0,0,0,10,0
nba-401585369,2024,2024-02-09 03:00:00+00:00,DET,POR,128,122,https://a.espncdn.com/i/teamlogos/nba/500/scoreboard/det.png,https://a.espncdn.com/i/teamlogos/nba/500/scoreboard/por.png,6,1,1,1,15,0
nba-401672978,2024,2024-05-27 00:00:00+00:00,MIN,DAL,107,116,https://a.espncdn.com/i/teamlogos/nba/500/scoreboard/min.png,https://a.espncdn.com/i/teamlogos/nba/500/scoreboard/dal.png,9,0,0,0,9,1
nba-401469303,2023,2023-03-31 23:00:00+00:00,CHI,CHA,121,91,https://a.espncdn.com/i/teamlogos/nba/500/scoreboard/chi.png,https://a.espncdn.com/i/teamlogos/nba/500/scoreboard/cha.png,30,0,0,0,30,0
nba-401469304,2023,2023-03-31 23:00:00+00:00,OKC,IND,117,121,https://a.espncdn.com/i/teamlogos/nba/500/scoreboard/okc.png,https://a.espncdn.com/i/teamlogos/nba/500/scoreboard/ind.png,4,0,2,1,4,0
nba-401469305,2023,2023-03-31 23:00:00+00:00,TOR,PHI,110,117,https://a.espncdn.com/i/teamlogos/nba/500/scoreboard/tor.png,https://a.espncdn.com/i/teamlogos/nba/500/scoreboard/phi.png,7,0,0,0,20,0
nba-401469306,2023,2023-03-31 23:00:00+00:00,ORL,WSH,116,109,https://a.espncdn.com/i/teamlogos/nba/500/scoreboard/orl.png,https://a.espncdn.com/i/teamlogos/nba/500/scoreboard/wsh.png,7,0,1,1,11,0
nba-401469307,2023,2023-03-31 23:30:00+00:00,UTAH,BOS,114,122,https://a.espncdn.com/i/teamlogos/nba/500/scoreboard/utah.png,https://a.espncdn.com/i/teamlogos/nba/500/scoreboard/bos.png,8,0,1,0,15,0
nba-401469308,2023,2023-03-31 23:30:00+00:00,ATL,BKN,107,124,https://a.espncdn.com/i/teamlogos/nba/500/scoreboard/atl.png,https://a.espncdn.com/i/teamlogos/nba/500/scoreboard/bkn.png,17,0,1,0,22,0
nba-401469309,2023,2023-03-31 23:30:00+00:00,NY,CLE,130,116,https://a.espncdn.com/i/teamlogos/nba/500/scoreboard/ny.png,https://a.espncdn.com/i/teamlogos/nba/500/scoreboard/cle.png,14,0,1,0,14,0
nba-401469310,2023,2023-04-01 00:00:00+00:00,DET,HOU,115,121,https://a.espncdn.com/i/teamlogos/nba/500/scoreboard/det.png,https://a.espncdn.com/i/teamlogos/nba/500/scoreboard/hou.png,6,0,2,1,6,0
nba-401469311,2023,2023-04-01 00:00:00+00:00,LAC,MEM,94,108,https://a.espncdn.com/i/teamlogos/nba/500/scoreboard/lac.png,https://a.espncdn.com/i/teamlogos/nba/500/scoreboard/mem.png,14,0,1,0,14,0
nba-401469312,2023,2023-04-01 00:00:00+00:00,LAL,MIN,123,111,https://a.espncdn.com/i/teamlogos/nba/500/scoreboard/lal.png,https://a.espncdn.com/i/teamlogos/nba/500/scoreboard/min.png,12,0,1,0,12,0
nba-401469313,2023,2023-04-01 02:00:00+00:00,SA,GS,115,130,https://a.espncdn.com/i/teamlogos/nba/500/scoreboard/sa.png,https://a.espncdn.com/i/teamlogos/nba/500/scoreboard/gs.png,15,0,3,1,15,0
nba-401469314,2023,2023-04-01 02:00:00+00:00,SAC,POR,138,114,https://a.espncdn.com/i/teamlogos/nba/500/scoreboard/sac.png,https://a.espncdn.com/i/teamlogos/nba/500/scoreboard/por.png,24,0,0,0,24,0
nba-401469315,2023,2023-04-01 02:30:00+00:00,DEN,PHX,93,100,https://a.espncdn.com/i/teamlogos/nba/500/scoreboard/den.png,https://a.espncdn.com/i/teamlogos/nba/500/scoreboard/phx.png,7,0,0,0,20,0
nba-401360966,2022,2022-03-31 23:00:00+00:00,PHI,DET,94,102,https://a.espncdn.com/i/teamlogos/nba/500/scoreboard/phi.png,https://a.espncdn.com/i/teamlogos/nba/500/scoreboard/det.png,8,0,1,1,8,0
nba-401360967,2022,2022-03-31 23:30:00+00:00,MIL,BKN,120,119,https://a.espncdn.com/i/teamlogos/nba/500/scoreboard/mil.png,https://a.espncdn.com/i/teamlogos/nba/500/scoreboard/bkn.png,1,1,1,0,7,0
nba-401401145,2022,2022-03-31 23:30:00+00:00,CLE,ATL,107,131,https://a.espncdn.com/i/teamlogos/nba/500/scoreboard/cle.png,https://a.espncdn.com/i/teamlogos/nba/500/scoreboard/atl.png,24,0,0,0,25,0
nba-401360968,2022,2022-04-01 00:00:00+00:00,LAC,CHI,130,135,https://a.espncdn.com/i/teamlogos/nba/500/scoreboard/lac.png,https://a.espncdn.com/i/teamlogos/nba/500/scoreboard/chi.png,5,1,1,1,10,0
nba-401360969,2022,2022-04-01 02:00:00+00:00,LAL,UTAH,109,122,https://a.espncdn.com/i/teamlogos/nba/500/scoreboard/lal.png,https://a.espncdn.com/i/teamlogos/nba/500/scoreboard/utah.png,13,0,0,0,14,0
nba-401672980,2024,2024-05-31 00:30:00+00:00,DAL,MIN,124,103,https://a.espncdn.com/i/teamlogos/nba/500/scoreboard/dal.png,https://a.espncdn.com/i/teamlogos/nba/500/scoreboard/min.png,21,0,0,0,29,1
nba-401468192,2023,2022-10-23 19:30:00+00:00,POR,LAL,106,104,https://a.espncdn.com/i/teamlogos/nba/500/scoreboard/por.png,https://a.espncdn.com/i/teamlogos/nba/500/scoreboard/lal.png,2,0,2,1,8,0
nba-401468193,2023,2022-10-23 21:00:00+00:00,CHA,ATL,126,109,https://a.espncdn.com/i/teamlogos/nba/500/scoreboard/cha.png,https://a.espncdn.com/i/teamlogos/nba/500/scoreboard/atl.png,17,0,1,0,20,0
nba-401468194,2023,2022-10-23 23:00:00+00:00,WSH,CLE,107,117,https://a.espncdn.com/i/teamlogos/nba/500/scoreboard/wsh.png,https://a.espncdn.com/i/teamlogos/nba/500/scoreboard/cle.png,10,1,1,0,10,0
nba-401468195,2023,2022-10-23 23:00:00+00:00,UTAH,NO,122,121,https://a.espncdn.com/i/teamlogos/nba/500/scoreboard/utah.png,https://a.espncdn.com/i/teamlogos/nba/500/scoreboard/no.png,1,1,0,0,10,0
nba-401468196,2023,2022-10-24 00:00:00+00:00,MIN,OKC,116,106,https://a.espncdn.com/i/teamlogos/nba/500/scoreboard/min.png,https://a.espncdn.com/i/teamlogos/nba/500/scoreboard/okc.png,10,0,0,0,13,0
nba-401468197,2023,2022-10-24 00:30:00+00:00,SAC,GS,125,130,https://a.espncdn.com/i/teamlogos/nba/500/scoreboard/sac.png,https://a.espncdn.com/i/teamlogos/nba/500/scoreboard/gs.png,5,0,0,0,19,0
nba-401468198,2023,2022-10-24 02:00:00+00:00,PHX,LAC,112,95,https://a.espncdn.com/i/teamlogos/nba/500/scoreboard/phx.png,https://a.espncdn.com/i/teamlogos/nba/500/scoreboard/lac.png,17,0,0,0,20,0
nba-401360934,2022,2022-03-27 19:30:00+00:00,NY,DET,104,102,https://a.espncdn.com/i/teamlogos/nba/500/scoreboard/ny.png,https://a.espncdn.com/i/teamlogos/nba/500/scoreboard/det.png,2,0,0,0,12,0
nba-401360935,2022,2022-03-27 22:00:00+00:00,MIN,BOS,112,134,https://a.espncdn.com/i/teamlogos/nba/500/scoreboard/min.png,https://a.espncdn.com/i/teamlogos/nba/500/scoreboard/bos.png,22,0,0,0,26,0
nba-401360936,2022,2022-03-27 22:00:00+00:00,GS,WSH,115,123,https://a.espncdn.com/i/teamlogos/nba/500/scoreboard/gs.png,https://a.espncdn.com/i/teamlogos/nba/500/scoreboard/wsh.png,8,0,0,0,11,0
nba-401360937,2022,2022-03-27 22:00:00+00:00,PHI,PHX,104,114,https://a.espncdn.com/i/teamlogos/nba/500/scoreboard/phi.png,https://a.espncdn.com/i/teamlogos/nba/500/scoreboard/phx.png,10,0,1,0,10,0
nba-401360938,2022,2022-03-27 23:00:00+00:00,LAL,NO,108,116,https://a.espncdn.com/i/teamlogos/nba/500/scoreboard/lal.png,https://a.espncdn.com/i/teamlogos/nba/500/scoreboard/no.png,8,0,1,1,20,0
nba-401360939,2022,2022-03-27 23:30:00+00:00,CHA,BKN,119,110,https://a.espncdn.com/i/teamlogos/nba/500/scoreboard/cha.png,https://a.espncdn.com/i/teamlogos/nba/500/scoreboard/bkn.png,9,0,1,0,9,0
nba-401360940,2022,2022-03-27 23:30:00+00:00,UTAH,DAL,100,114,https://a.espncdn.com/i/teamlogos/nba/500/scoreboard/utah.png,https://a.espncdn.com/i/teamlogos/nba/500/scoreboard/dal.png,14,0,1,0,14,0
nba-401469277,2023,2023-03-27 23:00:00+00:00,MIL,DET,126,117,https://a.espncdn.com/i/teamlogos/nba/500/scoreboard/mil.png,https://a.espncdn.com/i/teamlogos/nba/500/scoreboard/det.png,9,0,0,0,9,0
nba-401469278,2023,2023-03-27 23:00:00+00:00,DAL,IND,127,104,https://a.espncdn.com/i/teamlogos/nba/500/scoreboard/dal.png,https://a.espncdn.com/i/teamlogos/nba/500/scoreboard/ind.png,23,0,0,0,25,0
nba-401469279,2023,2023-03-27 23:30:00+00:00,HOU,NY,115,137,https://a.espncdn.com/i/teamlogos/nba/500/scoreboard/hou.png,https://a.espncdn.com/i/teamlogos/nba/500/scoreboard/ny.png,22,0,0,0,22,0
nba-401469280,2023,2023-03-28 01:00:00+00:00,PHX,UTAH,117,103,https://a.espncdn.com/i/teamlogos/nba/500/scoreboard/phx.png,https://a.espncdn.com/i/teamlogos/nba/500/scoreboard/utah.png,14,0,0,0,14,0
nba-401469281,2023,2023-03-28 01:30:00+00:00,PHI,DEN,111,116,https://a.espncdn.com/i/teamlogos/nba/500/scoreboard/phi.png,https://a.espncdn.com/i/teamlogos/nba/500/scoreboard/den.png,5,0,0,0,14,0
nba-401469282,2023,2023-03-28 02:00:00+00:00,NO,POR,124,90,https://a.espncdn.com/i/teamlogos/nba/500/scoreboard/no.png,https://a.espncdn.com/i/teamlogos/nba/500/scoreboard/por.png,34,0,0,0,34,0
nba-401469283,2023,2023-03-28 02:00:00+00:00,MIN,SAC,119,115,https://a.espncdn.com/i/teamlogos/nba/500/scoreboard/min.png,https://a.espncdn.com/i/teamlogos/nba/500/scoreboard/sac.png,4,0,2,0,9,0
nba-401469284,2023,2023-03-28 02:30:00+00:00,CHI,LAC,112,124,https://a.espncdn.com/i/teamlogos/nba/500/scoreboard/chi.png,https://a.espncdn.com/i/teamlogos/nba/500/scoreboard/lac.png,12,0,1,0,22,0
nba-401655118,2024,2024-04-22 23:00:00+00:00,ORL,CLE,86,96,https://a.espncdn.com/i/teamlogos/nba/500/scoreboard/orl.png,https://a.espncdn.com/i/teamlogos/nba/500/scoreboard/cle.png,10,0,0,0,15,1
nba-401655106,2024,2024-04-22 23:30:00+00:00,PHI,NY,101,104,https://a.espncdn.com/i/teamlogos/nba/500/scoreboard/phi.png,https://a.espncdn.com/i/teamlogos/nba/500/scoreboard/ny.png,3,0,1,0,7,1
nba-401655082,2024,2024-04-23 02:00:00+00:00,LAL,DEN,99,101,https://a.espncdn.com/i/teamlogos/nba/500/scoreboard/lal.png,https://a.espncdn.com/i/teamlogos/nba/500/scoreboard/den.png,2,0,1,1,15,1
nba-401469371,2023,2023-04-09 17:00:00+00:00,ATL,BOS,114,120,https://a.espncdn.com/i/teamlogos/nba/500/scoreboard/atl.png,https://a.espncdn.com/i/teamlogos/nba/500/scoreboard/bos.png,6,0,1,0,10,0
nba-401469372,2023,2023-04-09 17:00:00+00:00,PHI,BKN,134,105,https://a.espncdn.com/i/teamlogos/nba/500/scoreboard/phi.png,https://a.espncdn.com/i/teamlogos/nba/500/scoreboard/bkn.png,29,0,0,0,29,0
nba-401469373,2023,2023-04-09 17:00:00+00:00,CHA,CLE,106,95,https://a.espncdn.com/i/teamlogos/nba/500/scoreboard/cha.png,https://a.espncdn.com/i/teamlogos/nba/500/scoreboard/cle.png,11,0,1,1,11,0
nba-401469374,2023,2023-04-09 17:00:00+00:00,ORL,MIA,110,123,https://a.espncdn.com/i/teamlogos/nba/500/scoreboard/orl.png,https://a.espncdn.com/i/teamlogos/nba/500/scoreboard/mia.png,13,0,3,1,13,0
nba-401469375,2023,2023-04-09 17:00:00+00:00,IND,NY,141,136,https://a.espncdn.com/i/teamlogos/nba/500/scoreboard/ind.png,https://a.espncdn.com/i/teamlogos/nba/500/scoreboard/ny.png,5,0,3,1,7,0
nba-401469376,2023,2023-04-09 17:00:00+00:00,MIL,TOR,105,121,https://a.espncdn.com/i/teamlogos/nba/500/scoreboard/mil.png,https://a.espncdn.com/i/teamlogos/nba/500/scoreboard/tor.png,16,0,0,0,16,0
nba-401469377,2023,2023-04-09 17:00:00+00:00,HOU,WSH,114,109,https://a.espncdn.com/i/teamlogos/nba/500/scoreboard/hou.png,https://a.espncdn.com/i/teamlogos/nba/500/scoreboard/wsh.png,5,0,1,0,12,0
nba-401469378,2023,2023-04-09 17:00:00+00:00,DET,CHI,81,103,https://a.espncdn.com/i/teamlogos/nba/500/scoreboard/det.png,https://a.espncdn.com/i/teamlogos/nba/500/scoreboard/chi.png,22,0,0,0,22,0
nba-401469379,2023,2023-04-09 19:30:00+00:00,SA,DAL,138,117,https://a.espncdn.com/i/teamlogos/nba/500/scoreboard/sa.png,https://a.espncdn.com/i/teamlogos/nba/500/scoreboard/dal.png,21,0,0,0,28,0
nba-401469380,2023,2023-04-09 19:30:00+00:00,NO,MIN,108,113,https://a.espncdn.com/i/teamlogos/nba/500/scoreboard/no.png,https://a.espncdn.com/i/teamlogos/nba/500/scoreboard/min.png,5,0,1,1,12,0
nba-401469381,2023,2023-04-09 19:30:00+00:00,MEM,OKC,100,115,https://a.espncdn.com/i/teamlogos/nba/500/scoreboard/mem.png,https://a.espncdn.com/i/teamlogos/nba/500/scoreboard/okc.png,15,0,1,0,15,0
nba-401469382,2023,2023-04-09 19:30:00+00:00,SAC,DEN,95,109,https://a.espncdn.com/i/teamlogos/nba/500/scoreboard/sac.png,https://a.espncdn.com/i/teamlogos/nba/500/scoreboard/den.png,14,0,1,0,17,0
nba-401469383,2023,2023-04-09 19:30:00+00:00,UTAH,LAL,117,128,https://a.espncdn.com/i/teamlogos/nba/500/scoreboard/utah.png,https://a.espncdn.com/i/teamlogos/nba/500/scoreboard/lal.png,11,0,0,0,11,0
nba-401469384,2023,2023-04-09 19:30:00+00:00,LAC,PHX,119,114,https://a.espncdn.com/i/teamlogos/nba/500/scoreboard/lac.png,https://a.espncdn.com/i/teamlogos/nba/500/scoreboard/phx.png,5,0,1,1,9,0
nba-401469385,2023,2023-04-09 19:30:00+00:00,GS,POR,157,101,https://a.espncdn.com/i/teamlogos/nba/500/scoreboard/gs.png,https://a.espncdn.com/i/teamlogos/nba/500/scoreboard/por.png,56,0,0,0,56,0
nba-401468600,2023,2022-12-18 20:00:00+00:00,ORL,BOS,95,92,https://a.espncdn.com/i/teamlogos/nba/500/scoreboard/orl.png,https://a.espncdn.com/i/teamlogos/nba/500/scoreboard/bos.png,3,0,2,1,9,0
nba-401468601,2023,2022-12-18 22:00:00+00:00,NY,IND,109,106,https://a.espncdn.com/i/teamlogos/nba/500/scoreboard/ny.png,https://a.espncdn.com/i/teamlogos/nba/500/scoreboard/ind.png,3,0,2,1,3,0
nba-401468602,2023,2022-12-18 23:00:00+00:00,BKN,DET,124,121,https://a.espncdn.com/i/teamlogos/nba/500/scoreboard/bkn.png,https://a.espncdn.com/i/teamlogos/nba/500/scoreboard/det.png,3,0,1,0,17,0
nba-401468603,2023,2022-12-18 23:00:00+00:00,GS,TOR,126,110,https://a.espncdn.com/i/teamlogos/nba/500/scoreboard/gs.png,https://a.espncdn.com/i/teamlogos/nba/500/scoreboard/tor.png,16,0,0,0,22,0
nba-401468604,2023,2022-12-19 00:00:00+00:00,CHI,MIN,126,150,https://a.espncdn.com/i/teamlogos/nba/500/scoreboard/chi.png,https://a.espncdn.com/i/teamlogos/nba/500/scoreboard/min.png,24,0,1,0,24,0
nba-401468605,2023,2022-12-19 01:00:00+00:00,CHA,DEN,115,119,https://a.espncdn.com/i/teamlogos/nba/500/scoreboard/cha.png,https://a.espncdn.com/i/teamlogos/nba/500/scoreboard/den.png,4,0,1,0,14,0
nba-401468606,2023,2022-12-19 02:30:00+00:00,WSH,LAL,117,119,https://a.espncdn.com/i/teamlogos/nba/500/scoreboard/wsh.png,https://a.espncdn.com/i/teamlogos/nba/500/scoreboard/lal.png,2,0,2,1,14,0
nba-401584977,2024,2023-12-19 00:00:00+00:00,HOU,CLE,130,135,https://a.espncdn.com/i/teamlogos/nba/500/scoreboard/hou.png,https://a.espncdn.com/i/teamlogos/nba/500/scoreboard/cle.png,5,1,1,0,5,0
nba-401584978,2024,2023-12-19 00:00:00+00:00,LAC,IND,151,127,https://a.espncdn.com/i/teamlogos/nba/500/scoreboard/lac.png,https://a.espncdn.com/i/teamlogos/nba/500/scoreboard/ind.png,24,0,1,0,24,0
nba-401584979,2024,2023-12-19 00:00:00+00:00,CHI,PHI,108,104,https://a.espncdn.com/i/teamlogos/nba/500/scoreboard/chi.png,https://a.espncdn.com/i/teamlogos/nba/500/scoreboard/phi.png,4,0,0,0,12,0
nba-401584980,2024,2023-12-19 00:30:00+00:00,DET,ATL,124,130,https://a.espncdn.com/i/teamlogos/nba/500/scoreboard/det.png,https://a.espncdn.com/i/teamlogos/nba/500/scoreboard/atl.png,6,0,0,0,13,0
nba-401584981,2024,2023-12-19 00:30:00+00:00,MIN,MIA,112,108,https://a.espncdn.com/i/teamlogos/nba/500/scoreboard/min.png,https://a.espncdn.com/i/teamlogos/nba/500/scoreboard/mia.png,4,0,1,1,12,0
nba-401584982,2024,2023-12-19 00:30:00+00:00,CHA,TOR,99,114,https://a.espncdn.com/i/teamlogos/nba/500/scoreboard/cha.png,https://a.espncdn.com/i/teamlogos/nba/500/scoreboard/tor.png,15,0,1,1,15,0
nba-401584983,2024,2023-12-19 01:00:00+00:00,MEM,OKC,97,116,https://a.espncdn.com/i/teamlogos/nba/500/scoreboard/mem.png,https://a.espncdn.com/i/teamlogos/nba/500/scoreboard/okc.png,19,0,0,0,28,0
nba-401584984,2024,2023-12-19 02:00:00+00:00,DAL,DEN,104,130,https://a.espncdn.com/i/teamlogos/nba/500/scoreboard/dal.png,https://a.espncdn.com/i/teamlogos/nba/500/scoreboard/den.png,26,0,0,0,26,0
nba-401584985,2024,2023-12-19 02:00:00+00:00,BKN,UTAH,108,125,https://a.espncdn.com/i/teamlogos/nba/500/scoreboard/bkn.png,https://a.espncdn.com/i/teamlogos/nba/500/scoreboard/utah.png,17,0,1,0,17,0
nba-401584986,2024,2023-12-19 03:00:00+00:00,WSH,SAC,131,143,https://a.espncdn.com/i/teamlogos/nba/500/scoreboard/wsh.png,https://a.espncdn.com/i/teamlogos/nba/500/scoreboard/sac.png,12,0,1,0,21,0
nba-401584987,2024,2023-12-19 03:30:00+00:00,NY,LAL,114,109,https://a.espncdn.com/i/teamlogos/nba/500/scoreboard/ny.png,https://a.espncdn.com/i/teamlogos/nba/500/scoreboard/lal.png,5,0,2,0,10,0
nba-401361033,2022,2022-04-09 17:00:00+00:00,IND,PHI,120,133,https://a.espncdn.com/i/teamlogos/nba/500/scoreboard/ind.png,https://a.espncdn.com/i/teamlogos/nba/500/scoreboard/phi.png,13,0,0,0,14,0
nba-401361032,2022,2022-04-09 22:00:00+00:00,NO,MEM,114,141,https://a.espncdn.com/i/teamlogos/nba/500/scoreboard/no.png,https://a.espncdn.com/i/teamlogos/nba/500/scoreboard/mem.png,27,0,0,0,39,0
nba-401361034,2022,2022-04-10 00:30:00+00:00,GS,SA,100,94,https://a.espncdn.com/i/teamlogos/nba/500/scoreboard/gs.png,https://a.espncdn.com/i/teamlogos/nba/500/scoreboard/sa.png,6,0,0,0,10,0
nba-401361031,2022,2022-04-10 01:30:00+00:00,SAC,LAC,98,117,https://a.espncdn.com/i/teamlogos/nba/500/scoreboard/sac.png,https://a.espncdn.com/i/teamlogos/nba/500/scoreboard/lac.png,19,0,0,0,21,0
nba-401360215,2022,2021-12-11 20:30:00+00:00,ORL,LAC,104,106,https://a.espncdn.com/i/teamlogos/nba/500/scoreboard/orl.png,https://a.espncdn.com/i/teamlogos/nba/500/scoreboard/lac.png,2,0,1,0,7,0
nba-401360216,2022,2021-12-12 00:00:00+00:00,UTAH,WSH,123,98,https://a.espncdn.com/i/teamlogos/nba/500/scoreboard/utah.png,https://a.espncdn.com/i/teamlogos/nba/500/scoreboard/wsh.png,25,0,2,0,25,0
nba-401360217,2022,2021-12-12 01:00:00+00:00,SAC,CLE,103,117,https://a.espncdn.com/i/teamlogos/nba/500/scoreboard/sac.png,https://a.espncdn.com/i/teamlogos/nba/500/scoreboard/cle.png,14,0,0,0,29,0
nba-401360218,2022,2021-12-12 01:00:00+00:00,CHI,MIA,92,118,https://a.espncdn.com/i/teamlogos/nba/500/scoreboard/chi.png,https://a.espncdn.com/i/teamlogos/nba/500/scoreboard/mia.png,26,0,0,0,26,0
nba-401360219,2022,2021-12-12 01:00:00+00:00,HOU,MEM,106,113,https://a.espncdn.com/i/teamlogos/nba/500/scoreboard/hou.png,https://a.espncdn.com/i/teamlogos/nba/500/scoreboard/mem.png,7,0,0,0,16,0
nba-401360220,2022,2021-12-12 01:30:00+00:00,GS,PHI,93,102,https://a.espncdn.com/i/teamlogos/nba/500/scoreboard/gs.png,https://a.espncdn.com/i/teamlogos/nba/500/scoreboard/phi.png,9,0,2,1,9,0
nba-401360221,2022,2021-12-12 01:30:00+00:00,DEN,SA,127,112,https://a.espncdn.com/i/teamlogos/nba/500/scoreboard/den.png,https://a.espncdn.com/i/teamlogos/nba/500/scoreboard/sa.png,15,0,1,0,29,0
nba-401360787,2022,2022-03-08 00:00:00+00:00,ATL,DET,110,113,https://a.espncdn.com/i/teamlogos/nba/500/scoreboard/atl.png,https://a.espncdn.com/i/teamlogos/nba/500/scoreboard/det.png,3,1,1,0,3,0
nba-401360788,2022,2022-03-08 00:00:00+00:00,CHI,PHI,106,121,https://a.espncdn.com/i/teamlogos/nba/500/scoreboard/chi.png,https://a.espncdn.com/i/teamlogos/nba/500/scoreboard/phi.png,15,0,0,0,15,0
nba-401360789,2022,2022-03-08 00:30:00+00:00,HOU,MIA,106,123,https://a.espncdn.com/i/teamlogos/nba/500/scoreboard/hou.png,https://a.espncdn.com/i/teamlogos/nba/500/scoreboard/mia.png,17,0,1,0,17,0
nba-401360790,2022,2022-03-08 01:00:00+00:00,POR,MIN,81,124,https://a.espncdn.com/i/teamlogos/nba/500/scoreboard/por.png,https://a.espncdn.com/i/teamlogos/nba/500/scoreboard/min.png,43,0,0,0,43,0
nba-401360791,2022,2022-03-08 01:30:00+00:00,UTAH,DAL,103,111,https://a.espncdn.com/i/teamlogos/nba/500/scoreboard/utah.png,https://a.espncdn.com/i/teamlogos/nba/500/scoreboard/dal.png,8,0,0,0,17,0
nba-401360792,2022,2022-03-08 01:30:00+00:00,LAL,SA,110,117,https://a.espncdn.com/i/teamlogos/nba/500/scoreboard/lal.png,https://a.espncdn.com/i/teamlogos/nba/500/scoreboard/sa.png,7,0,0,0,9,0
nba-401401144,2022,2022-03-08 02:00:00+00:00,GS,DEN,124,131,https://a.espncdn.com/i/teamlogos/nba/500/scoreboard/gs.png,https://a.espncdn.com/i/teamlogos/nba/500/scoreboard/den.png,7,0,0,0,9,0
nba-401360793,2022,2022-03-08 03:30:00+00:00,NY,SAC,131,115,https://a.espncdn.com/i/teamlogos/nba/500/scoreboard/ny.png,https://a.espncdn.com/i/teamlogos/nba/500/scoreboard/sac.png,16,0,1,0,16,0
nba-401469133,2023,2023-03-08 00:00:00+00:00,MIL,ORL,134,123,https://a.espncdn.com/i/teamlogos/nba/500/scoreboard/mil.png,https://a.espncdn.com/i/teamlogos/nba/500/scoreboard/orl.png,11,0,0,0,11,0
nba-401526670,2023,2023-03-08 00:00:00+00:00,WSH,DET,119,117,https://a.espncdn.com/i/teamlogos/nba/500/scoreboard/wsh.png,https://a.espncdn.com/i/teamlogos/nba/500/scoreboard/det.png,2,0,2,0,5,0
nba-401469134,2023,2023-03-08 00:30:00+00:00,CHA,NY,112,105,https://a.espncdn.com/i/teamlogos/nba/500/scoreboard/cha.png,https://a.espncdn.com/i/teamlogos/nba/500/scoreboard/ny.png,7,0,1,1,16,0
nba-401469135,2023,2023-03-08 00:30:00+00:00,PHI,MIN,117,94,https://a.espncdn.com/i/teamlogos/nba/500/scoreboard/phi.png,https://a.espncdn.com/i/teamlogos/nba/500/scoreboard/min.png,23,0,1,0,23,0
nba-401469136,2023,2023-03-08 01:00:00+00:00,BKN,HOU,118,96,https://a.espncdn.com/i/teamlogos/nba/500/scoreboard/bkn.png,https://a.espncdn.com/i/teamlogos/nba/500/scoreboard/hou.png,22,0,1,0,22,0
nba-401469137,2023,2023-03-08 01:00:00+00:00,GS,OKC,128,137,https://a.espncdn.com/i/teamlogos/nba/500/scoreboard/gs.png,https://a.espncdn.com/i/teamlogos/nba/500/scoreboard/okc.png,9,0,0,0,10,0
nba-401469138,2023,2023-03-08 01:30:00+00:00,UTAH,DAL,116,120,https://a.espncdn.com/i/teamlogos/nba/500/scoreboard/utah.png,https://a.espncdn.com/i/teamlogos/nba/500/scoreboard/dal.png,4,0,0,0,4,0
nba-401469139,2023,2023-03-08 03:00:00+00:00,MEM,LAL,103,112,https://a.espncdn.com/i/teamlogos/nba/500/scoreboard/mem.png,https://a.espncdn.com/i/teamlogos/nba/500/scoreboard/lal.png,9,0,2,0,9,0
nba-401544850,2023,2023-06-13 00:30:00+00:00,MIA,DEN,89,94,https://a.espncdn.com/i/teamlogos/nba/500/scoreboard/mia.png,https://a.espncdn.com/i/teamlogos/nba/500/scoreboard/den.png,5,0,1,1,7,1
nba-401657422,2024,2024-05-10 23:00:00+00:00,NY,IND,106,111,https://a.espncdn.com/i/teamlogos/nba/500/scoreboard/ny.png,https://a.espncdn.com/i/teamlogos/nba/500/scoreboard/ind.png,5,0,2,1,9,1
nba-401657184,2024,2024-05-11 01:30:00+00:00,DEN,MIN,117,90,https://a.espncdn.com/i/teamlogos/nba/500/scoreboard/den.png,https://a.espncdn.com/i/teamlogos/nba/500/scoreboard/min.png,27,0,0,0,27,1
nba-401474849,2023,2022-10-03 23:30:00+00:00,PHI,BKN,127,108,https://a.espncdn.com/i/teamlogos/nba/500/scoreboard/phi.png,https://a.espncdn.com/i/teamlogos/nba/500/scoreboard/bkn.png,19,0,0,0,19,0
nba-401474850,2023,2022-10-04 00:00:00+00:00,ORL,MEM,97,109,https://a.espncdn.com/i/teamlogos/nba/500/scoreboard/orl.png,https://a.espncdn.com/i/teamlogos/nba/500/scoreboard/mem.png,12,0,0,0,17,0
nba-401474851,2023,2022-10-04 01:00:00+00:00,OKC,DEN,112,101,https://a.espncdn.com/i/teamlogos/nba/500/scoreboard/okc.png,https://a.espncdn.com/i/teamlogos/nba/500/scoreboard/den.png,11,0,2,0,11,0
nba-401474852,2023,2022-10-04 02:30:00+00:00,SAC,LAL,105,75,https://a.espncdn.com/i/teamlogos/nba/500/scoreboard/sac.png,https://a.espncdn.com/i/teamlogos/nba/500/scoreboard/lal.png,30,0,1,0,30,0
nba-401474853,2023,2022-10-04 02:30:00+00:00,POR,LAC,97,102,https://a.espncdn.com/i/teamlogos/nba/500/scoreboard/por.png,https://a.espncdn.com/i/teamlogos/nba/500/scoreboard/lac.png,5,0,2,1,8,0
nba-401360348,2022,2021-12-31 18:00:00+00:00,PHX,BOS,108,123,https://a.espncdn.com/i/teamlogos/nba/500/scoreboard/phx.png,https://a.espncdn.com/i/teamlogos/nba/500/scoreboard/bos.png,15,0,0,0,26,0
nba-401360349,2022,2021-12-31 20:00:00+00:00,CHI,IND,108,106,https://a.espncdn.com/i/teamlogos/nba/500/scoreboard/chi.png,https://a.espncdn.com/i/teamlogos/nba/500/scoreboard/ind.png,2,0,0,0,4,0
nba-401360350,2022,2021-12-31 23:00:00+00:00,DAL,SAC,112,96,https://a.espncdn.com/i/teamlogos/nba/500/scoreboard/dal.png,https://a.espncdn.com/i/teamlogos/nba/500/scoreboard/sac.png,16,0,1,0,18,0
nba-401360351,2022,2022-01-01 00:00:00+00:00,MIA,HOU,120,110,https://a.espncdn.com/i/teamlogos/nba/500/scoreboard/mia.png,https://a.espncdn.com/i/teamlogos/nba/500/scoreboard/hou.png,10,0,0,0,14,0
nba-401360352,2022,2022-01-01 00:30:00+00:00,ATL,CLE,121,118,https://a.espncdn.com/i/teamlogos/nba/500/scoreboard/atl.png,https://a.espncdn.com/i/teamlogos/nba/500/scoreboard/cle.png,3,0,1,0,15,0
nba-401360353,2022,2022-01-01 00:30:00+00:00,LAC,TOR,108,116,https://a.espncdn.com/i/teamlogos/nba/500/scoreboard/lac.png,https://a.espncdn.com/i/teamlogos/nba/500/scoreboard/tor.png,8,0,2,1,8,0
nba-401360354,2022,2022-01-01 01:00:00+00:00,SA,MEM,105,118,https://a.espncdn.com/i/teamlogos/nba/500/scoreboard/sa.png,https://a.espncdn.com/i/teamlogos/nba/500/scoreboard/mem.png,13,0,0,0,13,0
nba-401360355,2022,2022-01-01 01:00:00+00:00,NY,OKC,80,95,https://a.espncdn.com/i/teamlogos/nba/500/scoreboard/ny.png,https://a.espncdn.com/i/teamlogos/nba/500/scoreboard/okc.png,15,0,0,0,15,0
nba-401360356,2022,2022-01-01 02:00:00+00:00,MIN,UTAH,108,120,https://a.espncdn.com/i/teamlogos/nba/500/scoreboard/min.png,https://a.espncdn.com/i/teamlogos/nba/500/scoreboard/utah.png,12,0,2,1,13,0
nba-401360357,2022,2022-01-01 03:30:00+00:00,POR,LAL,106,139,https://a.espncdn.com/i/teamlogos/nba/500/scoreboard/por.png,https://a.espncdn.com/i/teamlogos/nba/500/scoreboard/lal.png,33,0,0,0,33,0
nba-401544334,2023,2023-04-30 00:30:00+00:00,PHX,DEN,107,125,https://a.espncdn.com/i/teamlogos/nba/500/scoreboard/phx.png,https://a.espncdn.com/i/teamlogos/nba/500/scoreboard/den.png,18,0,1,0,18,1
nba-401430234,2022,2022-04-30 01:00:00+00:00,MEM,MIN,114,106,https://a.espncdn.com/i/teamlogos/nba/500/scoreboard/mem.png,https://a.espncdn.com/i/teamlogos/nba/500/scoreboard/min.png,8,0,1,1,10,1
nba-401585722,2024,2024-04-02 23:00:00+00:00,LAL,TOR,128,111,https://a.espncdn.com/i/teamlogos/nba/500/scoreboard/lal.png,https://a.espncdn.com/i/teamlogos/nba/500/scoreboard/tor.png,17,0,0,0,21,0
nba-401585723,2024,2024-04-02 23:00:00+00:00,MIL,WSH,113,117,https://a.espncdn.com/i/teamlogos/nba/500/scoreboard/mil.png,https://a.espncdn.com/i/teamlogos/nba/500/scoreboard/wsh.png,4,0,1,0,5,0
nba-401585721,2024,2024-04-02 23:30:00+00:00,OKC,PHI,105,109,https://a.espncdn.com/i/teamlogos/nba/500/scoreboard/okc.png,https://a.espncdn.com/i/teamlogos/nba/500/scoreboard/phi.png,4,0,2,1,10,0
nba-401585724,2024,2024-04-02 23:30:00+00:00,NY,MIA,99,109,https://a.espncdn.com/i/teamlogos/nba/500/scoreboard/ny.png,https://a.espncdn.com/i/teamlogos/nba/500/scoreboard/mia.png,10,0,0,0,15,0
nba-401585726,2024,2024-04-03 00:00:00+00:00,HOU,MIN,106,113,https://a.espncdn.com/i/teamlogos/nba/500/scoreboard/hou.png,https://a.espncdn.com/i/teamlogos/nba/500/scoreboard/min.png,7,0,1,0,9,0
nba-401585727,2024,2024-04-03 01:00:00+00:00,SA,DEN,105,110,https://a.espncdn.com/i/teamlogos/nba/500/scoreboard/sa.png,https://a.espncdn.com/i/teamlogos/nba/500/scoreboard/den.png,5,0,0,0,7,0
nba-401585728,2024,2024-04-03 01:00:00+00:00,CLE,UTAH,129,113,https://a.espncdn.com/i/teamlogos/nba/500/scoreboard/cle.png,https://a.espncdn.com/i/teamlogos/nba/500/scoreboard/utah.png,16,0,0,0,20,0
nba-401585729,2024,2024-04-03 02:00:00+00:00,LAC,SAC,95,109,https://a.espncdn.com/i/teamlogos/nba/500/scoreboard/lac.png,https://a.espncdn.com/i/teamlogos/nba/500/scoreboard/sac.png,14,0,0,0,21,0
nba-401636114,2024,2024-04-03 02:00:00+00:00,DAL,GS,100,104,https://a.espncdn.com/i/teamlogos/nba/500/scoreboard/dal.png,https://a.espncdn.com/i/teamlogos/nba/500/scoreboard/gs.png,4,0,0,0,6,0
nba-401468331,2023,2022-11-12 00:00:00+00:00,DEN,BOS,112,131,https://a.espncdn.com/i/teamlogos/nba/500/scoreboard/den.png,https://a.espncdn.com/i/teamlogos/nba/500/scoreboard/bos.png,19,0,0,0,19,0
nba-401468332,2023,2022-11-12 00:00:00+00:00,PHX,ORL,97,114,https://a.espncdn.com/i/teamlogos/nba/500/scoreboard/phx.png,https://a.espncdn.com/i/teamlogos/nba/500/scoreboard/orl.png,17,0,0,0,17,0
nba-401468333,2023,2022-11-12 00:30:00+00:00,DET,NY,112,121,https://a.espncdn.com/i/teamlogos/nba/500/scoreboard/det.png,https://a.espncdn.com/i/teamlogos/nba/500/scoreboard/ny.png,9,0,0,0,14,0
nba-401468334,2023,2022-11-12 01:00:00+00:00,TOR,OKC,113,132,https://a.espncdn.com/i/teamlogos/nba/500/scoreboard/tor.png,https://a.espncdn.com/i/teamlogos/nba/500/scoreboard/okc.png,19,0,0,0,21,0
nba-401468335,2023,2022-11-12 01:00:00+00:00,MIL,SA,93,111,https://a.espncdn.com/i/teamlogos/nba/500/scoreboard/mil.png,https://a.espncdn.com/i/teamlogos/nba/500/scoreboard/sa.png,18,0,0,0,18,0
nba-401468336,2023,2022-11-12 02:30:00+00:00,MIN,MEM,103,114,https://a.espncdn.com/i/teamlogos/nba/500/scoreboard/min.png,https://a.espncdn.com/i/teamlogos/nba/500/scoreboard/mem.png,11,0,0,0,12,0
nba-401468337,2023,2022-11-12 03:00:00+00:00,CLE,GS,101,106,https://a.espncdn.com/i/teamlogos/nba/500/scoreboard/cle.png,https://a.espncdn.com/i/teamlogos/nba/500/scoreboard/gs.png,5,0,1,1,5,0
nba-401468338,2023,2022-11-12 03:30:00+00:00,SAC,LAL,120,114,https://a.espncdn.com/i/teamlogos/nba/500/scoreboard/sac.png,https://a.espncdn.com/i/teamlogos/nba/500/scoreboard/lal.png,6,0,1,1,6,0
nba-401584801,2024,2023-11-11 23:00:00+00:00,MIL,ORL,97,112,https://a.espncdn.com/i/teamlogos/nba/500/scoreboard/mil.png,https://a.espncdn.com/i/teamlogos/nba/500/scoreboard/orl.png,15,0,0,0,16,0
nba-401584802,2024,2023-11-12 00:00:00+00:00,TOR,BOS,94,117,https://a.espncdn.com/i/teamlogos/nba/500/scoreboard/tor.png,https://a.espncdn.com/i/teamlogos/nba/500/scoreboard/bos.png,23,0,0,0,23,0
nba-401584803,2024,2023-11-12 00:30:00+00:00,MIA,ATL,117,109,https://a.espncdn.com/i/teamlogos/nba/500/scoreboard/mia.png,https://a.espncdn.com/i/teamlogos/nba/500/scoreboard/atl.png,8,0,0,0,17,0
nba-401584804,2024,2023-11-12 01:30:00+00:00,CLE,GS,118,110,https://a.espncdn.com/i/teamlogos/nba/500/scoreboard/cle.png,https://a.espncdn.com/i/teamlogos/nba/500/scoreboard/gs.png,8,0,1,0,16,0
nba-401360686,2022,2022-02-16 00:30:00+00:00,CLE,ATL,116,124,https://a.espncdn.com/i/teamlogos/nba/500/scoreboard/cle.png,https://a.espncdn.com/i/teamlogos/nba/500/scoreboard/atl.png,8,0,1,0,8,0
nba-401360687,2022,2022-02-16 00:30:00+00:00,DAL,MIA,107,99,https://a.espncdn.com/i/teamlogos/nba/500/scoreboard/dal.png,https://a.espncdn.com/i/teamlogos/nba/500/scoreboard/mia.png,8,0,1,0,8,0
nba-401360688,2022,2022-02-16 00:30:00+00:00,BOS,PHI,135,87,https://a.espncdn.com/i/teamlogos/nba/500/scoreboard/bos.png,https://a.espncdn.com/i/teamlogos/nba/500/scoreboard/phi.png,48,0,0,0,48,0
nba-401360689,2022,2022-02-16 01:00:00+00:00,IND,MIL,119,128,https://a.espncdn.com/i/teamlogos/nba/500/scoreboard/ind.png,https://a.espncdn.com/i/teamlogos/nba/500/scoreboard/mil.png,9,0,0,0,9,0
nba-401360690,2022,2022-02-16 01:00:00+00:00,CHA,MIN,120,126,https://a.espncdn.com/i/teamlogos/nba/500/scoreboard/cha.png,https://a.espncdn.com/i/teamlogos/nba/500/scoreboard/min.png,6,1,2,1,9,0
nba-401360691,2022,2022-02-16 01:00:00+00:00,MEM,NO,121,109,https://a.espncdn.com/i/teamlogos/nba/500/scoreboard/mem.png,https://a.espncdn.com/i/teamlogos/nba/500/scoreboard/no.png,12,0,0,0,12,0
nba-401360692,2022,2022-02-16 03:00:00+00:00,LAC,PHX,96,103,https://a.espncdn.com/i/teamlogos/nba/500/scoreboard/lac.png,https://a.espncdn.com/i/teamlogos/nba/500/scoreboard/phx.png,7,0,1,0,9,0
nba-401360048,2022,2021-11-19 00:30:00+00:00,GS,CLE,104,89,https://a.espncdn.com/i/teamlogos/nba/500/scoreboard/gs.png,https://a.espncdn.com/i/teamlogos/nba/500/scoreboard/cle.png,15,0,1,1,15,0
nba-401360049,2022,2021-11-19 00:30:00+00:00,WSH,MIA,97,112,https://a.espncdn.com/i/teamlogos/nba/500/scoreboard/wsh.png,https://a.espncdn.com/i/teamlogos/nba/500/scoreboard/mia.png,15,0,0,0,15,0
nba-401360050,2022,2021-11-19 01:00:00+00:00,LAC,MEM,108,120,https://a.espncdn.com/i/teamlogos/nba/500/scoreboard/lac.png,https://a.espncdn.com/i/teamlogos/nba/500/scoreboard/mem.png,12,0,0,0,12,0
nba-401360051,2022,2021-11-19 01:00:00+00:00,SA,MIN,90,115,https://a.espncdn.com/i/teamlogos/nba/500/scoreboard/sa.png,https://a.espncdn.com/i/teamlogos/nba/500/scoreboard/min.png,25,0,0,0,25,0
nba-401360052,2022,2021-11-19 02:00:00+00:00,PHI,DEN,103,89,https://a.espncdn.com/i/teamlogos/nba/500/scoreboard/phi.png,https://a.espncdn.com/i/teamlogos/nba/500/scoreboard/den.png,14,0,0,0,18,0
nba-401360053,2022,2021-11-19 02:00:00+00:00,TOR,UTAH,103,119,https://a.espncdn.com/i/teamlogos/nba/500/scoreboard/tor.png,https://a.espncdn.com/i/teamlogos/nba/500/scoreboard/utah.png,16,0,2,0,16,0
nba-401585197,2024,2024-01-18 00:00:00+00:00,MIN,DET,124,117,https://a.espncdn.com/i/teamlogos/nba/500/scoreboard/min.png,https://a.espncdn.com/i/teamlogos/nba/500/scoreboard/det.png,7,0,1,0,8,0
nba-401585198,2024,2024-01-18 00:30:00+00:00,ORL,ATL,104,106,https://a.espncdn.com/i/teamlogos/nba/500/scoreboard/orl.png,https://a.espncdn.com/i/teamlogos/nba/500/scoreboard/atl.png,2,0,1,0,2,0
nba-401585199,2024,2024-01-18 00:30:00+00:00,SA,BOS,98,117,https://a.espncdn.com/i/teamlogos/nba/500/scoreboard/sa.png,https://a.espncdn.com/i/teamlogos/nba/500/scoreboard/bos.png,19,0,0,0,25,0
nba-401585200,2024,2024-01-18 00:30:00+00:00,MIL,CLE,95,135,https://a.espncdn.com/i/teamlogos/nba/500/scoreboard/mil.png,https://a.espncdn.com/i/teamlogos/nba/500/scoreboard/cle.png,40,0,0,0,41,0
nba-401585201,2024,2024-01-18 00:30:00+00:00,HOU,NY,94,109,https://a.espncdn.com/i/teamlogos/nba/500/scoreboard/hou.png,https://a.espncdn.com/i/teamlogos/nba/500/scoreboard/ny.png,15,0,1,0,15,0
nba-401585202,2024,2024-01-18 00:30:00+00:00,MIA,TOR,97,121,https://a.espncdn.com/i/teamlogos/nba/500/scoreboard/mia.png,https://a.espncdn.com/i/teamlogos/nba/500/scoreboard/tor.png,24,0,0,0,35,0
nba-401585203,2024,2024-01-18 01:00:00+00:00,CHA,NO,112,132,https://a.espncdn.com/i/teamlogos/nba/500/scoreboard/cha.png,https://a.espncdn.com/i/teamlogos/nba/500/scoreboard/no.png,20,0,0,0,20,0
nba-401585205,2024,2024-01-18 01:30:00+00:00,DAL,LAL,110,127,https://a.espncdn.com/i/teamlogos/nba/500/scoreboard/dal.png,https://a.espncdn.com/i/teamlogos/nba/500/scoreboard/lal.png,17,0,0,0,17,0
nba-401585206,2024,2024-01-18 03:00:00+00:00,BKN,POR,103,105,https://a.espncdn.com/i/teamlogos/nba/500/scoreboard/bkn.png,https://a.espncdn.com/i/teamlogos/nba/500/scoreboard/por.png,2,0,2,1,9,0
nba-401469028,2023,2023-02-16 00:00:00+00:00,SA,CHA,110,120,https://a.espncdn.com/i/teamlogos/nba/500/scoreboard/sa.png,https://a.espncdn.com/i/teamlogos/nba/500/scoreboard/cha.png,10,0,0,0,10,0
nba-401469029,2023,2023-02-16 00:00:00+00:00,CHI,IND,113,117,https://a.espncdn.com/i/teamlogos/nba/500/scoreboard/chi.png,https://a.espncdn.com/i/teamlogos/nba/500/scoreboard/ind.png,4,0,1,1,24,0
nba-401469030,2023,2023-02-16 00:30:00+00:00,CLE,PHI,112,118,https://a.espncdn.com/i/teamlogos/nba/500/scoreboard/cle.png,https://a.espncdn.com/i/teamlogos/nba/500/scoreboard/phi.png,6,0,0,0,25,0
nba-401469031,2023,2023-02-16 00:30:00+00:00,NY,ATL,122,101,https://a.espncdn.com/i/teamlogos/nba/500/scoreboard/ny.png,https://a.espncdn.com/i/teamlogos/nba/500/scoreboard/atl.png,21,0,0,0,22,0
nba-401469032,2023,2023-02-16 00:30:00+00:00,DET,BOS,109,127,https://a.espncdn.com/i/teamlogos/nba/500/scoreboard/det.png,https://a.espncdn.com/i/teamlogos/nba/500/scoreboard/bos.png,18,0,0,0,18,0
nba-401469033,2023,2023-02-16 00:30:00+00:00,MIA,BKN,105,116,https://a.espncdn.com/i/teamlogos/nba/500/scoreboard/mia.png,https://a.espncdn.com/i/teamlogos/nba/500/scoreboard/bkn.png,11,0,2,0,11,0
nba-401469034,2023,2023-02-16 01:00:00+00:00,UTAH,MEM,111,117,https://a.espncdn.com/i/teamlogos/nba/500/scoreboard/utah.png,https://a.espncdn.com/i/teamlogos/nba/500/scoreboard/mem.png,6,0,0,0,16,0
nba-401469035,2023,2023-02-16 01:00:00+00:00,HOU,OKC,96,133,https://a.espncdn.com/i/teamlogos/nba/500/scoreboard/hou.png,https://a.espncdn.com/i/teamlogos/nba/500/scoreboard/okc.png,37,0,0,0,38,0
nba-401469036,2023,2023-02-16 02:00:00+00:00,DAL,DEN,109,118,https://a.espncdn.com/i/teamlogos/nba/500/scoreboard/dal.png,https://a.espncdn.com/i/teamlogos/nba/500/scoreboard/den.png,9,0,0,0,18,0
nba-401469037,2023,2023-02-16 03:00:00+00:00,NO,LAL,102,120,https://a.espncdn.com/i/teamlogos/nba/500/scoreboard/no.png,https://a.espncdn.com/i/teamlogos/nba/500/scoreboard/lal.png,18,0,0,0,18,0
nba-401360320,2022,2021-12-28 00:00:00+00:00,HOU,CHA,99,123,https://a.espncdn.com/i/teamlogos/nba/500/scoreboard/hou.png,https://a.espncdn.com/i/teamlogos/nba/500/scoreboard/cha.png,24,0,0,0,26,0
nba-401360321,2022,2021-12-28 00:30:00+00:00,CHI,ATL,130,118,https://a.espncdn.com/i/teamlogos/nba/500/scoreboard/chi.png,https://a.espncdn.com/i/teamlogos/nba/500/scoreboard/atl.png,12,0,1,0,12,0
nba-401360322,2022,2021-12-28 01:00:00+00:00,BOS,MIN,103,108,https://a.espncdn.com/i/teamlogos/nba/500/scoreboard/bos.png,https://a.espncdn.com/i/teamlogos/nba/500/scoreboard/min.png,5,0,1,1,11,0
nba-401360323,2022,2021-12-28 01:30:00+00:00,UTAH,SA,110,104,https://a.espncdn.com/i/teamlogos/nba/500/scoreboard/utah.png,https://a.espncdn.com/i/teamlogos/nba/500/scoreboard/sa.png,6,0,0,0,12,0
nba-401360324,2022,2021-12-28 02:00:00+00:00,MEM,PHX,114,113,https://a.espncdn.com/i/teamlogos/nba/500/scoreboard/mem.png,https://a.espncdn.com/i/teamlogos/nba/500/scoreboard/phx.png,1,0,0,0,14,0
nba-401360325,2022,2021-12-28 03:00:00+00:00,DAL,POR,132,117,https://a.espncdn.com/i/teamlogos/nba/500/scoreboard/dal.png,https://a.espncdn.com/i/teamlogos/nba/500/scoreboard/por.png,15,0,0,0,22,0
nba-401360326,2022,2021-12-28 03:30:00+00:00,BKN,LAC,124,108,https://a.espncdn.com/i/teamlogos/nba/500/scoreboard/bkn.png,https://a.espncdn.com/i/teamlogos/nba/500/scoreboard/lac.png,16,0,0,0,20,0
nba-401585471,2024,2024-02-29 00:30:00+00:00,NO,IND,114,123,https://a.espncdn.com/i/teamlogos/nba/500/scoreboard/no.png,https://a.espncdn.com/i/teamlogos/nba/500/scoreboard/ind.png,9,0,0,0,16,0
nba-401585472,2024,2024-02-29 00:30:00+00:00,DAL,TOR,136,125,https://a.espncdn.com/i/teamlogos/nba/500/scoreboard/dal.png,https://a.espncdn.com/i/teamlogos/nba/500/scoreboard/tor.png,11,0,2,0,14,0
nba-401585473,2024,2024-02-29 01:00:00+00:00,MEM,MIN,101,110,https://a.espncdn.com/i/teamlogos/nba/500/scoreboard/mem.png,https://a.espncdn.com/i/teamlogos/nba/500/scoreboard/min.png,9,0,1,0,9,0
nba-401585474,2024,2024-02-29 01:00:00+00:00,CLE,CHI,123,132,https://a.espncdn.com/i/teamlogos/nba/500/scoreboard/cle.png,https://a.espncdn.com/i/teamlogos/nba/500/scoreboard/chi.png,9,2,1,1,9,0
nba-401585475,2024,2024-02-29 02:00:00+00:00,SAC,DEN,96,117,https://a.espncdn.com/i/teamlogos/nba/500/scoreboard/sac.png,https://a.espncdn.com/i/teamlogos/nba/500/scoreboard/den.png,21,0,1,0,28,0
nba-401585476,2024,2024-02-29 03:00:00+00:00,LAL,LAC,116,112,https://a.espncdn.com/i/teamlogos/nba/500/scoreboard/lal.png,https://a.espncdn.com/i/teamlogos/nba/500/scoreboard/lac.png,4,0,1,1,19,0
nba-401468299,2023,2022-11-08 00:00:00+00:00,WSH,CHA,108,100,https://a.espncdn.com/i/teamlogos/nba/500/scoreboard/wsh.png,https://a.espncdn.com/i/teamlogos/nba/500/scoreboard/cha.png,8,0,2,0,8,0
nba-401468300,2023,2022-11-08 00:15:00+00:00,HOU,ORL,134,127,https://a.espncdn.com/i/teamlogos/nba/500/scoreboard/hou.png,https://a.espncdn.com/i/teamlogos/nba/500/scoreboard/orl.png,7,0,0,0,12,0
nba-401468301,2023,2022-11-08 00:30:00+00:00,OKC,DET,103,112,https://a.espncdn.com/i/teamlogos/nba/500/scoreboard/okc.png,https://a.espncdn.com/i/teamlogos/nba/500/scoreboard/det.png,9,0,1,1,15,0
nba-401468302,2023,2022-11-08 00:45:00+00:00,NO,IND,122,129,https://a.espncdn.com/i/teamlogos/nba/500/scoreboard/no.png,https://a.espncdn.com/i/teamlogos/nba/500/scoreboard/ind.png,7,0,0,0,9,0
nba-401468303,2023,2022-11-08 01:00:00+00:00,PHX,PHI,88,100,https://a.espncdn.com/i/teamlogos/nba/500/scoreboard/phx.png,https://a.espncdn.com/i/teamlogos/nba/500/scoreboard/phi.png,12,0,0,0,13,0
nba-401468304,2023,2022-11-08 01:15:00+00:00,MIL,ATL,98,117,https://a.espncdn.com/i/teamlogos/nba/500/scoreboard/mil.png,https://a.espncdn.com/i/teamlogos/nba/500/scoreboard/atl.png,19,0,1,0,19,0
nba-401468305,2023,2022-11-08 01:30:00+00:00,POR,MIA,110,107,https://a.espncdn.com/i/teamlogos/nba/500/scoreboard/por.png,https://a.espncdn.com/i/teamlogos/nba/500/scoreboard/mia.png,3,0,1,1,8,0
nba-401468306,2023,2022-11-08 01:45:00+00:00,TOR,CHI,97,111,https://a.espncdn.com/i/teamlogos/nba/500/scoreboard/tor.png,https://a.espncdn.com/i/teamlogos/nba/500/scoreboard/chi.png,14,0,0,0,16,0
nba-401468307,2023,2022-11-08 02:00:00+00:00,BOS,MEM,109,106,https://a.espncdn.com/i/teamlogos/nba/500/scoreboard/bos.png,https://a.espncdn.com/i/teamlogos/nba/500/scoreboard/mem.png,3,0,3,1,11,0
nba-401468308,2023,2022-11-08 02:15:00+00:00,NY,MIN,120,107,https://a.espncdn.com/i/teamlogos/nba/500/scoreboard/ny.png,https://a.espncdn.com/i/teamlogos/nba/500/scoreboard/min.png,13,0,0,0,24,0
nba-401468309,2023,2022-11-08 02:30:00+00:00,DEN,SA,115,109,https://a.espncdn.com/i/teamlogos/nba/500/scoreboard/den.png,https://a.espncdn.com/i/teamlogos/nba/500/scoreboard/sa.png,6,0,0,0,6,0
nba-401468310,2023,2022-11-08 02:45:00+00:00,BKN,DAL,94,96,https://a.espncdn.com/i/teamlogos/nba/500/scoreboard/bkn.png,https://a.espncdn.com/i/teamlogos/nba/500/scoreboard/dal.png,2,0,3,1,5,0
nba-401468311,2023,2022-11-08 03:00:00+00:00,SAC,GS,113,116,https://a.espncdn.com/i/teamlogos/nba/500/scoreboard/sac.png,https://a.espncdn.com/i/teamlogos/nba/500/scoreboard/gs.png,3,0,1,1,12,0
nba-401468312,2023,2022-11-08 03:15:00+00:00,LAL,UTAH,116,139,https://a.espncdn.com/i/teamlogos/nba/500/scoreboard/lal.png,https://a.espncdn.com/i/teamlogos/nba/500/scoreboard/utah.png,23,0,0,0,23,0
nba-401468313,2023,2022-11-08 03:30:00+00:00,CLE,LAC,117,119,https://a.espncdn.com/i/teamlogos/nba/500/scoreboard/cle.png,https://a.espncdn.com/i/teamlogos/nba/500/scoreboard/lac.png,2,0,1,0,6,0
nba-401585814,2024,2024-04-14 17:00:00+00:00,WSH,BOS,122,132,https://a.espncdn.com/i/teamlogos/nba/500/scoreboard/wsh.png,https://a.espncdn.com/i/teamlogos/nba/500/scoreboard/bos.png,10,0,0,0,18,0
nba-401585815,2024,2024-04-14 17:00:00+00:00,CHA,CLE,120,110,https://a.espncdn.com/i/teamlogos/nba/500/scoreboard/cha.png,https://a.espncdn.com/i/teamlogos/nba/500/scoreboard/cle.png,10,0,1,1,10,0
nba-401585816,2024,2024-04-14 17:00:00+00:00,ATL,IND,115,157,https://a.espncdn.com/i/teamlogos/nba/500/scoreboard/atl.png,https://a.espncdn.com/i/teamlogos/nba/500/scoreboard/ind.png,42,0,0,0,42,0
nba-401585817,2024,2024-04-14 17:00:00+00:00,TOR,MIA,103,118,https://a.espncdn.com/i/teamlogos/nba/500/scoreboard/tor.png,https://a.espncdn.com/i/teamlogos/nba/500/scoreboard/mia.png,15,0,0,0,23,0
nba-401585818,2024,2024-04-14 17:00:00+00:00,CHI,NY,119,120,https://a.espncdn.com/i/teamlogos/nba/500/scoreboard/chi.png,https://a.espncdn.com/i/teamlogos/nba/500/scoreboard/ny.png,1,1,2,1,6,0
nba-401585819,2024,2024-04-14 17:00:00+00:00,MIL,ORL,88,113,https://a.espncdn.com/i/teamlogos/nba/500/scoreboard/mil.png,https://a.espncdn.com/i/teamlogos/nba/500/scoreboard/orl.png,25,0,1,0,25,0
nba-401585820,2024,2024-04-14 17:00:00+00:00,BKN,PHI,86,107,https://a.espncdn.com/i/teamlogos/nba/500/scoreboard/bkn.png,https://a.espncdn.com/i/teamlogos/nba/500/scoreboard/phi.png,21,0,1,0,21,0
nba-401585821,2024,2024-04-14 19:30:00+00:00,DEN,MEM,126,111,https://a.espncdn.com/i/teamlogos/nba/500/scoreboard/den.png,https://a.espncdn.com/i/teamlogos/nba/500/scoreboard/mem.png,15,0,0,0,19,0
nba-401585822,2024,2024-04-14 19:30:00+00:00,PHX,MIN,125,106,https://a.espncdn.com/i/teamlogos/nba/500/scoreboard/phx.png,https://a.espncdn.com/i/teamlogos/nba/500/scoreboard/min.png,19,0,0,0,22,0
nba-401585823,2024,2024-04-14 19:30:00+00:00,LAL,NO,124,108,https://a.espncdn.com/i/teamlogos/nba/500/scoreboard/lal.png,https://a.espncdn.com/i/teamlogos/nba/500/scoreboard/no.png,16,0,0,0,22,0
nba-401585824,2024,2024-04-14 19:30:00+00:00,DAL,OKC,86,135,https://a.espncdn.com/i/teamlogos/nba/500/scoreboard/dal.png,https://a.espncdn.com/i/teamlogos/nba/500/scoreboard/okc.png,49,0,0,0,51,0
nba-401585825,2024,2024-04-14 19:30:00+00:00,DET,SA,95,123,https://a.espncdn.com/i/teamlogos/nba/500/scoreboard/det.png,https://a.espncdn.com/i/teamlogos/nba/500/scoreboard/sa.png,28,0,0,0,30,0
nba-401585826,2024,2024-04-14 19:30:00+00:00,UTAH,GS,116,123,https://a.espncdn.com/i/teamlogos/nba/500/scoreboard/utah.png,https://a.espncdn.com/i/teamlogos/nba/500/scoreboard/gs.png,7,0,0,0,7,0
nba-401585827,2024,2024-04-14 19:30:00+00:00,HOU,LAC,116,105,https://a.espncdn.com/i/teamlogos/nba/500/scoreboard/hou.png,https://a.espncdn.com/i/teamlogos/nba/500/scoreboard/lac.png,11,0,2,0,11,0
nba-401585828,2024,2024-04-14 19:30:00+00:00,POR,SAC,82,121,https://a.espncdn.com/i/teamlogos/nba/500/scoreboard/por.png,https://a.espncdn.com/i/teamlogos/nba/500/scoreboard/sac.png,39,0,0,0,41,0
nba-401468940,2023,2023-02-04 00:00:00+00:00,CHA,DET,112,118,https://a.espncdn.com/i/teamlogos/nba/500/scoreboard/cha.png,https://a.espncdn.com/i/teamlogos/nba/500/scoreboard/det.png,6,0,3,1,6,0
nba-401468941,2023,2023-02-04 00:00:00+00:00,SAC,IND,104,107,https://a.espncdn.com/i/teamlogos/nba/500/scoreboard/sac.png,https://a.espncdn.com/i/teamlogos/nba/500/scoreboard/ind.png,3,0,0,0,12,0
nba-401468942,2023,2023-02-04 00:00:00+00:00,POR,WSH,124,116,https://a.espncdn.com/i/teamlogos/nba/500/scoreboard/por.png,https://a.espncdn.com/i/teamlogos/nba/500/scoreboard/wsh.png,8,0,1,1,18,0
nba-401468943,2023,2023-02-04 00:30:00+00:00,PHX,BOS,106,94,https://a.espncdn.com/i/teamlogos/nba/500/scoreboard/phx.png,https://a.espncdn.com/i/teamlogos/nba/500/scoreboard/bos.png,12,0,0,0,13,0
nba-401468944,2023,2023-02-04 01:00:00+00:00,TOR,HOU,117,111,https://a.espncdn.com/i/teamlogos/nba/500/scoreboard/tor.png,https://a.espncdn.com/i/teamlogos/nba/500/scoreboard/hou.png,6,0,1,0,13,0
nba-401468945,2023,2023-02-04 01:00:00+00:00,ORL,MIN,127,120,https://a.espncdn.com/i/teamlogos/nba/500/scoreboard/orl.png,https://a.espncdn.com/i/teamlogos/nba/500/scoreboard/min.png,7,0,1,0,15,0
nba-401468946,2023,2023-02-04 01:00:00+00:00,PHI,SA,137,125,https://a.espncdn.com/i/teamlogos/nba/500/scoreboard/phi.png,https://a.espncdn.com/i/teamlogos/nba/500/scoreboard/sa.png,12,0,0,0,19,0
nba-401468947,2023,2023-02-04 02:00:00+00:00,ATL,UTAH,115,108,https://a.espncdn.com/i/teamlogos/nba/500/scoreboard/atl.png,https://a.espncdn.com/i/teamlogos/nba/500/scoreboard/utah.png,7,0,0,0,13,0
nba-401585079,2024,2024-01-01 20:00:00+00:00,MIN,NY,106,112,https://a.espncdn.com/i/teamlogos/nba/500/scoreboard/min.png,https://a.espncdn.com/i/teamlogos/nba/500/scoreboard/ny.png,6,0,1,0,16,0
nba-401585080,2024,2024-01-02 00:30:00+00:00,CLE,TOR,121,124,https://a.espncdn.com/i/teamlogos/nba/500/scoreboard/cle.png,https://a.espncdn.com/i/teamlogos/nba/500/scoreboard/tor.png,3,0,0,0,9,0
nba-401585081,2024,2024-01-02 01:00:00+00:00,DET,HOU,113,136,https://a.espncdn.com/i/teamlogos/nba/500/scoreboard/det.png,https://a.espncdn.com/i/teamlogos/nba/500/scoreboard/hou.png,23,0,0,0,26,0
nba-401585082,2024,2024-01-02 01:00:00+00:00,IND,MIL,122,113,https://a.espncdn.com/i/teamlogos/nba/500/scoreboard/ind.png,https://a.espncdn.com/i/teamlogos/nba/500/scoreboard/mil.png,9,0,1,1,9,0
nba-401585083,2024,2024-01-02 02:00:00+00:00,CHA,DEN,93,111,https://a.espncdn.com/i/teamlogos/nba/500/scoreboard/cha.png,https://a.espncdn.com/i/teamlogos/nba/500/scoreboard/den.png,18,0,0,0,23,0
nba-401585084,2024,2024-01-02 02:00:00+00:00,POR,PHX,88,109,https://a.espncdn.com/i/teamlogos/nba/500/scoreboard/por.png,https://a.espncdn.com/i/teamlogos/nba/500/scoreboard/phx.png,21,0,1,0,25,0
nba-401585085,2024,2024-01-02 02:00:00+00:00,DAL,UTAH,90,127,https://a.espncdn.com/i/teamlogos/nba/500/scoreboard/dal.png,https://a.espncdn.com/i/teamlogos/nba/500/scoreboard/utah.png,37,0,0,0,37,0
nba-401585086,2024,2024-01-02 03:30:00+00:00,MIA,LAC,104,121,https://a.espncdn.com/i/teamlogos/nba/500/scoreboard/mia.png,https://a.espncdn.com/i/teamlogos/nba/500/scoreboard/lac.png,17,0,1,0,17,0
nba-401360601,2022,2022-02-04 00:00:00+00:00,MIN,DET,128,117,https://a.espncdn.com/i/teamlogos/nba/500/scoreboard/min.png,https://a.espncdn.com/i/teamlogos/nba/500/scoreboard/det.png,11,0,1,0,11,0
nba-401401143,2022,2022-02-04 00:00:00+00:00,MIA,SA,112,95,https://a.espncdn.com/i/teamlogos/nba/500/scoreboard/mia.png,https://a.espncdn.com/i/teamlogos/nba/500/scoreboard/sa.png,17,0,0,0,22,0
nba-401360602,2022,2022-02-04 00:30:00+00:00,PHX,ATL,115,124,https://a.espncdn.com/i/teamlogos/nba/500/scoreboard/phx.png,https://a.espncdn.com/i/teamlogos/nba/500/scoreboard/atl.png,9,0,0,0,9,0
nba-401401141,2022,2022-02-04 00:30:00+00:00,CHI,TOR,120,127,https://a.espncdn.com/i/teamlogos/nba/500/scoreboard/chi.png,https://a.espncdn.com/i/teamlogos/nba/500/scoreboard/tor.png,7,1,0,0,7,0
nba-401360604,2022,2022-02-04 03:00:00+00:00,SAC,GS,114,126,https://a.espncdn.com/i/teamlogos/nba/500/scoreboard/sac.png,https://a.espncdn.com/i/teamlogos/nba/500/scoreboard/gs.png,12,0,0,0,19,0
nba-401360605,2022,2022-02-04 03:00:00+00:00,LAL,LAC,110,111,https://a.espncdn.com/i/teamlogos/nba/500/scoreboard/lal.png,https://a.espncdn.com/i/teamlogos/nba/500/scoreboard/lac.png,1,0,0,0,12,0
nba-401469159,2023,2023-03-11 21:00:00+00:00,NY,LAC,95,106,https://a.espncdn.com/i/teamlogos/nba/500/scoreboard/ny.png,https://a.espncdn.com/i/teamlogos/nba/500/scoreboard/lac.png,11,0,2,0,11,0
nba-401469160,2023,2023-03-12 00:00:00+00:00,UTAH,CHA,119,111,https://a.espncdn.com/i/teamlogos/nba/500/scoreboard/utah.png,https://a.espncdn.com/i/teamlogos/nba/500/scoreboard/cha.png,8,0,0,0,16,0
nba-401469161,2023,2023-03-12 00:00:00+00:00,IND,DET,121,115,https://a.espncdn.com/i/teamlogos/nba/500/scoreboard/ind.png,https://a.espncdn.com/i/teamlogos/nba/500/scoreboard/det.png,6,0,0,0,12,0
nba-401469162,2023,2023-03-12 00:00:00+00:00,MIA,ORL,114,126,https://a.espncdn.com/i/teamlogos/nba/500/scoreboard/mia.png,https://a.espncdn.com/i/teamlogos/nba/500/scoreboard/orl.png,12,1,0,0,12,0
nba-401469163,2023,2023-03-12 00:30:00+00:00,BOS,ATL,134,125,https://a.espncdn.com/i/teamlogos/nba/500/scoreboard/bos.png,https://a.espncdn.com/i/teamlogos/nba/500/scoreboard/atl.png,9,0,1,0,12,0
nba-401469164,2023,2023-03-12 01:00:00+00:00,CHI,HOU,119,111,https://a.espncdn.com/i/teamlogos/nba/500/scoreboard/chi.png,https://a.espncdn.com/i/teamlogos/nba/500/scoreboard/hou.png,8,0,1,1,10,0
nba-401469165,2023,2023-03-12 01:00:00+00:00,DAL,MEM,108,112,https://a.espncdn.com/i/teamlogos/nba/500/scoreboard/dal.png,https://a.espncdn.com/i/teamlogos/nba/500/scoreboard/mem.png,4,0,2,1,6,0
nba-401469166,2023,2023-03-12 01:30:00+00:00,OKC,NO,110,96,https://a.espncdn.com/i/teamlogos/nba/500/scoreboard/okc.png,https://a.espncdn.com/i/teamlogos/nba/500/scoreboard/no.png,14,0,0,0,19,0
nba-401469167,2023,2023-03-12 01:30:00+00:00,MIL,GS,116,125,https://a.espncdn.com/i/teamlogos/nba/500/scoreboard/mil.png,https://a.espncdn.com/i/teamlogos/nba/500/scoreboard/gs.png,9,1,0,0,9,0
nba-401469168,2023,2023-03-12 02:00:00+00:00,SAC,PHX,128,119,https://a.espncdn.com/i/teamlogos/nba/500/scoreboard/sac.png,https://a.espncdn.com/i/teamlogos/nba/500/scoreboard/phx.png,9,0,1,0,9,0
nba-401360814,2022,2022-03-12 00:00:00+00:00,MIN,ORL,110,118,https://a.espncdn.com/i/teamlogos/nba/500/scoreboard/min.png,https://a.espncdn.com/i/teamlogos/nba/500/scoreboard/orl.png,8,0,1,0,12,0
nba-401360815,2022,2022-03-12 00:30:00+00:00,LAC,ATL,106,112,https://a.espncdn.com/i/teamlogos/nba/500/scoreboard/lac.png,https://a.espncdn.com/i/teamlogos/nba/500/scoreboard/atl.png,6,0,0,0,9,0
nba-401360816,2022,2022-03-12 00:30:00+00:00,DET,BOS,103,114,https://a.espncdn.com/i/teamlogos/nba/500/scoreboard/det.png,https://a.espncdn.com/i/teamlogos/nba/500/scoreboard/bos.png,11,0,1,0,11,0
nba-401360817,2022,2022-03-12 01:00:00+00:00,CLE,MIA,105,117,https://a.espncdn.com/i/teamlogos/nba/500/scoreboard/cle.png,https://a.espncdn.com/i/teamlogos/nba/500/scoreboard/mia.png,12,0,0,0,13,0
nba-401360818,2022,2022-03-12 01:00:00+00:00,DAL,HOU,113,100,https://a.espncdn.com/i/teamlogos/nba/500/scoreboard/dal.png,https://a.espncdn.com/i/teamlogos/nba/500/scoreboard/hou.png,13,0,0,0,24,0
nba-401360819,2022,2022-03-12 01:00:00+00:00,NY,MEM,114,118,https://a.espncdn.com/i/teamlogos/nba/500/scoreboard/ny.png,https://a.espncdn.com/i/teamlogos/nba/500/scoreboard/mem.png,4,0,2,1,9,0
nba-401360820,2022,2022-03-12 01:00:00+00:00,CHA,NO,142,120,https://a.espncdn.com/i/teamlogos/nba/500/scoreboard/cha.png,https://a.espncdn.com/i/teamlogos/nba/500/scoreboard/no.png,22,0,0,0,22,0
nba-401360821,2022,2022-03-12 01:30:00+00:00,UTAH,SA,102,104,https://a.espncdn.com/i/teamlogos/nba/500/scoreboard/utah.png,https://a.espncdn.com/i/teamlogos/nba/500/scoreboard/sa.png,2,0,1,1,10,0
nba-401360822,2022,2022-03-12 02:00:00+00:00,TOR,PHX,117,112,https://a.espncdn.com/i/teamlogos/nba/500/scoreboard/tor.png,https://a.espncdn.com/i/teamlogos/nba/500/scoreboard/phx.png,5,0,0,0,14,0
nba-401360823,2022,2022-03-12 03:30:00+00:00,WSH,LAL,109,122,https://a.espncdn.com/i/teamlogos/nba/500/scoreboard/wsh.png,https://a.espncdn.com/i/teamlogos/nba/500/scoreboard/lal.png,13,0,1,0,13,0
nba-401591906,2024,2023-10-15 21:00:00+00:00,OKC,CHA,115,117,https://a.espncdn.com/i/teamlogos/nba/500/scoreboard/okc.png,https://a.espncdn.com/i/teamlogos/nba/500/scoreboard/cha.png,2,0,0,0,11,0
nba-401591907,2024,2023-10-15 22:00:00+00:00,MEM,MIA,124,132,https://a.espncdn.com/i/teamlogos/nba/500/scoreboard/mem.png,https://a.espncdn.com/i/teamlogos/nba/500/scoreboard/mia.png,8,0,1,1,10,0
nba-401591908,2024,2023-10-15 22:00:00+00:00,CNS,TOR,93,134,https://a.espncdn.com/i/teamlogos/nba/500/cns.png,https://a.espncdn.com/i/teamlogos/nba/500/scoreboard/tor.png,41,0,0,0,41,0
nba-401591909,2024,2023-10-15 23:00:00+00:00,MIL,LAL,108,97,https://a.espncdn.com/i/teamlogos/nba/500/scoreboard/mil.png,https://a.espncdn.com/i/teamlogos/nba/500/scoreboard/lal.png,11,0,1,0,11,0
nba-401591910,2024,2023-10-16 01:00:00+00:00,CHI,DEN,102,116,https://a.espncdn.com/i/teamlogos/nba/500/scoreboard/chi.png,https://a.espncdn.com/i/teamlogos/nba/500/scoreboard/den.png,14,0,0,0,14,0
nba-401591911,2024,2023-10-16 01:30:00+00:00,GS,SAC,121,115,https://a.espncdn.com/i/teamlogos/nba/500/scoreboard/gs.png,https://a.espncdn.com/i/teamlogos/nba/500/scoreboard/sac.png,6,1,1,0,13,0
nba-401657420,2024,2024-05-06 23:30:00+00:00,IND,NY,117,121,https://a.espncdn.com/i/teamlogos/nba/500/scoreboard/ind.png,https://a.espncdn.com/i/teamlogos/nba/500/scoreboard/ny.png,4,0,2,1,6,1
nba-401657183,2024,2024-05-07 02:00:00+00:00,MIN,DEN,106,80,https://a.espncdn.com/i/teamlogos/nba/500/scoreboard/min.png,https://a.espncdn.com/i/teamlogos/nba/500/scoreboard/den.png,26,0,0,0,26,1
nba-401544847,2023,2023-06-05 00:00:00+00:00,MIA,DEN,111,108,https://a.espncdn.com/i/teamlogos/nba/500/scoreboard/mia.png,https://a.espncdn.com/i/teamlogos/nba/500/scoreboard/den.png,3,0,2,1,8,1
nba-401468481,2023,2022-12-03 00:00:00+00:00,WSH,CHA,116,117,https://a.espncdn.com/i/teamlogos/nba/500/scoreboard/wsh.png,https://a.espncdn.com/i/teamlogos/nba/500/scoreboard/cha.png,1,0,0,0,19,0
nba-401468482,2023,2022-12-03 00:30:00+00:00,DEN,ATL,109,117,https://a.espncdn.com/i/teamlogos/nba/500/scoreboard/den.png,https://a.espncdn.com/i/teamlogos/nba/500/scoreboard/atl.png,8,0,0,0,14,0
nba-401468483,2023,2022-12-03 00:30:00+00:00,MIA,BOS,120,116,https://a.espncdn.com/i/teamlogos/nba/500/scoreboard/mia.png,https://a.espncdn.com/i/teamlogos/nba/500/scoreboard/bos.png,4,1,1,1,6,0
nba-401468484,2023,2022-12-03 00:30:00+00:00,TOR,BKN,105,114,https://a.espncdn.com/i/teamlogos/nba/500/scoreboard/tor.png,https://a.espncdn.com/i/teamlogos/nba/500/scoreboard/bkn.png,9,0,0,0,24,0
nba-401468485,2023,2022-12-03 00:30:00+00:00,ORL,CLE,96,107,https://a.espncdn.com/i/teamlogos/nba/500/scoreboard/orl.png,https://a.espncdn.com/i/teamlogos/nba/500/scoreboard/cle.png,11,0,0,0,18,0
nba-401468486,2023,2022-12-03 00:30:00+00:00,LAL,MIL,133,129,https://a.espncdn.com/i/teamlogos/nba/500/scoreboard/lal.png,https://a.espncdn.com/i/teamlogos/nba/500/scoreboard/mil.png,4,0,0,0,8,0
nba-401468487,2023,2022-12-03 01:00:00+00:00,PHI,MEM,109,117,https://a.espncdn.com/i/teamlogos/nba/500/scoreboard/phi.png,https://a.espncdn.com/i/teamlogos/nba/500/scoreboard/mem.png,8,0,1,0,16,0
nba-401468488,2023,2022-12-03 01:00:00+00:00,NO,SA,117,99,https://a.espncdn.com/i/teamlogos/nba/500/scoreboard/no.png,https://a.espncdn.com/i/teamlogos/nba/500/scoreboard/sa.png,18,0,2,0,18,0
nba-401468489,2023,2022-12-03 02:00:00+00:00,HOU,PHX,122,121,https://a.espncdn.com/i/teamlogos/nba/500/scoreboard/hou.png,https://a.espncdn.com/i/teamlogos/nba/500/scoreboard/phx.png,1,0,1,1,10,0
nba-401468490,2023,2022-12-03 02:00:00+00:00,IND,UTAH,119,139,https://a.espncdn.com/i/teamlogos/nba/500/scoreboard/ind.png,https://a.espncdn.com/i/teamlogos/nba/500/scoreboard/utah.png,20,0,0,0,20,0
nba-401468491,2023,2022-12-03 03:00:00+00:00,CHI,GS,111,119,https://a.espncdn.com/i/teamlogos/nba/500/scoreboard/chi.png,https://a.espncdn.com/i/teamlogos/nba/500/scoreboard/gs.png,8,0,0,0,14,0
nba-401584908,2024,2023-12-02 21:00:00+00:00,GS,LAC,112,113,https://a.espncdn.com/i/teamlogos/nba/500/scoreboard/gs.png,https://a.espncdn.com/i/teamlogos/nba/500/scoreboard/lac.png,1,0,1,1,19,0
nba-401584909,2024,2023-12-02 22:00:00+00:00,MIN,CHA,123,117,https://a.espncdn.com/i/teamlogos/nba/500/scoreboard/min.png,https://a.espncdn.com/i/teamlogos/nba/500/scoreboard/cha.png,6,0,0,0,7,0
nba-401584910,2024,2023-12-03 00:00:00+00:00,ORL,BKN,101,129,https://a.espncdn.com/i/teamlogos/nba/500/scoreboard/orl.png,https://a.espncdn.com/i/teamlogos/nba/500/scoreboard/bkn.png,28,0,0,0,28,0
nba-401584911,2024,2023-12-03 00:00:00+00:00,CLE,DET,110,101,https://a.espncdn.com/i/teamlogos/nba/500/scoreboard/cle.png,https://a.espncdn.com/i/teamlogos/nba/500/scoreboard/det.png,9,0,1,0,9,0
nba-401584912,2024,2023-12-03 01:00:00+00:00,IND,MIA,144,129,https://a.espncdn.com/i/teamlogos/nba/500/scoreboard/ind.png,https://a.espncdn.com/i/teamlogos/nba/500/scoreboard/mia.png,15,0,1,0,15,0
nba-401584913,2024,2023-12-03 01:00:00+00:00,NO,CHI,118,124,https://a.espncdn.com/i/teamlogos/nba/500/scoreboard/no.png,https://a.espncdn.com/i/teamlogos/nba/500/scoreboard/chi.png,6,0,2,0,8,0
nba-401584914,2024,2023-12-03 01:00:00+00:00,ATL,MIL,121,132,https://a.espncdn.com/i/teamlogos/nba/500/scoreboard/atl.png,https://a.espncdn.com/i/teamlogos/nba/500/scoreboard/mil.png,11,0,0,0,11,0
nba-401584915,2024,2023-12-03 02:00:00+00:00,OKC,DAL,126,120,https://a.espncdn.com/i/teamlogos/nba/500/scoreboard/okc.png,https://a.espncdn.com/i/teamlogos/nba/500/scoreboard/dal.png,6,0,0,0,23,0
nba-401584916,2024,2023-12-03 02:00:00+00:00,MEM,PHX,109,116,https://a.espncdn.com/i/teamlogos/nba/500/scoreboard/mem.png,https://a.espncdn.com/i/teamlogos/nba/500/scoreboard/phx.png,7,0,1,0,12,0
nba-401584917,2024,2023-12-03 02:30:00+00:00,POR,UTAH,113,118,https://a.espncdn.com/i/teamlogos/nba/500/scoreboard/por.png,https://a.espncdn.com/i/teamlogos/nba/500/scoreboard/utah.png,5,1,1,0,12,0
nba-401584918,2024,2023-12-03 03:00:00+00:00,DEN,SAC,117,123,https://a.espncdn.com/i/teamlogos/nba/500/scoreboard/den.png,https://a.espncdn.com/i/teamlogos/nba/500/scoreboard/sac.png,6,0,1,0,14,0
nba-401584919,2024,2023-12-03 03:30:00+00:00,HOU,LAL,97,107,https://a.espncdn.com/i/teamlogos/nba/500/scoreboard/hou.png,https://a.espncdn.com/i/teamlogos/nba/500/scoreboard/lal.png,10,0,1,0,16,0
nba-401428072,2022,2022-04-13 23:00:00+00:00,CHA,ATL,103,132,https://a.espncdn.com/i/teamlogos/nba/500/scoreboard/cha.png,https://a.espncdn.com/i/teamlogos/nba/500/scoreboard/atl.png,29,0,0,0,29,0
nba-401428073,2022,2022-04-14 01:30:00+00:00,SA,NO,103,113,https://a.espncdn.com/i/teamlogos/nba/500/scoreboard/sa.png,https://a.espncdn.com/i/teamlogos/nba/500/scoreboard/no.png,10,0,0,0,17,0
nba-401360397,2022,2022-01-07 00:30:00+00:00,BOS,NY,105,108,https://a.espncdn.com/i/teamlogos/nba/500/scoreboard/bos.png,https://a.espncdn.com/i/teamlogos/nba/500/scoreboard/ny.png,3,0,1,1,16,0
nba-401360398,2022,2022-01-07 01:00:00+00:00,DET,MEM,88,118,https://a.espncdn.com/i/teamlogos/nba/500/scoreboard/det.png,https://a.espncdn.com/i/teamlogos/nba/500/scoreboard/mem.png,30,0,0,0,30,0
nba-401360399,2022,2022-01-07 01:00:00+00:00,GS,NO,96,101,https://a.espncdn.com/i/teamlogos/nba/500/scoreboard/gs.png,https://a.espncdn.com/i/teamlogos/nba/500/scoreboard/no.png,5,0,1,0,6,0
nba-401360400,2022,2022-01-07 03:00:00+00:00,LAC,PHX,89,106,https://a.espncdn.com/i/teamlogos/nba/500/scoreboard/lac.png,https://a.espncdn.com/i/teamlogos/nba/500/scoreboard/phx.png,17,0,0,0,17,0
nba-401585332,2024,2024-02-04 20:00:00+00:00,ORL,DET,111,99,https://a.espncdn.com/i/teamlogos/nba/500/scoreboard/orl.png,https://a.espncdn.com/i/teamlogos/nba/500/scoreboard/det.png,12,0,1,0,12,0
nba-401585333,2024,2024-02-04 20:30:00+00:00,PHX,WSH,140,112,https://a.espncdn.com/i/teamlogos/nba/500/scoreboard/phx.png,https://a.espncdn.com/i/teamlogos/nba/500/scoreboard/wsh.png,28,0,0,0,30,0
nba-401585334,2024,2024-02-04 23:00:00+00:00,MEM,BOS,91,131,https://a.espncdn.com/i/teamlogos/nba/500/scoreboard/mem.png,https://a.espncdn.com/i/teamlogos/nba/500/scoreboard/bos.png,40,0,0,0,40,0
nba-401585335,2024,2024-02-04 23:00:00+00:00,IND,CHA,115,99,https://a.espncdn.com/i/teamlogos/nba/500/scoreboard/ind.png,https://a.espncdn.com/i/teamlogos/nba/500/scoreboard/cha.png,16,0,0,0,16,0
nba-401585336,2024,2024-02-04 23:17:00+00:00,LAC,MIA,103,95,https://a.espncdn.com/i/teamlogos/nba/500/scoreboard/lac.png,https://a.espncdn.com/i/teamlogos/nba/500/scoreboard/mia.png,8,0,1,0,8,0
nba-401585337,2024,2024-02-05 00:00:00+00:00,HOU,MIN,90,111,https://a.espncdn.com/i/teamlogos/nba/500/scoreboard/hou.png,https://a.espncdn.com/i/teamlogos/nba/500/scoreboard/min.png,21,0,0,0,21,0
nba-401585338,2024,2024-02-05 00:00:00+00:00,TOR,OKC,127,135,https://a.espncdn.com/i/teamlogos/nba/500/scoreboard/tor.png,https://a.espncdn.com/i/teamlogos/nba/500/scoreboard/okc.png,8,2,1,1,16,0
nba-401585339,2024,2024-02-05 01:00:00+00:00,MIL,UTAH,108,123,https://a.espncdn.com/i/teamlogos/nba/500/scoreboard/mil.png,https://a.espncdn.com/i/teamlogos/nba/500/scoreboard/utah.png,15,0,2,1,15,0
nba-401585340,2024,2024-02-05 01:30:00+00:00,POR,DEN,103,112,https://a.espncdn.com/i/teamlogos/nba/500/scoreboard/por.png,https://a.espncdn.com/i/teamlogos/nba/500/scoreboard/den.png,9,0,1,0,12,0
nba-401468735,2023,2023-01-07 00:00:00+00:00,POR,IND,99,108,https://a.espncdn.com/i/teamlogos/nba/500/scoreboard/por.png,https://a.espncdn.com/i/teamlogos/nba/500/scoreboard/ind.png,9,0,1,1,9,0
nba-401468736,2023,2023-01-07 00:00:00+00:00,CHI,PHI,126,112,https://a.espncdn.com/i/teamlogos/nba/500/scoreboard/chi.png,https://a.espncdn.com/i/teamlogos/nba/500/scoreboard/phi.png,14,0,1,0,15,0
nba-401468737,2023,2023-01-07 00:30:00+00:00,NY,TOR,112,108,https://a.espncdn.com/i/teamlogos/nba/500/scoreboard/ny.png,https://a.espncdn.com/i/teamlogos/nba/500/scoreboard/tor.png,4,0,0,0,10,0
nba-401468741,2023,2023-01-07 00:30:00+00:00,BKN,NO,108,102,https://a.espncdn.com/i/teamlogos/nba/500/scoreboard/bkn.png,https://a.espncdn.com/i/teamlogos/nba/500/scoreboard/no.png,6,0,1,0,11,0
nba-401468738,2023,2023-01-07 01:00:00+00:00,CHA,MIL,138,109,https://a.espncdn.com/i/teamlogos/nba/500/scoreboard/cha.png,https://a.espncdn.com/i/teamlogos/nba/500/scoreboard/mil.png,29,0,0,0,29,0
nba-401468739,2023,2023-01-07 01:00:00+00:00,WSH,OKC,110,127,https://a.espncdn.com/i/teamlogos/nba/500/scoreboard/wsh.png,https://a.espncdn.com/i/teamlogos/nba/500/scoreboard/okc.png,17,0,0,0,26,0
nba-401468740,2023,2023-01-07 01:00:00+00:00,DET,SA,109,121,https://a.espncdn.com/i/teamlogos/nba/500/scoreboard/det.png,https://a.espncdn.com/i/teamlogos/nba/500/scoreboard/sa.png,12,0,0,0,12,0
nba-401468742,2023,2023-01-07 02:00:00+00:00,LAC,MIN,115,128,https://a.espncdn.com/i/teamlogos/nba/500/scoreboard/lac.png,https://a.espncdn.com/i/teamlogos/nba/500/scoreboard/min.png,13,0,0,0,21,0
nba-401468743,2023,2023-01-07 02:00:00+00:00,CLE,DEN,108,121,https://a.espncdn.com/i/teamlogos/nba/500/scoreboard/cle.png,https://a.espncdn.com/i/teamlogos/nba/500/scoreboard/den.png,13,0,1,0,13,0
nba-401468744,2023,2023-01-07 03:00:00+00:00,MIA,PHX,104,96,https://a.espncdn.com/i/teamlogos/nba/500/scoreboard/mia.png,https://a.espncdn.com/i/teamlogos/nba/500/scoreboard/phx.png,8,0,0,0,8,0
nba-401468745,2023,2023-01-07 03:30:00+00:00,ATL,LAL,114,130,https://a.espncdn.com/i/teamlogos/nba/500/scoreboard/atl.png,https://a.espncdn.com/i/teamlogos/nba/500/scoreboard/lal.png,16,0,0,0,21,0
nba-401360077,2022,2021-11-23 00:00:00+00:00,BKN,CLE,117,112,https://a.espncdn.com/i/teamlogos/nba/500/scoreboard/bkn.png,https://a.espncdn.com/i/teamlogos/nba/500/scoreboard/cle.png,5,0,1,0,11,0
nba-401360078,2022,2021-11-23 00:00:00+00:00,CHA,WSH,109,103,https://a.espncdn.com/i/teamlogos/nba/500/scoreboard/cha.png,https://a.espncdn.com/i/teamlogos/nba/500/scoreboard/wsh.png,6,0,1,0,10,0
nba-401360079,2022,2021-11-23 00:30:00+00:00,OKC,ATL,101,113,https://a.espncdn.com/i/teamlogos/nba/500/scoreboard/okc.png,https://a.espncdn.com/i/teamlogos/nba/500/scoreboard/atl.png,12,0,0,0,22,0
nba-401360080,2022,2021-11-23 00:30:00+00:00,HOU,BOS,90,108,https://a.espncdn.com/i/teamlogos/nba/500/scoreboard/hou.png,https://a.espncdn.com/i/teamlogos/nba/500/scoreboard/bos.png,18,0,0,0,23,0
nba-401360081,2022,2021-11-23 01:00:00+00:00,IND,CHI,109,77,https://a.espncdn.com/i/teamlogos/nba/500/scoreboard/ind.png,https://a.espncdn.com/i/teamlogos/nba/500/scoreboard/chi.png,32,0,0,0,32,0
nba-401360082,2022,2021-11-23 01:00:00+00:00,ORL,MIL,92,123,https://a.espncdn.com/i/teamlogos/nba/500/scoreboard/orl.png,https://a.espncdn.com/i/teamlogos/nba/500/scoreboard/mil.png,31,0,0,0,49,0
nba-401360083,2022,2021-11-23 01:00:00+00:00,MIN,NO,110,96,https://a.espncdn.com/i/teamlogos/nba/500/scoreboard/min.png,https://a.espncdn.com/i/teamlogos/nba/500/scoreboard/no.png,14,0,1,0,20,0
nba-401360084,2022,2021-11-23 01:30:00+00:00,PHX,SA,115,111,https://a.espncdn.com/i/teamlogos/nba/500/scoreboard/phx.png,https://a.espncdn.com/i/teamlogos/nba/500/scoreboard/sa.png,4,0,0,0,15,0
nba-401360085,2022,2021-11-23 02:00:00+00:00,MEM,UTAH,119,118,https://a.espncdn.com/i/teamlogos/nba/500/scoreboard/mem.png,https://a.espncdn.com/i/teamlogos/nba/500/scoreboard/utah.png,1,0,1,1,6,0
nba-401360086,2022,2021-11-23 03:00:00+00:00,PHI,SAC,102,94,https://a.espncdn.com/i/teamlogos/nba/500/scoreboard/phi.png,https://a.espncdn.com/i/teamlogos/nba/500/scoreboard/sac.png,8,0,3,1,8,0
nba-401585595,2024,2024-03-16 21:00:00+00:00,CLE,HOU,103,117,https://a.espncdn.com/i/teamlogos/nba/500/scoreboard/cle.png,https://a.espncdn.com/i/teamlogos/nba/500/scoreboard/hou.png,14,0,0,0,25,0
nba-401585596,2024,2024-03-16 23:00:00+00:00,BKN,IND,100,121,https://a.espncdn.com/i/teamlogos/nba/500/scoreboard/bkn.png,https://a.espncdn.com/i/teamlogos/nba/500/scoreboard/ind.png,21,0,1,0,21,0
nba-401585597,2024,2024-03-16 23:00:00+00:00,CHA,PHI,98,109,https://a.espncdn.com/i/teamlogos/nba/500/scoreboard/cha.png,https://a.espncdn.com/i/teamlogos/nba/500/scoreboard/phi.png,11,0,0,0,11,0
nba-401585598,2024,2024-03-16 23:00:00+00:00,POR,NO,107,126,https://a.espncdn.com/i/teamlogos/nba/500/scoreboard/por.png,https://a.espncdn.com/i/teamlogos/nba/500/scoreboard/no.png,19,0,0,0,19,0
nba-401585599,2024,2024-03-17 00:00:00+00:00,WSH,CHI,98,127,https://a.espncdn.com/i/teamlogos/nba/500/scoreboard/wsh.png,https://a.espncdn.com/i/teamlogos/nba/500/scoreboard/chi.png,29,0,0,0,29,0
nba-401585600,2024,2024-03-17 00:00:00+00:00,OKC,MEM,118,112,https://a.espncdn.com/i/teamlogos/nba/500/scoreboard/okc.png,https://a.espncdn.com/i/teamlogos/nba/500/scoreboard/mem.png,6,0,0,0,13,0
nba-401585601,2024,2024-03-17 00:30:00+00:00,GS,LAL,128,121,https://a.espncdn.com/i/teamlogos/nba/500/scoreboard/gs.png,https://a.espncdn.com/i/teamlogos/nba/500/scoreboard/lal.png,7,0,1,0,9,0
nba-401585602,2024,2024-03-17 01:30:00+00:00,MIN,UTAH,119,100,https://a.espncdn.com/i/teamlogos/nba/500/scoreboard/min.png,https://a.espncdn.com/i/teamlogos/nba/500/scoreboard/utah.png,19,0,0,0,19,0
nba-401585603,2024,2024-03-17 02:00:00+00:00,NY,SAC,98,91,https://a.espncdn.com/i/teamlogos/nba/500/scoreboard/ny.png,https://a.espncdn.com/i/teamlogos/nba/500/scoreboard/sac.png,7,0,1,0,7,0
nba-401545111,2023,2023-05-01 23:30:00+00:00,PHI,BOS,119,115,https://a.espncdn.com/i/teamlogos/nba/500/scoreboard/phi.png,https://a.espncdn.com/i/teamlogos/nba/500/scoreboard/bos.png,4,0,1,0,7,1
nba-401544335,2023,2023-05-02 02:00:00+00:00,PHX,DEN,87,97,https://a.espncdn.com/i/teamlogos/nba/500/scoreboard/phx.png,https://a.espncdn.com/i/teamlogos/nba/500/scoreboard/den.png,10,0,1,1,10,1
nba-401433610,2022,2022-05-01 17:00:00+00:00,MIL,BOS,101,89,https://a.espncdn.com/i/teamlogos/nba/500/scoreboard/mil.png,https://a.espncdn.com/i/teamlogos/nba/500/scoreboard/bos.png,12,0,0,0,12,1
nba-401434770,2022,2022-05-01 19:30:00+00:00,GS,MEM,117,116,https://a.espncdn.com/i/teamlogos/nba/500/scoreboard/gs.png,https://a.espncdn.com/i/teamlogos/nba/500/scoreboard/mem.png,1,0,1,0,8,1
nba-401359902,2022,2021-10-30 21:00:00+00:00,BOS,WSH,112,115,https://a.espncdn.com/i/teamlogos/nba/500/scoreboard/bos.png,https://a.espncdn.com/i/teamlogos/nba/500/scoreboard/wsh.png,3,2,0,0,6,0
nba-401359903,2022,2021-10-30 23:00:00+00:00,ORL,DET,103,110,https://a.espncdn.com/i/teamlogos/nba/500/scoreboard/orl.png,https://a.espncdn.com/i/teamlogos/nba/500/scoreboard/det.png,7,0,0,0,9,0
nba-401359904,2022,2021-10-30 23:00:00+00:00,NY,NO,123,117,https://a.espncdn.com/i/teamlogos/nba/500/scoreboard/ny.png,https://a.espncdn.com/i/teamlogos/nba/500/scoreboard/no.png,6,0,0,0,6,0
nba-401359905,2022,2021-10-30 23:30:00+00:00,TOR,IND,97,94,https://a.espncdn.com/i/teamlogos/nba/500/scoreboard/tor.png,https://a.espncdn.com/i/teamlogos/nba/500/scoreboard/ind.png,3,0,1,0,3,0
nba-401359906,2022,2021-10-30 23:30:00+00:00,ATL,PHI,94,122,https://a.espncdn.com/i/teamlogos/nba/500/scoreboard/atl.png,https://a.espncdn.com/i/teamlogos/nba/500/scoreboard/phi.png,28,0,0,0,28,0
nba-401359907,2022,2021-10-31 00:00:00+00:00,UTAH,CHI,99,107,https://a.espncdn.com/i/teamlogos/nba/500/scoreboard/utah.png,https://a.espncdn.com/i/teamlogos/nba/500/scoreboard/chi.png,8,0,2,0,8,0
nba-401359908,2022,2021-10-31 00:00:00+00:00,MIA,MEM,129,103,https://a.espncdn.com/i/teamlogos/nba/500/scoreboard/mia.png,https://a.espncdn.com/i/teamlogos/nba/500/scoreboard/mem.png,26,0,0,0,26,0
nba-401359909,2022,2021-10-31 00:00:00+00:00,SA,MIL,102,93,https://a.espncdn.com/i/teamlogos/nba/500/scoreboard/sa.png,https://a.espncdn.com/i/teamlogos/nba/500/scoreboard/mil.png,9,0,2,0,9,0
nba-401359910,2022,2021-10-31 00:30:00+00:00,OKC,GS,82,103,https://a.espncdn.com/i/teamlogos/nba/500/scoreboard/okc.png,https://a.espncdn.com/i/teamlogos/nba/500/scoreboard/gs.png,21,0,0,0,24,0
nba-401359911,2022,2021-10-31 01:00:00+00:00,DEN,MIN,93,91,https://a.espncdn.com/i/teamlogos/nba/500/scoreboard/den.png,https://a.espncdn.com/i/teamlogos/nba/500/scoreboard/min.png,2,0,1,1,9,0
nba-401359912,2022,2021-10-31 02:00:00+00:00,CLE,PHX,92,101,https://a.espncdn.com/i/teamlogos/nba/500/scoreboard/cle.png,https://a.espncdn.com/i/teamlogos/nba/500/scoreboard/phx.png,9,0,1,0,13,0
nba-401438130,2022,2022-05-18 00:30:00+00:00,BOS,MIA,107,118,https://a.espncdn.com/i/teamlogos/nba/500/scoreboard/bos.png,https://a.espncdn.com/i/teamlogos/nba/500/scoreboard/mia.png,11,0,1,0,17,1
nba-401547671,2023,2023-05-18 00:30:00+00:00,MIA,BOS,123,116,https://a.espncdn.com/i/teamlogos/nba/500/scoreboard/mia.png,https://a.espncdn.com/i/teamlogos/nba/500/scoreboard/bos.png,7,0,1,0,12,1
nba-401359874,2022,2021-10-26 23:30:00+00:00,PHI,NY,99,112,https://a.espncdn.com/i/teamlogos/nba/500/scoreboard/phi.png,https://a.espncdn.com/i/teamlogos/nba/500/scoreboard/ny.png,13,0,1,0,20,0
nba-401359875,2022,2021-10-27 00:00:00+00:00,GS,OKC,106,98,https://a.espncdn.com/i/teamlogos/nba/500/scoreboard/gs.png,https://a.espncdn.com/i/teamlogos/nba/500/scoreboard/okc.png,8,0,1,0,11,0
nba-401359876,2022,2021-10-27 00:30:00+00:00,HOU,DAL,106,116,https://a.espncdn.com/i/teamlogos/nba/500/scoreboard/hou.png,https://a.espncdn.com/i/teamlogos/nba/500/scoreboard/dal.png,10,0,1,0,10,0
nba-401359877,2022,2021-10-27 00:30:00+00:00,LAL,SA,125,121,https://a.espncdn.com/i/teamlogos/nba/500/scoreboard/lal.png,https://a.espncdn.com/i/teamlogos/nba/500/scoreboard/sa.png,4,1,1,1,12,0
nba-401359878,2022,2021-10-27 02:00:00+00:00,DEN,UTAH,110,122,https://a.espncdn.com/i/teamlogos/nba/500/scoreboard/den.png,https://a.espncdn.com/i/teamlogos/nba/500/scoreboard/utah.png,12,0,0,0,12,0
nba-401360997,2022,2022-04-05 23:00:00+00:00,PHI,IND,131,122,https://a.espncdn.com/i/teamlogos/nba/500/scoreboard/phi.png,https://a.espncdn.com/i/teamlogos/nba/500/scoreboard/ind.png,9,0,0,0,23,0
nba-401360998,2022,2022-04-05 23:00:00+00:00,CLE,ORL,115,120,https://a.espncdn.com/i/teamlogos/nba/500/scoreboard/cle.png,https://a.espncdn.com/i/teamlogos/nba/500/scoreboard/orl.png,5,0,1,0,5,0
nba-401360999,2022,2022-04-05 23:30:00+00:00,HOU,BKN,105,118,https://a.espncdn.com/i/teamlogos/nba/500/scoreboard/hou.png,https://a.espncdn.com/i/teamlogos/nba/500/scoreboard/bkn.png,13,0,0,0,17,0
nba-401361000,2022,2022-04-05 23:30:00+00:00,CHA,MIA,115,144,https://a.espncdn.com/i/teamlogos/nba/500/scoreboard/cha.png,https://a.espncdn.com/i/teamlogos/nba/500/scoreboard/mia.png,29,0,1,0,29,0
nba-401361001,2022,2022-04-05 23:30:00+00:00,ATL,TOR,108,118,https://a.espncdn.com/i/teamlogos/nba/500/scoreboard/atl.png,https://a.espncdn.com/i/teamlogos/nba/500/scoreboard/tor.png,10,0,1,0,10,0
nba-401361002,2022,2022-04-06 00:00:00+00:00,MIL,CHI,127,106,https://a.espncdn.com/i/teamlogos/nba/500/scoreboard/mil.png,https://a.espncdn.com/i/teamlogos/nba/500/scoreboard/chi.png,21,0,0,0,21,0
nba-401361003,2022,2022-04-06 00:00:00+00:00,WSH,MIN,132,114,https://a.espncdn.com/i/teamlogos/nba/500/scoreboard/wsh.png,https://a.espncdn.com/i/teamlogos/nba/500/scoreboard/min.png,18,0,1,0,18,0
nba-401361004,2022,2022-04-06 00:00:00+00:00,POR,OKC,94,98,https://a.espncdn.com/i/teamlogos/nba/500/scoreboard/por.png,https://a.espncdn.com/i/teamlogos/nba/500/scoreboard/okc.png,4,0,2,1,15,0
nba-401361005,2022,2022-04-06 01:00:00+00:00,SA,DEN,116,97,https://a.espncdn.com/i/teamlogos/nba/500/scoreboard/sa.png,https://a.espncdn.com/i/teamlogos/nba/500/scoreboard/den.png,19,0,0,0,20,0
nba-401361006,2022,2022-04-06 01:00:00+00:00,MEM,UTAH,115,121,https://a.espncdn.com/i/teamlogos/nba/500/scoreboard/mem.png,https://a.espncdn.com/i/teamlogos/nba/500/scoreboard/utah.png,6,1,0,0,6,0
nba-401361007,2022,2022-04-06 02:00:00+00:00,NO,SAC,123,109,https://a.espncdn.com/i/teamlogos/nba/500/scoreboard/no.png,https://a.espncdn.com/i/teamlogos/nba/500/scoreboard/sac.png,14,0,0,0,14,0
nba-401361008,2022,2022-04-06 02:30:00+00:00,LAL,PHX,110,121,https://a.espncdn.com/i/teamlogos/nba/500/scoreboard/lal.png,https://a.espncdn.com/i/teamlogos/nba/500/scoreboard/phx.png,11,0,1,0,18,0
nba-401584947,2024,2023-12-15 00:30:00+00:00,CLE,BOS,107,116,https://a.espncdn.com/i/teamlogos/nba/500/scoreboard/cle.png,https://a.espncdn.com/i/teamlogos/nba/500/scoreboard/bos.png,9,0,0,0,11,0
nba-401584948,2024,2023-12-15 00:30:00+00:00,CHI,MIA,124,116,https://a.espncdn.com/i/teamlogos/nba/500/scoreboard/chi.png,https://a.espncdn.com/i/teamlogos/nba/500/scoreboard/mia.png,8,0,0,0,14,0
nba-401584949,2024,2023-12-15 01:30:00+00:00,MIN,DAL,119,101,https://a.espncdn.com/i/teamlogos/nba/500/scoreboard/min.png,https://a.espncdn.com/i/teamlogos/nba/500/scoreboard/dal.png,18,0,1,0,18,0
nba-401584950,2024,2023-12-15 02:00:00+00:00,BKN,DEN,101,124,https://a.espncdn.com/i/teamlogos/nba/500/scoreboard/bkn.png,https://a.espncdn.com/i/teamlogos/nba/500/scoreboard/den.png,23,0,0,0,23,0
nba-401584951,2024,2023-12-15 03:00:00+00:00,UTAH,POR,122,114,https://a.espncdn.com/i/teamlogos/nba/500/scoreboard/utah.png,https://a.espncdn.com/i/teamlogos/nba/500/scoreboard/por.png,8,0,0,0,27,0
nba-401584952,2024,2023-12-15 03:00:00+00:00,OKC,SAC,123,128,https://a.espncdn.com/i/teamlogos/nba/500/scoreboard/okc.png,https://a.espncdn.com/i/teamlogos/nba/500/scoreboard/sac.png,5,0,1,0,8,0
nba-401584953,2024,2023-12-15 03:30:00+00:00,GS,LAC,113,121,https://a.espncdn.com/i/teamlogos/nba/500/scoreboard/gs.png,https://a.espncdn.com/i/teamlogos/nba/500/scoreboard/lac.png,8,0,0,0,13,0
nba-401468569,2023,2022-12-15 00:00:00+00:00,DET,CHA,141,134,https://a.espncdn.com/i/teamlogos/nba/500/scoreboard/det.png,https://a.espncdn.com/i/teamlogos/nba/500/scoreboard/cha.png,7,1,0,0,10,0
nba-401468570,2023,2022-12-15 00:00:00+00:00,GS,IND,119,125,https://a.espncdn.com/i/teamlogos/nba/500/scoreboard/gs.png,https://a.espncdn.com/i/teamlogos/nba/500/scoreboard/ind.png,6,0,0,0,20,0
nba-401468571,2023,2022-12-15 00:00:00+00:00,ATL,ORL,124,135,https://a.espncdn.com/i/teamlogos/nba/500/scoreboard/atl.png,https://a.espncdn.com/i/teamlogos/nba/500/scoreboard/orl.png,11,0,0,0,28,0
nba-401468572,2023,2022-12-15 00:30:00+00:00,SAC,TOR,124,123,https://a.espncdn.com/i/teamlogos/nba/500/scoreboard/sac.png,https://a.espncdn.com/i/teamlogos/nba/500/scoreboard/tor.png,1,0,1,1,8,0
nba-401468573,2023,2022-12-15 00:30:00+00:00,NY,CHI,128,120,https://a.espncdn.com/i/teamlogos/nba/500/scoreboard/ny.png,https://a.espncdn.com/i/teamlogos/nba/500/scoreboard/chi.png,8,1,0,0,9,0
nba-401468574,2023,2022-12-15 01:00:00+00:00,MIA,OKC,110,108,https://a.espncdn.com/i/teamlogos/nba/500/scoreboard/mia.png,https://a.espncdn.com/i/teamlogos/nba/500/scoreboard/okc.png,2,0,0,0,12,0
nba-401468575,2023,2022-12-15 01:00:00+00:00,POR,SA,128,112,https://a.espncdn.com/i/teamlogos/nba/500/scoreboard/por.png,https://a.espncdn.com/i/teamlogos/nba/500/scoreboard/sa.png,16,0,0,0,16,0
nba-401468576,2023,2022-12-15 02:00:00+00:00,CLE,DAL,105,90,https://a.espncdn.com/i/teamlogos/nba/500/scoreboard/cle.png,https://a.espncdn.com/i/teamlogos/nba/500/scoreboard/dal.png,15,0,0,0,19,0
nba-401468577,2023,2022-12-15 02:00:00+00:00,WSH,DEN,128,141,https://a.espncdn.com/i/teamlogos/nba/500/scoreboard/wsh.png,https://a.espncdn.com/i/teamlogos/nba/500/scoreboard/den.png,13,0,0,0,13,0
nba-401468578,2023,2022-12-15 03:00:00+00:00,MIN,LAC,88,99,https://a.espncdn.com/i/teamlogos/nba/500/scoreboard/min.png,https://a.espncdn.com/i/teamlogos/nba/500/scoreboard/lac.png,11,0,1,0,11,0
nba-401469344,2023,2023-04-05 23:00:00+00:00,BKN,DET,123,108,https://a.espncdn.com/i/teamlogos/nba/500/scoreboard/bkn.png,https://a.espncdn.com/i/teamlogos/nba/500/scoreboard/det.png,15,0,0,0,17,0
nba-401469345,2023,2023-04-05 23:00:00+00:00,NY,IND,138,129,https://a.espncdn.com/i/teamlogos/nba/500/scoreboard/ny.png,https://a.espncdn.com/i/teamlogos/nba/500/scoreboard/ind.png,9,0,0,0,9,0
nba-401469346,2023,2023-04-05 23:30:00+00:00,WSH,ATL,116,134,https://a.espncdn.com/i/teamlogos/nba/500/scoreboard/wsh.png,https://a.espncdn.com/i/teamlogos/nba/500/scoreboard/atl.png,18,0,0,0,18,0
nba-401469347,2023,2023-04-05 23:30:00+00:00,TOR,BOS,93,97,https://a.espncdn.com/i/teamlogos/nba/500/scoreboard/tor.png,https://a.espncdn.com/i/teamlogos/nba/500/scoreboard/bos.png,4,0,0,0,12,0
nba-401469348,2023,2023-04-05 23:30:00+00:00,CHI,MIL,92,105,https://a.espncdn.com/i/teamlogos/nba/500/scoreboard/chi.png,https://a.espncdn.com/i/teamlogos/nba/500/scoreboard/mil.png,13,0,2,0,13,0
nba-401469349,2023,2023-04-06 00:00:00+00:00,MEM,NO,131,138,https://a.espncdn.com/i/teamlogos/nba/500/scoreboard/mem.png,https://a.espncdn.com/i/teamlogos/nba/500/scoreboard/no.png,7,1,1,1,17,0
nba-401469350,2023,2023-04-06 00:30:00+00:00,SAC,DAL,119,123,https://a.espncdn.com/i/teamlogos/nba/500/scoreboard/sac.png,https://a.espncdn.com/i/teamlogos/nba/500/scoreboard/dal.png,4,0,2,0,11,0
nba-401469351,2023,2023-04-06 02:00:00+00:00,LAL,LAC,118,125,https://a.espncdn.com/i/teamlogos/nba/500/scoreboard/lal.png,https://a.espncdn.com/i/teamlogos/nba/500/scoreboard/lac.png,7,0,0,0,19,0
nba-401468767,2023,2023-01-11 00:00:00+00:00,DET,PHI,116,147,https://a.espncdn.com/i/teamlogos/nba/500/scoreboard/det.png,https://a.espncdn.com/i/teamlogos/nba/500/scoreboard/phi.png,31,0,0,0,32,0
nba-401468766,2023,2023-01-11 00:30:00+00:00,OKC,MIA,111,112,https://a.espncdn.com/i/teamlogos/nba/500/scoreboard/okc.png,https://a.espncdn.com/i/teamlogos/nba/500/scoreboard/mia.png,1,0,0,0,7,0
nba-401468768,2023,2023-01-11 00:30:00+00:00,CHA,TOR,120,132,https://a.espncdn.com/i/teamlogos/nba/500/scoreboard/cha.png,https://a.espncdn.com/i/teamlogos/nba/500/scoreboard/tor.png,12,0,0,0,12,0
nba-401468769,2023,2023-01-11 02:00:00+00:00,CLE,UTAH,114,116,https://a.espncdn.com/i/teamlogos/nba/500/scoreboard/cle.png,https://a.espncdn.com/i/teamlogos/nba/500/scoreboard/utah.png,2,0,0,0,7,0
nba-401468770,2023,2023-01-11 03:00:00+00:00,PHX,GS,125,113,https://a.espncdn.com/i/teamlogos/nba/500/scoreboard/phx.png,https://a.espncdn.com/i/teamlogos/nba/500/scoreboard/gs.png,12,0,0,0,19,0
nba-401468771,2023,2023-01-11 03:00:00+00:00,ORL,POR,109,106,https://a.espncdn.com/i/teamlogos/nba/500/scoreboard/orl.png,https://a.espncdn.com/i/teamlogos/nba/500/scoreboard/por.png,3,0,0,0,13,0
nba-401468772,2023,2023-01-11 03:30:00+00:00,DAL,LAC,101,113,https://a.espncdn.com/i/teamlogos/nba/500/scoreboard/dal.png,https://a.espncdn.com/i/teamlogos/nba/500/scoreboard/lac.png,12,0,0,0,22,0
nba-401585389,2024,2024-02-13 00:00:00+00:00,IND,CHA,102,111,https://a.espncdn.com/i/teamlogos/nba/500/scoreboard/ind.png,https://a.espncdn.com/i/teamlogos/nba/500/scoreboard/cha.png,9,0,2,0,9,0
nba-401585390,2024,2024-02-13 00:00:00+00:00,PHI,CLE,123,121,https://a.espncdn.com/i/teamlogos/nba/500/scoreboard/phi.png,https://a.espncdn.com/i/teamlogos/nba/500/scoreboard/cle.png,2,0,2,1,4,0
nba-401585391,2024,2024-02-13 00:30:00+00:00,CHI,ATL,136,126,https://a.espncdn.com/i/teamlogos/nba/500/scoreboard/chi.png,https://a.espncdn.com/i/teamlogos/nba/500/scoreboard/atl.png,10,0,1,0,10,0
nba-401585392,2024,2024-02-13 00:30:00+00:00,SA,TOR,122,99,https://a.espncdn.com/i/teamlogos/nba/500/scoreboard/sa.png,https://a.espncdn.com/i/teamlogos/nba/500/scoreboard/tor.png,23,0,0,0,28,0
nba-401585393,2024,2024-02-13 01:00:00+00:00,NY,HOU,103,105,https://a.espncdn.com/i/teamlogos/nba/500/scoreboard/ny.png,https://a.espncdn.com/i/teamlogos/nba/500/scoreboard/hou.png,2,0,0,0,14,0
nba-401585394,2024,2024-02-13 01:00:00+00:00,NO,MEM,96,87,https://a.espncdn.com/i/teamlogos/nba/500/scoreboard/no.png,https://a.espncdn.com/i/teamlogos/nba/500/scoreboard/mem.png,9,0,0,0,14,0
nba-401585395,2024,2024-02-13 01:00:00+00:00,DEN,MIL,95,112,https://a.espncdn.com/i/teamlogos/nba/500/scoreboard/den.png,https://a.espncdn.com/i/teamlogos/nba/500/scoreboard/mil.png,17,0,0,0,28,0
nba-401585396,2024,2024-02-13 01:30:00+00:00,WSH,DAL,104,112,https://a.espncdn.com/i/teamlogos/nba/500/scoreboard/wsh.png,https://a.espncdn.com/i/teamlogos/nba/500/scoreboard/dal.png,8,0,2,1,10,0
nba-401585397,2024,2024-02-13 02:00:00+00:00,GS,UTAH,129,107,https://a.espncdn.com/i/teamlogos/nba/500/scoreboard/gs.png,https://a.espncdn.com/i/teamlogos/nba/500/scoreboard/utah.png,22,0,0,0,22,0
nba-401585398,2024,2024-02-13 03:30:00+00:00,MIN,LAC,121,100,https://a.espncdn.com/i/teamlogos/nba/500/scoreboard/min.png,https://a.espncdn.com/i/teamlogos/nba/500/scoreboard/lac.png,21,0,2,0,21,0
nba-401360426,2022,2022-01-11 00:00:00+00:00,MIL,CHA,99,103,https://a.espncdn.com/i/teamlogos/nba/500/scoreboard/mil.png,https://a.espncdn.com/i/teamlogos/nba/500/scoreboard/cha.png,4,0,2,0,9,0
nba-401360427,2022,2022-01-11 00:00:00+00:00,UTAH,DET,116,126,https://a.espncdn.com/i/teamlogos/nba/500/scoreboard/utah.png,https://a.espncdn.com/i/teamlogos/nba/500/scoreboard/det.png,10,0,1,0,14,0
nba-401360428,2022,2022-01-11 00:30:00+00:00,IND,BOS,98,101,https://a.espncdn.com/i/teamlogos/nba/500/scoreboard/ind.png,https://a.espncdn.com/i/teamlogos/nba/500/scoreboard/bos.png,3,1,0,0,8,0
nba-401360429,2022,2022-01-11 00:30:00+00:00,SA,NY,96,111,https://a.espncdn.com/i/teamlogos/nba/500/scoreboard/sa.png,https://a.espncdn.com/i/teamlogos/nba/500/scoreboard/ny.png,15,0,1,0,15,0
nba-401360530,2022,2022-01-11 01:00:00+00:00,PHI,HOU,111,91,https://a.espncdn.com/i/teamlogos/nba/500/scoreboard/phi.png,https://a.espncdn.com/i/teamlogos/nba/500/scoreboard/hou.png,20,0,0,0,20,0
nba-401360430,2022,2022-01-11 03:00:00+00:00,CLE,SAC,109,108,https://a.espncdn.com/i/teamlogos/nba/500/scoreboard/cle.png,https://a.espncdn.com/i/teamlogos/nba/500/scoreboard/sac.png,1,0,0,0,13,0
nba-401401133,2022,2022-01-11 03:00:00+00:00,BKN,POR,108,114,https://a.espncdn.com/i/teamlogos/nba/500/scoreboard/bkn.png,https://a.espncdn.com/i/teamlogos/nba/500/scoreboard/por.png,6,0,2,0,7,0
nba-401584954,2024,2023-12-16 00:00:00+00:00,NO,CHA,112,107,https://a.espncdn.com/i/teamlogos/nba/500/scoreboard/no.png,https://a.espncdn.com/i/teamlogos/nba/500/scoreboard/cha.png,5,0,0,0,11,0
nba-401584955,2024,2023-12-16 00:00:00+00:00,DET,PHI,92,124,https://a.espncdn.com/i/teamlogos/nba/500/scoreboard/det.png,https://a.espncdn.com/i/teamlogos/nba/500/scoreboard/phi.png,32,0,0,0,32,0
nba-401584956,2024,2023-12-16 00:00:00+00:00,IND,WSH,123,137,https://a.espncdn.com/i/teamlogos/nba/500/scoreboard/ind.png,https://a.espncdn.com/i/teamlogos/nba/500/scoreboard/wsh.png,14,0,1,0,21,0
nba-401584957,2024,2023-12-16 00:30:00+00:00,ORL,BOS,111,128,https://a.espncdn.com/i/teamlogos/nba/500/scoreboard/orl.png,https://a.espncdn.com/i/teamlogos/nba/500/scoreboard/bos.png,17,0,0,0,23,0
nba-401584958,2024,2023-12-16 00:30:00+00:00,ATL,TOR,125,104,https://a.espncdn.com/i/teamlogos/nba/500/scoreboard/atl.png,https://a.espncdn.com/i/teamlogos/nba/500/scoreboard/tor.png,21,0,0,0,21,0
nba-401584959,2024,2023-12-16 00:30:00+00:00,LAL,SA,115,129,https://a.espncdn.com/i/teamlogos/nba/500/scoreboard/lal.png,https://a.espncdn.com/i/teamlogos/nba/500/scoreboard/sa.png,14,0,0,0,20,0
nba-401584960,2024,2023-12-16 01:00:00+00:00,HOU,MEM,103,96,https://a.espncdn.com/i/teamlogos/nba/500/scoreboard/hou.png,https://a.espncdn.com/i/teamlogos/nba/500/scoreboard/mem.png,7,0,1,0,15,0
nba-401584961,2024,2023-12-16 03:00:00+00:00,NY,PHX,139,122,https://a.espncdn.com/i/teamlogos/nba/500/scoreboard/ny.png,https://a.espncdn.com/i/teamlogos/nba/500/scoreboard/phx.png,17,0,2,1,17,0
nba-401468579,2023,2022-12-16 01:00:00+00:00,MIA,HOU,111,108,https://a.espncdn.com/i/teamlogos/nba/500/scoreboard/mia.png,https://a.espncdn.com/i/teamlogos/nba/500/scoreboard/hou.png,3,0,0,0,14,0
nba-401468580,2023,2022-12-16 01:00:00+00:00,MIL,MEM,101,142,https://a.espncdn.com/i/teamlogos/nba/500/scoreboard/mil.png,https://a.espncdn.com/i/teamlogos/nba/500/scoreboard/mem.png,41,0,0,0,46,0
nba-401468581,2023,2022-12-16 02:00:00+00:00,NO,UTAH,129,132,https://a.espncdn.com/i/teamlogos/nba/500/scoreboard/no.png,https://a.espncdn.com/i/teamlogos/nba/500/scoreboard/utah.png,3,1,2,1,4,0
nba-401468582,2023,2022-12-16 03:30:00+00:00,PHX,LAC,111,95,https://a.espncdn.com/i/teamlogos/nba/500/scoreboard/phx.png,https://a.espncdn.com/i/teamlogos/nba/500/scoreboard/lac.png,16,0,0,0,27,0
nba-401469331,2023,2023-04-04 23:00:00+00:00,TOR,CHA,120,100,https://a.espncdn.com/i/teamlogos/nba/500/scoreboard/tor.png,https://a.espncdn.com/i/teamlogos/nba/500/scoreboard/cha.png,20,0,1,0,20,0
nba-401469332,2023,2023-04-04 23:00:00+00:00,MIA,DET,118,105,https://a.espncdn.com/i/teamlogos/nba/500/scoreboard/mia.png,https://a.espncdn.com/i/teamlogos/nba/500/scoreboard/det.png,13,0,0,0,13,0
nba-401469333,2023,2023-04-04 23:00:00+00:00,CLE,ORL,117,113,https://a.espncdn.com/i/teamlogos/nba/500/scoreboard/cle.png,https://a.espncdn.com/i/teamlogos/nba/500/scoreboard/orl.png,4,0,1,0,6,0
nba-401469334,2023,2023-04-04 23:00:00+00:00,MIL,WSH,140,128,https://a.espncdn.com/i/teamlogos/nba/500/scoreboard/mil.png,https://a.espncdn.com/i/teamlogos/nba/500/scoreboard/wsh.png,12,0,0,0,17,0
nba-401469335,2023,2023-04-04 23:30:00+00:00,MIN,BKN,107,102,https://a.espncdn.com/i/teamlogos/nba/500/scoreboard/min.png,https://a.espncdn.com/i/teamlogos/nba/500/scoreboard/bkn.png,5,0,2,1,7,0
nba-401469336,2023,2023-04-05 00:00:00+00:00,BOS,PHI,101,103,https://a.espncdn.com/i/teamlogos/nba/500/scoreboard/bos.png,https://a.espncdn.com/i/teamlogos/nba/500/scoreboard/phi.png,2,0,0,0,7,0
nba-401469337,2023,2023-04-05 00:00:00+00:00,ATL,CHI,123,105,https://a.espncdn.com/i/teamlogos/nba/500/scoreboard/atl.png,https://a.espncdn.com/i/teamlogos/nba/500/scoreboard/chi.png,18,0,0,0,18,0
nba-401469338,2023,2023-04-05 00:00:00+00:00,DEN,HOU,103,124,https://a.espncdn.com/i/teamlogos/nba/500/scoreboard/den.png,https://a.espncdn.com/i/teamlogos/nba/500/scoreboard/hou.png,21,0,2,0,21,0
nba-401469339,2023,2023-04-05 00:00:00+00:00,POR,MEM,109,119,https://a.espncdn.com/i/teamlogos/nba/500/scoreboard/por.png,https://a.espncdn.com/i/teamlogos/nba/500/scoreboard/mem.png,10,0,0,0,16,0
nba-401469340,2023,2023-04-05 00:00:00+00:00,SAC,NO,121,103,https://a.espncdn.com/i/teamlogos/nba/500/scoreboard/sac.png,https://a.espncdn.com/i/teamlogos/nba/500/scoreboard/no.png,18,0,0,0,18,0
nba-401469341,2023,2023-04-05 01:00:00+00:00,LAL,UTAH,135,133,https://a.espncdn.com/i/teamlogos/nba/500/scoreboard/lal.png,https://a.espncdn.com/i/teamlogos/nba/500/scoreboard/utah.png,2,1,0,0,11,0
nba-401469342,2023,2023-04-05 02:00:00+00:00,OKC,GS,125,136,https://a.espncdn.com/i/teamlogos/nba/500/scoreboard/okc.png,https://a.espncdn.com/i/teamlogos/nba/500/scoreboard/gs.png,11,0,1,1,11,0
nba-401469343,2023,2023-04-05 02:00:00+00:00,SA,PHX,94,115,https://a.espncdn.com/i/teamlogos/nba/500/scoreboard/sa.png,https://a.espncdn.com/i/teamlogos/nba/500/scoreboard/phx.png,21,0,0,0,21,0
nba-401468773,2023,2023-01-12 00:00:00+00:00,MIN,DET,118,135,https://a.espncdn.com/i/teamlogos/nba/500/scoreboard/min.png,https://a.espncdn.com/i/teamlogos/nba/500/scoreboard/det.png,17,0,1,0,17,0
nba-401468774,2023,2023-01-12 00:00:00+00:00,CHI,WSH,97,100,https://a.espncdn.com/i/teamlogos/nba/500/scoreboard/chi.png,https://a.espncdn.com/i/teamlogos/nba/500/scoreboard/wsh.png,3,0,1,0,13,0
nba-401468775,2023,2023-01-12 00:30:00+00:00,MIL,ATL,114,105,https://a.espncdn.com/i/teamlogos/nba/500/scoreboard/mil.png,https://a.espncdn.com/i/teamlogos/nba/500/scoreboard/atl.png,9,0,0,0,21,0
nba-401468776,2023,2023-01-12 00:30:00+00:00,NO,BOS,114,125,https://a.espncdn.com/i/teamlogos/nba/500/scoreboard/no.png,https://a.espncdn.com/i/teamlogos/nba/500/scoreboard/bos.png,11,0,0,0,12,0
nba-401468777,2023,2023-01-12 00:30:00+00:00,IND,NY,113,119,https://a.espncdn.com/i/teamlogos/nba/500/scoreboard/ind.png,https://a.espncdn.com/i/teamlogos/nba/500/scoreboard/ny.png,6,0,0,0,21,0
nba-401468778,2023,2023-01-12 01:00:00+00:00,SA,MEM,129,135,https://a.espncdn.com/i/teamlogos/nba/500/scoreboard/sa.png,https://a.espncdn.com/i/teamlogos/nba/500/scoreboard/mem.png,6,0,1,0,15,0
nba-401468779,2023,2023-01-12 03:00:00+00:00,PHX,DEN,97,126,https://a.espncdn.com/i/teamlogos/nba/500/scoreboard/phx.png,https://a.espncdn.com/i/teamlogos/nba/500/scoreboard/den.png,29,0,0,0,29,0
nba-401468780,2023,2023-01-12 03:00:00+00:00,HOU,SAC,115,135,https://a.espncdn.com/i/teamlogos/nba/500/scoreboard/hou.png,https://a.espncdn.com/i/teamlogos/nba/500/scoreboard/sac.png,20,0,2,1,20,0
nba-401585399,2024,2024-02-14 00:30:00+00:00,BOS,BKN,118,110,https://a.espncdn.com/i/teamlogos/nba/500/scoreboard/bos.png,https://a.espncdn.com/i/teamlogos/nba/500/scoreboard/bkn.png,8,0,0,0,16,0
nba-401585400,2024,2024-02-14 00:30:00+00:00,OKC,ORL,127,113,https://a.espncdn.com/i/teamlogos/nba/500/scoreboard/okc.png,https://a.espncdn.com/i/teamlogos/nba/500/scoreboard/orl.png,14,0,1,0,14,0
nba-401585401,2024,2024-02-14 01:00:00+00:00,MIA,MIL,123,97,https://a.espncdn.com/i/teamlogos/nba/500/scoreboard/mia.png,https://a.espncdn.com/i/teamlogos/nba/500/scoreboard/mil.png,26,0,0,0,26,0
nba-401585402,2024,2024-02-14 03:00:00+00:00,SAC,PHX,125,130,https://a.espncdn.com/i/teamlogos/nba/500/scoreboard/sac.png,https://a.espncdn.com/i/teamlogos/nba/500/scoreboard/phx.png,5,0,1,0,5,0
nba-401585403,2024,2024-02-14 03:00:00+00:00,MIN,POR,121,109,https://a.espncdn.com/i/teamlogos/nba/500/scoreboard/min.png,https://a.espncdn.com/i/teamlogos/nba/500/scoreboard/por.png,12,0,0,0,12,0
nba-401585404,2024,2024-02-14 03:30:00+00:00,DET,LAL,111,125,https://a.espncdn.com/i/teamlogos/nba/500/scoreboard/det.png,https://a.espncdn.com/i/teamlogos/nba/500/scoreboard/lal.png,14,0,0,0,23,0
nba-401360431,2022,2022-01-12 00:00:00+00:00,OKC,WSH,118,122,https://a.espncdn.com/i/teamlogos/nba/500/scoreboard/okc.png,https://a.espncdn.com/i/teamlogos/nba/500/scoreboard/wsh.png,4,0,1,0,4,0
nba-401360432,2022,2022-01-12 00:30:00+00:00,PHX,TOR,99,95,https://a.espncdn.com/i/teamlogos/nba/500/scoreboard/phx.png,https://a.espncdn.com/i/teamlogos/nba/500/scoreboard/tor.png,4,0,1,1,8,0
nba-401360433,2022,2022-01-12 01:00:00+00:00,GS,MEM,108,116,https://a.espncdn.com/i/teamlogos/nba/500/scoreboard/gs.png,https://a.espncdn.com/i/teamlogos/nba/500/scoreboard/mem.png,8,0,2,1,8,0
nba-401360434,2022,2022-01-12 01:00:00+00:00,MIN,NO,125,128,https://a.espncdn.com/i/teamlogos/nba/500/scoreboard/min.png,https://a.espncdn.com/i/teamlogos/nba/500/scoreboard/no.png,3,0,1,0,8,0
nba-401401138,2022,2022-01-12 01:00:00+00:00,DET,CHI,87,133,https://a.espncdn.com/i/teamlogos/nba/500/scoreboard/det.png,https://a.espncdn.com/i/teamlogos/nba/500/scoreboard/chi.png,46,0,0,0,46,0
nba-401360435,2022,2022-01-12 03:30:00+00:00,DEN,LAC,85,87,https://a.espncdn.com/i/teamlogos/nba/500/scoreboard/den.png,https://a.espncdn.com/i/teamlogos/nba/500/scoreboard/lac.png,2,0,1,1,13,0
nba-401359879,2022,2021-10-27 23:00:00+00:00,CHA,ORL,120,111,https://a.espncdn.com/i/teamlogos/nba/500/scoreboard/cha.png,https://a.espncdn.com/i/teamlogos/nba/500/scoreboard/orl.png,9,0,2,1,9,0
nba-401359880,2022,2021-10-27 23:30:00+00:00,WSH,BOS,116,107,https://a.espncdn.com/i/teamlogos/nba/500/scoreboard/wsh.png,https://a.espncdn.com/i/teamlogos/nba/500/scoreboard/bos.png,9,0,0,0,10,0
nba-401359881,2022,2021-10-27 23:30:00+00:00,MIA,BKN,106,93,https://a.espncdn.com/i/teamlogos/nba/500/scoreboard/mia.png,https://a.espncdn.com/i/teamlogos/nba/500/scoreboard/bkn.png,13,0,2,0,13,0
nba-401359882,2022,2021-10-27 23:30:00+00:00,IND,TOR,100,118,https://a.espncdn.com/i/teamlogos/nba/500/scoreboard/ind.png,https://a.espncdn.com/i/teamlogos/nba/500/scoreboard/tor.png,18,0,0,0,18,0
nba-401359883,2022,2021-10-27 23:30:00+00:00,ATL,NO,102,99,https://a.espncdn.com/i/teamlogos/nba/500/scoreboard/atl.png,https://a.espncdn.com/i/teamlogos/nba/500/scoreboard/no.png,3,0,1,0,14,0
nba-401359884,2022,2021-10-28 00:00:00+00:00,MIN,MIL,113,108,https://a.espncdn.com/i/teamlogos/nba/500/scoreboard/min.png,https://a.espncdn.com/i/teamlogos/nba/500/scoreboard/mil.png,5,0,0,0,15,0
nba-401359885,2022,2021-10-28 00:00:00+00:00,LAL,OKC,115,123,https://a.espncdn.com/i/teamlogos/nba/500/scoreboard/lal.png,https://a.espncdn.com/i/teamlogos/nba/500/scoreboard/okc.png,8,0,1,0,22,0
nba-401359886,2022,2021-10-28 02:00:00+00:00,SAC,PHX,110,107,https://a.espncdn.com/i/teamlogos/nba/500/scoreboard/sac.png,https://a.espncdn.com/i/teamlogos/nba/500/scoreboard/phx.png,3,0,1,0,8,0
nba-401359887,2022,2021-10-28 02:00:00+00:00,MEM,POR,96,116,https://a.espncdn.com/i/teamlogos/nba/500/scoreboard/mem.png,https://a.espncdn.com/i/teamlogos/nba/500/scoreboard/por.png,20,0,1,0,20,0
nba-401359888,2022,2021-10-28 02:30:00+00:00,CLE,LAC,92,79,https://a.espncdn.com/i/teamlogos/nba/500/scoreboard/cle.png,https://a.espncdn.com/i/teamlogos/nba/500/scoreboard/lac.png,13,0,0,0,13,0
nba-401585485,2024,2024-03-02 00:00:00+00:00,CLE,DET,110,100,https://a.espncdn.com/i/teamlogos/nba/500/scoreboard/cle.png,https://a.espncdn.com/i/teamlogos/nba/500/scoreboard/det.png,10,0,0,0,21,0
nba-401585486,2024,2024-03-02 00:00:00+00:00,CHA,PHI,114,121,https://a.espncdn.com/i/teamlogos/nba/500/scoreboard/cha.png,https://a.espncdn.com/i/teamlogos/nba/500/scoreboard/phi.png,7,0,2,0,7,0
nba-401585487,2024,2024-03-02 00:30:00+00:00,DAL,BOS,110,138,https://a.espncdn.com/i/teamlogos/nba/500/scoreboard/dal.png,https://a.espncdn.com/i/teamlogos/nba/500/scoreboard/bos.png,28,0,0,0,28,0
nba-401585488,2024,2024-03-02 00:30:00+00:00,GS,TOR,120,105,https://a.espncdn.com/i/teamlogos/nba/500/scoreboard/gs.png,https://a.espncdn.com/i/teamlogos/nba/500/scoreboard/tor.png,15,0,1,0,15,0
nba-401585489,2024,2024-03-02 01:00:00+00:00,POR,MEM,122,92,https://a.espncdn.com/i/teamlogos/nba/500/scoreboard/por.png,https://a.espncdn.com/i/teamlogos/nba/500/scoreboard/mem.png,30,0,1,0,30,0
nba-401585490,2024,2024-03-02 01:00:00+00:00,SAC,MIN,124,120,https://a.espncdn.com/i/teamlogos/nba/500/scoreboard/sac.png,https://a.espncdn.com/i/teamlogos/nba/500/scoreboard/min.png,4,1,0,0,9,0
nba-401585491,2024,2024-03-02 01:00:00+00:00,IND,NO,102,129,https://a.espncdn.com/i/teamlogos/nba/500/scoreboard/ind.png,https://a.espncdn.com/i/teamlogos/nba/500/scoreboard/no.png,27,0,0,0,36,0
nba-401585492,2024,2024-03-02 03:00:00+00:00,MIL,CHI,113,97,https://a.espncdn.com/i/teamlogos/nba/500/scoreboard/mil.png,https://a.espncdn.com/i/teamlogos/nba/500/scoreboard/chi.png,16,0,0,0,16,0
nba-401585493,2024,2024-03-02 03:30:00+00:00,WSH,LAC,115,140,https://a.espncdn.com/i/teamlogos/nba/500/scoreboard/wsh.png,https://a.espncdn.com/i/teamlogos/nba/500/scoreboard/lac.png,25,0,0,0,25,0
nba-401656362,2024,2024-06-15 00:30:00+00:00,BOS,DAL,84,122,https://a.espncdn.com/i/teamlogos/nba/500/scoreboard/bos.png,https://a.espncdn.com/i/teamlogos/nba/500/scoreboard/dal.png,38,0,0,0,38,1
nba-401547679,2023,2023-05-17 00:30:00+00:00,LAL,DEN,126,132,https://a.espncdn.com/i/teamlogos/nba/500/scoreboard/lal.png,https://a.espncdn.com/i/teamlogos/nba/500/scoreboard/den.png,6,0,0,0,18,1
nba-401359913,2022,2021-10-31 19:30:00+00:00,SAC,DAL,99,105,https://a.espncdn.com/i/teamlogos/nba/500/scoreboard/sac.png,https://a.espncdn.com/i/teamlogos/nba/500/scoreboard/dal.png,6,0,0,0,10,0
nba-401359914,2022,2021-10-31 23:00:00+00:00,POR,CHA,113,125,https://a.espncdn.com/i/teamlogos/nba/500/scoreboard/por.png,https://a.espncdn.com/i/teamlogos/nba/500/scoreboard/cha.png,12,0,1,0,12,0
nba-401359915,2022,2021-10-31 23:00:00+00:00,UTAH,MIL,107,95,https://a.espncdn.com/i/teamlogos/nba/500/scoreboard/utah.png,https://a.espncdn.com/i/teamlogos/nba/500/scoreboard/mil.png,12,0,0,0,15,0
nba-401359916,2022,2021-10-31 23:30:00+00:00,DET,BKN,91,117,https://a.espncdn.com/i/teamlogos/nba/500/scoreboard/det.png,https://a.espncdn.com/i/teamlogos/nba/500/scoreboard/bkn.png,26,0,0,0,26,0
nba-401359917,2022,2021-11-01 02:30:00+00:00,HOU,LAL,85,95,https://a.espncdn.com/i/teamlogos/nba/500/scoreboard/hou.png,https://a.espncdn.com/i/teamlogos/nba/500/scoreboard/lal.png,10,0,0,0,21,0
nba-401585604,2024,2024-03-17 17:00:00+00:00,PHX,MIL,129,140,https://a.espncdn.com/i/teamlogos/nba/500/scoreboard/phx.png,https://a.espncdn.com/i/teamlogos/nba/500/scoreboard/mil.png,11,0,0,0,22,0
nba-401585605,2024,2024-03-17 19:00:00+00:00,MIA,DET,104,101,https://a.espncdn.com/i/teamlogos/nba/500/scoreboard/mia.png,https://a.espncdn.com/i/teamlogos/nba/500/scoreboard/det.png,3,0,1,0,10,0
nba-401585606,2024,2024-03-17 19:30:00+00:00,DEN,DAL,105,107,https://a.espncdn.com/i/teamlogos/nba/500/scoreboard/den.png,https://a.espncdn.com/i/teamlogos/nba/500/scoreboard/dal.png,2,0,1,0,5,0
nba-401585607,2024,2024-03-17 22:00:00+00:00,TOR,ORL,96,111,https://a.espncdn.com/i/teamlogos/nba/500/scoreboard/tor.png,https://a.espncdn.com/i/teamlogos/nba/500/scoreboard/orl.png,15,0,0,0,15,0
nba-401585608,2024,2024-03-17 22:00:00+00:00,BOS,WSH,130,104,https://a.espncdn.com/i/teamlogos/nba/500/scoreboard/bos.png,https://a.espncdn.com/i/teamlogos/nba/500/scoreboard/wsh.png,26,0,0,0,30,0
nba-401585609,2024,2024-03-17 23:00:00+00:00,BKN,SA,115,122,https://a.espncdn.com/i/teamlogos/nba/500/scoreboard/bkn.png,https://a.espncdn.com/i/teamlogos/nba/500/scoreboard/sa.png,7,1,1,1,7,0
nba-401585610,2024,2024-03-18 01:30:00+00:00,ATL,LAC,110,93,https://a.espncdn.com/i/teamlogos/nba/500/scoreboard/atl.png,https://a.espncdn.com/i/teamlogos/nba/500/scoreboard/lac.png,17,0,0,0,26,0
nba-401360087,2022,2021-11-24 00:00:00+00:00,MIA,DET,100,92,https://a.espncdn.com/i/teamlogos/nba/500/scoreboard/mia.png,https://a.espncdn.com/i/teamlogos/nba/500/scoreboard/det.png,8,0,1,1,9,0
nba-401360088,2022,2021-11-24 00:30:00+00:00,LAL,NY,100,106,https://a.espncdn.com/i/teamlogos/nba/500/scoreboard/lal.png,https://a.espncdn.com/i/teamlogos/nba/500/scoreboard/ny.png,6,0,0,0,16,0
nba-401360089,2022,2021-11-24 03:00:00+00:00,DEN,POR,100,119,https://a.espncdn.com/i/teamlogos/nba/500/scoreboard/den.png,https://a.espncdn.com/i/teamlogos/nba/500/scoreboard/por.png,19,0,0,0,19,0
nba-401360090,2022,2021-11-24 03:30:00+00:00,DAL,LAC,112,104,https://a.espncdn.com/i/teamlogos/nba/500/scoreboard/dal.png,https://a.espncdn.com/i/teamlogos/nba/500/scoreboard/lac.png,8,1,1,0,8,0
nba-401539673,2023,2023-04-12 23:00:00+00:00,CHI,TOR,109,105,https://a.espncdn.com/i/teamlogos/nba/500/scoreboard/chi.png,https://a.espncdn.com/i/teamlogos/nba/500/scoreboard/tor.png,4,0,1,1,11,0
nba-401539674,2023,2023-04-13 01:50:00+00:00,OKC,NO,123,118,https://a.espncdn.com/i/teamlogos/nba/500/scoreboard/okc.png,https://a.espncdn.com/i/teamlogos/nba/500/scoreboard/no.png,5,0,2,0,9,0
nba-401468492,2023,2022-12-03 17:30:00+00:00,DAL,NY,121,100,https://a.espncdn.com/i/teamlogos/nba/500/scoreboard/dal.png,https://a.espncdn.com/i/teamlogos/nba/500/scoreboard/ny.png,21,0,1,0,21,0
nba-401468493,2023,2022-12-03 21:00:00+00:00,SAC,LAC,123,96,https://a.espncdn.com/i/teamlogos/nba/500/scoreboard/sac.png,https://a.espncdn.com/i/teamlogos/nba/500/scoreboard/lac.png,27,0,0,0,27,0
nba-401468494,2023,2022-12-03 23:00:00+00:00,MIL,CHA,105,96,https://a.espncdn.com/i/teamlogos/nba/500/scoreboard/mil.png,https://a.espncdn.com/i/teamlogos/nba/500/scoreboard/cha.png,9,0,0,0,11,0
nba-401468495,2023,2022-12-04 01:00:00+00:00,ORL,TOR,108,121,https://a.espncdn.com/i/teamlogos/nba/500/scoreboard/orl.png,https://a.espncdn.com/i/teamlogos/nba/500/scoreboard/tor.png,13,0,0,0,21,0
nba-401468496,2023,2022-12-04 01:00:00+00:00,OKC,MIN,135,128,https://a.espncdn.com/i/teamlogos/nba/500/scoreboard/okc.png,https://a.espncdn.com/i/teamlogos/nba/500/scoreboard/min.png,7,0,2,1,7,0
nba-401468497,2023,2022-12-04 01:30:00+00:00,HOU,GS,101,120,https://a.espncdn.com/i/teamlogos/nba/500/scoreboard/hou.png,https://a.espncdn.com/i/teamlogos/nba/500/scoreboard/gs.png,19,0,0,0,19,0
nba-401468498,2023,2022-12-04 02:00:00+00:00,POR,UTAH,116,111,https://a.espncdn.com/i/teamlogos/nba/500/scoreboard/por.png,https://a.espncdn.com/i/teamlogos/nba/500/scoreboard/utah.png,5,0,0,0,9,0
nba-401428070,2022,2022-04-12 23:00:00+00:00,CLE,BKN,108,115,https://a.espncdn.com/i/teamlogos/nba/500/scoreboard/cle.png,https://a.espncdn.com/i/teamlogos/nba/500/scoreboard/bkn.png,7,0,0,0,20,0
nba-401428071,2022,2022-04-13 01:30:00+00:00,LAC,MIN,104,109,https://a.espncdn.com/i/teamlogos/nba/500/scoreboard/lac.png,https://a.espncdn.com/i/teamlogos/nba/500/scoreboard/min.png,5,0,3,1,6,0
nba-401360401,2022,2022-01-08 00:00:00+00:00,SA,PHI,100,119,https://a.espncdn.com/i/teamlogos/nba/500/scoreboard/sa.png,https://a.espncdn.com/i/teamlogos/nba/500/scoreboard/phi.png,19,0,0,0,20,0
nba-401360402,2022,2022-01-08 00:30:00+00:00,MIL,BKN,121,109,https://a.espncdn.com/i/teamlogos/nba/500/scoreboard/mil.png,https://a.espncdn.com/i/teamlogos/nba/500/scoreboard/bkn.png,12,0,0,0,18,0
nba-401360403,2022,2022-01-08 00:30:00+00:00,UTAH,TOR,108,122,https://a.espncdn.com/i/teamlogos/nba/500/scoreboard/utah.png,https://a.espncdn.com/i/teamlogos/nba/500/scoreboard/tor.png,14,0,1,0,15,0
nba-401360404,2022,2022-01-08 01:00:00+00:00,WSH,CHI,122,130,https://a.espncdn.com/i/teamlogos/nba/500/scoreboard/wsh.png,https://a.espncdn.com/i/teamlogos/nba/500/scoreboard/chi.png,8,0,0,0,12,0
nba-401360405,2022,2022-01-08 01:00:00+00:00,DAL,HOU,130,106,https://a.espncdn.com/i/teamlogos/nba/500/scoreboard/dal.png,https://a.espncdn.com/i/teamlogos/nba/500/scoreboard/hou.png,24,0,0,0,24,0
nba-401360406,2022,2022-01-08 01:00:00+00:00,MIN,OKC,135,105,https://a.espncdn.com/i/teamlogos/nba/500/scoreboard/min.png,https://a.espncdn.com/i/teamlogos/nba/500/scoreboard/okc.png,30,0,0,0,30,0
nba-401360407,2022,2022-01-08 02:00:00+00:00,SAC,DEN,111,121,https://a.espncdn.com/i/teamlogos/nba/500/scoreboard/sac.png,https://a.espncdn.com/i/teamlogos/nba/500/scoreboard/den.png,10,0,0,0,12,0
nba-401360408,2022,2022-01-08 03:00:00+00:00,ATL,LAL,118,134,https://a.espncdn.com/i/teamlogos/nba/500/scoreboard/atl.png,https://a.espncdn.com/i/teamlogos/nba/500/scoreboard/lal.png,16,0,0,0,16,0
nba-401360409,2022,2022-01-08 03:00:00+00:00,CLE,POR,114,101,https://a.espncdn.com/i/teamlogos/nba/500/scoreboard/cle.png,https://a.espncdn.com/i/teamlogos/nba/500/scoreboard/por.png,13,0,0,0,13,0
nba-401585341,2024,2024-02-06 00:00:00+00:00,LAL,CHA,124,118,https://a.espncdn.com/i/teamlogos/nba/500/scoreboard/lal.png,https://a.espncdn.com/i/teamlogos/nba/500/scoreboard/cha.png,6,0,0,0,16,0
nba-401585342,2024,2024-02-06 00:00:00+00:00,SAC,CLE,110,136,https://a.espncdn.com/i/teamlogos/nba/500/scoreboard/sac.png,https://a.espncdn.com/i/teamlogos/nba/500/scoreboard/cle.png,26,0,0,0,26,0
nba-401585343,2024,2024-02-06 00:00:00+00:00,DAL,PHI,118,102,https://a.espncdn.com/i/teamlogos/nba/500/scoreboard/dal.png,https://a.espncdn.com/i/teamlogos/nba/500/scoreboard/phi.png,16,0,1,0,16,0
nba-401585344,2024,2024-02-06 00:30:00+00:00,LAC,ATL,149,144,https://a.espncdn.com/i/teamlogos/nba/500/scoreboard/lac.png,https://a.espncdn.com/i/teamlogos/nba/500/scoreboard/atl.png,5,0,0,0,9,0
nba-401585345,2024,2024-02-06 00:30:00+00:00,GS,BKN,109,98,https://a.espncdn.com/i/teamlogos/nba/500/scoreboard/gs.png,https://a.espncdn.com/i/teamlogos/nba/500/scoreboard/bkn.png,11,0,1,0,11,0
nba-401585346,2024,2024-02-06 01:00:00+00:00,TOR,NO,100,138,https://a.espncdn.com/i/teamlogos/nba/500/scoreboard/tor.png,https://a.espncdn.com/i/teamlogos/nba/500/scoreboard/no.png,38,0,0,0,38,0
nba-401468746,2023,2023-01-07 23:00:00+00:00,BOS,SA,121,116,https://a.espncdn.com/i/teamlogos/nba/500/scoreboard/bos.png,https://a.espncdn.com/i/teamlogos/nba/500/scoreboard/sa.png,5,0,0,0,11,0
nba-401468747,2023,2023-01-08 01:00:00+00:00,UTAH,CHI,118,126,https://a.espncdn.com/i/teamlogos/nba/500/scoreboard/utah.png,https://a.espncdn.com/i/teamlogos/nba/500/scoreboard/chi.png,8,0,2,1,8,0
nba-401468748,2023,2023-01-08 01:00:00+00:00,NO,DAL,117,127,https://a.espncdn.com/i/teamlogos/nba/500/scoreboard/no.png,https://a.espncdn.com/i/teamlogos/nba/500/scoreboard/dal.png,10,0,0,0,19,0
nba-401468749,2023,2023-01-08 01:30:00+00:00,ORL,GS,115,101,https://a.espncdn.com/i/teamlogos/nba/500/scoreboard/orl.png,https://a.espncdn.com/i/teamlogos/nba/500/scoreboard/gs.png,14,0,1,0,14,0
nba-401468750,2023,2023-01-08 03:00:00+00:00,LAL,SAC,136,134,https://a.espncdn.com/i/teamlogos/nba/500/scoreboard/lal.png,https://a.espncdn.com/i/teamlogos/nba/500/scoreboard/sac.png,2,0,1,0,2,0
nba-401469153,2023,2023-03-11 00:00:00+00:00,POR,PHI,119,120,https://a.espncdn.com/i/teamlogos/nba/500/scoreboard/por.png,https://a.espncdn.com/i/teamlogos/nba/500/scoreboard/phi.png,1,0,1,1,15,0
nba-401469154,2023,2023-03-11 00:00:00+00:00,ATL,WSH,114,107,https://a.espncdn.com/i/teamlogos/nba/500/scoreboard/atl.png,https://a.espncdn.com/i/teamlogos/nba/500/scoreboard/wsh.png,7,0,1,0,10,0
nba-401469155,2023,2023-03-11 01:00:00+00:00,CLE,MIA,115,119,https://a.espncdn.com/i/teamlogos/nba/500/scoreboard/cle.png,https://a.espncdn.com/i/teamlogos/nba/500/scoreboard/mia.png,4,0,2,1,9,0
nba-401469156,2023,2023-03-11 01:00:00+00:00,BKN,MIN,124,123,https://a.espncdn.com/i/teamlogos/nba/500/scoreboard/bkn.png,https://a.espncdn.com/i/teamlogos/nba/500/scoreboard/min.png,1,1,1,0,9,0
nba-401469157,2023,2023-03-11 01:00:00+00:00,DEN,SA,120,128,https://a.espncdn.com/i/teamlogos/nba/500/scoreboard/den.png,https://a.espncdn.com/i/teamlogos/nba/500/scoreboard/sa.png,8,0,1,0,12,0
nba-401469158,2023,2023-03-11 03:30:00+00:00,TOR,LAL,112,122,https://a.espncdn.com/i/teamlogos/nba/500/scoreboard/tor.png,https://a.espncdn.com/i/teamlogos/nba/500/scoreboard/lal.png,10,0,3,1,10,0
nba-401360812,2022,2022-03-11 00:30:00+00:00,BKN,PHI,129,100,https://a.espncdn.com/i/teamlogos/nba/500/scoreboard/bkn.png,https://a.espncdn.com/i/teamlogos/nba/500/scoreboard/phi.png,29,0,0,0,32,0
nba-401360813,2022,2022-03-11 03:00:00+00:00,GS,DEN,113,102,https://a.espncdn.com/i/teamlogos/nba/500/scoreboard/gs.png,https://a.espncdn.com/i/teamlogos/nba/500/scoreboard/den.png,11,0,2,0,11,0
nba-401442531,2022,2022-06-06 00:00:00+00:00,BOS,GS,88,107,https://a.espncdn.com/i/teamlogos/nba/500/scoreboard/bos.png,https://a.espncdn.com/i/teamlogos/nba/500/scoreboard/gs.png,19,0,0,0,23,1
nba-401591903,2024,2023-10-14 19:30:00+00:00,NO,ATL,105,110,https://a.espncdn.com/i/teamlogos/nba/500/scoreboard/no.png,https://a.espncdn.com/i/teamlogos/nba/500/scoreboard/atl.png,5,0,0,0,18,0
nba-401591904,2024,2023-10-14 23:30:00+00:00,MIN,NY,121,112,https://a.espncdn.com/i/teamlogos/nba/500/scoreboard/min.png,https://a.espncdn.com/i/teamlogos/nba/500/scoreboard/ny.png,9,0,1,0,9,0
nba-401591905,2024,2023-10-15 01:00:00+00:00,POR,UTAH,133,138,https://a.espncdn.com/i/teamlogos/nba/500/scoreboard/por.png,https://a.espncdn.com/i/teamlogos/nba/500/scoreboard/utah.png,5,0,0,0,14,0
nba-401474902,2023,2022-10-14 23:00:00+00:00,HOU,IND,122,114,https://a.espncdn.com/i/teamlogos/nba/500/scoreboard/hou.png,https://a.espncdn.com/i/teamlogos/nba/500/scoreboard/ind.png,8,0,0,0,21,0
nba-401474903,2023,2022-10-14 23:00:00+00:00,CLE,ORL,108,114,https://a.espncdn.com/i/teamlogos/nba/500/scoreboard/cle.png,https://a.espncdn.com/i/teamlogos/nba/500/scoreboard/orl.png,6,0,2,0,6,0
nba-401474904,2023,2022-10-14 23:30:00+00:00,BOS,TOR,134,137,https://a.espncdn.com/i/teamlogos/nba/500/scoreboard/bos.png,https://a.espncdn.com/i/teamlogos/nba/500/scoreboard/tor.png,3,1,1,0,3,0
nba-401474905,2023,2022-10-14 23:30:00+00:00,WSH,NY,89,105,https://a.espncdn.com/i/teamlogos/nba/500/scoreboard/wsh.png,https://a.espncdn.com/i/teamlogos/nba/500/scoreboard/ny.png,16,0,0,0,16,0
nba-401474906,2023,2022-10-15 00:00:00+00:00,BKN,MIN,112,102,https://a.espncdn.com/i/teamlogos/nba/500/scoreboard/bkn.png,https://a.espncdn.com/i/teamlogos/nba/500/scoreboard/min.png,10,0,0,0,16,0
nba-401474907,2023,2022-10-15 00:00:00+00:00,ATL,NO,111,120,https://a.espncdn.com/i/teamlogos/nba/500/scoreboard/atl.png,https://a.espncdn.com/i/teamlogos/nba/500/scoreboard/no.png,9,0,2,0,16,0
nba-401474908,2023,2022-10-15 01:00:00+00:00,DAL,UTAH,115,101,https://a.espncdn.com/i/teamlogos/nba/500/scoreboard/dal.png,https://a.espncdn.com/i/teamlogos/nba/500/scoreboard/utah.png,14,0,0,0,14,0
nba-401474909,2023,2022-10-15 02:00:00+00:00,DEN,GS,119,112,https://a.espncdn.com/i/teamlogos/nba/500/scoreboard/den.png,https://a.espncdn.com/i/teamlogos/nba/500/scoreboard/gs.png,7,0,2,0,14,0
nba-401474910,2023,2022-10-15 02:00:00+00:00,LAL,SAC,86,133,https://a.espncdn.com/i/teamlogos/nba/500/scoreboard/lal.png,https://a.espncdn.com/i/teamlogos/nba/500/scoreboard/sac.png,47,0,0,0,47,0
nba-401658224,2024,2024-05-07 23:00:00+00:00,CLE,BOS,95,120,https://a.espncdn.com/i/teamlogos/nba/500/scoreboard/cle.png,https://a.espncdn.com/i/teamlogos/nba/500/scoreboard/bos.png,25,0,0,0,25,1
nba-401657231,2024,2024-05-08 01:30:00+00:00,DAL,OKC,95,117,https://a.espncdn.com/i/teamlogos/nba/500/scoreboard/dal.png,https://a.espncdn.com/i/teamlogos/nba/500/scoreboard/okc.png,22,0,0,0,22,1
nba-401584773,2024,2023-11-07 00:00:00+00:00,GS,DET,120,109,https://a.espncdn.com/i/teamlogos/nba/500/scoreboard/gs.png,https://a.espncdn.com/i/teamlogos/nba/500/scoreboard/det.png,11,0,0,0,11,0
nba-401584774,2024,2023-11-07 00:00:00+00:00,SA,IND,111,152,https://a.espncdn.com/i/teamlogos/nba/500/scoreboard/sa.png,https://a.espncdn.com/i/teamlogos/nba/500/scoreboard/ind.png,41,0,0,0,41,0
nba-401584775,2024,2023-11-07 00:00:00+00:00,DAL,ORL,117,102,https://a.espncdn.com/i/teamlogos/nba/500/scoreboard/dal.png,https://a.espncdn.com/i/teamlogos/nba/500/scoreboard/orl.png,15,0,1,0,15,0
nba-401584776,2024,2023-11-07 00:00:00+00:00,WSH,PHI,128,146,https://a.espncdn.com/i/teamlogos/nba/500/scoreboard/wsh.png,https://a.espncdn.com/i/teamlogos/nba/500/scoreboard/phi.png,18,0,0,0,22,0
nba-401584777,2024,2023-11-07 00:30:00+00:00,MIL,BKN,129,125,https://a.espncdn.com/i/teamlogos/nba/500/scoreboard/mil.png,https://a.espncdn.com/i/teamlogos/nba/500/scoreboard/bkn.png,4,0,1,0,4,0
nba-401584778,2024,2023-11-07 00:30:00+00:00,LAL,MIA,107,108,https://a.espncdn.com/i/teamlogos/nba/500/scoreboard/lal.png,https://a.espncdn.com/i/teamlogos/nba/500/scoreboard/mia.png,1,0,0,0,11,0
nba-401584779,2024,2023-11-07 00:30:00+00:00,LAC,NY,97,111,https://a.espncdn.com/i/teamlogos/nba/500/scoreboard/lac.png,https://a.espncdn.com/i/teamlogos/nba/500/scoreboard/ny.png,14,0,1,0,14,0
nba-401584780,2024,2023-11-07 01:00:00+00:00,UTAH,CHI,113,130,https://a.espncdn.com/i/teamlogos/nba/500/scoreboard/utah.png,https://a.espncdn.com/i/teamlogos/nba/500/scoreboard/chi.png,17,0,0,0,20,0
nba-401584781,2024,2023-11-07 01:00:00+00:00,SAC,HOU,97,122,https://a.espncdn.com/i/teamlogos/nba/500/scoreboard/sac.png,https://a.espncdn.com/i/teamlogos/nba/500/scoreboard/hou.png,25,0,0,0,37,0
nba-401584782,2024,2023-11-07 01:00:00+00:00,BOS,MIN,109,114,https://a.espncdn.com/i/teamlogos/nba/500/scoreboard/bos.png,https://a.espncdn.com/i/teamlogos/nba/500/scoreboard/min.png,5,1,2,0,5,0
nba-401584783,2024,2023-11-07 01:00:00+00:00,ATL,OKC,117,126,https://a.espncdn.com/i/teamlogos/nba/500/scoreboard/atl.png,https://a.espncdn.com/i/teamlogos/nba/500/scoreboard/okc.png,9,0,0,0,19,0
nba-401584784,2024,2023-11-07 02:00:00+00:00,NO,DEN,116,134,https://a.espncdn.com/i/teamlogos/nba/500/scoreboard/no.png,https://a.espncdn.com/i/teamlogos/nba/500/scoreboard/den.png,18,0,1,0,18,0
nba-401468295,2023,2022-11-06 20:30:00+00:00,CLE,LAL,114,100,https://a.espncdn.com/i/teamlogos/nba/500/scoreboard/cle.png,https://a.espncdn.com/i/teamlogos/nba/500/scoreboard/lal.png,14,0,1,0,14,0
nba-401468296,2023,2022-11-06 23:00:00+00:00,CHI,TOR,104,113,https://a.espncdn.com/i/teamlogos/nba/500/scoreboard/chi.png,https://a.espncdn.com/i/teamlogos/nba/500/scoreboard/tor.png,9,0,1,0,9,0
nba-401468297,2023,2022-11-06 23:00:00+00:00,WSH,MEM,97,103,https://a.espncdn.com/i/teamlogos/nba/500/scoreboard/wsh.png,https://a.espncdn.com/i/teamlogos/nba/500/scoreboard/mem.png,6,0,1,0,14,0
nba-401468298,2023,2022-11-07 03:00:00+00:00,UTAH,LAC,110,102,https://a.espncdn.com/i/teamlogos/nba/500/scoreboard/utah.png,https://a.espncdn.com/i/teamlogos/nba/500/scoreboard/lac.png,8,0,2,1,8,0
nba-401468933,2023,2023-02-03 00:00:00+00:00,LAL,IND,112,111,https://a.espncdn.com/i/teamlogos/nba/500/scoreboard/lal.png,https://a.espncdn.com/i/teamlogos/nba/500/scoreboard/ind.png,1,0,1,1,13,0
nba-401468934,2023,2023-02-03 00:30:00+00:00,MEM,CLE,113,128,https://a.espncdn.com/i/teamlogos/nba/500/scoreboard/mem.png,https://a.espncdn.com/i/teamlogos/nba/500/scoreboard/cle.png,15,0,0,0,15,0
nba-401468935,2023,2023-02-03 00:30:00+00:00,MIA,NY,104,106,https://a.espncdn.com/i/teamlogos/nba/500/scoreboard/mia.png,https://a.espncdn.com/i/teamlogos/nba/500/scoreboard/ny.png,2,0,0,0,6,0
nba-401468936,2023,2023-02-03 01:00:00+00:00,CHA,CHI,98,114,https://a.espncdn.com/i/teamlogos/nba/500/scoreboard/cha.png,https://a.espncdn.com/i/teamlogos/nba/500/scoreboard/chi.png,16,0,0,0,16,0
nba-401468937,2023,2023-02-03 01:30:00+00:00,NO,DAL,106,111,https://a.espncdn.com/i/teamlogos/nba/500/scoreboard/no.png,https://a.espncdn.com/i/teamlogos/nba/500/scoreboard/dal.png,5,0,0,0,27,0
nba-401468938,2023,2023-02-03 02:00:00+00:00,GS,DEN,117,134,https://a.espncdn.com/i/teamlogos/nba/500/scoreboard/gs.png,https://a.espncdn.com/i/teamlogos/nba/500/scoreboard/den.png,17,0,1,0,17,0
nba-401468939,2023,2023-02-03 03:00:00+00:00,LAC,MIL,105,106,https://a.espncdn.com/i/teamlogos/nba/500/scoreboard/lac.png,https://a.espncdn.com/i/teamlogos/nba/500/scoreboard/mil.png,1,0,1,1,9,0
nba-401360592,2022,2022-02-03 00:00:00+00:00,ORL,IND,119,118,https://a.espncdn.com/i/teamlogos/nba/500/scoreboard/orl.png,https://a.espncdn.com/i/teamlogos/nba/500/scoreboard/ind.png,1,0,1,1,14,0
nba-401360593,2022,2022-02-03 00:00:00+00:00,WSH,PHI,106,103,https://a.espncdn.com/i/teamlogos/nba/500/scoreboard/wsh.png,https://a.espncdn.com/i/teamlogos/nba/500/scoreboard/phi.png,3,0,0,0,5,0
nba-401360594,2022,2022-02-03 00:30:00+00:00,CHA,BOS,107,113,https://a.espncdn.com/i/teamlogos/nba/500/scoreboard/cha.png,https://a.espncdn.com/i/teamlogos/nba/500/scoreboard/bos.png,6,0,0,0,10,0
nba-401360595,2022,2022-02-03 00:30:00+00:00,MEM,NY,120,108,https://a.espncdn.com/i/teamlogos/nba/500/scoreboard/mem.png,https://a.espncdn.com/i/teamlogos/nba/500/scoreboard/ny.png,12,0,0,0,13,0
nba-401360596,2022,2022-02-03 01:00:00+00:00,CLE,HOU,104,115,https://a.espncdn.com/i/teamlogos/nba/500/scoreboard/cle.png,https://a.espncdn.com/i/teamlogos/nba/500/scoreboard/hou.png,11,0,0,0,11,0
nba-401360597,2022,2022-02-03 01:30:00+00:00,OKC,DAL,120,114,https://a.espncdn.com/i/teamlogos/nba/500/scoreboard/okc.png,https://a.espncdn.com/i/teamlogos/nba/500/scoreboard/dal.png,6,1,0,0,9,0
nba-401360598,2022,2022-02-03 03:00:00+00:00,DEN,UTAH,104,108,https://a.espncdn.com/i/teamlogos/nba/500/scoreboard/den.png,https://a.espncdn.com/i/teamlogos/nba/500/scoreboard/utah.png,4,0,1,0,4,0
nba-401360599,2022,2022-02-03 03:00:00+00:00,BKN,SAC,101,112,https://a.espncdn.com/i/teamlogos/nba/500/scoreboard/bkn.png,https://a.espncdn.com/i/teamlogos/nba/500/scoreboard/sac.png,11,0,1,1,11,0
nba-401360600,2022,2022-02-03 03:30:00+00:00,POR,LAL,94,99,https://a.espncdn.com/i/teamlogos/nba/500/scoreboard/por.png,https://a.espncdn.com/i/teamlogos/nba/500/scoreboard/lal.png,5,0,2,1,12,0
nba-401360312,2022,2021-12-26 20:30:00+00:00,ORL,MIA,83,93,https://a.espncdn.com/i/teamlogos/nba/500/scoreboard/orl.png,https://a.espncdn.com/i/teamlogos/nba/500/scoreboard/mia.png,10,0,1,0,12,0
nba-401360313,2022,2021-12-26 23:00:00+00:00,TOR,CLE,99,144,https://a.espncdn.com/i/teamlogos/nba/500/scoreboard/tor.png,https://a.espncdn.com/i/teamlogos/nba/500/scoreboard/cle.png,45,0,0,0,45,0
nba-401360314,2022,2021-12-26 23:00:00+00:00,PHI,WSH,117,96,https://a.espncdn.com/i/teamlogos/nba/500/scoreboard/phi.png,https://a.espncdn.com/i/teamlogos/nba/500/scoreboard/wsh.png,21,0,1,0,21,0
nba-401360315,2022,2021-12-26 23:00:00+00:00,MEM,SAC,127,102,https://a.espncdn.com/i/teamlogos/nba/500/scoreboard/mem.png,https://a.espncdn.com/i/teamlogos/nba/500/scoreboard/sac.png,25,0,1,0,25,0
nba-401360316,2022,2021-12-27 00:00:00+00:00,NO,OKC,112,117,https://a.espncdn.com/i/teamlogos/nba/500/scoreboard/no.png,https://a.espncdn.com/i/teamlogos/nba/500/scoreboard/okc.png,5,0,0,0,14,0
nba-401360317,2022,2021-12-27 00:00:00+00:00,DET,SA,109,144,https://a.espncdn.com/i/teamlogos/nba/500/scoreboard/det.png,https://a.espncdn.com/i/teamlogos/nba/500/scoreboard/sa.png,35,0,0,0,39,0
nba-401360318,2022,2021-12-27 01:00:00+00:00,IND,CHI,105,113,https://a.espncdn.com/i/teamlogos/nba/500/scoreboard/ind.png,https://a.espncdn.com/i/teamlogos/nba/500/scoreboard/chi.png,8,0,0,0,15,0
nba-401360319,2022,2021-12-27 02:00:00+00:00,DEN,LAC,103,100,https://a.espncdn.com/i/teamlogos/nba/500/scoreboard/den.png,https://a.espncdn.com/i/teamlogos/nba/500/scoreboard/lac.png,3,0,2,1,9,0
nba-401585477,2024,2024-03-01 00:00:00+00:00,MIL,CHA,111,99,https://a.espncdn.com/i/teamlogos/nba/500/scoreboard/mil.png,https://a.espncdn.com/i/teamlogos/nba/500/scoreboard/cha.png,12,0,0,0,19,0
nba-401585478,2024,2024-03-01 00:00:00+00:00,UTAH,ORL,107,115,https://a.espncdn.com/i/teamlogos/nba/500/scoreboard/utah.png,https://a.espncdn.com/i/teamlogos/nba/500/scoreboard/orl.png,8,0,2,1,8,0
nba-401585479,2024,2024-03-01 00:30:00+00:00,ATL,BKN,97,124,https://a.espncdn.com/i/teamlogos/nba/500/scoreboard/atl.png,https://a.espncdn.com/i/teamlogos/nba/500/scoreboard/bkn.png,27,0,0,0,27,0
nba-401585480,2024,2024-03-01 00:30:00+00:00,GS,NY,110,99,https://a.espncdn.com/i/teamlogos/nba/500/scoreboard/gs.png,https://a.espncdn.com/i/teamlogos/nba/500/scoreboard/ny.png,11,0,0,0,12,0
nba-401585481,2024,2024-03-01 01:30:00+00:00,OKC,SA,118,132,https://a.espncdn.com/i/teamlogos/nba/500/scoreboard/okc.png,https://a.espncdn.com/i/teamlogos/nba/500/scoreboard/sa.png,14,0,0,0,14,0
nba-401585482,2024,2024-03-01 02:00:00+00:00,HOU,PHX,105,110,https://a.espncdn.com/i/teamlogos/nba/500/scoreboard/hou.png,https://a.espncdn.com/i/teamlogos/nba/500/scoreboard/phx.png,5,0,0,0,16,0
nba-401585483,2024,2024-03-01 03:00:00+00:00,MIA,DEN,97,103,https://a.espncdn.com/i/teamlogos/nba/500/scoreboard/mia.png,https://a.espncdn.com/i/teamlogos/nba/500/scoreboard/den.png,6,0,0,0,16,0
nba-401585484,2024,2024-03-01 03:30:00+00:00,WSH,LAL,131,134,https://a.espncdn.com/i/teamlogos/nba/500/scoreboard/wsh.png,https://a.espncdn.com/i/teamlogos/nba/500/scoreboard/lal.png,3,1,1,0,4,0
nba-401585730,2024,2024-04-03 23:00:00+00:00,POR,CHA,89,86,https://a.espncdn.com/i/teamlogos/nba/500/scoreboard/por.png,https://a.espncdn.com/i/teamlogos/nba/500/scoreboard/cha.png,3,0,0,0,9,0
nba-401585731,2024,2024-04-03 23:00:00+00:00,LAL,WSH,125,120,https://a.espncdn.com/i/teamlogos/nba/500/scoreboard/lal.png,https://a.espncdn.com/i/teamlogos/nba/500/scoreboard/wsh.png,5,0,0,0,15,0
nba-401585732,2024,2024-04-03 23:30:00+00:00,DET,ATL,113,121,https://a.espncdn.com/i/teamlogos/nba/500/scoreboard/det.png,https://a.espncdn.com/i/teamlogos/nba/500/scoreboard/atl.png,8,0,0,0,13,0
nba-401585733,2024,2024-04-03 23:30:00+00:00,OKC,BOS,100,135,https://a.espncdn.com/i/teamlogos/nba/500/scoreboard/okc.png,https://a.espncdn.com/i/teamlogos/nba/500/scoreboard/bos.png,35,0,0,0,35,0
nba-401585734,2024,2024-04-03 23:30:00+00:00,IND,BKN,111,115,https://a.espncdn.com/i/teamlogos/nba/500/scoreboard/ind.png,https://a.espncdn.com/i/teamlogos/nba/500/scoreboard/bkn.png,4,0,1,0,12,0
nba-401585735,2024,2024-04-04 00:00:00+00:00,MEM,MIL,111,101,https://a.espncdn.com/i/teamlogos/nba/500/scoreboard/mem.png,https://a.espncdn.com/i/teamlogos/nba/500/scoreboard/mil.png,10,0,0,0,10,0
nba-401585736,2024,2024-04-04 00:00:00+00:00,TOR,MIN,85,133,https://a.espncdn.com/i/teamlogos/nba/500/scoreboard/tor.png,https://a.espncdn.com/i/teamlogos/nba/500/scoreboard/min.png,48,0,0,0,48,0
nba-401585737,2024,2024-04-04 00:00:00+00:00,ORL,NO,117,108,https://a.espncdn.com/i/teamlogos/nba/500/scoreboard/orl.png,https://a.espncdn.com/i/teamlogos/nba/500/scoreboard/no.png,9,0,1,0,15,0
nba-401585738,2024,2024-04-04 02:00:00+00:00,CLE,PHX,101,122,https://a.espncdn.com/i/teamlogos/nba/500/scoreboard/cle.png,https://a.espncdn.com/i/teamlogos/nba/500/scoreboard/phx.png,21,0,0,0,25,0
nba-401468327,2023,2022-11-11 00:00:00+00:00,DAL,WSH,105,113,https://a.espncdn.com/i/teamlogos/nba/500/scoreboard/dal.png,https://a.espncdn.com/i/teamlogos/nba/500/scoreboard/wsh.png,8,0,1,0,8,0
nba-401468328,2023,2022-11-11 00:30:00+00:00,PHI,ATL,95,104,https://a.espncdn.com/i/teamlogos/nba/500/scoreboard/phi.png,https://a.espncdn.com/i/teamlogos/nba/500/scoreboard/atl.png,9,0,0,0,14,0
nba-401468329,2023,2022-11-11 00:30:00+00:00,CHA,MIA,112,117,https://a.espncdn.com/i/teamlogos/nba/500/scoreboard/cha.png,https://a.espncdn.com/i/teamlogos/nba/500/scoreboard/mia.png,5,1,0,0,12,0
nba-401468330,2023,2022-11-11 01:00:00+00:00,POR,NO,106,95,https://a.espncdn.com/i/teamlogos/nba/500/scoreboard/por.png,https://a.espncdn.com/i/teamlogos/nba/500/scoreboard/no.png,11,0,1,0,11,0
nba-401584096,2024,2023-11-11 00:00:00+00:00,PHI,DET,114,106,https://a.espncdn.com/i/teamlogos/nba/500/scoreboard/phi.png,https://a.espncdn.com/i/teamlogos/nba/500/scoreboard/det.png,8,0,1,0,12,0
nba-401584097,2024,2023-11-11 00:00:00+00:00,CHA,WSH,124,117,https://a.espncdn.com/i/teamlogos/nba/500/scoreboard/cha.png,https://a.espncdn.com/i/teamlogos/nba/500/scoreboard/wsh.png,7,0,1,1,9,0
nba-401584098,2024,2023-11-11 00:30:00+00:00,BKN,BOS,107,121,https://a.espncdn.com/i/teamlogos/nba/500/scoreboard/bkn.png,https://a.espncdn.com/i/teamlogos/nba/500/scoreboard/bos.png,14,0,0,0,14,0
nba-401584099,2024,2023-11-11 01:00:00+00:00,NO,HOU,101,104,https://a.espncdn.com/i/teamlogos/nba/500/scoreboard/no.png,https://a.espncdn.com/i/teamlogos/nba/500/scoreboard/hou.png,3,0,3,1,9,0
nba-401584100,2024,2023-11-11 01:00:00+00:00,UTAH,MEM,127,121,https://a.espncdn.com/i/teamlogos/nba/500/scoreboard/utah.png,https://a.espncdn.com/i/teamlogos/nba/500/scoreboard/mem.png,6,0,0,0,13,0
nba-401584101,2024,2023-11-11 01:00:00+00:00,MIN,SA,117,110,https://a.espncdn.com/i/teamlogos/nba/500/scoreboard/min.png,https://a.espncdn.com/i/teamlogos/nba/500/scoreboard/sa.png,7,0,1,0,17,0
nba-401584102,2024,2023-11-11 01:30:00+00:00,LAC,DAL,126,144,https://a.espncdn.com/i/teamlogos/nba/500/scoreboard/lac.png,https://a.espncdn.com/i/teamlogos/nba/500/scoreboard/dal.png,18,0,1,0,26,0
nba-401584103,2024,2023-11-11 03:00:00+00:00,LAL,PHX,122,119,https://a.espncdn.com/i/teamlogos/nba/500/scoreboard/lal.png,https://a.espncdn.com/i/teamlogos/nba/500/scoreboard/phx.png,3,0,1,1,9,0
nba-401584104,2024,2023-11-11 03:00:00+00:00,OKC,SAC,98,105,https://a.espncdn.com/i/teamlogos/nba/500/scoreboard/okc.png,https://a.espncdn.com/i/teamlogos/nba/500/scoreboard/sac.png,7,0,0,0,14,0
nba-401360677,2022,2022-02-15 00:00:00+00:00,DET,WSH,94,103,https://a.espncdn.com/i/teamlogos/nba/500/scoreboard/det.png,https://a.espncdn.com/i/teamlogos/nba/500/scoreboard/wsh.png,9,0,0,0,9,0
nba-401360678,2022,2022-02-15 00:30:00+00:00,SAC,BKN,85,109,https://a.espncdn.com/i/teamlogos/nba/500/scoreboard/sac.png,https://a.espncdn.com/i/teamlogos/nba/500/scoreboard/bkn.png,24,0,0,0,24,0
nba-401360679,2022,2022-02-15 00:30:00+00:00,OKC,NY,127,123,https://a.espncdn.com/i/teamlogos/nba/500/scoreboard/okc.png,https://a.espncdn.com/i/teamlogos/nba/500/scoreboard/ny.png,4,1,1,1,4,0
nba-401360680,2022,2022-02-15 01:00:00+00:00,SA,CHI,109,120,https://a.espncdn.com/i/teamlogos/nba/500/scoreboard/sa.png,https://a.espncdn.com/i/teamlogos/nba/500/scoreboard/chi.png,11,0,2,1,11,0
nba-401360681,2022,2022-02-15 01:00:00+00:00,POR,MIL,122,107,https://a.espncdn.com/i/teamlogos/nba/500/scoreboard/por.png,https://a.espncdn.com/i/teamlogos/nba/500/scoreboard/mil.png,15,0,0,0,17,0
nba-401360682,2022,2022-02-15 01:00:00+00:00,TOR,NO,90,120,https://a.espncdn.com/i/teamlogos/nba/500/scoreboard/tor.png,https://a.espncdn.com/i/teamlogos/nba/500/scoreboard/no.png,30,0,0,0,30,0
nba-401360683,2022,2022-02-15 02:00:00+00:00,ORL,DEN,111,121,https://a.espncdn.com/i/teamlogos/nba/500/scoreboard/orl.png,https://a.espncdn.com/i/teamlogos/nba/500/scoreboard/den.png,10,0,0,0,15,0
nba-401360684,2022,2022-02-15 02:00:00+00:00,HOU,UTAH,101,135,https://a.espncdn.com/i/teamlogos/nba/500/scoreboard/hou.png,https://a.espncdn.com/i/teamlogos/nba/500/scoreboard/utah.png,34,0,0,0,34,0
nba-401360685,2022,2022-02-15 03:30:00+00:00,GS,LAC,104,119,https://a.espncdn.com/i/teamlogos/nba/500/scoreboard/gs.png,https://a.espncdn.com/i/teamlogos/nba/500/scoreboard/lac.png,15,0,1,0,16,0
nba-401360054,2022,2021-11-20 00:00:00+00:00,IND,CHA,118,121,https://a.espncdn.com/i/teamlogos/nba/500/scoreboard/ind.png,https://a.espncdn.com/i/teamlogos/nba/500/scoreboard/cha.png,3,0,0,0,15,0
nba-401360055,2022,2021-11-20 00:00:00+00:00,GS,DET,105,102,https://a.espncdn.com/i/teamlogos/nba/500/scoreboard/gs.png,https://a.espncdn.com/i/teamlogos/nba/500/scoreboard/det.png,3,0,0,0,16,0
nba-401360056,2022,2021-11-20 00:30:00+00:00,LAL,BOS,108,130,https://a.espncdn.com/i/teamlogos/nba/500/scoreboard/lal.png,https://a.espncdn.com/i/teamlogos/nba/500/scoreboard/bos.png,22,0,1,0,22,0
nba-401360057,2022,2021-11-20 00:30:00+00:00,ORL,BKN,113,115,https://a.espncdn.com/i/teamlogos/nba/500/scoreboard/orl.png,https://a.espncdn.com/i/teamlogos/nba/500/scoreboard/bkn.png,2,0,1,0,16,0
nba-401360058,2022,2021-11-20 01:00:00+00:00,OKC,MIL,89,96,https://a.espncdn.com/i/teamlogos/nba/500/scoreboard/okc.png,https://a.espncdn.com/i/teamlogos/nba/500/scoreboard/mil.png,7,0,0,0,12,0
nba-401360059,2022,2021-11-20 01:00:00+00:00,LAC,NO,81,94,https://a.espncdn.com/i/teamlogos/nba/500/scoreboard/lac.png,https://a.espncdn.com/i/teamlogos/nba/500/scoreboard/no.png,13,0,1,0,13,0
nba-401360060,2022,2021-11-20 02:00:00+00:00,CHI,DEN,114,108,https://a.espncdn.com/i/teamlogos/nba/500/scoreboard/chi.png,https://a.espncdn.com/i/teamlogos/nba/500/scoreboard/den.png,6,0,0,0,10,0
nba-401360061,2022,2021-11-20 03:00:00+00:00,DAL,PHX,104,112,https://a.espncdn.com/i/teamlogos/nba/500/scoreboard/dal.png,https://a.espncdn.com/i/teamlogos/nba/500/scoreboard/phx.png,8,0,2,1,8,0
nba-401360062,2022,2021-11-20 03:00:00+00:00,TOR,SAC,108,89,https://a.espncdn.com/i/teamlogos/nba/500/scoreboard/tor.png,https://a.espncdn.com/i/teamlogos/nba/500/scoreboard/sac.png,19,0,0,0,30,0
nba-401585194,2024,2024-01-17 00:30:00+00:00,DEN,PHI,121,126,https://a.espncdn.com/i/teamlogos/nba/500/scoreboard/den.png,https://a.espncdn.com/i/teamlogos/nba/500/scoreboard/phi.png,5,0,1,1,5,0
nba-401585195,2024,2024-01-17 02:00:00+00:00,SAC,PHX,117,119,https://a.espncdn.com/i/teamlogos/nba/500/scoreboard/sac.png,https://a.espncdn.com/i/teamlogos/nba/500/scoreboard/phx.png,2,0,1,1,17,0
nba-401585196,2024,2024-01-17 03:00:00+00:00,OKC,LAC,117,128,https://a.espncdn.com/i/teamlogos/nba/500/scoreboard/okc.png,https://a.espncdn.com/i/teamlogos/nba/500/scoreboard/lac.png,11,0,0,0,11,0
nba-401469023,2023,2023-02-15 00:30:00+00:00,ORL,TOR,113,123,https://a.espncdn.com/i/teamlogos/nba/500/scoreboard/orl.png,https://a.espncdn.com/i/teamlogos/nba/500/scoreboard/tor.png,10,0,2,0,10,0
nba-401469024,2023,2023-02-15 00:30:00+00:00,BOS,MIL,125,131,https://a.espncdn.com/i/teamlogos/nba/500/scoreboard/bos.png,https://a.espncdn.com/i/teamlogos/nba/500/scoreboard/mil.png,6,1,3,1,8,0
nba-401469025,2023,2023-02-15 02:00:00+00:00,SAC,PHX,109,120,https://a.espncdn.com/i/teamlogos/nba/500/scoreboard/sac.png,https://a.espncdn.com/i/teamlogos/nba/500/scoreboard/phx.png,11,0,1,0,11,0
nba-401469026,2023,2023-02-15 03:00:00+00:00,GS,LAC,124,134,https://a.espncdn.com/i/teamlogos/nba/500/scoreboard/gs.png,https://a.espncdn.com/i/teamlogos/nba/500/scoreboard/lac.png,10,0,2,0,12,0
nba-401469027,2023,2023-02-15 03:00:00+00:00,WSH,POR,126,101,https://a.espncdn.com/i/teamlogos/nba/500/scoreboard/wsh.png,https://a.espncdn.com/i/teamlogos/nba/500/scoreboard/por.png,25,0,0,0,25,0
nba-401360344,2022,2021-12-31 00:00:00+00:00,PHI,BKN,110,102,https://a.espncdn.com/i/teamlogos/nba/500/scoreboard/phi.png,https://a.espncdn.com/i/teamlogos/nba/500/scoreboard/bkn.png,8,0,0,0,8,0
nba-401360345,2022,2021-12-31 00:00:00+00:00,MIL,ORL,136,118,https://a.espncdn.com/i/teamlogos/nba/500/scoreboard/mil.png,https://a.espncdn.com/i/teamlogos/nba/500/scoreboard/orl.png,18,0,0,0,18,0
nba-401360346,2022,2021-12-31 00:00:00+00:00,CLE,WSH,93,110,https://a.espncdn.com/i/teamlogos/nba/500/scoreboard/cle.png,https://a.espncdn.com/i/teamlogos/nba/500/scoreboard/wsh.png,17,0,0,0,19,0
nba-401541235,2023,2023-04-29 00:00:00+00:00,SAC,GS,118,99,https://a.espncdn.com/i/teamlogos/nba/500/scoreboard/sac.png,https://a.espncdn.com/i/teamlogos/nba/500/scoreboard/gs.png,19,0,1,0,19,1
nba-401541232,2023,2023-04-29 02:50:00+00:00,MEM,LAL,85,125,https://a.espncdn.com/i/teamlogos/nba/500/scoreboard/mem.png,https://a.espncdn.com/i/teamlogos/nba/500/scoreboard/lal.png,40,0,0,0,40,1
nba-401430244,2022,2022-04-28 23:00:00+00:00,PHI,TOR,132,97,https://a.espncdn.com/i/teamlogos/nba/500/scoreboard/phi.png,https://a.espncdn.com/i/teamlogos/nba/500/scoreboard/tor.png,35,0,0,0,35,1
nba-401430228,2022,2022-04-28 23:30:00+00:00,PHX,NO,115,109,https://a.espncdn.com/i/teamlogos/nba/500/scoreboard/phx.png,https://a.espncdn.com/i/teamlogos/nba/500/scoreboard/no.png,6,0,1,1,10,1
nba-401430241,2022,2022-04-29 02:00:00+00:00,DAL,UTAH,98,96,https://a.espncdn.com/i/teamlogos/nba/500/scoreboard/dal.png,https://a.espncdn.com/i/teamlogos/nba/500/scoreboard/utah.png,2,0,1,0,12,1
nba-401360779,2022,2022-03-06 18:00:00+00:00,BKN,BOS,120,126,https://a.espncdn.com/i/teamlogos/nba/500/scoreboard/bkn.png,https://a.espncdn.com/i/teamlogos/nba/500/scoreboard/bos.png,6,0,1,1,6,0
nba-401360780,2022,2022-03-06 20:30:00+00:00,PHX,MIL,122,132,https://a.espncdn.com/i/teamlogos/nba/500/scoreboard/phx.png,https://a.espncdn.com/i/teamlogos/nba/500/scoreboard/mil.png,10,0,1,0,10,0
nba-401360782,2022,2022-03-06 23:00:00+00:00,IND,WSH,123,133,https://a.espncdn.com/i/teamlogos/nba/500/scoreboard/ind.png,https://a.espncdn.com/i/teamlogos/nba/500/scoreboard/wsh.png,10,0,2,0,10,0
nba-401360783,2022,2022-03-07 00:00:00+00:00,MEM,HOU,112,123,https://a.espncdn.com/i/teamlogos/nba/500/scoreboard/mem.png,https://a.espncdn.com/i/teamlogos/nba/500/scoreboard/hou.png,11,0,1,0,11,0
nba-401360784,2022,2022-03-07 00:00:00+00:00,UTAH,OKC,116,103,https://a.espncdn.com/i/teamlogos/nba/500/scoreboard/utah.png,https://a.espncdn.com/i/teamlogos/nba/500/scoreboard/okc.png,13,0,0,0,16,0
nba-401360781,2022,2022-03-07 00:30:00+00:00,TOR,CLE,96,104,https://a.espncdn.com/i/teamlogos/nba/500/scoreboard/tor.png,https://a.espncdn.com/i/teamlogos/nba/500/scoreboard/cle.png,8,0,0,0,13,0
nba-401360786,2022,2022-03-07 01:00:00+00:00,NO,DEN,130,138,https://a.espncdn.com/i/teamlogos/nba/500/scoreboard/no.png,https://a.espncdn.com/i/teamlogos/nba/500/scoreboard/den.png,8,1,2,1,16,0
nba-401360785,2022,2022-03-07 03:00:00+00:00,NY,LAC,116,93,https://a.espncdn.com/i/teamlogos/nba/500/scoreboard/ny.png,https://a.espncdn.com/i/teamlogos/nba/500/scoreboard/lac.png,23,0,0,0,23,0
nba-401469126,2023,2023-03-07 00:00:00+00:00,BOS,CLE,114,118,https://a.espncdn.com/i/teamlogos/nba/500/scoreboard/bos.png,https://a.espncdn.com/i/teamlogos/nba/500/scoreboard/cle.png,4,1,1,1,14,0
nba-401469127,2023,2023-03-07 00:00:00+00:00,PHI,IND,147,143,https://a.espncdn.com/i/teamlogos/nba/500/scoreboard/phi.png,https://a.espncdn.com/i/teamlogos/nba/500/scoreboard/ind.png,4,0,1,0,4,0
nba-401469132,2023,2023-03-07 00:00:00+00:00,POR,DET,110,104,https://a.espncdn.com/i/teamlogos/nba/500/scoreboard/por.png,https://a.espncdn.com/i/teamlogos/nba/500/scoreboard/det.png,6,0,0,0,15,0
nba-401469129,2023,2023-03-07 00:30:00+00:00,ATL,MIA,128,130,https://a.espncdn.com/i/teamlogos/nba/500/scoreboard/atl.png,https://a.espncdn.com/i/teamlogos/nba/500/scoreboard/mia.png,2,0,1,1,13,0
nba-401469130,2023,2023-03-07 02:00:00+00:00,TOR,DEN,113,118,https://a.espncdn.com/i/teamlogos/nba/500/scoreboard/tor.png,https://a.espncdn.com/i/teamlogos/nba/500/scoreboard/den.png,5,0,1,1,5,0
nba-401469131,2023,2023-03-07 03:00:00+00:00,NO,SAC,108,123,https://a.espncdn.com/i/teamlogos/nba/500/scoreboard/no.png,https://a.espncdn.com/i/teamlogos/nba/500/scoreboard/sac.png,15,0,1,0,18,0
nba-401658190,2024,2024-05-11 19:30:00+00:00,OKC,DAL,101,105,https://a.espncdn.com/i/teamlogos/nba/500/scoreboard/okc.png,https://a.espncdn.com/i/teamlogos/nba/500/scoreboard/dal.png,4,0,2,0,4,1
nba-401658226,2024,2024-05-12 00:30:00+00:00,BOS,CLE,106,93,https://a.espncdn.com/i/teamlogos/nba/500/scoreboard/bos.png,https://a.espncdn.com/i/teamlogos/nba/500/scoreboard/cle.png,13,0,0,0,15,1
nba-401474845,2023,2022-10-02 17:00:00+00:00,CHA,BOS,93,134,https://a.espncdn.com/i/teamlogos/nba/500/scoreboard/cha.png,https://a.espncdn.com/i/teamlogos/nba/500/scoreboard/bos.png,41,0,0,0,41,0
nba-401474846,2023,2022-10-02 22:00:00+00:00,UTAH,TOR,82,114,https://a.espncdn.com/i/teamlogos/nba/500/scoreboard/utah.png,https://a.espncdn.com/i/teamlogos/nba/500/scoreboard/tor.png,32,0,0,0,32,0
nba-401474847,2023,2022-10-02 23:00:00+00:00,SA,HOU,96,134,https://a.espncdn.com/i/teamlogos/nba/500/scoreboard/sa.png,https://a.espncdn.com/i/teamlogos/nba/500/scoreboard/hou.png,38,0,0,0,38,0
nba-401474848,2023,2022-10-03 02:00:00+00:00,ADL,PHX,134,124,https://a.espncdn.com/i/teamlogos/nba/500/adl.png,https://a.espncdn.com/i/teamlogos/nba/500/scoreboard/phx.png,10,0,0,0,12,0
nba-401442534,2022,2022-06-14 01:00:00+00:00,BOS,GS,94,104,https://a.espncdn.com/i/teamlogos/nba/500/scoreboard/bos.png,https://a.espncdn.com/i/teamlogos/nba/500/scoreboard/gs.png,10,0,0,0,12,1
nba-401469368,2023,2023-04-08 19:30:00+00:00,DEN,UTAH,114,118,https://a.espncdn.com/i/teamlogos/nba/500/scoreboard/den.png,https://a.espncdn.com/i/teamlogos/nba/500/scoreboard/utah.png,4,0,2,1,13,0
nba-401469369,2023,2023-04-08 20:00:00+00:00,MIN,SA,151,131,https://a.espncdn.com/i/teamlogos/nba/500/scoreboard/min.png,https://a.espncdn.com/i/teamlogos/nba/500/scoreboard/sa.png,20,0,0,0,28,0
nba-401469370,2023,2023-04-08 20:00:00+00:00,POR,LAC,125,136,https://a.espncdn.com/i/teamlogos/nba/500/scoreboard/por.png,https://a.espncdn.com/i/teamlogos/nba/500/scoreboard/lac.png,11,0,1,0,13,0
nba-401468607,2023,2022-12-20 00:00:00+00:00,UTAH,CLE,99,122,https://a.espncdn.com/i/teamlogos/nba/500/scoreboard/utah.png,https://a.espncdn.com/i/teamlogos/nba/500/scoreboard/cle.png,23,0,0,0,23,0
nba-401468608,2023,2022-12-20 00:00:00+00:00,TOR,PHI,101,104,https://a.espncdn.com/i/teamlogos/nba/500/scoreboard/tor.png,https://a.espncdn.com/i/teamlogos/nba/500/scoreboard/phi.png,3,1,1,0,11,0
nba-401468609,2023,2022-12-20 00:30:00+00:00,ORL,ATL,125,126,https://a.espncdn.com/i/teamlogos/nba/500/scoreboard/orl.png,https://a.espncdn.com/i/teamlogos/nba/500/scoreboard/atl.png,1,0,0,0,10,0
nba-401468610,2023,2022-12-20 01:00:00+00:00,SA,HOU,124,105,https://a.espncdn.com/i/teamlogos/nba/500/scoreboard/sa.png,https://a.espncdn.com/i/teamlogos/nba/500/scoreboard/hou.png,19,0,2,0,19,0
nba-401468611,2023,2022-12-20 01:00:00+00:00,DAL,MIN,106,116,https://a.espncdn.com/i/teamlogos/nba/500/scoreboard/dal.png,https://a.espncdn.com/i/teamlogos/nba/500/scoreboard/min.png,10,0,1,0,20,0
nba-401468612,2023,2022-12-20 01:00:00+00:00,MIL,NO,128,119,https://a.espncdn.com/i/teamlogos/nba/500/scoreboard/mil.png,https://a.espncdn.com/i/teamlogos/nba/500/scoreboard/no.png,9,0,0,0,10,0
nba-401468613,2023,2022-12-20 01:00:00+00:00,POR,OKC,121,123,https://a.espncdn.com/i/teamlogos/nba/500/scoreboard/por.png,https://a.espncdn.com/i/teamlogos/nba/500/scoreboard/okc.png,2,0,0,0,3,0
nba-401468614,2023,2022-12-20 02:00:00+00:00,LAL,PHX,104,130,https://a.espncdn.com/i/teamlogos/nba/500/scoreboard/lal.png,https://a.espncdn.com/i/teamlogos/nba/500/scoreboard/phx.png,26,0,0,0,26,0
nba-401468615,2023,2022-12-20 03:00:00+00:00,CHA,SAC,125,119,https://a.espncdn.com/i/teamlogos/nba/500/scoreboard/cha.png,https://a.espncdn.com/i/teamlogos/nba/500/scoreboard/sac.png,6,0,2,1,9,0
nba-401584988,2024,2023-12-20 00:30:00+00:00,MEM,NO,115,113,https://a.espncdn.com/i/teamlogos/nba/500/scoreboard/mem.png,https://a.espncdn.com/i/teamlogos/nba/500/scoreboard/no.png,2,0,2,1,19,0
nba-401584989,2024,2023-12-20 01:00:00+00:00,SA,MIL,119,132,https://a.espncdn.com/i/teamlogos/nba/500/scoreboard/sa.png,https://a.espncdn.com/i/teamlogos/nba/500/scoreboard/mil.png,13,0,0,0,22,0
nba-401584990,2024,2023-12-20 03:00:00+00:00,BOS,GS,126,132,https://a.espncdn.com/i/teamlogos/nba/500/scoreboard/bos.png,https://a.espncdn.com/i/teamlogos/nba/500/scoreboard/gs.png,6,1,1,1,11,0
nba-401584991,2024,2023-12-20 03:00:00+00:00,PHX,POR,104,109,https://a.espncdn.com/i/teamlogos/nba/500/scoreboard/phx.png,https://a.espncdn.com/i/teamlogos/nba/500/scoreboard/por.png,5,0,1,0,16,0
nba-401361022,2022,2022-04-08 23:00:00+00:00,MIL,DET,131,101,https://a.espncdn.com/i/teamlogos/nba/500/scoreboard/mil.png,https://a.espncdn.com/i/teamlogos/nba/500/scoreboard/det.png,30,0,0,0,30,0
nba-401361023,2022,2022-04-08 23:00:00+00:00,NY,WSH,114,92,https://a.espncdn.com/i/teamlogos/nba/500/scoreboard/ny.png,https://a.espncdn.com/i/teamlogos/nba/500/scoreboard/wsh.png,22,0,1,0,22,0
nba-401361024,2022,2022-04-08 23:30:00+00:00,CLE,BKN,107,118,https://a.espncdn.com/i/teamlogos/nba/500/scoreboard/cle.png,https://a.espncdn.com/i/teamlogos/nba/500/scoreboard/bkn.png,11,0,2,1,15,0
nba-401361025,2022,2022-04-08 23:30:00+00:00,HOU,TOR,115,117,https://a.espncdn.com/i/teamlogos/nba/500/scoreboard/hou.png,https://a.espncdn.com/i/teamlogos/nba/500/scoreboard/tor.png,2,0,1,1,16,0
nba-401361026,2022,2022-04-09 00:00:00+00:00,ATL,MIA,109,113,https://a.espncdn.com/i/teamlogos/nba/500/scoreboard/atl.png,https://a.espncdn.com/i/teamlogos/nba/500/scoreboard/mia.png,4,0,2,0,5,0
nba-401361027,2022,2022-04-09 00:00:00+00:00,CHA,CHI,133,117,https://a.espncdn.com/i/teamlogos/nba/500/scoreboard/cha.png,https://a.espncdn.com/i/teamlogos/nba/500/scoreboard/chi.png,16,0,0,0,28,0
nba-401361028,2022,2022-04-09 00:30:00+00:00,POR,DAL,78,128,https://a.espncdn.com/i/teamlogos/nba/500/scoreboard/por.png,https://a.espncdn.com/i/teamlogos/nba/500/scoreboard/dal.png,50,0,0,0,50,0
nba-401361029,2022,2022-04-09 01:30:00+00:00,PHX,UTAH,111,105,https://a.espncdn.com/i/teamlogos/nba/500/scoreboard/phx.png,https://a.espncdn.com/i/teamlogos/nba/500/scoreboard/utah.png,6,0,2,1,17,0
nba-401361030,2022,2022-04-09 02:30:00+00:00,OKC,LAL,101,120,https://a.espncdn.com/i/teamlogos/nba/500/scoreboard/okc.png,https://a.espncdn.com/i/teamlogos/nba/500/scoreboard/lal.png,19,0,1,0,19,0
nba-401360206,2022,2021-12-11 00:00:00+00:00,SAC,CHA,123,124,https://a.espncdn.com/i/teamlogos/nba/500/scoreboard/sac.png,https://a.espncdn.com/i/teamlogos/nba/500/scoreboard/cha.png,1,0,2,1,2,0
nba-401360207,2022,2021-12-11 00:00:00+00:00,DAL,IND,93,106,https://a.espncdn.com/i/teamlogos/nba/500/scoreboard/dal.png,https://a.espncdn.com/i/teamlogos/nba/500/scoreboard/ind.png,13,0,1,0,13,0
nba-401360208,2022,2021-12-11 00:30:00+00:00,BKN,ATL,113,105,https://a.espncdn.com/i/teamlogos/nba/500/scoreboard/bkn.png,https://a.espncdn.com/i/teamlogos/nba/500/scoreboard/atl.png,8,0,1,1,8,0
nba-401360209,2022,2021-12-11 00:30:00+00:00,NY,TOR,87,90,https://a.espncdn.com/i/teamlogos/nba/500/scoreboard/ny.png,https://a.espncdn.com/i/teamlogos/nba/500/scoreboard/tor.png,3,0,0,0,17,0
nba-401360210,2022,2021-12-11 01:00:00+00:00,MIL,HOU,123,114,https://a.espncdn.com/i/teamlogos/nba/500/scoreboard/mil.png,https://a.espncdn.com/i/teamlogos/nba/500/scoreboard/hou.png,9,0,2,1,9,0
nba-401360211,2022,2021-12-11 01:00:00+00:00,CLE,MIN,123,106,https://a.espncdn.com/i/teamlogos/nba/500/scoreboard/cle.png,https://a.espncdn.com/i/teamlogos/nba/500/scoreboard/min.png,17,0,0,0,21,0
nba-401360212,2022,2021-12-11 01:00:00+00:00,DET,NO,93,109,https://a.espncdn.com/i/teamlogos/nba/500/scoreboard/det.png,https://a.espncdn.com/i/teamlogos/nba/500/scoreboard/no.png,16,0,1,0,16,0
nba-401360213,2022,2021-12-11 01:00:00+00:00,LAL,OKC,116,95,https://a.espncdn.com/i/teamlogos/nba/500/scoreboard/lal.png,https://a.espncdn.com/i/teamlogos/nba/500/scoreboard/okc.png,21,0,0,0,25,0
nba-401360214,2022,2021-12-11 03:00:00+00:00,BOS,PHX,90,111,https://a.espncdn.com/i/teamlogos/nba/500/scoreboard/bos.png,https://a.espncdn.com/i/teamlogos/nba/500/scoreboard/phx.png,21,0,0,0,21,0
nba-401655088,2024,2024-04-23 23:30:00+00:00,PHX,MIN,93,105,https://a.espncdn.com/i/teamlogos/nba/500/scoreboard/phx.png,https://a.espncdn.com/i/teamlogos/nba/500/scoreboard/min.png,12,0,2,0,12,1
nba-401655112,2024,2024-04-24 00:30:00+00:00,IND,MIL,125,108,https://a.espncdn.com/i/teamlogos/nba/500/scoreboard/ind.png,https://a.espncdn.com/i/teamlogos/nba/500/scoreboard/mil.png,17,0,0,0,17,1
nba-401655094,2024,2024-04-24 02:00:00+00:00,DAL,LAC,96,93,https://a.espncdn.com/i/teamlogos/nba/500/scoreboard/dal.png,https://a.espncdn.com/i/teamlogos/nba/500/scoreboard/lac.png,3,0,2,1,4,1
nba-401468467,2023,2022-12-01 00:00:00+00:00,PHI,CLE,85,113,https://a.espncdn.com/i/teamlogos/nba/500/scoreboard/phi.png,https://a.espncdn.com/i/teamlogos/nba/500/scoreboard/cle.png,28,0,0,0,28,0
nba-401468468,2023,2022-12-01 00:00:00+00:00,ATL,ORL,125,108,https://a.espncdn.com/i/teamlogos/nba/500/scoreboard/atl.png,https://a.espncdn.com/i/teamlogos/nba/500/scoreboard/orl.png,17,0,0,0,24,0
nba-401468469,2023,2022-12-01 00:30:00+00:00,MIA,BOS,121,134,https://a.espncdn.com/i/teamlogos/nba/500/scoreboard/mia.png,https://a.espncdn.com/i/teamlogos/nba/500/scoreboard/bos.png,13,0,0,0,13,0
nba-401468470,2023,2022-12-01 00:30:00+00:00,WSH,BKN,107,113,https://a.espncdn.com/i/teamlogos/nba/500/scoreboard/wsh.png,https://a.espncdn.com/i/teamlogos/nba/500/scoreboard/bkn.png,6,0,0,0,6,0
nba-401468471,2023,2022-12-01 00:30:00+00:00,MIL,NY,109,103,https://a.espncdn.com/i/teamlogos/nba/500/scoreboard/mil.png,https://a.espncdn.com/i/teamlogos/nba/500/scoreboard/ny.png,6,0,0,0,6,0
nba-401468472,2023,2022-12-01 01:00:00+00:00,MEM,MIN,101,109,https://a.espncdn.com/i/teamlogos/nba/500/scoreboard/mem.png,https://a.espncdn.com/i/teamlogos/nba/500/scoreboard/min.png,8,0,2,0,8,0
nba-401468473,2023,2022-12-01 01:00:00+00:00,TOR,NO,108,126,https://a.espncdn.com/i/teamlogos/nba/500/scoreboard/tor.png,https://a.espncdn.com/i/teamlogos/nba/500/scoreboard/no.png,18,0,0,0,27,0
nba-401468474,2023,2022-12-01 01:00:00+00:00,SA,OKC,111,119,https://a.espncdn.com/i/teamlogos/nba/500/scoreboard/sa.png,https://a.espncdn.com/i/teamlogos/nba/500/scoreboard/okc.png,8,0,1,1,17,0
nba-401468475,2023,2022-12-01 02:00:00+00:00,HOU,DEN,100,120,https://a.espncdn.com/i/teamlogos/nba/500/scoreboard/hou.png,https://a.espncdn.com/i/teamlogos/nba/500/scoreboard/den.png,20,0,0,0,27,0
nba-401468476,2023,2022-12-01 02:00:00+00:00,CHI,PHX,113,132,https://a.espncdn.com/i/teamlogos/nba/500/scoreboard/chi.png,https://a.espncdn.com/i/teamlogos/nba/500/scoreboard/phx.png,19,0,0,0,25,0
nba-401468477,2023,2022-12-01 02:00:00+00:00,LAC,UTAH,112,125,https://a.espncdn.com/i/teamlogos/nba/500/scoreboard/lac.png,https://a.espncdn.com/i/teamlogos/nba/500/scoreboard/utah.png,13,0,2,0,13,0
nba-401468478,2023,2022-12-01 03:00:00+00:00,IND,SAC,114,137,https://a.espncdn.com/i/teamlogos/nba/500/scoreboard/ind.png,https://a.espncdn.com/i/teamlogos/nba/500/scoreboard/sac.png,23,0,0,0,23,0
nba-401468479,2023,2022-12-01 03:30:00+00:00,POR,LAL,109,128,https://a.espncdn.com/i/teamlogos/nba/500/scoreboard/por.png,https://a.espncdn.com/i/teamlogos/nba/500/scoreboard/lal.png,19,0,0,0,19,0
nba-401584893,2024,2023-12-01 00:00:00+00:00,POR,CLE,103,95,https://a.espncdn.com/i/teamlogos/nba/500/scoreboard/por.png,https://a.espncdn.com/i/teamlogos/nba/500/scoreboard/cle.png,8,0,1,1,8,0
nba-401584894,2024,2023-12-01 00:30:00+00:00,CHA,BKN,129,128,https://a.espncdn.com/i/teamlogos/nba/500/scoreboard/cha.png,https://a.espncdn.com/i/teamlogos/nba/500/scoreboard/bkn.png,1,0,3,1,6,0
nba-401584895,2024,2023-12-01 00:30:00+00:00,IND,MIA,132,142,https://a.espncdn.com/i/teamlogos/nba/500/scoreboard/ind.png,https://a.espncdn.com/i/teamlogos/nba/500/scoreboard/mia.png,10,0,1,1,10,0
nba-401584896,2024,2023-12-01 00:30:00+00:00,DET,NY,112,118,https://a.espncdn.com/i/teamlogos/nba/500/scoreboard/det.png,https://a.espncdn.com/i/teamlogos/nba/500/scoreboard/ny.png,6,0,2,1,14,0
nba-401584897,2024,2023-12-01 01:00:00+00:00,MIL,CHI,113,120,https://a.espncdn.com/i/teamlogos/nba/500/scoreboard/mil.png,https://a.espncdn.com/i/teamlogos/nba/500/scoreboard/chi.png,7,1,2,0,7,0
nba-401584898,2024,2023-12-01 01:00:00+00:00,UTAH,MIN,90,101,https://a.espncdn.com/i/teamlogos/nba/500/scoreboard/utah.png,https://a.espncdn.com/i/teamlogos/nba/500/scoreboard/min.png,11,0,1,0,18,0
nba-401584899,2024,2023-12-01 01:00:00+00:00,LAL,OKC,110,133,https://a.espncdn.com/i/teamlogos/nba/500/scoreboard/lal.png,https://a.espncdn.com/i/teamlogos/nba/500/scoreboard/okc.png,23,0,1,0,23,0
nba-401584900,2024,2023-12-01 01:00:00+00:00,ATL,SA,137,135,https://a.espncdn.com/i/teamlogos/nba/500/scoreboard/atl.png,https://a.espncdn.com/i/teamlogos/nba/500/scoreboard/sa.png,2,0,1,1,9,0
nba-401584901,2024,2023-12-01 03:00:00+00:00,LAC,GS,114,120,https://a.espncdn.com/i/teamlogos/nba/500/scoreboard/lac.png,https://a.espncdn.com/i/teamlogos/nba/500/scoreboard/gs.png,6,0,0,0,11,0
nba-401468183,2023,2022-10-22 22:00:00+00:00,SA,PHI,114,105,https://a.espncdn.com/i/teamlogos/nba/500/scoreboard/sa.png,https://a.espncdn.com/i/teamlogos/nba/500/scoreboard/phi.png,9,0,1,0,9,0
nba-401468184,2023,2022-10-22 23:00:00+00:00,DET,IND,115,124,https://a.espncdn.com/i/teamlogos/nba/500/scoreboard/det.png,https://a.espncdn.com/i/teamlogos/nba/500/scoreboard/ind.png,9,0,1,0,10,0
nba-401468185,2023,2022-10-22 23:00:00+00:00,BOS,ORL,126,120,https://a.espncdn.com/i/teamlogos/nba/500/scoreboard/bos.png,https://a.espncdn.com/i/teamlogos/nba/500/scoreboard/orl.png,6,0,0,0,6,0
nba-401468186,2023,2022-10-23 00:00:00+00:00,TOR,MIA,109,112,https://a.espncdn.com/i/teamlogos/nba/500/scoreboard/tor.png,https://a.espncdn.com/i/teamlogos/nba/500/scoreboard/mia.png,3,0,0,0,21,0
nba-401468187,2023,2022-10-23 00:00:00+00:00,CLE,CHI,128,96,https://a.espncdn.com/i/teamlogos/nba/500/scoreboard/cle.png,https://a.espncdn.com/i/teamlogos/nba/500/scoreboard/chi.png,32,0,0,0,32,0
nba-401468188,2023,2022-10-23 00:00:00+00:00,HOU,MIL,105,125,https://a.espncdn.com/i/teamlogos/nba/500/scoreboard/hou.png,https://a.espncdn.com/i/teamlogos/nba/500/scoreboard/mil.png,20,0,0,0,20,0
nba-401468189,2023,2022-10-23 00:30:00+00:00,MEM,DAL,96,137,https://a.espncdn.com/i/teamlogos/nba/500/scoreboard/mem.png,https://a.espncdn.com/i/teamlogos/nba/500/scoreboard/dal.png,41,0,0,0,41,0
nba-401468190,2023,2022-10-23 01:00:00+00:00,OKC,DEN,117,122,https://a.espncdn.com/i/teamlogos/nba/500/scoreboard/okc.png,https://a.espncdn.com/i/teamlogos/nba/500/scoreboard/den.png,5,0,1,0,5,0
nba-401468191,2023,2022-10-23 02:00:00+00:00,LAC,SAC,111,109,https://a.espncdn.com/i/teamlogos/nba/500/scoreboard/lac.png,https://a.espncdn.com/i/teamlogos/nba/500/scoreboard/sac.png,2,0,2,0,6,0
nba-401360926,2022,2022-03-26 21:00:00+00:00,SA,NO,107,103,https://a.espncdn.com/i/teamlogos/nba/500/scoreboard/sa.png,https://a.espncdn.com/i/teamlogos/nba/500/scoreboard/no.png,4,0,1,0,10,0
nba-401360927,2022,2022-03-26 23:00:00+00:00,SAC,ORL,114,110,https://a.espncdn.com/i/teamlogos/nba/500/scoreboard/sac.png,https://a.espncdn.com/i/teamlogos/nba/500/scoreboard/orl.png,4,1,2,1,13,0
nba-401360928,2022,2022-03-26 23:30:00+00:00,IND,TOR,91,131,https://a.espncdn.com/i/teamlogos/nba/500/scoreboard/ind.png,https://a.espncdn.com/i/teamlogos/nba/500/scoreboard/tor.png,40,0,0,0,40,0
nba-401360929,2022,2022-03-27 00:00:00+00:00,CHI,CLE,98,94,https://a.espncdn.com/i/teamlogos/nba/500/scoreboard/chi.png,https://a.espncdn.com/i/teamlogos/nba/500/scoreboard/cle.png,4,0,0,0,18,0
nba-401360930,2022,2022-03-27 00:00:00+00:00,BKN,MIA,110,95,https://a.espncdn.com/i/teamlogos/nba/500/scoreboard/bkn.png,https://a.espncdn.com/i/teamlogos/nba/500/scoreboard/mia.png,15,0,0,0,28,0
nba-401360931,2022,2022-03-27 00:00:00+00:00,MIL,MEM,102,127,https://a.espncdn.com/i/teamlogos/nba/500/scoreboard/mil.png,https://a.espncdn.com/i/teamlogos/nba/500/scoreboard/mem.png,25,0,0,0,25,0
nba-401360932,2022,2022-03-27 01:00:00+00:00,OKC,DEN,107,113,https://a.espncdn.com/i/teamlogos/nba/500/scoreboard/okc.png,https://a.espncdn.com/i/teamlogos/nba/500/scoreboard/den.png,6,0,0,0,11,0
nba-401360933,2022,2022-03-27 02:00:00+00:00,HOU,POR,115,98,https://a.espncdn.com/i/teamlogos/nba/500/scoreboard/hou.png,https://a.espncdn.com/i/teamlogos/nba/500/scoreboard/por.png,17,0,1,0,17,0
nba-401469268,2023,2023-03-26 17:00:00+00:00,DAL,CHA,104,110,https://a.espncdn.com/i/teamlogos/nba/500/scoreboard/dal.png,https://a.espncdn.com/i/teamlogos/nba/500/scoreboard/cha.png,6,0,0,0,14,0
nba-401469269,2023,2023-03-26 19:30:00+00:00,CHI,LAL,118,108,https://a.espncdn.com/i/teamlogos/nba/500/scoreboard/chi.png,https://a.espncdn.com/i/teamlogos/nba/500/scoreboard/lal.png,10,0,0,0,13,0
nba-401469270,2023,2023-03-26 22:00:00+00:00,MEM,ATL,123,119,https://a.espncdn.com/i/teamlogos/nba/500/scoreboard/mem.png,https://a.espncdn.com/i/teamlogos/nba/500/scoreboard/atl.png,4,0,0,0,7,0
nba-401469271,2023,2023-03-26 22:00:00+00:00,SA,BOS,93,137,https://a.espncdn.com/i/teamlogos/nba/500/scoreboard/sa.png,https://a.espncdn.com/i/teamlogos/nba/500/scoreboard/bos.png,44,0,1,0,44,0
nba-401469272,2023,2023-03-26 22:00:00+00:00,HOU,CLE,91,108,https://a.espncdn.com/i/teamlogos/nba/500/scoreboard/hou.png,https://a.espncdn.com/i/teamlogos/nba/500/scoreboard/cle.png,17,0,0,0,17,0
nba-401469273,2023,2023-03-26 22:00:00+00:00,BKN,ORL,106,119,https://a.espncdn.com/i/teamlogos/nba/500/scoreboard/bkn.png,https://a.espncdn.com/i/teamlogos/nba/500/scoreboard/orl.png,13,0,1,0,18,0
nba-401469274,2023,2023-03-26 22:00:00+00:00,WSH,TOR,104,114,https://a.espncdn.com/i/teamlogos/nba/500/scoreboard/wsh.png,https://a.espncdn.com/i/teamlogos/nba/500/scoreboard/tor.png,10,0,0,0,17,0
nba-401469275,2023,2023-03-26 23:00:00+00:00,OKC,POR,118,112,https://a.espncdn.com/i/teamlogos/nba/500/scoreboard/okc.png,https://a.espncdn.com/i/teamlogos/nba/500/scoreboard/por.png,6,0,1,0,12,0
nba-401469276,2023,2023-03-27 00:30:00+00:00,MIN,GS,99,96,https://a.espncdn.com/i/teamlogos/nba/500/scoreboard/min.png,https://a.espncdn.com/i/teamlogos/nba/500/scoreboard/gs.png,3,0,1,0,4,0
nba-401672001,2024,2024-05-28 00:00:00+00:00,BOS,IND,105,102,https://a.espncdn.com/i/teamlogos/nba/500/scoreboard/bos.png,https://a.espncdn.com/i/teamlogos/nba/500/scoreboard/ind.png,3,0,2,1,3,1
nba-401469301,2023,2023-03-30 23:30:00+00:00,BOS,MIL,140,99,https://a.espncdn.com/i/teamlogos/nba/500/scoreboard/bos.png,https://a.espncdn.com/i/teamlogos/nba/500/scoreboard/mil.png,41,0,0,0,41,0
nba-401469302,2023,2023-03-31 02:00:00+00:00,NO,DEN,107,88,https://a.espncdn.com/i/teamlogos/nba/500/scoreboard/no.png,https://a.espncdn.com/i/teamlogos/nba/500/scoreboard/den.png,19,0,0,0,19,0
nba-401360955,2022,2022-03-30 23:00:00+00:00,DAL,CLE,120,112,https://a.espncdn.com/i/teamlogos/nba/500/scoreboard/dal.png,https://a.espncdn.com/i/teamlogos/nba/500/scoreboard/cle.png,8,0,2,0,11,0
nba-401360956,2022,2022-03-30 23:00:00+00:00,DEN,IND,125,118,https://a.espncdn.com/i/teamlogos/nba/500/scoreboard/den.png,https://a.espncdn.com/i/teamlogos/nba/500/scoreboard/ind.png,7,0,0,0,28,0
nba-401360957,2022,2022-03-30 23:00:00+00:00,ORL,WSH,110,127,https://a.espncdn.com/i/teamlogos/nba/500/scoreboard/orl.png,https://a.espncdn.com/i/teamlogos/nba/500/scoreboard/wsh.png,17,0,1,0,17,0
nba-401360958,2022,2022-03-30 23:30:00+00:00,MIA,BOS,106,98,https://a.espncdn.com/i/teamlogos/nba/500/scoreboard/mia.png,https://a.espncdn.com/i/teamlogos/nba/500/scoreboard/bos.png,8,0,3,1,8,0
nba-401360959,2022,2022-03-30 23:30:00+00:00,CHA,NY,125,114,https://a.espncdn.com/i/teamlogos/nba/500/scoreboard/cha.png,https://a.espncdn.com/i/teamlogos/nba/500/scoreboard/ny.png,11,0,1,0,11,0
nba-401360960,2022,2022-03-30 23:30:00+00:00,MIN,TOR,102,125,https://a.espncdn.com/i/teamlogos/nba/500/scoreboard/min.png,https://a.espncdn.com/i/teamlogos/nba/500/scoreboard/tor.png,23,0,1,0,23,0
nba-401360961,2022,2022-03-31 00:00:00+00:00,SAC,HOU,121,118,https://a.espncdn.com/i/teamlogos/nba/500/scoreboard/sac.png,https://a.espncdn.com/i/teamlogos/nba/500/scoreboard/hou.png,3,0,1,0,11,0
nba-401360962,2022,2022-03-31 00:00:00+00:00,ATL,OKC,136,118,https://a.espncdn.com/i/teamlogos/nba/500/scoreboard/atl.png,https://a.espncdn.com/i/teamlogos/nba/500/scoreboard/okc.png,18,0,0,0,27,0
nba-401360963,2022,2022-03-31 00:30:00+00:00,MEM,SA,112,111,https://a.espncdn.com/i/teamlogos/nba/500/scoreboard/mem.png,https://a.espncdn.com/i/teamlogos/nba/500/scoreboard/sa.png,1,0,0,0,13,0
nba-401360964,2022,2022-03-31 02:00:00+00:00,PHX,GS,107,103,https://a.espncdn.com/i/teamlogos/nba/500/scoreboard/phx.png,https://a.espncdn.com/i/teamlogos/nba/500/scoreboard/gs.png,4,0,1,0,4,0
nba-401360965,2022,2022-03-31 02:00:00+00:00,NO,POR,117,107,https://a.espncdn.com/i/teamlogos/nba/500/scoreboard/no.png,https://a.espncdn.com/i/teamlogos/nba/500/scoreboard/por.png,10,0,1,0,10,0
nba-401360177,2022,2021-12-07 00:00:00+00:00,PHI,CHA,127,124,https://a.espncdn.com/i/teamlogos/nba/500/scoreboard/phi.png,https://a.espncdn.com/i/teamlogos/nba/500/scoreboard/cha.png,3,1,1,0,11,0
nba-401360178,2022,2021-12-07 00:00:00+00:00,OKC,DET,114,103,https://a.espncdn.com/i/teamlogos/nba/500/scoreboard/okc.png,https://a.espncdn.com/i/teamlogos/nba/500/scoreboard/det.png,11,0,1,1,13,0
nba-401360179,2022,2021-12-07 00:00:00+00:00,WSH,IND,110,116,https://a.espncdn.com/i/teamlogos/nba/500/scoreboard/wsh.png,https://a.espncdn.com/i/teamlogos/nba/500/scoreboard/ind.png,6,0,0,0,11,0
nba-401360180,2022,2021-12-07 00:30:00+00:00,MEM,MIA,105,90,https://a.espncdn.com/i/teamlogos/nba/500/scoreboard/mem.png,https://a.espncdn.com/i/teamlogos/nba/500/scoreboard/mia.png,15,0,0,0,15,0
nba-401360181,2022,2021-12-07 01:00:00+00:00,DEN,CHI,97,109,https://a.espncdn.com/i/teamlogos/nba/500/scoreboard/den.png,https://a.espncdn.com/i/teamlogos/nba/500/scoreboard/chi.png,12,0,1,0,12,0
nba-401360182,2022,2021-12-07 01:00:00+00:00,CLE,MIL,104,112,https://a.espncdn.com/i/teamlogos/nba/500/scoreboard/cle.png,https://a.espncdn.com/i/teamlogos/nba/500/scoreboard/mil.png,8,0,0,0,10,0
nba-401360183,2022,2021-12-07 01:00:00+00:00,ATL,MIN,121,110,https://a.espncdn.com/i/teamlogos/nba/500/scoreboard/atl.png,https://a.espncdn.com/i/teamlogos/nba/500/scoreboard/min.png,11,0,0,0,18,0
nba-401360184,2022,2021-12-07 02:00:00+00:00,SA,PHX,104,108,https://a.espncdn.com/i/teamlogos/nba/500/scoreboard/sa.png,https://a.espncdn.com/i/teamlogos/nba/500/scoreboard/phx.png,4,0,1,0,9,0
nba-401360185,2022,2021-12-07 03:00:00+00:00,ORL,GS,95,126,https://a.espncdn.com/i/teamlogos/nba/500/scoreboard/orl.png,https://a.espncdn.com/i/teamlogos/nba/500/scoreboard/gs.png,31,0,0,0,31,0
nba-401360186,2022,2021-12-07 03:00:00+00:00,LAC,POR,102,90,https://a.espncdn.com/i/teamlogos/nba/500/scoreboard/lac.png,https://a.espncdn.com/i/teamlogos/nba/500/scoreboard/por.png,12,0,2,0,12,0
nba-401585370,2024,2024-02-10 00:00:00+00:00,ATL,PHI,127,121,https://a.espncdn.com/i/teamlogos/nba/500/scoreboard/atl.png,https://a.espncdn.com/i/teamlogos/nba/500/scoreboard/phi.png,6,0,0,0,17,0
nba-401585371,2024,2024-02-10 00:30:00+00:00,WSH,BOS,129,133,https://a.espncdn.com/i/teamlogos/nba/500/scoreboard/wsh.png,https://a.espncdn.com/i/teamlogos/nba/500/scoreboard/bos.png,4,0,1,0,13,0
nba-401585372,2024,2024-02-10 00:30:00+00:00,HOU,TOR,104,107,https://a.espncdn.com/i/teamlogos/nba/500/scoreboard/hou.png,https://a.espncdn.com/i/teamlogos/nba/500/scoreboard/tor.png,3,0,0,0,17,0
nba-401585373,2024,2024-02-10 01:00:00+00:00,CHA,MIL,84,120,https://a.espncdn.com/i/teamlogos/nba/500/scoreboard/cha.png,https://a.espncdn.com/i/teamlogos/nba/500/scoreboard/mil.png,36,0,0,0,36,0
nba-401585374,2024,2024-02-10 03:00:00+00:00,DEN,SAC,106,135,https://a.espncdn.com/i/teamlogos/nba/500/scoreboard/den.png,https://a.espncdn.com/i/teamlogos/nba/500/scoreboard/sac.png,29,0,1,0,29,0
nba-401585375,2024,2024-02-10 03:30:00+00:00,NO,LAL,122,139,https://a.espncdn.com/i/teamlogos/nba/500/scoreboard/no.png,https://a.espncdn.com/i/teamlogos/nba/500/scoreboard/lal.png,17,0,1,0,17,0
nba-401585220,2024,2024-01-20 20:00:00+00:00,MIL,DET,141,135,https://a.espncdn.com/i/teamlogos/nba/500/scoreboard/mil.png,https://a.espncdn.com/i/teamlogos/nba/500/scoreboard/det.png,6,0,1,0,6,0
nba-401585221,2024,2024-01-21 00:00:00+00:00,PHI,CHA,97,89,https://a.espncdn.com/i/teamlogos/nba/500/scoreboard/phi.png,https://a.espncdn.com/i/teamlogos/nba/500/scoreboard/cha.png,8,0,2,1,8,0
nba-401585222,2024,2024-01-21 00:00:00+00:00,SA,WSH,131,127,https://a.espncdn.com/i/teamlogos/nba/500/scoreboard/sa.png,https://a.espncdn.com/i/teamlogos/nba/500/scoreboard/wsh.png,4,0,0,0,6,0
nba-401585223,2024,2024-01-21 00:30:00+00:00,CLE,ATL,116,95,https://a.espncdn.com/i/teamlogos/nba/500/scoreboard/cle.png,https://a.espncdn.com/i/teamlogos/nba/500/scoreboard/atl.png,21,0,0,0,23,0
nba-401585224,2024,2024-01-21 00:30:00+00:00,TOR,NY,100,126,https://a.espncdn.com/i/teamlogos/nba/500/scoreboard/tor.png,https://a.espncdn.com/i/teamlogos/nba/500/scoreboard/ny.png,26,0,0,0,26,0
nba-401585225,2024,2024-01-21 01:00:00+00:00,MEM,CHI,96,125,https://a.espncdn.com/i/teamlogos/nba/500/scoreboard/mem.png,https://a.espncdn.com/i/teamlogos/nba/500/scoreboard/chi.png,29,0,0,0,29,0
nba-401585226,2024,2024-01-21 01:00:00+00:00,UTAH,HOU,126,127,https://a.espncdn.com/i/teamlogos/nba/500/scoreboard/utah.png,https://a.espncdn.com/i/teamlogos/nba/500/scoreboard/hou.png,1,1,0,0,13,0
nba-401585227,2024,2024-01-21 01:00:00+00:00,OKC,MIN,102,97,https://a.espncdn.com/i/teamlogos/nba/500/scoreboard/okc.png,https://a.espncdn.com/i/teamlogos/nba/500/scoreboard/min.png,5,0,2,1,9,0
nba-401584873,2024,2023-11-26 20:30:00+00:00,POR,MIL,102,108,https://a.espncdn.com/i/teamlogos/nba/500/scoreboard/por.png,https://a.espncdn.com/i/teamlogos/nba/500/scoreboard/mil.png,6,0,1,1,16,0
nba-401584874,2024,2023-11-26 23:00:00+00:00,ATL,BOS,103,113,https://a.espncdn.com/i/teamlogos/nba/500/scoreboard/atl.png,https://a.espncdn.com/i/teamlogos/nba/500/scoreboard/bos.png,10,0,0,0,16,0
nba-401584875,2024,2023-11-26 23:00:00+00:00,PHX,NY,116,113,https://a.espncdn.com/i/teamlogos/nba/500/scoreboard/phx.png,https://a.espncdn.com/i/teamlogos/nba/500/scoreboard/ny.png,3,0,0,0,12,0
nba-401584876,2024,2023-11-26 23:00:00+00:00,CHA,ORL,117,130,https://a.espncdn.com/i/teamlogos/nba/500/scoreboard/cha.png,https://a.espncdn.com/i/teamlogos/nba/500/scoreboard/orl.png,13,0,1,0,13,0
nba-401584877,2024,2023-11-26 23:00:00+00:00,MIN,MEM,119,97,https://a.espncdn.com/i/teamlogos/nba/500/scoreboard/min.png,https://a.espncdn.com/i/teamlogos/nba/500/scoreboard/mem.png,22,0,0,0,24,0
nba-401584878,2024,2023-11-27 00:30:00+00:00,CHI,BKN,109,118,https://a.espncdn.com/i/teamlogos/nba/500/scoreboard/chi.png,https://a.espncdn.com/i/teamlogos/nba/500/scoreboard/bkn.png,9,0,1,0,17,0
nba-401584879,2024,2023-11-27 00:30:00+00:00,TOR,CLE,102,105,https://a.espncdn.com/i/teamlogos/nba/500/scoreboard/tor.png,https://a.espncdn.com/i/teamlogos/nba/500/scoreboard/cle.png,3,0,1,0,10,0
nba-401584880,2024,2023-11-27 01:00:00+00:00,SA,DEN,120,132,https://a.espncdn.com/i/teamlogos/nba/500/scoreboard/sa.png,https://a.espncdn.com/i/teamlogos/nba/500/scoreboard/den.png,12,0,0,0,23,0
nba-401468441,2023,2022-11-26 22:00:00+00:00,DAL,TOR,100,105,https://a.espncdn.com/i/teamlogos/nba/500/scoreboard/dal.png,https://a.espncdn.com/i/teamlogos/nba/500/scoreboard/tor.png,5,0,1,0,8,0
nba-401468442,2023,2022-11-27 01:00:00+00:00,OKC,HOU,105,118,https://a.espncdn.com/i/teamlogos/nba/500/scoreboard/okc.png,https://a.espncdn.com/i/teamlogos/nba/500/scoreboard/hou.png,13,0,0,0,22,0
nba-401468443,2023,2022-11-27 01:00:00+00:00,LAL,SA,143,138,https://a.espncdn.com/i/teamlogos/nba/500/scoreboard/lal.png,https://a.espncdn.com/i/teamlogos/nba/500/scoreboard/sa.png,5,0,1,0,9,0
nba-401468444,2023,2022-11-27 02:00:00+00:00,UTAH,PHX,112,113,https://a.espncdn.com/i/teamlogos/nba/500/scoreboard/utah.png,https://a.espncdn.com/i/teamlogos/nba/500/scoreboard/phx.png,1,0,1,1,10,0
nba-401547683,2023,2023-05-21 00:30:00+00:00,DEN,LAL,119,108,https://a.espncdn.com/i/teamlogos/nba/500/scoreboard/den.png,https://a.espncdn.com/i/teamlogos/nba/500/scoreboard/lal.png,11,0,0,0,12,1
nba-401438945,2022,2022-05-21 01:00:00+00:00,DAL,GS,117,126,https://a.espncdn.com/i/teamlogos/nba/500/scoreboard/dal.png,https://a.espncdn.com/i/teamlogos/nba/500/scoreboard/gs.png,9,0,1,1,14,1
nba-401365930,2022,2021-10-11 23:00:00+00:00,HOU,TOR,92,107,https://a.espncdn.com/i/teamlogos/nba/500/scoreboard/hou.png,https://a.espncdn.com/i/teamlogos/nba/500/scoreboard/tor.png,15,0,0,0,24,0
nba-401365931,2022,2021-10-11 23:30:00+00:00,CHA,MIA,103,104,https://a.espncdn.com/i/teamlogos/nba/500/scoreboard/cha.png,https://a.espncdn.com/i/teamlogos/nba/500/scoreboard/mia.png,1,0,2,1,6,0
nba-401365932,2022,2021-10-12 00:00:00+00:00,BKN,PHI,104,115,https://a.espncdn.com/i/teamlogos/nba/500/scoreboard/bkn.png,https://a.espncdn.com/i/teamlogos/nba/500/scoreboard/phi.png,11,0,0,0,27,0
nba-401365933,2022,2021-10-12 00:00:00+00:00,DET,MEM,92,127,https://a.espncdn.com/i/teamlogos/nba/500/scoreboard/det.png,https://a.espncdn.com/i/teamlogos/nba/500/scoreboard/mem.png,35,0,0,0,35,0
nba-401365934,2022,2021-10-12 01:00:00+00:00,NO,UTAH,96,127,https://a.espncdn.com/i/teamlogos/nba/500/scoreboard/no.png,https://a.espncdn.com/i/teamlogos/nba/500/scoreboard/utah.png,31,0,0,0,31,0
nba-401365935,2022,2021-10-12 02:00:00+00:00,SAC,POR,107,93,https://a.espncdn.com/i/teamlogos/nba/500/scoreboard/sac.png,https://a.espncdn.com/i/teamlogos/nba/500/scoreboard/por.png,14,0,0,0,14,0
nba-401365936,2022,2021-10-12 02:30:00+00:00,MIN,LAC,128,100,https://a.espncdn.com/i/teamlogos/nba/500/scoreboard/min.png,https://a.espncdn.com/i/teamlogos/nba/500/scoreboard/lac.png,28,0,1,0,28,0
nba-401544849,2023,2023-06-10 00:30:00+00:00,DEN,MIA,108,95,https://a.espncdn.com/i/teamlogos/nba/500/scoreboard/den.png,https://a.espncdn.com/i/teamlogos/nba/500/scoreboard/mia.png,13,0,1,0,13,1
nba-401468016,2023,2022-10-18 23:30:00+00:00,PHI,BOS,117,126,https://a.espncdn.com/i/teamlogos/nba/500/scoreboard/phi.png,https://a.espncdn.com/i/teamlogos/nba/500/scoreboard/bos.png,9,0,1,0,10,0
nba-401468017,2023,2022-10-19 02:00:00+00:00,LAL,GS,109,123,https://a.espncdn.com/i/teamlogos/nba/500/scoreboard/lal.png,https://a.espncdn.com/i/teamlogos/nba/500/scoreboard/gs.png,14,0,0,0,20,0
nba-401591924,2024,2023-10-18 23:30:00+00:00,BKN,MIA,107,104,https://a.espncdn.com/i/teamlogos/nba/500/scoreboard/bkn.png,https://a.espncdn.com/i/teamlogos/nba/500/scoreboard/mia.png,3,0,1,0,5,0
nba-401591925,2024,2023-10-18 23:30:00+00:00,WSH,NY,131,106,https://a.espncdn.com/i/teamlogos/nba/500/scoreboard/wsh.png,https://a.espncdn.com/i/teamlogos/nba/500/scoreboard/ny.png,25,0,1,0,25,0
nba-401591926,2024,2023-10-19 00:00:00+00:00,HOU,SA,103,117,https://a.espncdn.com/i/teamlogos/nba/500/scoreboard/hou.png,https://a.espncdn.com/i/teamlogos/nba/500/scoreboard/sa.png,14,0,0,0,19,0
nba-401591927,2024,2023-10-19 02:00:00+00:00,SAC,GS,115,116,https://a.espncdn.com/i/teamlogos/nba/500/scoreboard/sac.png,https://a.espncdn.com/i/teamlogos/nba/500/scoreboard/gs.png,1,0,1,1,13,0
nba-401360552,2022,2022-01-28 00:30:00+00:00,LAL,PHI,87,105,https://a.espncdn.com/i/teamlogos/nba/500/scoreboard/lal.png,https://a.espncdn.com/i/teamlogos/nba/500/scoreboard/phi.png,18,0,0,0,20,0
nba-401360553,2022,2022-01-28 03:00:00+00:00,MIN,GS,115,124,https://a.espncdn.com/i/teamlogos/nba/500/scoreboard/min.png,https://a.espncdn.com/i/teamlogos/nba/500/scoreboard/gs.png,9,0,1,0,14,0
nba-401585445,2024,2024-02-25 18:00:00+00:00,MIL,PHI,119,98,https://a.espncdn.com/i/teamlogos/nba/500/scoreboard/mil.png,https://a.espncdn.com/i/teamlogos/nba/500/scoreboard/phi.png,21,0,0,0,21,0
nba-401585446,2024,2024-02-25 20:30:00+00:00,LAL,PHX,113,123,https://a.espncdn.com/i/teamlogos/nba/500/scoreboard/lal.png,https://a.espncdn.com/i/teamlogos/nba/500/scoreboard/phx.png,10,0,0,0,17,0
nba-401585447,2024,2024-02-25 22:00:00+00:00,DAL,IND,111,133,https://a.espncdn.com/i/teamlogos/nba/500/scoreboard/dal.png,https://a.espncdn.com/i/teamlogos/nba/500/scoreboard/ind.png,22,0,0,0,22,0
nba-401585448,2024,2024-02-25 23:00:00+00:00,CLE,WSH,114,105,https://a.espncdn.com/i/teamlogos/nba/500/scoreboard/cle.png,https://a.espncdn.com/i/teamlogos/nba/500/scoreboard/wsh.png,9,0,1,0,9,0
nba-401585449,2024,2024-02-26 00:00:00+00:00,ORL,ATL,92,109,https://a.espncdn.com/i/teamlogos/nba/500/scoreboard/orl.png,https://a.espncdn.com/i/teamlogos/nba/500/scoreboard/atl.png,17,0,1,0,17,0
nba-401585450,2024,2024-02-26 00:00:00+00:00,OKC,HOU,123,110,https://a.espncdn.com/i/teamlogos/nba/500/scoreboard/okc.png,https://a.espncdn.com/i/teamlogos/nba/500/scoreboard/hou.png,13,0,1,0,13,0
nba-401585451,2024,2024-02-26 00:00:00+00:00,CHI,NO,114,106,https://a.espncdn.com/i/teamlogos/nba/500/scoreboard/chi.png,https://a.espncdn.com/i/teamlogos/nba/500/scoreboard/no.png,8,0,2,1,8,0
nba-401585452,2024,2024-02-26 00:00:00+00:00,DEN,GS,119,103,https://a.espncdn.com/i/teamlogos/nba/500/scoreboard/den.png,https://a.espncdn.com/i/teamlogos/nba/500/scoreboard/gs.png,16,0,1,0,16,0
nba-401585453,2024,2024-02-26 01:00:00+00:00,SA,UTAH,109,128,https://a.espncdn.com/i/teamlogos/nba/500/scoreboard/sa.png,https://a.espncdn.com/i/teamlogos/nba/500/scoreboard/utah.png,19,0,0,0,24,0
nba-401585454,2024,2024-02-26 02:00:00+00:00,CHA,POR,93,80,https://a.espncdn.com/i/teamlogos/nba/500/scoreboard/cha.png,https://a.espncdn.com/i/teamlogos/nba/500/scoreboard/por.png,13,0,0,0,13,0
nba-401585455,2024,2024-02-26 02:30:00+00:00,SAC,LAC,123,107,https://a.espncdn.com/i/teamlogos/nba/500/scoreboard/sac.png,https://a.espncdn.com/i/teamlogos/nba/500/scoreboard/lac.png,16,0,1,0,16,0
nba-401468891,2023,2023-01-28 00:00:00+00:00,MIL,IND,141,131,https://a.espncdn.com/i/teamlogos/nba/500/scoreboard/mil.png,https://a.espncdn.com/i/teamlogos/nba/500/scoreboard/ind.png,10,0,0,0,29,0
nba-401468892,2023,2023-01-28 00:30:00+00:00,MEM,MIN,100,111,https://a.espncdn.com/i/teamlogos/nba/500/scoreboard/mem.png,https://a.espncdn.com/i/teamlogos/nba/500/scoreboard/min.png,11,0,0,0,11,0
nba-401468893,2023,2023-01-28 01:00:00+00:00,ORL,MIA,105,110,https://a.espncdn.com/i/teamlogos/nba/500/scoreboard/orl.png,https://a.espncdn.com/i/teamlogos/nba/500/scoreboard/mia.png,5,0,1,1,9,0
nba-401468894,2023,2023-01-28 01:00:00+00:00,CLE,OKC,100,112,https://a.espncdn.com/i/teamlogos/nba/500/scoreboard/cle.png,https://a.espncdn.com/i/teamlogos/nba/500/scoreboard/okc.png,12,0,2,0,12,0
nba-401468895,2023,2023-01-28 03:00:00+00:00,TOR,GS,117,129,https://a.espncdn.com/i/teamlogos/nba/500/scoreboard/tor.png,https://a.espncdn.com/i/teamlogos/nba/500/scoreboard/gs.png,12,0,1,0,12,0
nba-401468634,2023,2022-12-24 00:00:00+00:00,SA,ORL,113,133,https://a.espncdn.com/i/teamlogos/nba/500/scoreboard/sa.png,https://a.espncdn.com/i/teamlogos/nba/500/scoreboard/orl.png,20,0,0,0,20,0
nba-401468635,2023,2022-12-24 00:00:00+00:00,LAC,PHI,114,119,https://a.espncdn.com/i/teamlogos/nba/500/scoreboard/lac.png,https://a.espncdn.com/i/teamlogos/nba/500/scoreboard/phi.png,5,0,1,0,12,0
nba-401468636,2023,2022-12-24 00:30:00+00:00,DET,ATL,105,130,https://a.espncdn.com/i/teamlogos/nba/500/scoreboard/det.png,https://a.espncdn.com/i/teamlogos/nba/500/scoreboard/atl.png,25,0,1,0,25,0
nba-401468637,2023,2022-12-24 00:30:00+00:00,MIN,BOS,109,121,https://a.espncdn.com/i/teamlogos/nba/500/scoreboard/min.png,https://a.espncdn.com/i/teamlogos/nba/500/scoreboard/bos.png,12,0,1,0,12,0
nba-401468638,2023,2022-12-24 00:30:00+00:00,MIL,BKN,100,118,https://a.espncdn.com/i/teamlogos/nba/500/scoreboard/mil.png,https://a.espncdn.com/i/teamlogos/nba/500/scoreboard/bkn.png,18,0,0,0,18,0
nba-401468639,2023,2022-12-24 00:30:00+00:00,TOR,CLE,118,107,https://a.espncdn.com/i/teamlogos/nba/500/scoreboard/tor.png,https://a.espncdn.com/i/teamlogos/nba/500/scoreboard/cle.png,11,0,0,0,20,0
nba-401468640,2023,2022-12-24 00:30:00+00:00,CHI,NY,118,117,https://a.espncdn.com/i/teamlogos/nba/500/scoreboard/chi.png,https://a.espncdn.com/i/teamlogos/nba/500/scoreboard/ny.png,1,0,2,1,7,0
nba-401468641,2023,2022-12-24 01:00:00+00:00,IND,MIA,111,108,https://a.espncdn.com/i/teamlogos/nba/500/scoreboard/ind.png,https://a.espncdn.com/i/teamlogos/nba/500/scoreboard/mia.png,3,0,2,0,3,0
nba-401468642,2023,2022-12-24 01:00:00+00:00,DAL,HOU,112,106,https://a.espncdn.com/i/teamlogos/nba/500/scoreboard/dal.png,https://a.espncdn.com/i/teamlogos/nba/500/scoreboard/hou.png,6,0,2,1,11,0
nba-401468643,2023,2022-12-24 01:00:00+00:00,NO,OKC,128,125,https://a.espncdn.com/i/teamlogos/nba/500/scoreboard/no.png,https://a.espncdn.com/i/teamlogos/nba/500/scoreboard/okc.png,3,1,0,0,18,0
nba-401468644,2023,2022-12-24 02:00:00+00:00,POR,DEN,107,120,https://a.espncdn.com/i/teamlogos/nba/500/scoreboard/por.png,https://a.espncdn.com/i/teamlogos/nba/500/scoreboard/den.png,13,0,2,0,13,0
nba-401468645,2023,2022-12-24 03:00:00+00:00,MEM,PHX,125,100,https://a.espncdn.com/i/teamlogos/nba/500/scoreboard/mem.png,https://a.espncdn.com/i/teamlogos/nba/500/scoreboard/phx.png,25,0,0,0,28,0
nba-401468646,2023,2022-12-24 03:00:00+00:00,WSH,SAC,125,111,https://a.espncdn.com/i/teamlogos/nba/500/scoreboard/wsh.png,https://a.espncdn.com/i/teamlogos/nba/500/scoreboard/sac.png,14,0,0,0,19,0
nba-401468647,2023,2022-12-24 03:30:00+00:00,CHA,LAL,134,130,https://a.espncdn.com/i/teamlogos/nba/500/scoreboard/cha.png,https://a.espncdn.com/i/teamlogos/nba/500/scoreboard/lal.png,4,0,1,0,10,0
nba-401585016,2024,2023-12-23 17:30:00+00:00,MIL,NY,130,111,https://a.espncdn.com/i/teamlogos/nba/500/scoreboard/mil.png,https://a.espncdn.com/i/teamlogos/nba/500/scoreboard/ny.png,19,0,0,0,19,0
nba-401585017,2024,2023-12-23 20:30:00+00:00,BOS,LAC,145,108,https://a.espncdn.com/i/teamlogos/nba/500/scoreboard/bos.png,https://a.espncdn.com/i/teamlogos/nba/500/scoreboard/lac.png,37,0,0,0,37,0
nba-401585018,2024,2023-12-24 00:00:00+00:00,DEN,CHA,102,95,https://a.espncdn.com/i/teamlogos/nba/500/scoreboard/den.png,https://a.espncdn.com/i/teamlogos/nba/500/scoreboard/cha.png,7,0,1,0,15,0
nba-401585019,2024,2023-12-24 00:00:00+00:00,ORL,IND,117,110,https://a.espncdn.com/i/teamlogos/nba/500/scoreboard/orl.png,https://a.espncdn.com/i/teamlogos/nba/500/scoreboard/ind.png,7,0,0,0,14,0
nba-401585020,2024,2023-12-24 00:00:00+00:00,HOU,NO,106,104,https://a.espncdn.com/i/teamlogos/nba/500/scoreboard/hou.png,https://a.espncdn.com/i/teamlogos/nba/500/scoreboard/no.png,2,0,2,1,5,0
nba-401585021,2024,2023-12-24 00:30:00+00:00,MEM,ATL,125,119,https://a.espncdn.com/i/teamlogos/nba/500/scoreboard/mem.png,https://a.espncdn.com/i/teamlogos/nba/500/scoreboard/atl.png,6,0,1,1,10,0
nba-401585022,2024,2023-12-24 00:30:00+00:00,DET,BKN,115,126,https://a.espncdn.com/i/teamlogos/nba/500/scoreboard/det.png,https://a.espncdn.com/i/teamlogos/nba/500/scoreboard/bkn.png,11,0,0,0,16,0
nba-401585023,2024,2023-12-24 00:30:00+00:00,UTAH,TOR,126,119,https://a.espncdn.com/i/teamlogos/nba/500/scoreboard/utah.png,https://a.espncdn.com/i/teamlogos/nba/500/scoreboard/tor.png,7,0,1,1,16,0
nba-401585024,2024,2023-12-24 01:00:00+00:00,CLE,CHI,109,95,https://a.espncdn.com/i/teamlogos/nba/500/scoreboard/cle.png,https://a.espncdn.com/i/teamlogos/nba/500/scoreboard/chi.png,14,0,0,0,14,0
nba-401585025,2024,2023-12-24 01:00:00+00:00,LAL,OKC,129,120,https://a.espncdn.com/i/teamlogos/nba/500/scoreboard/lal.png,https://a.espncdn.com/i/teamlogos/nba/500/scoreboard/okc.png,9,0,1,0,16,0
nba-401585026,2024,2023-12-24 01:30:00+00:00,SA,DAL,119,144,https://a.espncdn.com/i/teamlogos/nba/500/scoreboard/sa.png,https://a.espncdn.com/i/teamlogos/nba/500/scoreboard/dal.png,25,0,0,0,31,0
nba-401585027,2024,2023-12-24 01:30:00+00:00,POR,GS,106,126,https://a.espncdn.com/i/teamlogos/nba/500/scoreboard/por.png,https://a.espncdn.com/i/teamlogos/nba/500/scoreboard/gs.png,20,0,1,0,20,0
nba-401585028,2024,2023-12-24 03:00:00+00:00,MIN,SAC,110,98,https://a.espncdn.com/i/teamlogos/nba/500/scoreboard/min.png,https://a.espncdn.com/i/teamlogos/nba/500/scoreboard/sac.png,12,0,0,0,12,0
nba-401654660,2024,2024-04-19 23:00:00+00:00,CHI,MIA,91,112,https://a.espncdn.com/i/teamlogos/nba/500/scoreboard/chi.png,https://a.espncdn.com/i/teamlogos/nba/500/scoreboard/mia.png,21,0,0,0,22,0
nba-401654661,2024,2024-04-20 01:30:00+00:00,SAC,NO,98,105,https://a.espncdn.com/i/teamlogos/nba/500/scoreboard/sac.png,https://a.espncdn.com/i/teamlogos/nba/500/scoreboard/no.png,7,0,1,0,9,0
nba-401359932,2022,2021-11-03 23:00:00+00:00,POR,CLE,104,107,https://a.espncdn.com/i/teamlogos/nba/500/scoreboard/por.png,https://a.espncdn.com/i/teamlogos/nba/500/scoreboard/cle.png,3,0,1,0,10,0
nba-401359933,2022,2021-11-03 23:00:00+00:00,NY,IND,98,111,https://a.espncdn.com/i/teamlogos/nba/500/scoreboard/ny.png,https://a.espncdn.com/i/teamlogos/nba/500/scoreboard/ind.png,13,0,0,0,14,0
nba-401359934,2022,2021-11-03 23:00:00+00:00,BOS,ORL,92,79,https://a.espncdn.com/i/teamlogos/nba/500/scoreboard/bos.png,https://a.espncdn.com/i/teamlogos/nba/500/scoreboard/orl.png,13,0,1,0,19,0
nba-401359935,2022,2021-11-03 23:00:00+00:00,CHI,PHI,98,103,https://a.espncdn.com/i/teamlogos/nba/500/scoreboard/chi.png,https://a.espncdn.com/i/teamlogos/nba/500/scoreboard/phi.png,5,0,0,0,14,0
nba-401359936,2022,2021-11-03 23:00:00+00:00,TOR,WSH,109,100,https://a.espncdn.com/i/teamlogos/nba/500/scoreboard/tor.png,https://a.espncdn.com/i/teamlogos/nba/500/scoreboard/wsh.png,9,0,0,0,11,0
nba-401359937,2022,2021-11-03 23:30:00+00:00,ATL,BKN,108,117,https://a.espncdn.com/i/teamlogos/nba/500/scoreboard/atl.png,https://a.espncdn.com/i/teamlogos/nba/500/scoreboard/bkn.png,9,0,0,0,16,0
nba-401359938,2022,2021-11-04 00:00:00+00:00,DEN,MEM,106,108,https://a.espncdn.com/i/teamlogos/nba/500/scoreboard/den.png,https://a.espncdn.com/i/teamlogos/nba/500/scoreboard/mem.png,2,0,2,1,18,0
nba-401359939,2022,2021-11-04 00:00:00+00:00,LAC,MIN,126,115,https://a.espncdn.com/i/teamlogos/nba/500/scoreboard/lac.png,https://a.espncdn.com/i/teamlogos/nba/500/scoreboard/min.png,11,0,0,0,15,0
nba-401359940,2022,2021-11-04 00:30:00+00:00,DAL,SA,109,108,https://a.espncdn.com/i/teamlogos/nba/500/scoreboard/dal.png,https://a.espncdn.com/i/teamlogos/nba/500/scoreboard/sa.png,1,0,2,1,2,0
nba-401359941,2022,2021-11-04 02:00:00+00:00,CHA,GS,92,114,https://a.espncdn.com/i/teamlogos/nba/500/scoreboard/cha.png,https://a.espncdn.com/i/teamlogos/nba/500/scoreboard/gs.png,22,0,1,0,22,0
nba-401359942,2022,2021-11-04 02:00:00+00:00,NO,SAC,99,112,https://a.espncdn.com/i/teamlogos/nba/500/scoreboard/no.png,https://a.espncdn.com/i/teamlogos/nba/500/scoreboard/sac.png,13,0,0,0,13,0
nba-401468919,2023,2023-02-01 00:00:00+00:00,MIA,CLE,100,97,https://a.espncdn.com/i/teamlogos/nba/500/scoreboard/mia.png,https://a.espncdn.com/i/teamlogos/nba/500/scoreboard/cle.png,3,0,1,0,3,0
nba-401468920,2023,2023-02-01 00:30:00+00:00,LAL,NY,129,123,https://a.espncdn.com/i/teamlogos/nba/500/scoreboard/lal.png,https://a.espncdn.com/i/teamlogos/nba/500/scoreboard/ny.png,6,1,2,0,6,0
nba-401468921,2023,2023-02-01 01:00:00+00:00,LAC,CHI,108,103,https://a.espncdn.com/i/teamlogos/nba/500/scoreboard/lac.png,https://a.espncdn.com/i/teamlogos/nba/500/scoreboard/chi.png,5,0,1,0,12,0
nba-401468922,2023,2023-02-01 01:00:00+00:00,CHA,MIL,115,124,https://a.espncdn.com/i/teamlogos/nba/500/scoreboard/cha.png,https://a.espncdn.com/i/teamlogos/nba/500/scoreboard/mil.png,9,0,0,0,9,0
nba-401468923,2023,2023-02-01 03:00:00+00:00,NO,DEN,113,122,https://a.espncdn.com/i/teamlogos/nba/500/scoreboard/no.png,https://a.espncdn.com/i/teamlogos/nba/500/scoreboard/den.png,9,0,1,0,9,0
nba-401360578,2022,2022-02-01 00:00:00+00:00,NO,CLE,90,93,https://a.espncdn.com/i/teamlogos/nba/500/scoreboard/no.png,https://a.espncdn.com/i/teamlogos/nba/500/scoreboard/cle.png,3,0,1,1,6,0
nba-401360579,2022,2022-02-01 00:00:00+00:00,LAC,IND,116,122,https://a.espncdn.com/i/teamlogos/nba/500/scoreboard/lac.png,https://a.espncdn.com/i/teamlogos/nba/500/scoreboard/ind.png,6,0,2,1,6,0
nba-401360580,2022,2022-02-01 00:00:00+00:00,MEM,PHI,119,122,https://a.espncdn.com/i/teamlogos/nba/500/scoreboard/mem.png,https://a.espncdn.com/i/teamlogos/nba/500/scoreboard/phi.png,3,1,0,0,9,0
nba-401360581,2022,2022-02-01 00:30:00+00:00,MIA,BOS,92,122,https://a.espncdn.com/i/teamlogos/nba/500/scoreboard/mia.png,https://a.espncdn.com/i/teamlogos/nba/500/scoreboard/bos.png,30,0,0,0,30,0
nba-401360582,2022,2022-02-01 00:30:00+00:00,SAC,NY,96,116,https://a.espncdn.com/i/teamlogos/nba/500/scoreboard/sac.png,https://a.espncdn.com/i/teamlogos/nba/500/scoreboard/ny.png,20,0,0,0,20,0
nba-401360586,2022,2022-02-01 00:30:00+00:00,TOR,ATL,106,100,https://a.espncdn.com/i/teamlogos/nba/500/scoreboard/tor.png,https://a.espncdn.com/i/teamlogos/nba/500/scoreboard/atl.png,6,0,2,0,9,0
nba-401360583,2022,2022-02-01 01:00:00+00:00,GS,HOU,122,108,https://a.espncdn.com/i/teamlogos/nba/500/scoreboard/gs.png,https://a.espncdn.com/i/teamlogos/nba/500/scoreboard/hou.png,14,0,1,0,14,0
nba-401360584,2022,2022-02-01 01:00:00+00:00,POR,OKC,81,98,https://a.espncdn.com/i/teamlogos/nba/500/scoreboard/por.png,https://a.espncdn.com/i/teamlogos/nba/500/scoreboard/okc.png,17,0,1,0,17,0
nba-401430249,2022,2022-04-24 17:00:00+00:00,MIL,CHI,119,95,https://a.espncdn.com/i/teamlogos/nba/500/scoreboard/mil.png,https://a.espncdn.com/i/teamlogos/nba/500/scoreboard/chi.png,24,0,0,0,24,1
nba-401430253,2022,2022-04-24 19:30:00+00:00,GS,DEN,121,126,https://a.espncdn.com/i/teamlogos/nba/500/scoreboard/gs.png,https://a.espncdn.com/i/teamlogos/nba/500/scoreboard/den.png,5,0,0,0,11,1
nba-401430218,2022,2022-04-24 23:00:00+00:00,MIA,ATL,110,86,https://a.espncdn.com/i/teamlogos/nba/500/scoreboard/mia.png,https://a.espncdn.com/i/teamlogos/nba/500/scoreboard/atl.png,24,0,1,0,24,1
nba-401430225,2022,2022-04-25 01:30:00+00:00,PHX,NO,103,118,https://a.espncdn.com/i/teamlogos/nba/500/scoreboard/phx.png,https://a.espncdn.com/i/teamlogos/nba/500/scoreboard/no.png,15,0,2,0,15,1
nba-401541187,2023,2023-04-24 23:30:00+00:00,MIL,MIA,114,119,https://a.espncdn.com/i/teamlogos/nba/500/scoreboard/mil.png,https://a.espncdn.com/i/teamlogos/nba/500/scoreboard/mia.png,5,0,1,1,11,1
nba-401541184,2023,2023-04-25 02:00:00+00:00,MEM,LAL,111,117,https://a.espncdn.com/i/teamlogos/nba/500/scoreboard/mem.png,https://a.espncdn.com/i/teamlogos/nba/500/scoreboard/lal.png,6,1,2,1,6,1
nba-401360023,2022,2021-11-16 00:00:00+00:00,BOS,CLE,98,92,https://a.espncdn.com/i/teamlogos/nba/500/scoreboard/bos.png,https://a.espncdn.com/i/teamlogos/nba/500/scoreboard/cle.png,6,0,1,0,6,0
nba-401360024,2022,2021-11-16 00:00:00+00:00,SAC,DET,129,107,https://a.espncdn.com/i/teamlogos/nba/500/scoreboard/sac.png,https://a.espncdn.com/i/teamlogos/nba/500/scoreboard/det.png,22,0,0,0,24,0
nba-401360025,2022,2021-11-16 00:00:00+00:00,NO,WSH,100,105,https://a.espncdn.com/i/teamlogos/nba/500/scoreboard/no.png,https://a.espncdn.com/i/teamlogos/nba/500/scoreboard/wsh.png,5,0,1,1,17,0
nba-401360026,2022,2021-11-16 00:30:00+00:00,ORL,ATL,111,129,https://a.espncdn.com/i/teamlogos/nba/500/scoreboard/orl.png,https://a.espncdn.com/i/teamlogos/nba/500/scoreboard/atl.png,18,0,1,0,18,0
nba-401360027,2022,2021-11-16 00:30:00+00:00,IND,NY,84,92,https://a.espncdn.com/i/teamlogos/nba/500/scoreboard/ind.png,https://a.espncdn.com/i/teamlogos/nba/500/scoreboard/ny.png,8,0,1,1,8,0
nba-401360028,2022,2021-11-16 01:00:00+00:00,DEN,DAL,101,111,https://a.espncdn.com/i/teamlogos/nba/500/scoreboard/den.png,https://a.espncdn.com/i/teamlogos/nba/500/scoreboard/dal.png,10,0,2,1,10,0
nba-401360029,2022,2021-11-16 01:00:00+00:00,HOU,MEM,102,136,https://a.espncdn.com/i/teamlogos/nba/500/scoreboard/hou.png,https://a.espncdn.com/i/teamlogos/nba/500/scoreboard/mem.png,34,0,0,0,34,0
nba-401360030,2022,2021-11-16 01:00:00+00:00,PHX,MIN,99,96,https://a.espncdn.com/i/teamlogos/nba/500/scoreboard/phx.png,https://a.espncdn.com/i/teamlogos/nba/500/scoreboard/min.png,3,0,1,0,4,0
nba-401360031,2022,2021-11-16 01:00:00+00:00,MIA,OKC,103,90,https://a.espncdn.com/i/teamlogos/nba/500/scoreboard/mia.png,https://a.espncdn.com/i/teamlogos/nba/500/scoreboard/okc.png,13,0,1,0,13,0
nba-401360032,2022,2021-11-16 03:00:00+00:00,TOR,POR,113,118,https://a.espncdn.com/i/teamlogos/nba/500/scoreboard/tor.png,https://a.espncdn.com/i/teamlogos/nba/500/scoreboard/por.png,5,0,1,0,9,0
nba-401360033,2022,2021-11-16 03:30:00+00:00,CHI,LAL,121,103,https://a.espncdn.com/i/teamlogos/nba/500/scoreboard/chi.png,https://a.espncdn.com/i/teamlogos/nba/500/scoreboard/lal.png,18,0,0,0,21,0
nba-401585632,2024,2024-03-21 23:00:00+00:00,NO,ORL,106,121,https://a.espncdn.com/i/teamlogos/nba/500/scoreboard/no.png,https://a.espncdn.com/i/teamlogos/nba/500/scoreboard/orl.png,15,0,1,0,20,0
nba-401585633,2024,2024-03-21 23:00:00+00:00,SAC,WSH,102,109,https://a.espncdn.com/i/teamlogos/nba/500/scoreboard/sac.png,https://a.espncdn.com/i/teamlogos/nba/500/scoreboard/wsh.png,7,0,0,0,8,0
nba-401585634,2024,2024-03-22 00:00:00+00:00,CHI,HOU,117,127,https://a.espncdn.com/i/teamlogos/nba/500/scoreboard/chi.png,https://a.espncdn.com/i/teamlogos/nba/500/scoreboard/hou.png,10,0,0,0,14,0
nba-401585635,2024,2024-03-22 00:00:00+00:00,BKN,MIL,108,115,https://a.espncdn.com/i/teamlogos/nba/500/scoreboard/bkn.png,https://a.espncdn.com/i/teamlogos/nba/500/scoreboard/mil.png,7,0,0,0,16,0
nba-401585636,2024,2024-03-22 00:30:00+00:00,UTAH,DAL,97,113,https://a.espncdn.com/i/teamlogos/nba/500/scoreboard/utah.png,https://a.espncdn.com/i/teamlogos/nba/500/scoreboard/dal.png,16,0,1,0,16,0
nba-401585637,2024,2024-03-22 01:00:00+00:00,NY,DEN,100,113,https://a.espncdn.com/i/teamlogos/nba/500/scoreboard/ny.png,https://a.espncdn.com/i/teamlogos/nba/500/scoreboard/den.png,13,0,0,0,13,0
nba-401585638,2024,2024-03-22 02:30:00+00:00,ATL,PHX,115,128,https://a.espncdn.com/i/teamlogos/nba/500/scoreboard/atl.png,https://a.espncdn.com/i/teamlogos/nba/500/scoreboard/phx.png,13,0,1,0,13,0
nba-401365913,2022,2021-10-07 23:00:00+00:00,MEM,CHA,128,98,https://a.espncdn.com/i/teamlogos/nba/500/scoreboard/mem.png,https://a.espncdn.com/i/teamlogos/nba/500/scoreboard/cha.png,30,0,0,0,31,0
nba-401365914,2022,2021-10-07 23:00:00+00:00,TOR,PHI,113,125,https://a.espncdn.com/i/teamlogos/nba/500/scoreboard/tor.png,https://a.espncdn.com/i/teamlogos/nba/500/scoreboard/phi.png,12,0,0,0,18,0
nba-401365915,2022,2021-10-08 02:00:00+00:00,MIA,HOU,113,106,https://a.espncdn.com/i/teamlogos/nba/500/scoreboard/mia.png,https://a.espncdn.com/i/teamlogos/nba/500/scoreboard/hou.png,7,0,0,0,21,0
nba-401360228,2022,2021-12-14 00:00:00+00:00,MIA,CLE,94,105,https://a.espncdn.com/i/teamlogos/nba/500/scoreboard/mia.png,https://a.espncdn.com/i/teamlogos/nba/500/scoreboard/cle.png,11,0,1,0,11,0
nba-401360229,2022,2021-12-14 00:00:00+00:00,GS,IND,102,100,https://a.espncdn.com/i/teamlogos/nba/500/scoreboard/gs.png,https://a.espncdn.com/i/teamlogos/nba/500/scoreboard/ind.png,2,0,1,1,8,0
nba-401360230,2022,2021-12-14 00:00:00+00:00,SAC,TOR,101,124,https://a.espncdn.com/i/teamlogos/nba/500/scoreboard/sac.png,https://a.espncdn.com/i/teamlogos/nba/500/scoreboard/tor.png,23,0,0,0,25,0
nba-401360231,2022,2021-12-14 00:30:00+00:00,HOU,ATL,132,126,https://a.espncdn.com/i/teamlogos/nba/500/scoreboard/hou.png,https://a.espncdn.com/i/teamlogos/nba/500/scoreboard/atl.png,6,0,1,1,13,0
nba-401360232,2022,2021-12-14 00:30:00+00:00,MIL,BOS,103,117,https://a.espncdn.com/i/teamlogos/nba/500/scoreboard/mil.png,https://a.espncdn.com/i/teamlogos/nba/500/scoreboard/bos.png,14,0,1,0,14,0
nba-401360233,2022,2021-12-14 01:00:00+00:00,PHI,MEM,91,126,https://a.espncdn.com/i/teamlogos/nba/500/scoreboard/phi.png,https://a.espncdn.com/i/teamlogos/nba/500/scoreboard/mem.png,35,0,0,0,35,0
nba-401360234,2022,2021-12-14 01:30:00+00:00,CHA,DAL,96,120,https://a.espncdn.com/i/teamlogos/nba/500/scoreboard/cha.png,https://a.espncdn.com/i/teamlogos/nba/500/scoreboard/dal.png,24,0,0,0,27,0
nba-401360235,2022,2021-12-14 02:00:00+00:00,WSH,DEN,107,113,https://a.espncdn.com/i/teamlogos/nba/500/scoreboard/wsh.png,https://a.espncdn.com/i/teamlogos/nba/500/scoreboard/den.png,6,0,0,0,21,0
nba-401360236,2022,2021-12-14 03:30:00+00:00,PHX,LAC,95,111,https://a.espncdn.com/i/teamlogos/nba/500/scoreboard/phx.png,https://a.espncdn.com/i/teamlogos/nba/500/scoreboard/lac.png,16,0,0,0,16,0
nba-401654757,2024,2024-04-20 17:00:00+00:00,ORL,CLE,83,97,https://a.espncdn.com/i/teamlogos/nba/500/scoreboard/orl.png,https://a.espncdn.com/i/teamlogos/nba/500/scoreboard/cle.png,14,0,0,0,15,1
nba-401654759,2024,2024-04-20 19:30:00+00:00,PHX,MIN,95,120,https://a.espncdn.com/i/teamlogos/nba/500/scoreboard/phx.png,https://a.espncdn.com/i/teamlogos/nba/500/scoreboard/min.png,25,0,1,0,25,1
nba-401654756,2024,2024-04-20 22:00:00+00:00,PHI,NY,104,111,https://a.espncdn.com/i/teamlogos/nba/500/scoreboard/phi.png,https://a.espncdn.com/i/teamlogos/nba/500/scoreboard/ny.png,7,0,3,1,12,1
nba-401654758,2024,2024-04-21 00:30:00+00:00,LAL,DEN,103,114,https://a.espncdn.com/i/teamlogos/nba/500/scoreboard/lal.png,https://a.espncdn.com/i/teamlogos/nba/500/scoreboard/den.png,11,0,1,0,11,1
nba-401438131,2022,2022-05-20 00:30:00+00:00,BOS,MIA,127,102,https://a.espncdn.com/i/teamlogos/nba/500/scoreboard/bos.png,https://a.espncdn.com/i/teamlogos/nba/500/scoreboard/mia.png,25,0,0,0,25,1
nba-401547672,2023,2023-05-20 00:30:00+00:00,MIA,BOS,111,105,https://a.espncdn.com/i/teamlogos/nba/500/scoreboard/mia.png,https://a.espncdn.com/i/teamlogos/nba/500/scoreboard/bos.png,6,0,3,1,8,1
nba-401469262,2023,2023-03-25 21:00:00+00:00,IND,ATL,130,143,https://a.espncdn.com/i/teamlogos/nba/500/scoreboard/ind.png,https://a.espncdn.com/i/teamlogos/nba/500/scoreboard/atl.png,13,0,2,0,13,0
nba-401469263,2023,2023-03-26 00:00:00+00:00,BKN,MIA,129,100,https://a.espncdn.com/i/teamlogos/nba/500/scoreboard/bkn.png,https://a.espncdn.com/i/teamlogos/nba/500/scoreboard/mia.png,29,0,1,0,29,0
nba-401469264,2023,2023-03-26 01:00:00+00:00,MIL,DEN,106,129,https://a.espncdn.com/i/teamlogos/nba/500/scoreboard/mil.png,https://a.espncdn.com/i/teamlogos/nba/500/scoreboard/den.png,23,0,1,0,23,0
nba-401469265,2023,2023-03-26 02:00:00+00:00,PHI,PHX,105,125,https://a.espncdn.com/i/teamlogos/nba/500/scoreboard/phi.png,https://a.espncdn.com/i/teamlogos/nba/500/scoreboard/phx.png,20,0,0,0,20,0
nba-401469266,2023,2023-03-26 02:00:00+00:00,UTAH,SAC,113,121,https://a.espncdn.com/i/teamlogos/nba/500/scoreboard/utah.png,https://a.espncdn.com/i/teamlogos/nba/500/scoreboard/sac.png,8,0,2,0,12,0
nba-401469267,2023,2023-03-26 02:30:00+00:00,NO,LAC,131,110,https://a.espncdn.com/i/teamlogos/nba/500/scoreboard/no.png,https://a.espncdn.com/i/teamlogos/nba/500/scoreboard/lac.png,21,0,0,0,21,0
nba-401359889,2022,2021-10-28 23:00:00+00:00,DET,PHI,102,110,https://a.espncdn.com/i/teamlogos/nba/500/scoreboard/det.png,https://a.espncdn.com/i/teamlogos/nba/500/scoreboard/phi.png,8,0,1,0,12,0
nba-401359890,2022,2021-10-28 23:00:00+00:00,ATL,WSH,111,122,https://a.espncdn.com/i/teamlogos/nba/500/scoreboard/atl.png,https://a.espncdn.com/i/teamlogos/nba/500/scoreboard/wsh.png,11,0,0,0,14,0
nba-401359891,2022,2021-10-29 00:00:00+00:00,NY,CHI,104,103,https://a.espncdn.com/i/teamlogos/nba/500/scoreboard/ny.png,https://a.espncdn.com/i/teamlogos/nba/500/scoreboard/chi.png,1,0,0,0,9,0
nba-401359892,2022,2021-10-29 00:00:00+00:00,UTAH,HOU,122,91,https://a.espncdn.com/i/teamlogos/nba/500/scoreboard/utah.png,https://a.espncdn.com/i/teamlogos/nba/500/scoreboard/hou.png,31,0,0,0,31,0
nba-401359893,2022,2021-10-29 00:30:00+00:00,SA,DAL,99,104,https://a.espncdn.com/i/teamlogos/nba/500/scoreboard/sa.png,https://a.espncdn.com/i/teamlogos/nba/500/scoreboard/dal.png,5,0,1,0,10,0
nba-401359894,2022,2021-10-29 02:00:00+00:00,MEM,GS,104,101,https://a.espncdn.com/i/teamlogos/nba/500/scoreboard/mem.png,https://a.espncdn.com/i/teamlogos/nba/500/scoreboard/gs.png,3,1,1,1,17,0
nba-401360919,2022,2022-03-25 23:00:00+00:00,UTAH,CHA,101,107,https://a.espncdn.com/i/teamlogos/nba/500/scoreboard/utah.png,https://a.espncdn.com/i/teamlogos/nba/500/scoreboard/cha.png,6,0,3,1,6,0
nba-401360920,2022,2022-03-25 23:00:00+00:00,WSH,DET,100,97,https://a.espncdn.com/i/teamlogos/nba/500/scoreboard/wsh.png,https://a.espncdn.com/i/teamlogos/nba/500/scoreboard/det.png,3,0,0,0,16,0
nba-401360921,2022,2022-03-25 23:30:00+00:00,GS,ATL,110,121,https://a.espncdn.com/i/teamlogos/nba/500/scoreboard/gs.png,https://a.espncdn.com/i/teamlogos/nba/500/scoreboard/atl.png,11,0,1,0,18,0
nba-401360922,2022,2022-03-26 00:00:00+00:00,NY,MIA,111,103,https://a.espncdn.com/i/teamlogos/nba/500/scoreboard/ny.png,https://a.espncdn.com/i/teamlogos/nba/500/scoreboard/mia.png,8,0,1,1,15,0
nba-401360923,2022,2022-03-26 00:00:00+00:00,DAL,MIN,95,116,https://a.espncdn.com/i/teamlogos/nba/500/scoreboard/dal.png,https://a.espncdn.com/i/teamlogos/nba/500/scoreboard/min.png,21,0,0,0,22,0
nba-401360924,2022,2022-03-26 02:00:00+00:00,HOU,POR,125,106,https://a.espncdn.com/i/teamlogos/nba/500/scoreboard/hou.png,https://a.espncdn.com/i/teamlogos/nba/500/scoreboard/por.png,19,0,0,0,19,0
nba-401360925,2022,2022-03-26 02:30:00+00:00,PHI,LAC,122,97,https://a.espncdn.com/i/teamlogos/nba/500/scoreboard/phi.png,https://a.espncdn.com/i/teamlogos/nba/500/scoreboard/lac.png,25,0,0,0,25,0
nba-401468172,2023,2022-10-21 23:00:00+00:00,NO,CHA,124,112,https://a.espncdn.com/i/teamlogos/nba/500/scoreboard/no.png,https://a.espncdn.com/i/teamlogos/nba/500/scoreboard/cha.png,12,0,0,0,12,0
nba-401468173,2023,2022-10-21 23:00:00+00:00,SA,IND,137,134,https://a.espncdn.com/i/teamlogos/nba/500/scoreboard/sa.png,https://a.espncdn.com/i/teamlogos/nba/500/scoreboard/ind.png,3,0,0,0,17,0
nba-401468174,2023,2022-10-21 23:00:00+00:00,CHI,WSH,100,102,https://a.espncdn.com/i/teamlogos/nba/500/scoreboard/chi.png,https://a.espncdn.com/i/teamlogos/nba/500/scoreboard/wsh.png,2,0,1,0,6,0
nba-401468175,2023,2022-10-21 23:30:00+00:00,ORL,ATL,98,108,https://a.espncdn.com/i/teamlogos/nba/500/scoreboard/orl.png,https://a.espncdn.com/i/teamlogos/nba/500/scoreboard/atl.png,10,0,1,1,10,0
nba-401468176,2023,2022-10-21 23:30:00+00:00,TOR,BKN,105,109,https://a.espncdn.com/i/teamlogos/nba/500/scoreboard/tor.png,https://a.espncdn.com/i/teamlogos/nba/500/scoreboard/bkn.png,4,0,2,1,4,0
nba-401468177,2023,2022-10-21 23:30:00+00:00,BOS,MIA,111,104,https://a.espncdn.com/i/teamlogos/nba/500/scoreboard/bos.png,https://a.espncdn.com/i/teamlogos/nba/500/scoreboard/mia.png,7,0,0,0,12,0
nba-401468178,2023,2022-10-21 23:30:00+00:00,DET,NY,106,130,https://a.espncdn.com/i/teamlogos/nba/500/scoreboard/det.png,https://a.espncdn.com/i/teamlogos/nba/500/scoreboard/ny.png,24,0,0,0,24,0
nba-401468179,2023,2022-10-22 00:00:00+00:00,MEM,HOU,129,122,https://a.espncdn.com/i/teamlogos/nba/500/scoreboard/mem.png,https://a.espncdn.com/i/teamlogos/nba/500/scoreboard/hou.png,7,0,1,1,8,0
nba-401468180,2023,2022-10-22 00:00:00+00:00,UTAH,MIN,132,126,https://a.espncdn.com/i/teamlogos/nba/500/scoreboard/utah.png,https://a.espncdn.com/i/teamlogos/nba/500/scoreboard/min.png,6,1,1,0,15,0
nba-401468181,2023,2022-10-22 02:00:00+00:00,DEN,GS,128,123,https://a.espncdn.com/i/teamlogos/nba/500/scoreboard/den.png,https://a.espncdn.com/i/teamlogos/nba/500/scoreboard/gs.png,5,0,0,0,18,0
nba-401468182,2023,2022-10-22 02:00:00+00:00,PHX,POR,111,113,https://a.espncdn.com/i/teamlogos/nba/500/scoreboard/phx.png,https://a.espncdn.com/i/teamlogos/nba/500/scoreboard/por.png,2,1,1,1,6,0
nba-401585611,2024,2024-03-18 23:00:00+00:00,CLE,IND,108,103,https://a.espncdn.com/i/teamlogos/nba/500/scoreboard/cle.png,https://a.espncdn.com/i/teamlogos/nba/500/scoreboard/ind.png,5,0,1,0,9,0
nba-401585612,2024,2024-03-18 23:30:00+00:00,DET,BOS,94,119,https://a.espncdn.com/i/teamlogos/nba/500/scoreboard/det.png,https://a.espncdn.com/i/teamlogos/nba/500/scoreboard/bos.png,25,0,0,0,26,0
nba-401585613,2024,2024-03-18 23:30:00+00:00,MIA,PHI,91,98,https://a.espncdn.com/i/teamlogos/nba/500/scoreboard/mia.png,https://a.espncdn.com/i/teamlogos/nba/500/scoreboard/phi.png,7,0,0,0,14,0
nba-401585614,2024,2024-03-19 00:00:00+00:00,POR,CHI,107,110,https://a.espncdn.com/i/teamlogos/nba/500/scoreboard/por.png,https://a.espncdn.com/i/teamlogos/nba/500/scoreboard/chi.png,3,0,0,0,14,0
nba-401585615,2024,2024-03-19 01:00:00+00:00,MIN,UTAH,114,104,https://a.espncdn.com/i/teamlogos/nba/500/scoreboard/min.png,https://a.espncdn.com/i/teamlogos/nba/500/scoreboard/utah.png,10,0,1,0,12,0
nba-401585616,2024,2024-03-19 02:00:00+00:00,NY,GS,119,112,https://a.espncdn.com/i/teamlogos/nba/500/scoreboard/ny.png,https://a.espncdn.com/i/teamlogos/nba/500/scoreboard/gs.png,7,0,0,0,11,0
nba-401585617,2024,2024-03-19 02:00:00+00:00,MEM,SAC,111,121,https://a.espncdn.com/i/teamlogos/nba/500/scoreboard/mem.png,https://a.espncdn.com/i/teamlogos/nba/500/scoreboard/sac.png,10,1,1,0,10,0
nba-401585618,2024,2024-03-19 02:30:00+00:00,ATL,LAL,105,136,https://a.espncdn.com/i/teamlogos/nba/500/scoreboard/atl.png,https://a.espncdn.com/i/teamlogos/nba/500/scoreboard/lal.png,31,0,0,0,31,0
nba-401672977,2024,2024-05-25 00:30:00+00:00,DAL,MIN,109,108,https://a.espncdn.com/i/teamlogos/nba/500/scoreboard/dal.png,https://a.espncdn.com/i/teamlogos/nba/500/scoreboard/min.png,1,0,1,1,12,1
nba-401360410,2022,2022-01-08 20:30:00+00:00,MEM,LAC,123,108,https://a.espncdn.com/i/teamlogos/nba/500/scoreboard/mem.png,https://a.espncdn.com/i/teamlogos/nba/500/scoreboard/lac.png,15,0,1,0,15,0
nba-401360411,2022,2022-01-09 00:00:00+00:00,MIL,CHA,106,114,https://a.espncdn.com/i/teamlogos/nba/500/scoreboard/mil.png,https://a.espncdn.com/i/teamlogos/nba/500/scoreboard/cha.png,8,0,1,0,14,0
nba-401360412,2022,2022-01-09 00:00:00+00:00,ORL,DET,92,97,https://a.espncdn.com/i/teamlogos/nba/500/scoreboard/orl.png,https://a.espncdn.com/i/teamlogos/nba/500/scoreboard/det.png,5,0,0,0,7,0
nba-401360413,2022,2022-01-09 00:00:00+00:00,UTAH,IND,113,125,https://a.espncdn.com/i/teamlogos/nba/500/scoreboard/utah.png,https://a.espncdn.com/i/teamlogos/nba/500/scoreboard/ind.png,12,0,0,0,12,0
nba-401360414,2022,2022-01-09 00:30:00+00:00,NY,BOS,75,99,https://a.espncdn.com/i/teamlogos/nba/500/scoreboard/ny.png,https://a.espncdn.com/i/teamlogos/nba/500/scoreboard/bos.png,24,0,1,0,24,0
nba-401360415,2022,2022-01-09 02:00:00+00:00,MIA,PHX,123,100,https://a.espncdn.com/i/teamlogos/nba/500/scoreboard/mia.png,https://a.espncdn.com/i/teamlogos/nba/500/scoreboard/phx.png,23,0,0,0,23,0
nba-401360173,2022,2021-12-05 20:30:00+00:00,UTAH,CLE,109,108,https://a.espncdn.com/i/teamlogos/nba/500/scoreboard/utah.png,https://a.espncdn.com/i/teamlogos/nba/500/scoreboard/cle.png,1,0,0,0,9,0
nba-401360174,2022,2021-12-05 23:00:00+00:00,CHA,ATL,130,127,https://a.espncdn.com/i/teamlogos/nba/500/scoreboard/cha.png,https://a.espncdn.com/i/teamlogos/nba/500/scoreboard/atl.png,3,0,0,0,7,0
nba-401360175,2022,2021-12-05 23:00:00+00:00,WSH,TOR,90,102,https://a.espncdn.com/i/teamlogos/nba/500/scoreboard/wsh.png,https://a.espncdn.com/i/teamlogos/nba/500/scoreboard/tor.png,12,0,0,0,21,0
nba-401360176,2022,2021-12-06 00:00:00+00:00,NO,HOU,108,118,https://a.espncdn.com/i/teamlogos/nba/500/scoreboard/no.png,https://a.espncdn.com/i/teamlogos/nba/500/scoreboard/hou.png,10,0,0,0,10,0
nba-401468751,2023,2023-01-08 20:00:00+00:00,PHI,DET,123,111,https://a.espncdn.com/i/teamlogos/nba/500/scoreboard/phi.png,https://a.espncdn.com/i/teamlogos/nba/500/scoreboard/det.png,12,0,0,0,18,0
nba-401468752,2023,2023-01-08 20:30:00+00:00,POR,TOR,105,117,https://a.espncdn.com/i/teamlogos/nba/500/scoreboard/por.png,https://a.espncdn.com/i/teamlogos/nba/500/scoreboard/tor.png,12,0,0,0,15,0
nba-401468753,2023,2023-01-08 22:00:00+00:00,CHA,IND,111,116,https://a.espncdn.com/i/teamlogos/nba/500/scoreboard/cha.png,https://a.espncdn.com/i/teamlogos/nba/500/scoreboard/ind.png,5,0,3,1,12,0
nba-401468754,2023,2023-01-08 23:00:00+00:00,BKN,MIA,102,101,https://a.espncdn.com/i/teamlogos/nba/500/scoreboard/bkn.png,https://a.espncdn.com/i/teamlogos/nba/500/scoreboard/mia.png,1,0,2,1,3,0
nba-401468755,2023,2023-01-08 23:00:00+00:00,UTAH,MEM,118,123,https://a.espncdn.com/i/teamlogos/nba/500/scoreboard/utah.png,https://a.espncdn.com/i/teamlogos/nba/500/scoreboard/mem.png,5,0,1,0,14,0
nba-401468756,2023,2023-01-09 00:00:00+00:00,MIN,HOU,104,96,https://a.espncdn.com/i/teamlogos/nba/500/scoreboard/min.png,https://a.espncdn.com/i/teamlogos/nba/500/scoreboard/hou.png,8,0,1,1,9,0
nba-401468757,2023,2023-01-09 00:00:00+00:00,DAL,OKC,109,120,https://a.espncdn.com/i/teamlogos/nba/500/scoreboard/dal.png,https://a.espncdn.com/i/teamlogos/nba/500/scoreboard/okc.png,11,0,1,0,14,0
nba-401468758,2023,2023-01-09 01:00:00+00:00,CLE,PHX,112,98,https://a.espncdn.com/i/teamlogos/nba/500/scoreboard/cle.png,https://a.espncdn.com/i/teamlogos/nba/500/scoreboard/phx.png,14,0,0,0,14,0
nba-401468759,2023,2023-01-09 02:00:00+00:00,ATL,LAC,112,108,https://a.espncdn.com/i/teamlogos/nba/500/scoreboard/atl.png,https://a.espncdn.com/i/teamlogos/nba/500/scoreboard/lac.png,4,0,3,1,14,0
nba-401468427,2023,2022-11-25 22:00:00+00:00,MIN,CHA,108,110,https://a.espncdn.com/i/teamlogos/nba/500/scoreboard/min.png,https://a.espncdn.com/i/teamlogos/nba/500/scoreboard/cha.png,2,0,1,0,10,0
nba-401468428,2023,2022-11-26 00:00:00+00:00,PHI,ORL,107,99,https://a.espncdn.com/i/teamlogos/nba/500/scoreboard/phi.png,https://a.espncdn.com/i/teamlogos/nba/500/scoreboard/orl.png,8,0,1,0,8,0
nba-401468429,2023,2022-11-26 00:30:00+00:00,POR,NY,132,129,https://a.espncdn.com/i/teamlogos/nba/500/scoreboard/por.png,https://a.espncdn.com/i/teamlogos/nba/500/scoreboard/ny.png,3,1,1,0,6,0
nba-401468430,2023,2022-11-26 01:00:00+00:00,SAC,BOS,104,122,https://a.espncdn.com/i/teamlogos/nba/500/scoreboard/sac.png,https://a.espncdn.com/i/teamlogos/nba/500/scoreboard/bos.png,18,0,0,0,18,0
nba-401468431,2023,2022-11-26 01:00:00+00:00,BKN,IND,117,128,https://a.espncdn.com/i/teamlogos/nba/500/scoreboard/bkn.png,https://a.espncdn.com/i/teamlogos/nba/500/scoreboard/ind.png,11,0,1,1,12,0
nba-401468432,2023,2022-11-26 01:00:00+00:00,WSH,MIA,107,110,https://a.espncdn.com/i/teamlogos/nba/500/scoreboard/wsh.png,https://a.espncdn.com/i/teamlogos/nba/500/scoreboard/mia.png,3,0,1,0,10,0
nba-401468433,2023,2022-11-26 01:00:00+00:00,ATL,HOU,122,128,https://a.espncdn.com/i/teamlogos/nba/500/scoreboard/atl.png,https://a.espncdn.com/i/teamlogos/nba/500/scoreboard/hou.png,6,0,2,1,10,0
nba-401468434,2023,2022-11-26 01:00:00+00:00,NO,MEM,111,132,https://a.espncdn.com/i/teamlogos/nba/500/scoreboard/no.png,https://a.espncdn.com/i/teamlogos/nba/500/scoreboard/mem.png,21,0,0,0,29,0
nba-401468435,2023,2022-11-26 01:00:00+00:00,CLE,MIL,102,117,https://a.espncdn.com/i/teamlogos/nba/500/scoreboard/cle.png,https://a.espncdn.com/i/teamlogos/nba/500/scoreboard/mil.png,15,0,1,0,15,0
nba-401468436,2023,2022-11-26 01:00:00+00:00,CHI,OKC,119,123,https://a.espncdn.com/i/teamlogos/nba/500/scoreboard/chi.png,https://a.espncdn.com/i/teamlogos/nba/500/scoreboard/okc.png,4,1,0,0,7,0
nba-401468437,2023,2022-11-26 01:00:00+00:00,LAL,SA,105,94,https://a.espncdn.com/i/teamlogos/nba/500/scoreboard/lal.png,https://a.espncdn.com/i/teamlogos/nba/500/scoreboard/sa.png,11,0,0,0,18,0
nba-401468438,2023,2022-11-26 02:00:00+00:00,DET,PHX,102,108,https://a.espncdn.com/i/teamlogos/nba/500/scoreboard/det.png,https://a.espncdn.com/i/teamlogos/nba/500/scoreboard/phx.png,6,0,2,0,6,0
nba-401468439,2023,2022-11-26 03:00:00+00:00,UTAH,GS,118,129,https://a.espncdn.com/i/teamlogos/nba/500/scoreboard/utah.png,https://a.espncdn.com/i/teamlogos/nba/500/scoreboard/gs.png,11,0,0,0,14,0
nba-401468440,2023,2022-11-26 03:30:00+00:00,DEN,LAC,114,104,https://a.espncdn.com/i/teamlogos/nba/500/scoreboard/den.png,https://a.espncdn.com/i/teamlogos/nba/500/scoreboard/lac.png,10,0,0,0,12,0
nba-401584867,2024,2023-11-25 22:00:00+00:00,PHI,OKC,127,123,https://a.espncdn.com/i/teamlogos/nba/500/scoreboard/phi.png,https://a.espncdn.com/i/teamlogos/nba/500/scoreboard/okc.png,4,0,1,0,11,0
nba-401584868,2024,2023-11-25 23:00:00+00:00,MIA,BKN,97,112,https://a.espncdn.com/i/teamlogos/nba/500/scoreboard/mia.png,https://a.espncdn.com/i/teamlogos/nba/500/scoreboard/bkn.png,15,0,0,0,15,0
nba-401584869,2024,2023-11-26 00:00:00+00:00,ATL,WSH,136,108,https://a.espncdn.com/i/teamlogos/nba/500/scoreboard/atl.png,https://a.espncdn.com/i/teamlogos/nba/500/scoreboard/wsh.png,28,0,0,0,29,0
nba-401584870,2024,2023-11-26 00:30:00+00:00,LAL,CLE,121,115,https://a.espncdn.com/i/teamlogos/nba/500/scoreboard/lal.png,https://a.espncdn.com/i/teamlogos/nba/500/scoreboard/cle.png,6,0,1,1,6,0
nba-401584871,2024,2023-11-26 02:30:00+00:00,NO,UTAH,100,105,https://a.espncdn.com/i/teamlogos/nba/500/scoreboard/no.png,https://a.espncdn.com/i/teamlogos/nba/500/scoreboard/utah.png,5,0,1,1,10,0
nba-401584872,2024,2023-11-26 03:30:00+00:00,DAL,LAC,88,107,https://a.espncdn.com/i/teamlogos/nba/500/scoreboard/dal.png,https://a.espncdn.com/i/teamlogos/nba/500/scoreboard/lac.png,19,0,0,0,19,0
nba-401585242,2024,2024-01-24 00:00:00+00:00,DEN,IND,114,109,https://a.espncdn.com/i/teamlogos/nba/500/scoreboard/den.png,https://a.espncdn.com/i/teamlogos/nba/500/scoreboard/ind.png,5,0,1,0,12,0
nba-401585243,2024,2024-01-24 00:30:00+00:00,NY,BKN,108,103,https://a.espncdn.com/i/teamlogos/nba/500/scoreboard/ny.png,https://a.espncdn.com/i/teamlogos/nba/500/scoreboard/bkn.png,5,0,3,1,9,0
nba-401585244,2024,2024-01-24 01:00:00+00:00,UTAH,NO,124,153,https://a.espncdn.com/i/teamlogos/nba/500/scoreboard/utah.png,https://a.espncdn.com/i/teamlogos/nba/500/scoreboard/no.png,29,0,0,0,29,0
nba-401585245,2024,2024-01-24 01:00:00+00:00,POR,OKC,109,111,https://a.espncdn.com/i/teamlogos/nba/500/scoreboard/por.png,https://a.espncdn.com/i/teamlogos/nba/500/scoreboard/okc.png,2,0,2,0,10,0
nba-401585246,2024,2024-01-24 03:00:00+00:00,LAL,LAC,116,127,https://a.espncdn.com/i/teamlogos/nba/500/scoreboard/lal.png,https://a.espncdn.com/i/teamlogos/nba/500/scoreboard/lac.png,11,0,0,0,13,0
nba-401438133,2022,2022-05-24 00:30:00+00:00,MIA,BOS,82,102,https://a.espncdn.com/i/teamlogos/nba/500/scoreboard/mia.png,https://a.espncdn.com/i/teamlogos/nba/500/scoreboard/bos.png,20,0,0,0,24,1
nba-401547674,2023,2023-05-24 00:30:00+00:00,BOS,MIA,116,99,https://a.espncdn.com/i/teamlogos/nba/500/scoreboard/bos.png,https://a.espncdn.com/i/teamlogos/nba/500/scoreboard/mia.png,17,0,1,0,17,1
nba-401657421,2024,2024-05-09 00:00:00+00:00,IND,NY,121,130,https://a.espncdn.com/i/teamlogos/nba/500/scoreboard/ind.png,https://a.espncdn.com/i/teamlogos/nba/500/scoreboard/ny.png,9,0,1,0,10,1
nba-401365937,2022,2021-10-12 23:00:00+00:00,TOR,WSH,113,108,https://a.espncdn.com/i/teamlogos/nba/500/scoreboard/tor.png,https://a.espncdn.com/i/teamlogos/nba/500/scoreboard/wsh.png,5,0,1,1,8,0
nba-401365938,2022,2021-10-13 02:30:00+00:00,GS,LAL,111,99,https://a.espncdn.com/i/teamlogos/nba/500/scoreboard/gs.png,https://a.espncdn.com/i/teamlogos/nba/500/scoreboard/lal.png,12,0,1,0,12,0
nba-401584992,2024,2023-12-21 00:00:00+00:00,UTAH,CLE,116,124,https://a.espncdn.com/i/teamlogos/nba/500/scoreboard/utah.png,https://a.espncdn.com/i/teamlogos/nba/500/scoreboard/cle.png,8,0,2,1,9,0
nba-401584993,2024,2023-12-21 00:00:00+00:00,CHA,IND,113,144,https://a.espncdn.com/i/teamlogos/nba/500/scoreboard/cha.png,https://a.espncdn.com/i/teamlogos/nba/500/scoreboard/ind.png,31,0,0,0,31,0
nba-401584994,2024,2023-12-21 00:00:00+00:00,MIA,ORL,115,106,https://a.espncdn.com/i/teamlogos/nba/500/scoreboard/mia.png,https://a.espncdn.com/i/teamlogos/nba/500/scoreboard/orl.png,9,0,0,0,18,0
nba-401584995,2024,2023-12-21 00:00:00+00:00,MIN,PHI,113,127,https://a.espncdn.com/i/teamlogos/nba/500/scoreboard/min.png,https://a.espncdn.com/i/teamlogos/nba/500/scoreboard/phi.png,14,0,0,0,14,0
nba-401584996,2024,2023-12-21 00:30:00+00:00,NY,BKN,121,102,https://a.espncdn.com/i/teamlogos/nba/500/scoreboard/ny.png,https://a.espncdn.com/i/teamlogos/nba/500/scoreboard/bkn.png,19,0,0,0,19,0
nba-401584997,2024,2023-12-21 00:30:00+00:00,DEN,TOR,113,104,https://a.espncdn.com/i/teamlogos/nba/500/scoreboard/den.png,https://a.espncdn.com/i/teamlogos/nba/500/scoreboard/tor.png,9,0,0,0,17,0
nba-401584998,2024,2023-12-21 01:00:00+00:00,LAL,CHI,108,124,https://a.espncdn.com/i/teamlogos/nba/500/scoreboard/lal.png,https://a.espncdn.com/i/teamlogos/nba/500/scoreboard/chi.png,16,0,0,0,16,0
nba-401584999,2024,2023-12-21 01:00:00+00:00,ATL,HOU,134,127,https://a.espncdn.com/i/teamlogos/nba/500/scoreboard/atl.png,https://a.espncdn.com/i/teamlogos/nba/500/scoreboard/hou.png,7,0,2,1,12,0
nba-401585000,2024,2023-12-21 01:30:00+00:00,LAC,DAL,120,111,https://a.espncdn.com/i/teamlogos/nba/500/scoreboard/lac.png,https://a.espncdn.com/i/teamlogos/nba/500/scoreboard/dal.png,9,0,0,0,13,0
nba-401585001,2024,2023-12-21 03:00:00+00:00,BOS,SAC,144,119,https://a.espncdn.com/i/teamlogos/nba/500/scoreboard/bos.png,https://a.espncdn.com/i/teamlogos/nba/500/scoreboard/sac.png,25,0,1,0,25,0
nba-401468616,2023,2022-12-21 00:00:00+00:00,UTAH,DET,126,111,https://a.espncdn.com/i/teamlogos/nba/500/scoreboard/utah.png,https://a.espncdn.com/i/teamlogos/nba/500/scoreboard/det.png,15,0,0,0,15,0
nba-401468617,2023,2022-12-21 00:30:00+00:00,CHI,MIA,113,103,https://a.espncdn.com/i/teamlogos/nba/500/scoreboard/chi.png,https://a.espncdn.com/i/teamlogos/nba/500/scoreboard/mia.png,10,0,2,0,11,0
nba-401468618,2023,2022-12-21 00:30:00+00:00,GS,NY,94,132,https://a.espncdn.com/i/teamlogos/nba/500/scoreboard/gs.png,https://a.espncdn.com/i/teamlogos/nba/500/scoreboard/ny.png,38,0,0,0,38,0
nba-401468619,2023,2022-12-21 02:00:00+00:00,WSH,PHX,113,110,https://a.espncdn.com/i/teamlogos/nba/500/scoreboard/wsh.png,https://a.espncdn.com/i/teamlogos/nba/500/scoreboard/phx.png,3,0,1,0,5,0
nba-401468620,2023,2022-12-21 03:00:00+00:00,MEM,DEN,91,105,https://a.espncdn.com/i/teamlogos/nba/500/scoreboard/mem.png,https://a.espncdn.com/i/teamlogos/nba/500/scoreboard/den.png,14,0,0,0,21,0
nba-401585457,2024,2024-02-27 00:00:00+00:00,TOR,IND,130,122,https://a.espncdn.com/i/teamlogos/nba/500/scoreboard/tor.png,https://a.espncdn.com/i/teamlogos/nba/500/scoreboard/ind.png,8,0,0,0,8,0
nba-401585456,2024,2024-02-27 00:30:00+00:00,DET,NY,111,113,https://a.espncdn.com/i/teamlogos/nba/500/scoreboard/det.png,https://a.espncdn.com/i/teamlogos/nba/500/scoreboard/ny.png,2,0,0,0,8,0
nba-401585458,2024,2024-02-27 01:00:00+00:00,BKN,MEM,111,86,https://a.espncdn.com/i/teamlogos/nba/500/scoreboard/bkn.png,https://a.espncdn.com/i/teamlogos/nba/500/scoreboard/mem.png,25,0,0,0,26,0
nba-401585459,2024,2024-02-27 03:00:00+00:00,MIA,SAC,121,110,https://a.espncdn.com/i/teamlogos/nba/500/scoreboard/mia.png,https://a.espncdn.com/i/teamlogos/nba/500/scoreboard/sac.png,11,0,1,0,20,0
nba-401468868,2023,2023-01-25 00:00:00+00:00,CHI,IND,110,116,https://a.espncdn.com/i/teamlogos/nba/500/scoreboard/chi.png,https://a.espncdn.com/i/teamlogos/nba/500/scoreboard/ind.png,6,0,1,1,16,0
nba-401468869,2023,2023-01-25 00:30:00+00:00,BOS,MIA,95,98,https://a.espncdn.com/i/teamlogos/nba/500/scoreboard/bos.png,https://a.espncdn.com/i/teamlogos/nba/500/scoreboard/mia.png,3,0,2,1,8,0
nba-401468870,2023,2023-01-25 00:30:00+00:00,CLE,NY,103,105,https://a.espncdn.com/i/teamlogos/nba/500/scoreboard/cle.png,https://a.espncdn.com/i/teamlogos/nba/500/scoreboard/ny.png,2,0,0,0,7,0
nba-401468871,2023,2023-01-25 01:00:00+00:00,DEN,NO,99,98,https://a.espncdn.com/i/teamlogos/nba/500/scoreboard/den.png,https://a.espncdn.com/i/teamlogos/nba/500/scoreboard/no.png,1,0,0,0,16,0
nba-401468872,2023,2023-01-25 01:30:00+00:00,WSH,DAL,127,126,https://a.espncdn.com/i/teamlogos/nba/500/scoreboard/wsh.png,https://a.espncdn.com/i/teamlogos/nba/500/scoreboard/dal.png,1,0,0,0,5,0
nba-401468873,2023,2023-01-25 02:00:00+00:00,CHA,PHX,97,128,https://a.espncdn.com/i/teamlogos/nba/500/scoreboard/cha.png,https://a.espncdn.com/i/teamlogos/nba/500/scoreboard/phx.png,31,0,0,0,31,0
nba-401468874,2023,2023-01-25 03:00:00+00:00,LAC,LAL,133,115,https://a.espncdn.com/i/teamlogos/nba/500/scoreboard/lac.png,https://a.espncdn.com/i/teamlogos/nba/500/scoreboard/lal.png,18,0,0,0,23,0
nba-401360335,2022,2021-12-30 00:00:00+00:00,NY,DET,94,85,https://a.espncdn.com/i/teamlogos/nba/500/scoreboard/ny.png,https://a.espncdn.com/i/teamlogos/nba/500/scoreboard/det.png,9,0,2,1,9,0
nba-401360336,2022,2021-12-30 00:00:00+00:00,CHA,IND,116,108,https://a.espncdn.com/i/teamlogos/nba/500/scoreboard/cha.png,https://a.espncdn.com/i/teamlogos/nba/500/scoreboard/ind.png,8,0,0,0,14,0
nba-401360337,2022,2021-12-30 00:30:00+00:00,LAC,BOS,91,82,https://a.espncdn.com/i/teamlogos/nba/500/scoreboard/lac.png,https://a.espncdn.com/i/teamlogos/nba/500/scoreboard/bos.png,9,0,0,0,9,0
nba-401360338,2022,2021-12-30 01:00:00+00:00,ATL,CHI,117,131,https://a.espncdn.com/i/teamlogos/nba/500/scoreboard/atl.png,https://a.espncdn.com/i/teamlogos/nba/500/scoreboard/chi.png,14,0,0,0,21,0
nba-401360339,2022,2021-12-30 01:00:00+00:00,LAL,MEM,99,104,https://a.espncdn.com/i/teamlogos/nba/500/scoreboard/lal.png,https://a.espncdn.com/i/teamlogos/nba/500/scoreboard/mem.png,5,0,1,1,7,0
nba-401360341,2022,2021-12-30 02:00:00+00:00,OKC,PHX,97,115,https://a.espncdn.com/i/teamlogos/nba/500/scoreboard/okc.png,https://a.espncdn.com/i/teamlogos/nba/500/scoreboard/phx.png,18,0,0,0,18,0
nba-401360342,2022,2021-12-30 03:00:00+00:00,UTAH,POR,120,105,https://a.espncdn.com/i/teamlogos/nba/500/scoreboard/utah.png,https://a.espncdn.com/i/teamlogos/nba/500/scoreboard/por.png,15,0,0,0,15,0
nba-401360343,2022,2021-12-30 03:30:00+00:00,DAL,SAC,94,95,https://a.espncdn.com/i/teamlogos/nba/500/scoreboard/dal.png,https://a.espncdn.com/i/teamlogos/nba/500/scoreboard/sac.png,1,0,1,0,12,0
nba-401360528,2022,2022-01-25 00:00:00+00:00,NY,CLE,93,95,https://a.espncdn.com/i/teamlogos/nba/500/scoreboard/ny.png,https://a.espncdn.com/i/teamlogos/nba/500/scoreboard/cle.png,2,0,0,0,7,0
nba-401360531,2022,2022-01-25 01:00:00+00:00,IND,NO,113,117,https://a.espncdn.com/i/teamlogos/nba/500/scoreboard/ind.png,https://a.espncdn.com/i/teamlogos/nba/500/scoreboard/no.png,4,0,1,0,4,0
nba-401360549,2022,2022-01-25 01:00:00+00:00,CHI,OKC,111,110,https://a.espncdn.com/i/teamlogos/nba/500/scoreboard/chi.png,https://a.espncdn.com/i/teamlogos/nba/500/scoreboard/okc.png,1,0,0,0,14,0
nba-401360532,2022,2022-01-25 02:00:00+00:00,UTAH,PHX,109,115,https://a.espncdn.com/i/teamlogos/nba/500/scoreboard/utah.png,https://a.espncdn.com/i/teamlogos/nba/500/scoreboard/phx.png,6,0,2,1,10,0
nba-401584799,2024,2023-11-10 00:00:00+00:00,MIL,IND,124,126,https://a.espncdn.com/i/teamlogos/nba/500/scoreboard/mil.png,https://a.espncdn.com/i/teamlogos/nba/500/scoreboard/ind.png,2,0,2,1,14,0
nba-401584800,2024,2023-11-10 02:30:00+00:00,ATL,ORL,120,119,https://a.espncdn.com/i/teamlogos/nba/500/scoreboard/atl.png,https://a.espncdn.com/i/teamlogos/nba/500/scoreboard/orl.png,1,0,2,1,5,0
nba-401468316,2023,2022-11-09 22:30:00+00:00,DAL,ORL,87,94,https://a.espncdn.com/i/teamlogos/nba/500/scoreboard/dal.png,https://a.espncdn.com/i/teamlogos/nba/500/scoreboard/orl.png,7,0,1,1,7,0
nba-401468314,2023,2022-11-10 00:00:00+00:00,POR,CHA,105,95,https://a.espncdn.com/i/teamlogos/nba/500/scoreboard/por.png,https://a.espncdn.com/i/teamlogos/nba/500/scoreboard/cha.png,10,0,1,0,10,0
nba-401468315,2023,2022-11-10 00:00:00+00:00,DEN,IND,122,119,https://a.espncdn.com/i/teamlogos/nba/500/scoreboard/den.png,https://a.espncdn.com/i/teamlogos/nba/500/scoreboard/ind.png,3,0,2,1,14,0
nba-401468317,2023,2022-11-10 00:30:00+00:00,UTAH,ATL,125,119,https://a.espncdn.com/i/teamlogos/nba/500/scoreboard/utah.png,https://a.espncdn.com/i/teamlogos/nba/500/scoreboard/atl.png,6,0,2,1,9,0
nba-401468318,2023,2022-11-10 00:30:00+00:00,DET,BOS,112,128,https://a.espncdn.com/i/teamlogos/nba/500/scoreboard/det.png,https://a.espncdn.com/i/teamlogos/nba/500/scoreboard/bos.png,16,0,0,0,16,0
nba-401468319,2023,2022-11-10 00:30:00+00:00,NY,BKN,85,112,https://a.espncdn.com/i/teamlogos/nba/500/scoreboard/ny.png,https://a.espncdn.com/i/teamlogos/nba/500/scoreboard/bkn.png,27,0,0,0,27,0
nba-401468320,2023,2022-11-10 00:30:00+00:00,HOU,TOR,109,116,https://a.espncdn.com/i/teamlogos/nba/500/scoreboard/hou.png,https://a.espncdn.com/i/teamlogos/nba/500/scoreboard/tor.png,7,0,1,0,8,0
nba-401468321,2023,2022-11-10 01:00:00+00:00,NO,CHI,115,111,https://a.espncdn.com/i/teamlogos/nba/500/scoreboard/no.png,https://a.espncdn.com/i/teamlogos/nba/500/scoreboard/chi.png,4,0,2,1,4,0
nba-401468322,2023,2022-11-10 01:00:00+00:00,PHX,MIN,129,117,https://a.espncdn.com/i/teamlogos/nba/500/scoreboard/phx.png,https://a.espncdn.com/i/teamlogos/nba/500/scoreboard/min.png,12,0,0,0,22,0
nba-401468323,2023,2022-11-10 01:00:00+00:00,MIL,OKC,136,132,https://a.espncdn.com/i/teamlogos/nba/500/scoreboard/mil.png,https://a.espncdn.com/i/teamlogos/nba/500/scoreboard/okc.png,4,2,1,1,4,0
nba-401468324,2023,2022-11-10 01:00:00+00:00,MEM,SA,124,122,https://a.espncdn.com/i/teamlogos/nba/500/scoreboard/mem.png,https://a.espncdn.com/i/teamlogos/nba/500/scoreboard/sa.png,2,1,2,1,7,0
nba-401468325,2023,2022-11-10 03:00:00+00:00,LAL,LAC,101,114,https://a.espncdn.com/i/teamlogos/nba/500/scoreboard/lal.png,https://a.espncdn.com/i/teamlogos/nba/500/scoreboard/lac.png,13,0,0,0,17,0
nba-401468326,2023,2022-11-10 03:00:00+00:00,CLE,SAC,120,127,https://a.espncdn.com/i/teamlogos/nba/500/scoreboard/cle.png,https://a.espncdn.com/i/teamlogos/nba/500/scoreboard/sac.png,7,0,0,0,11,0
nba-401541244,2023,2023-04-28 00:30:00+00:00,BOS,ATL,128,120,https://a.espncdn.com/i/teamlogos/nba/500/scoreboard/bos.png,https://a.espncdn.com/i/teamlogos/nba/500/scoreboard/atl.png,8,0,2,1,8,1
nba-401430251,2022,2022-04-27 23:30:00+00:00,CHI,MIL,100,116,https://a.espncdn.com/i/teamlogos/nba/500/scoreboard/chi.png,https://a.espncdn.com/i/teamlogos/nba/500/scoreboard/mil.png,16,0,0,0,23,1
nba-401430255,2022,2022-04-28 02:00:00+00:00,DEN,GS,98,102,https://a.espncdn.com/i/teamlogos/nba/500/scoreboard/den.png,https://a.espncdn.com/i/teamlogos/nba/500/scoreboard/gs.png,4,0,2,1,8,1
nba-401585212,2024,2024-01-20 00:00:00+00:00,SA,CHA,120,124,https://a.espncdn.com/i/teamlogos/nba/500/scoreboard/sa.png,https://a.espncdn.com/i/teamlogos/nba/500/scoreboard/cha.png,4,0,0,0,12,0
nba-401585213,2024,2024-01-20 00:00:00+00:00,PHI,ORL,124,109,https://a.espncdn.com/i/teamlogos/nba/500/scoreboard/phi.png,https://a.espncdn.com/i/teamlogos/nba/500/scoreboard/orl.png,15,0,1,0,15,0
nba-401585214,2024,2024-01-20 00:30:00+00:00,DEN,BOS,102,100,https://a.espncdn.com/i/teamlogos/nba/500/scoreboard/den.png,https://a.espncdn.com/i/teamlogos/nba/500/scoreboard/bos.png,2,0,1,1,6,0
nba-401585215,2024,2024-01-20 01:00:00+00:00,ATL,MIA,109,108,https://a.espncdn.com/i/teamlogos/nba/500/scoreboard/atl.png,https://a.espncdn.com/i/teamlogos/nba/500/scoreboard/mia.png,1,0,2,1,8,0
nba-401585216,2024,2024-01-20 01:00:00+00:00,PHX,NO,123,109,https://a.espncdn.com/i/teamlogos/nba/500/scoreboard/phx.png,https://a.espncdn.com/i/teamlogos/nba/500/scoreboard/no.png,14,0,0,0,20,0
nba-401585218,2024,2024-01-20 03:00:00+00:00,IND,POR,115,118,https://a.espncdn.com/i/teamlogos/nba/500/scoreboard/ind.png,https://a.espncdn.com/i/teamlogos/nba/500/scoreboard/por.png,3,0,0,0,11,0
nba-401585219,2024,2024-01-20 03:30:00+00:00,BKN,LAL,130,112,https://a.espncdn.com/i/teamlogos/nba/500/scoreboard/bkn.png,https://a.espncdn.com/i/teamlogos/nba/500/scoreboard/lal.png,18,0,1,0,18,0
nba-401360034,2022,2021-11-17 00:30:00+00:00,GS,BKN,117,99,https://a.espncdn.com/i/teamlogos/nba/500/scoreboard/gs.png,https://a.espncdn.com/i/teamlogos/nba/500/scoreboard/bkn.png,18,0,1,0,22,0
nba-401360035,2022,2021-11-17 03:00:00+00:00,PHI,UTAH,85,120,https://a.espncdn.com/i/teamlogos/nba/500/scoreboard/phi.png,https://a.espncdn.com/i/teamlogos/nba/500/scoreboard/utah.png,35,0,0,0,35,0
nba-401360036,2022,2021-11-17 03:30:00+00:00,SA,LAC,92,106,https://a.espncdn.com/i/teamlogos/nba/500/scoreboard/sa.png,https://a.espncdn.com/i/teamlogos/nba/500/scoreboard/lac.png,14,0,0,0,14,0
nba-401585639,2024,2024-03-22 23:00:00+00:00,BOS,DET,129,102,https://a.espncdn.com/i/teamlogos/nba/500/scoreboard/bos.png,https://a.espncdn.com/i/teamlogos/nba/500/scoreboard/det.png,27,0,1,0,27,0
nba-401585640,2024,2024-03-22 23:00:00+00:00,OKC,TOR,123,103,https://a.espncdn.com/i/teamlogos/nba/500/scoreboard/okc.png,https://a.espncdn.com/i/teamlogos/nba/500/scoreboard/tor.png,20,0,1,0,20,0
nba-401585641,2024,2024-03-23 00:00:00+00:00,NO,MIA,111,88,https://a.espncdn.com/i/teamlogos/nba/500/scoreboard/no.png,https://a.espncdn.com/i/teamlogos/nba/500/scoreboard/mia.png,23,0,0,0,23,0
nba-401585642,2024,2024-03-23 00:00:00+00:00,CLE,MIN,91,104,https://a.espncdn.com/i/teamlogos/nba/500/scoreboard/cle.png,https://a.espncdn.com/i/teamlogos/nba/500/scoreboard/min.png,13,0,2,0,13,0
nba-401585643,2024,2024-03-23 00:00:00+00:00,MEM,SA,99,97,https://a.espncdn.com/i/teamlogos/nba/500/scoreboard/mem.png,https://a.espncdn.com/i/teamlogos/nba/500/scoreboard/sa.png,2,0,1,0,12,0
nba-401585644,2024,2024-03-23 02:00:00+00:00,IND,GS,123,111,https://a.espncdn.com/i/teamlogos/nba/500/scoreboard/ind.png,https://a.espncdn.com/i/teamlogos/nba/500/scoreboard/gs.png,12,0,1,0,14,0
nba-401585645,2024,2024-03-23 02:00:00+00:00,LAC,POR,125,117,https://a.espncdn.com/i/teamlogos/nba/500/scoreboard/lac.png,https://a.espncdn.com/i/teamlogos/nba/500/scoreboard/por.png,8,0,0,0,21,0
nba-401585646,2024,2024-03-23 02:30:00+00:00,PHI,LAL,94,101,https://a.espncdn.com/i/teamlogos/nba/500/scoreboard/phi.png,https://a.espncdn.com/i/teamlogos/nba/500/scoreboard/lal.png,7,0,2,1,7,0
nba-401360800,2022,2022-03-10 00:00:00+00:00,BOS,CHA,115,101,https://a.espncdn.com/i/teamlogos/nba/500/scoreboard/bos.png,https://a.espncdn.com/i/teamlogos/nba/500/scoreboard/cha.png,14,0,0,0,14,0
nba-401360801,2022,2022-03-10 00:00:00+00:00,CHI,DET,114,108,https://a.espncdn.com/i/teamlogos/nba/500/scoreboard/chi.png,https://a.espncdn.com/i/teamlogos/nba/500/scoreboard/det.png,6,0,1,1,7,0
nba-401360802,2022,2022-03-10 00:30:00+00:00,PHX,MIA,111,90,https://a.espncdn.com/i/teamlogos/nba/500/scoreboard/phx.png,https://a.espncdn.com/i/teamlogos/nba/500/scoreboard/mia.png,21,0,0,0,21,0
nba-401360803,2022,2022-03-10 01:00:00+00:00,ATL,MIL,115,124,https://a.espncdn.com/i/teamlogos/nba/500/scoreboard/atl.png,https://a.espncdn.com/i/teamlogos/nba/500/scoreboard/mil.png,9,0,0,0,14,0
nba-401360804,2022,2022-03-10 01:00:00+00:00,LAL,HOU,130,139,https://a.espncdn.com/i/teamlogos/nba/500/scoreboard/lal.png,https://a.espncdn.com/i/teamlogos/nba/500/scoreboard/hou.png,9,1,3,1,9,0
nba-401360805,2022,2022-03-10 01:00:00+00:00,OKC,MIN,102,132,https://a.espncdn.com/i/teamlogos/nba/500/scoreboard/okc.png,https://a.espncdn.com/i/teamlogos/nba/500/scoreboard/min.png,30,0,0,0,30,0
nba-401360806,2022,2022-03-10 01:00:00+00:00,ORL,NO,108,102,https://a.espncdn.com/i/teamlogos/nba/500/scoreboard/orl.png,https://a.espncdn.com/i/teamlogos/nba/500/scoreboard/no.png,6,0,0,0,15,0
nba-401360807,2022,2022-03-10 01:30:00+00:00,NY,DAL,107,77,https://a.espncdn.com/i/teamlogos/nba/500/scoreboard/ny.png,https://a.espncdn.com/i/teamlogos/nba/500/scoreboard/dal.png,30,0,0,0,30,0
nba-401360808,2022,2022-03-10 01:30:00+00:00,TOR,SA,119,104,https://a.espncdn.com/i/teamlogos/nba/500/scoreboard/tor.png,https://a.espncdn.com/i/teamlogos/nba/500/scoreboard/sa.png,15,0,2,0,15,0
nba-401360809,2022,2022-03-10 03:00:00+00:00,POR,UTAH,85,123,https://a.espncdn.com/i/teamlogos/nba/500/scoreboard/por.png,https://a.espncdn.com/i/teamlogos/nba/500/scoreboard/utah.png,38,0,0,0,47,0
nba-401360810,2022,2022-03-10 03:00:00+00:00,DEN,SAC,106,100,https://a.espncdn.com/i/teamlogos/nba/500/scoreboard/den.png,https://a.espncdn.com/i/teamlogos/nba/500/scoreboard/sac.png,6,0,0,0,12,0
nba-401360811,2022,2022-03-10 03:30:00+00:00,WSH,LAC,109,115,https://a.espncdn.com/i/teamlogos/nba/500/scoreboard/wsh.png,https://a.espncdn.com/i/teamlogos/nba/500/scoreboard/lac.png,6,0,3,1,6,0
nba-401365893,2022,2021-10-04 23:00:00+00:00,PHI,TOR,107,123,https://a.espncdn.com/i/teamlogos/nba/500/scoreboard/phi.png,https://a.espncdn.com/i/teamlogos/nba/500/scoreboard/tor.png,16,0,0,0,23,0
nba-401365894,2022,2021-10-04 23:30:00+00:00,ORL,BOS,97,98,https://a.espncdn.com/i/teamlogos/nba/500/scoreboard/orl.png,https://a.espncdn.com/i/teamlogos/nba/500/scoreboard/bos.png,1,0,2,1,5,0
nba-401365895,2022,2021-10-04 23:30:00+00:00,ATL,MIA,99,125,https://a.espncdn.com/i/teamlogos/nba/500/scoreboard/atl.png,https://a.espncdn.com/i/teamlogos/nba/500/scoreboard/mia.png,26,0,0,0,26,0
nba-401365896,2022,2021-10-05 00:00:00+00:00,NO,MIN,114,117,https://a.espncdn.com/i/teamlogos/nba/500/scoreboard/no.png,https://a.espncdn.com/i/teamlogos/nba/500/scoreboard/min.png,3,0,1,0,20,0
nba-401365897,2022,2021-10-05 00:00:00+00:00,CHA,OKC,113,97,https://a.espncdn.com/i/teamlogos/nba/500/scoreboard/cha.png,https://a.espncdn.com/i/teamlogos/nba/500/scoreboard/okc.png,16,0,0,0,22,0
nba-401365898,2022,2021-10-05 00:30:00+00:00,UTAH,SA,85,111,https://a.espncdn.com/i/teamlogos/nba/500/scoreboard/utah.png,https://a.espncdn.com/i/teamlogos/nba/500/scoreboard/sa.png,26,0,0,0,26,0
nba-401365899,2022,2021-10-05 02:00:00+00:00,GS,POR,121,107,https://a.espncdn.com/i/teamlogos/nba/500/scoreboard/gs.png,https://a.espncdn.com/i/teamlogos/nba/500/scoreboard/por.png,14,0,0,0,15,0
nba-401365900,2022,2021-10-05 02:00:00+00:00,PHX,SAC,106,117,https://a.espncdn.com/i/teamlogos/nba/500/scoreboard/phx.png,https://a.espncdn.com/i/teamlogos/nba/500/scoreboard/sac.png,11,0,0,0,19,0
nba-401365901,2022,2021-10-05 02:30:00+00:00,DEN,LAC,102,103,https://a.espncdn.com/i/teamlogos/nba/500/scoreboard/den.png,https://a.espncdn.com/i/teamlogos/nba/500/scoreboard/lac.png,1,0,2,1,8,0
nba-401469147,2023,2023-03-10 00:00:00+00:00,CHA,DET,113,103,https://a.espncdn.com/i/teamlogos/nba/500/scoreboard/cha.png,https://a.espncdn.com/i/teamlogos/nba/500/scoreboard/det.png,10,0,0,0,10,0
nba-401469148,2023,2023-03-10 00:00:00+00:00,HOU,IND,125,134,https://a.espncdn.com/i/teamlogos/nba/500/scoreboard/hou.png,https://a.espncdn.com/i/teamlogos/nba/500/scoreboard/ind.png,9,1,0,0,11,0
nba-401469149,2023,2023-03-10 00:00:00+00:00,UTAH,ORL,131,124,https://a.espncdn.com/i/teamlogos/nba/500/scoreboard/utah.png,https://a.espncdn.com/i/teamlogos/nba/500/scoreboard/orl.png,7,0,0,0,8,0
nba-401469151,2023,2023-03-10 00:30:00+00:00,GS,MEM,110,131,https://a.espncdn.com/i/teamlogos/nba/500/scoreboard/gs.png,https://a.espncdn.com/i/teamlogos/nba/500/scoreboard/mem.png,21,0,0,0,21,0
nba-401469150,2023,2023-03-10 01:00:00+00:00,BKN,MIL,113,118,https://a.espncdn.com/i/teamlogos/nba/500/scoreboard/bkn.png,https://a.espncdn.com/i/teamlogos/nba/500/scoreboard/mil.png,5,0,0,0,17,0
nba-401469152,2023,2023-03-10 03:00:00+00:00,NY,SAC,117,122,https://a.espncdn.com/i/teamlogos/nba/500/scoreboard/ny.png,https://a.espncdn.com/i/teamlogos/nba/500/scoreboard/sac.png,5,0,0,0,16,0
nba-401360437,2022,2022-01-13 00:00:00+00:00,BOS,IND,119,100,https://a.espncdn.com/i/teamlogos/nba/500/scoreboard/bos.png,https://a.espncdn.com/i/teamlogos/nba/500/scoreboard/ind.png,19,0,0,0,19,0
nba-401360438,2022,2022-01-13 00:00:00+00:00,CHA,PHI,109,98,https://a.espncdn.com/i/teamlogos/nba/500/scoreboard/cha.png,https://a.espncdn.com/i/teamlogos/nba/500/scoreboard/phi.png,11,0,1,0,14,0
nba-401360439,2022,2022-01-13 00:00:00+00:00,ORL,WSH,106,112,https://a.espncdn.com/i/teamlogos/nba/500/scoreboard/orl.png,https://a.espncdn.com/i/teamlogos/nba/500/scoreboard/wsh.png,6,0,0,0,17,0
nba-401360440,2022,2022-01-13 00:30:00+00:00,MIA,ATL,115,91,https://a.espncdn.com/i/teamlogos/nba/500/scoreboard/mia.png,https://a.espncdn.com/i/teamlogos/nba/500/scoreboard/atl.png,24,0,1,0,24,0
nba-401360441,2022,2022-01-13 00:30:00+00:00,DAL,NY,85,108,https://a.espncdn.com/i/teamlogos/nba/500/scoreboard/dal.png,https://a.espncdn.com/i/teamlogos/nba/500/scoreboard/ny.png,23,0,0,0,23,0
nba-401360442,2022,2022-01-13 01:30:00+00:00,HOU,SA,128,124,https://a.espncdn.com/i/teamlogos/nba/500/scoreboard/hou.png,https://a.espncdn.com/i/teamlogos/nba/500/scoreboard/sa.png,4,0,2,0,4,0
nba-401360443,2022,2022-01-13 02:00:00+00:00,CLE,UTAH,111,91,https://a.espncdn.com/i/teamlogos/nba/500/scoreboard/cle.png,https://a.espncdn.com/i/teamlogos/nba/500/scoreboard/utah.png,20,0,0,0,20,0
nba-401360444,2022,2022-01-13 03:00:00+00:00,BKN,CHI,138,112,https://a.espncdn.com/i/teamlogos/nba/500/scoreboard/bkn.png,https://a.espncdn.com/i/teamlogos/nba/500/scoreboard/chi.png,26,0,0,0,26,0
nba-401360445,2022,2022-01-13 03:00:00+00:00,LAL,SAC,116,125,https://a.espncdn.com/i/teamlogos/nba/500/scoreboard/lal.png,https://a.espncdn.com/i/teamlogos/nba/500/scoreboard/sac.png,9,0,1,0,11,0
nba-401468781,2023,2023-01-13 00:00:00+00:00,OKC,PHI,133,114,https://a.espncdn.com/i/teamlogos/nba/500/scoreboard/okc.png,https://a.espncdn.com/i/teamlogos/nba/500/scoreboard/phi.png,19,0,0,0,19,0
nba-401468782,2023,2023-01-13 00:30:00+00:00,BOS,BKN,109,98,https://a.espncdn.com/i/teamlogos/nba/500/scoreboard/bos.png,https://a.espncdn.com/i/teamlogos/nba/500/scoreboard/bkn.png,11,0,1,0,11,0
nba-401468783,2023,2023-01-13 00:30:00+00:00,MIL,MIA,102,108,https://a.espncdn.com/i/teamlogos/nba/500/scoreboard/mil.png,https://a.espncdn.com/i/teamlogos/nba/500/scoreboard/mia.png,6,0,1,0,9,0
nba-401468784,2023,2023-01-13 00:30:00+00:00,CHA,TOR,114,124,https://a.espncdn.com/i/teamlogos/nba/500/scoreboard/cha.png,https://a.espncdn.com/i/teamlogos/nba/500/scoreboard/tor.png,10,0,0,0,14,0
nba-401468785,2023,2023-01-13 03:00:00+00:00,DAL,LAL,119,115,https://a.espncdn.com/i/teamlogos/nba/500/scoreboard/dal.png,https://a.espncdn.com/i/teamlogos/nba/500/scoreboard/lal.png,4,2,0,0,14,0
nba-401468786,2023,2023-01-13 03:00:00+00:00,CLE,POR,119,113,https://a.espncdn.com/i/teamlogos/nba/500/scoreboard/cle.png,https://a.espncdn.com/i/teamlogos/nba/500/scoreboard/por.png,6,0,1,1,7,0
nba-401585376,2024,2024-02-10 20:00:00+00:00,OKC,DAL,111,146,https://a.espncdn.com/i/teamlogos/nba/500/scoreboard/okc.png,https://a.espncdn.com/i/teamlogos/nba/500/scoreboard/dal.png,35,0,0,0,35,0
nba-401585377,2024,2024-02-10 20:30:00+00:00,DET,LAC,106,112,https://a.espncdn.com/i/teamlogos/nba/500/scoreboard/det.png,https://a.espncdn.com/i/teamlogos/nba/500/scoreboard/lac.png,6,0,2,1,9,0
nba-401585378,2024,2024-02-10 23:00:00+00:00,SA,BKN,103,123,https://a.espncdn.com/i/teamlogos/nba/500/scoreboard/sa.png,https://a.espncdn.com/i/teamlogos/nba/500/scoreboard/bkn.png,20,0,0,0,20,0
nba-401585379,2024,2024-02-11 00:00:00+00:00,MEM,CHA,106,115,https://a.espncdn.com/i/teamlogos/nba/500/scoreboard/mem.png,https://a.espncdn.com/i/teamlogos/nba/500/scoreboard/cha.png,9,0,1,0,9,0
nba-401585380,2024,2024-02-11 00:00:00+00:00,CHI,ORL,108,114,https://a.espncdn.com/i/teamlogos/nba/500/scoreboard/chi.png,https://a.espncdn.com/i/teamlogos/nba/500/scoreboard/orl.png,6,1,2,1,6,0
nba-401585381,2024,2024-02-11 00:00:00+00:00,PHI,WSH,119,113,https://a.espncdn.com/i/teamlogos/nba/500/scoreboard/phi.png,https://a.espncdn.com/i/teamlogos/nba/500/scoreboard/wsh.png,6,0,0,0,10,0
nba-401585382,2024,2024-02-11 00:30:00+00:00,HOU,ATL,113,122,https://a.espncdn.com/i/teamlogos/nba/500/scoreboard/hou.png,https://a.espncdn.com/i/teamlogos/nba/500/scoreboard/atl.png,9,0,1,0,12,0
nba-401585383,2024,2024-02-11 00:30:00+00:00,IND,NY,125,111,https://a.espncdn.com/i/teamlogos/nba/500/scoreboard/ind.png,https://a.espncdn.com/i/teamlogos/nba/500/scoreboard/ny.png,14,0,1,0,14,0
nba-401585384,2024,2024-02-11 00:30:00+00:00,CLE,TOR,119,95,https://a.espncdn.com/i/teamlogos/nba/500/scoreboard/cle.png,https://a.espncdn.com/i/teamlogos/nba/500/scoreboard/tor.png,24,0,0,0,24,0
nba-401585385,2024,2024-02-11 01:30:00+00:00,PHX,GS,112,113,https://a.espncdn.com/i/teamlogos/nba/500/scoreboard/phx.png,https://a.espncdn.com/i/teamlogos/nba/500/scoreboard/gs.png,1,0,0,0,5,0
nba-401585386,2024,2024-02-11 03:00:00+00:00,NO,POR,93,84,https://a.espncdn.com/i/teamlogos/nba/500/scoreboard/no.png,https://a.espncdn.com/i/teamlogos/nba/500/scoreboard/por.png,9,0,0,0,9,0
nba-401468583,2023,2022-12-17 00:00:00+00:00,ATL,CHA,125,106,https://a.espncdn.com/i/teamlogos/nba/500/scoreboard/atl.png,https://a.espncdn.com/i/teamlogos/nba/500/scoreboard/cha.png,19,0,0,0,19,0
nba-401468584,2023,2022-12-17 00:00:00+00:00,SAC,DET,122,113,https://a.espncdn.com/i/teamlogos/nba/500/scoreboard/sac.png,https://a.espncdn.com/i/teamlogos/nba/500/scoreboard/det.png,9,0,1,0,9,0
nba-401468585,2023,2022-12-17 00:30:00+00:00,ORL,BOS,117,109,https://a.espncdn.com/i/teamlogos/nba/500/scoreboard/orl.png,https://a.espncdn.com/i/teamlogos/nba/500/scoreboard/bos.png,8,0,0,0,8,0
nba-401468586,2023,2022-12-17 00:30:00+00:00,IND,CLE,112,118,https://a.espncdn.com/i/teamlogos/nba/500/scoreboard/ind.png,https://a.espncdn.com/i/teamlogos/nba/500/scoreboard/cle.png,6,0,1,1,11,0
nba-401468587,2023,2022-12-17 00:30:00+00:00,GS,PHI,106,118,https://a.espncdn.com/i/teamlogos/nba/500/scoreboard/gs.png,https://a.espncdn.com/i/teamlogos/nba/500/scoreboard/phi.png,12,0,1,0,12,0
nba-401468588,2023,2022-12-17 00:30:00+00:00,BKN,TOR,119,116,https://a.espncdn.com/i/teamlogos/nba/500/scoreboard/bkn.png,https://a.espncdn.com/i/teamlogos/nba/500/scoreboard/tor.png,3,0,1,0,10,0
nba-401468589,2023,2022-12-17 01:00:00+00:00,NY,CHI,114,91,https://a.espncdn.com/i/teamlogos/nba/500/scoreboard/ny.png,https://a.espncdn.com/i/teamlogos/nba/500/scoreboard/chi.png,23,0,1,0,23,0
nba-401468590,2023,2022-12-17 01:00:00+00:00,MIN,OKC,112,110,https://a.espncdn.com/i/teamlogos/nba/500/scoreboard/min.png,https://a.espncdn.com/i/teamlogos/nba/500/scoreboard/okc.png,2,0,2,1,13,0
nba-401468591,2023,2022-12-17 01:30:00+00:00,POR,DAL,110,130,https://a.espncdn.com/i/teamlogos/nba/500/scoreboard/por.png,https://a.espncdn.com/i/teamlogos/nba/500/scoreboard/dal.png,20,0,1,0,25,0
nba-401468592,2023,2022-12-17 03:00:00+00:00,DEN,LAL,108,126,https://a.espncdn.com/i/teamlogos/nba/500/scoreboard/den.png,https://a.espncdn.com/i/teamlogos/nba/500/scoreboard/lal.png,18,0,2,0,18,0
nba-401469357,2023,2023-04-07 23:00:00+00:00,HOU,CHA,112,109,https://a.espncdn.com/i/teamlogos/nba/500/scoreboard/hou.png,https://a.espncdn.com/i/teamlogos/nba/500/scoreboard/cha.png,3,0,1,0,12,0
nba-401469358,2023,2023-04-07 23:00:00+00:00,DET,IND,122,115,https://a.espncdn.com/i/teamlogos/nba/500/scoreboard/det.png,https://a.espncdn.com/i/teamlogos/nba/500/scoreboard/ind.png,7,0,0,0,16,0
nba-401469359,2023,2023-04-07 23:00:00+00:00,MIA,WSH,108,114,https://a.espncdn.com/i/teamlogos/nba/500/scoreboard/mia.png,https://a.espncdn.com/i/teamlogos/nba/500/scoreboard/wsh.png,6,0,0,0,18,0
nba-401469360,2023,2023-04-07 23:30:00+00:00,PHI,ATL,136,131,https://a.espncdn.com/i/teamlogos/nba/500/scoreboard/phi.png,https://a.espncdn.com/i/teamlogos/nba/500/scoreboard/atl.png,5,1,2,1,10,0
nba-401469361,2023,2023-04-07 23:30:00+00:00,TOR,BOS,102,121,https://a.espncdn.com/i/teamlogos/nba/500/scoreboard/tor.png,https://a.espncdn.com/i/teamlogos/nba/500/scoreboard/bos.png,19,0,0,0,28,0
nba-401469362,2023,2023-04-07 23:30:00+00:00,ORL,BKN,84,101,https://a.espncdn.com/i/teamlogos/nba/500/scoreboard/orl.png,https://a.espncdn.com/i/teamlogos/nba/500/scoreboard/bkn.png,17,0,0,0,19,0
nba-401469363,2023,2023-04-08 00:00:00+00:00,MEM,MIL,137,114,https://a.espncdn.com/i/teamlogos/nba/500/scoreboard/mem.png,https://a.espncdn.com/i/teamlogos/nba/500/scoreboard/mil.png,23,0,2,0,23,0
nba-401469364,2023,2023-04-08 00:00:00+00:00,NY,NO,105,113,https://a.espncdn.com/i/teamlogos/nba/500/scoreboard/ny.png,https://a.espncdn.com/i/teamlogos/nba/500/scoreboard/no.png,8,0,1,0,8,0
nba-401469365,2023,2023-04-08 00:30:00+00:00,CHI,DAL,115,112,https://a.espncdn.com/i/teamlogos/nba/500/scoreboard/chi.png,https://a.espncdn.com/i/teamlogos/nba/500/scoreboard/dal.png,3,0,1,1,13,0
nba-401469366,2023,2023-04-08 02:00:00+00:00,GS,SAC,119,97,https://a.espncdn.com/i/teamlogos/nba/500/scoreboard/gs.png,https://a.espncdn.com/i/teamlogos/nba/500/scoreboard/sac.png,22,0,0,0,22,0
nba-401469367,2023,2023-04-08 02:30:00+00:00,PHX,LAL,107,121,https://a.espncdn.com/i/teamlogos/nba/500/scoreboard/phx.png,https://a.espncdn.com/i/teamlogos/nba/500/scoreboard/lal.png,14,0,1,0,14,0
nba-401361015,2022,2022-04-07 23:00:00+00:00,ORL,CHA,101,128,https://a.espncdn.com/i/teamlogos/nba/500/scoreboard/orl.png,https://a.espncdn.com/i/teamlogos/nba/500/scoreboard/cha.png,27,0,0,0,27,0
nba-401361016,2022,2022-04-07 23:30:00+00:00,PHI,TOR,114,119,https://a.espncdn.com/i/teamlogos/nba/500/scoreboard/phi.png,https://a.espncdn.com/i/teamlogos/nba/500/scoreboard/tor.png,5,0,1,0,7,0
nba-401361017,2022,2022-04-07 23:30:00+00:00,BOS,MIL,121,127,https://a.espncdn.com/i/teamlogos/nba/500/scoreboard/bos.png,https://a.espncdn.com/i/teamlogos/nba/500/scoreboard/mil.png,6,0,0,0,10,0
nba-401361018,2022,2022-04-08 00:00:00+00:00,SA,MIN,121,127,https://a.espncdn.com/i/teamlogos/nba/500/scoreboard/sa.png,https://a.espncdn.com/i/teamlogos/nba/500/scoreboard/min.png,6,0,1,0,15,0
nba-401361019,2022,2022-04-08 00:00:00+00:00,POR,NO,94,127,https://a.espncdn.com/i/teamlogos/nba/500/scoreboard/por.png,https://a.espncdn.com/i/teamlogos/nba/500/scoreboard/no.png,33,0,0,0,33,0
nba-401361020,2022,2022-04-08 01:00:00+00:00,MEM,DEN,109,122,https://a.espncdn.com/i/teamlogos/nba/500/scoreboard/mem.png,https://a.espncdn.com/i/teamlogos/nba/500/scoreboard/den.png,13,0,0,0,27,0
nba-401361021,2022,2022-04-08 02:00:00+00:00,LAL,GS,112,128,https://a.espncdn.com/i/teamlogos/nba/500/scoreboard/lal.png,https://a.espncdn.com/i/teamlogos/nba/500/scoreboard/gs.png,16,0,1,0,16,0
nba-401584962,2024,2023-12-16 23:00:00+00:00,DET,MIL,114,146,https://a.espncdn.com/i/teamlogos/nba/500/scoreboard/det.png,https://a.espncdn.com/i/teamlogos/nba/500/scoreboard/mil.png,32,0,0,0,32,0
nba-401584963,2024,2023-12-17 00:00:00+00:00,PHI,CHA,135,82,https://a.espncdn.com/i/teamlogos/nba/500/scoreboard/phi.png,https://a.espncdn.com/i/teamlogos/nba/500/scoreboard/cha.png,53,0,0,0,53,0
nba-401584964,2024,2023-12-17 00:30:00+00:00,ATL,CLE,119,127,https://a.espncdn.com/i/teamlogos/nba/500/scoreboard/atl.png,https://a.espncdn.com/i/teamlogos/nba/500/scoreboard/cle.png,8,0,0,0,18,0
nba-401584965,2024,2023-12-17 01:00:00+00:00,CHI,MIA,116,118,https://a.espncdn.com/i/teamlogos/nba/500/scoreboard/chi.png,https://a.espncdn.com/i/teamlogos/nba/500/scoreboard/mia.png,2,0,0,0,12,0
nba-401584966,2024,2023-12-17 01:00:00+00:00,IND,MIN,109,127,https://a.espncdn.com/i/teamlogos/nba/500/scoreboard/ind.png,https://a.espncdn.com/i/teamlogos/nba/500/scoreboard/min.png,18,0,0,0,18,0
nba-401584967,2024,2023-12-17 01:30:00+00:00,BKN,GS,120,124,https://a.espncdn.com/i/teamlogos/nba/500/scoreboard/bkn.png,https://a.espncdn.com/i/teamlogos/nba/500/scoreboard/gs.png,4,0,0,0,16,0
nba-401584968,2024,2023-12-17 02:00:00+00:00,OKC,DEN,118,117,https://a.espncdn.com/i/teamlogos/nba/500/scoreboard/okc.png,https://a.espncdn.com/i/teamlogos/nba/500/scoreboard/den.png,1,0,1,1,4,0
nba-401584969,2024,2023-12-17 02:00:00+00:00,DAL,POR,131,120,https://a.espncdn.com/i/teamlogos/nba/500/scoreboard/dal.png,https://a.espncdn.com/i/teamlogos/nba/500/scoreboard/por.png,11,0,1,0,11,0
nba-401584970,2024,2023-12-17 03:00:00+00:00,UTAH,SAC,104,125,https://a.espncdn.com/i/teamlogos/nba/500/scoreboard/utah.png,https://a.espncdn.com/i/teamlogos/nba/500/scoreboard/sac.png,21,0,0,0,30,0
nba-401584971,2024,2023-12-17 03:30:00+00:00,NY,LAC,122,144,https://a.espncdn.com/i/teamlogos/nba/500/scoreboard/ny.png,https://a.espncdn.com/i/teamlogos/nba/500/scoreboard/lac.png,22,0,0,0,22,0
nba-401360950,2022,2022-03-29 23:00:00+00:00,MIL,PHI,118,116,https://a.espncdn.com/i/teamlogos/nba/500/scoreboard/mil.png,https://a.espncdn.com/i/teamlogos/nba/500/scoreboard/phi.png,2,0,2,1,10,0
nba-401360951,2022,2022-03-29 23:00:00+00:00,CHI,WSH,107,94,https://a.espncdn.com/i/teamlogos/nba/500/scoreboard/chi.png,https://a.espncdn.com/i/teamlogos/nba/500/scoreboard/wsh.png,13,0,0,0,13,0
nba-401360952,2022,2022-03-29 23:30:00+00:00,DET,BKN,123,130,https://a.espncdn.com/i/teamlogos/nba/500/scoreboard/det.png,https://a.espncdn.com/i/teamlogos/nba/500/scoreboard/bkn.png,7,0,1,0,7,0
nba-401360953,2022,2022-03-29 23:30:00+00:00,LAL,DAL,110,128,https://a.espncdn.com/i/teamlogos/nba/500/scoreboard/lal.png,https://a.espncdn.com/i/teamlogos/nba/500/scoreboard/dal.png,18,0,0,0,29,0
nba-401360954,2022,2022-03-30 02:00:00+00:00,UTAH,LAC,115,121,https://a.espncdn.com/i/teamlogos/nba/500/scoreboard/utah.png,https://a.espncdn.com/i/teamlogos/nba/500/scoreboard/lac.png,6,0,1,1,18,0
nba-401359859,2022,2021-10-24 20:00:00+00:00,CHA,BKN,111,95,https://a.espncdn.com/i/teamlogos/nba/500/scoreboard/cha.png,https://a.espncdn.com/i/teamlogos/nba/500/scoreboard/bkn.png,16,0,1,0,16,0
nba-401359860,2022,2021-10-24 23:00:00+00:00,ORL,NY,110,104,https://a.espncdn.com/i/teamlogos/nba/500/scoreboard/orl.png,https://a.espncdn.com/i/teamlogos/nba/500/scoreboard/ny.png,6,0,1,1,6,0
nba-401359861,2022,2021-10-24 23:00:00+00:00,BOS,HOU,107,97,https://a.espncdn.com/i/teamlogos/nba/500/scoreboard/bos.png,https://a.espncdn.com/i/teamlogos/nba/500/scoreboard/hou.png,10,0,1,0,17,0
nba-401359862,2022,2021-10-24 23:00:00+00:00,PHI,OKC,115,103,https://a.espncdn.com/i/teamlogos/nba/500/scoreboard/phi.png,https://a.espncdn.com/i/teamlogos/nba/500/scoreboard/okc.png,12,0,0,0,12,0
nba-401359863,2022,2021-10-25 01:00:00+00:00,GS,SAC,119,107,https://a.espncdn.com/i/teamlogos/nba/500/scoreboard/gs.png,https://a.espncdn.com/i/teamlogos/nba/500/scoreboard/sac.png,12,0,1,0,12,0
nba-401359864,2022,2021-10-25 01:30:00+00:00,MEM,LAL,118,121,https://a.espncdn.com/i/teamlogos/nba/500/scoreboard/mem.png,https://a.espncdn.com/i/teamlogos/nba/500/scoreboard/lal.png,3,0,2,1,6,0
nba-401469291,2023,2023-03-29 23:00:00+00:00,MIL,IND,149,136,https://a.espncdn.com/i/teamlogos/nba/500/scoreboard/mil.png,https://a.espncdn.com/i/teamlogos/nba/500/scoreboard/ind.png,13,0,0,0,13,0
nba-401469292,2023,2023-03-29 23:30:00+00:00,HOU,BKN,114,123,https://a.espncdn.com/i/teamlogos/nba/500/scoreboard/hou.png,https://a.espncdn.com/i/teamlogos/nba/500/scoreboard/bkn.png,9,0,2,1,9,0
nba-401469293,2023,2023-03-29 23:30:00+00:00,MIA,NY,92,101,https://a.espncdn.com/i/teamlogos/nba/500/scoreboard/mia.png,https://a.espncdn.com/i/teamlogos/nba/500/scoreboard/ny.png,9,0,1,0,9,0
nba-401469294,2023,2023-03-29 23:30:00+00:00,DAL,PHI,108,116,https://a.espncdn.com/i/teamlogos/nba/500/scoreboard/dal.png,https://a.espncdn.com/i/teamlogos/nba/500/scoreboard/phi.png,8,0,1,1,9,0
nba-401469295,2023,2023-03-30 00:00:00+00:00,LAL,CHI,121,110,https://a.espncdn.com/i/teamlogos/nba/500/scoreboard/lal.png,https://a.espncdn.com/i/teamlogos/nba/500/scoreboard/chi.png,11,0,0,0,11,0
nba-401469296,2023,2023-03-30 00:00:00+00:00,LAC,MEM,141,132,https://a.espncdn.com/i/teamlogos/nba/500/scoreboard/lac.png,https://a.espncdn.com/i/teamlogos/nba/500/scoreboard/mem.png,9,0,1,0,9,0
nba-401469297,2023,2023-03-30 00:00:00+00:00,DET,OKC,106,107,https://a.espncdn.com/i/teamlogos/nba/500/scoreboard/det.png,https://a.espncdn.com/i/teamlogos/nba/500/scoreboard/okc.png,1,0,1,0,4,0
nba-401469298,2023,2023-03-30 00:00:00+00:00,UTAH,SA,128,117,https://a.espncdn.com/i/teamlogos/nba/500/scoreboard/utah.png,https://a.espncdn.com/i/teamlogos/nba/500/scoreboard/sa.png,11,0,0,0,11,0
nba-401469300,2023,2023-03-30 02:00:00+00:00,SAC,POR,120,80,https://a.espncdn.com/i/teamlogos/nba/500/scoreboard/sac.png,https://a.espncdn.com/i/teamlogos/nba/500/scoreboard/por.png,40,0,1,0,40,0
nba-401469299,2023,2023-03-30 02:15:00+00:00,MIN,PHX,100,107,https://a.espncdn.com/i/teamlogos/nba/500/scoreboard/min.png,https://a.espncdn.com/i/teamlogos/nba/500/scoreboard/phx.png,7,0,2,0,7,0
nba-401656363,2024,2024-06-18 00:30:00+00:00,DAL,BOS,88,106,https://a.espncdn.com/i/teamlogos/nba/500/scoreboard/dal.png,https://a.espncdn.com/i/teamlogos/nba/500/scoreboard/bos.png,18,0,0,0,21,1
nba-401433616,2022,2022-05-15 19:30:00+00:00,MIL,BOS,81,109,https://a.espncdn.com/i/teamlogos/nba/500/scoreboard/mil.png,https://a.espncdn.com/i/teamlogos/nba/500/scoreboard/bos.png,28,0,1,0,28,1
nba-401434115,2022,2022-05-16 00:00:00+00:00,DAL,PHX,123,90,https://a.espncdn.com/i/teamlogos/nba/500/scoreboard/dal.png,https://a.espncdn.com/i/teamlogos/nba/500/scoreboard/phx.png,33,0,0,0,42,1
nba-401585494,2024,2024-03-02 20:00:00+00:00,ATL,BKN,102,114,https://a.espncdn.com/i/teamlogos/nba/500/scoreboard/atl.png,https://a.espncdn.com/i/teamlogos/nba/500/scoreboard/bkn.png,12,0,1,0,12,0
nba-401585495,2024,2024-03-02 22:00:00+00:00,UTAH,MIA,120,126,https://a.espncdn.com/i/teamlogos/nba/500/scoreboard/utah.png,https://a.espncdn.com/i/teamlogos/nba/500/scoreboard/mia.png,6,0,1,0,6,0
nba-401585496,2024,2024-03-03 01:00:00+00:00,POR,MEM,107,100,https://a.espncdn.com/i/teamlogos/nba/500/scoreboard/por.png,https://a.espncdn.com/i/teamlogos/nba/500/scoreboard/mem.png,7,1,2,1,17,0
nba-401585497,2024,2024-03-03 01:30:00+00:00,DEN,LAL,124,114,https://a.espncdn.com/i/teamlogos/nba/500/scoreboard/den.png,https://a.espncdn.com/i/teamlogos/nba/500/scoreboard/lal.png,10,0,1,0,10,0
nba-401585498,2024,2024-03-03 02:00:00+00:00,HOU,PHX,118,109,https://a.espncdn.com/i/teamlogos/nba/500/scoreboard/hou.png,https://a.espncdn.com/i/teamlogos/nba/500/scoreboard/phx.png,9,0,0,0,19,0
nba-401672979,2024,2024-05-29 00:30:00+00:00,MIN,DAL,105,100,https://a.espncdn.com/i/teamlogos/nba/500/scoreboard/min.png,https://a.espncdn.com/i/teamlogos/nba/500/scoreboard/dal.png,5,0,0,0,7,1
nba-401433611,2022,2022-05-03 23:00:00+00:00,MIL,BOS,86,109,https://a.espncdn.com/i/teamlogos/nba/500/scoreboard/mil.png,https://a.espncdn.com/i/teamlogos/nba/500/scoreboard/bos.png,23,0,0,0,25,1
nba-401434771,2022,2022-05-04 01:30:00+00:00,GS,MEM,101,106,https://a.espncdn.com/i/teamlogos/nba/500/scoreboard/gs.png,https://a.espncdn.com/i/teamlogos/nba/500/scoreboard/mem.png,5,0,0,0,8,1
nba-401545112,2023,2023-05-04 00:00:00+00:00,PHI,BOS,87,121,https://a.espncdn.com/i/teamlogos/nba/500/scoreboard/phi.png,https://a.espncdn.com/i/teamlogos/nba/500/scoreboard/bos.png,34,0,0,0,34,1
nba-401585583,2024,2024-03-14 23:30:00+00:00,PHX,BOS,112,127,https://a.espncdn.com/i/teamlogos/nba/500/scoreboard/phx.png,https://a.espncdn.com/i/teamlogos/nba/500/scoreboard/bos.png,15,0,0,0,17,0
nba-401585584,2024,2024-03-15 00:00:00+00:00,LAC,CHI,126,111,https://a.espncdn.com/i/teamlogos/nba/500/scoreboard/lac.png,https://a.espncdn.com/i/teamlogos/nba/500/scoreboard/chi.png,15,0,0,0,15,0
nba-401585585,2024,2024-03-15 00:00:00+00:00,WSH,HOU,119,135,https://a.espncdn.com/i/teamlogos/nba/500/scoreboard/wsh.png,https://a.espncdn.com/i/teamlogos/nba/500/scoreboard/hou.png,16,0,0,0,19,0
nba-401585586,2024,2024-03-15 00:00:00+00:00,PHI,MIL,105,114,https://a.espncdn.com/i/teamlogos/nba/500/scoreboard/phi.png,https://a.espncdn.com/i/teamlogos/nba/500/scoreboard/mil.png,9,0,1,1,9,0
nba-401585587,2024,2024-03-15 02:00:00+00:00,DAL,OKC,119,126,https://a.espncdn.com/i/teamlogos/nba/500/scoreboard/dal.png,https://a.espncdn.com/i/teamlogos/nba/500/scoreboard/okc.png,7,0,0,0,8,0
nba-401585588,2024,2024-03-15 02:00:00+00:00,NY,POR,105,93,https://a.espncdn.com/i/teamlogos/nba/500/scoreboard/ny.png,https://a.espncdn.com/i/teamlogos/nba/500/scoreboard/por.png,12,0,0,0,17,0
nba-401584886,2024,2023-11-30 00:00:00+00:00,LAL,DET,133,107,https://a.espncdn.com/i/teamlogos/nba/500/scoreboard/lal.png,https://a.espncdn.com/i/teamlogos/nba/500/scoreboard/det.png,26,0,0,0,26,0
nba-401584887,2024,2023-11-30 00:00:00+00:00,WSH,ORL,120,139,https://a.espncdn.com/i/teamlogos/nba/500/scoreboard/wsh.png,https://a.espncdn.com/i/teamlogos/nba/500/scoreboard/orl.png,19,0,0,0,19,0
nba-401584888,2024,2023-11-30 00:30:00+00:00,PHX,TOR,105,112,https://a.espncdn.com/i/teamlogos/nba/500/scoreboard/phx.png,https://a.espncdn.com/i/teamlogos/nba/500/scoreboard/tor.png,7,0,0,0,7,0
nba-401584889,2024,2023-11-30 01:00:00+00:00,UTAH,MEM,91,105,https://a.espncdn.com/i/teamlogos/nba/500/scoreboard/utah.png,https://a.espncdn.com/i/teamlogos/nba/500/scoreboard/mem.png,14,0,1,0,21,0
nba-401584890,2024,2023-11-30 01:00:00+00:00,PHI,NO,114,124,https://a.espncdn.com/i/teamlogos/nba/500/scoreboard/phi.png,https://a.espncdn.com/i/teamlogos/nba/500/scoreboard/no.png,10,0,0,0,21,0
nba-401584891,2024,2023-11-30 02:00:00+00:00,HOU,DEN,124,134,https://a.espncdn.com/i/teamlogos/nba/500/scoreboard/hou.png,https://a.espncdn.com/i/teamlogos/nba/500/scoreboard/den.png,10,0,0,0,17,0
nba-401584892,2024,2023-11-30 03:00:00+00:00,LAC,SAC,131,117,https://a.espncdn.com/i/teamlogos/nba/500/scoreboard/lac.png,https://a.espncdn.com/i/teamlogos/nba/500/scoreboard/sac.png,14,0,0,0,22,0
nba-401468464,2023,2022-11-30 00:00:00+00:00,NY,DET,140,110,https://a.espncdn.com/i/teamlogos/nba/500/scoreboard/ny.png,https://a.espncdn.com/i/teamlogos/nba/500/scoreboard/det.png,30,0,0,0,31,0
nba-401468465,2023,2022-11-30 00:30:00+00:00,GS,DAL,113,116,https://a.espncdn.com/i/teamlogos/nba/500/scoreboard/gs.png,https://a.espncdn.com/i/teamlogos/nba/500/scoreboard/dal.png,3,0,0,0,12,0
nba-401468466,2023,2022-11-30 03:00:00+00:00,LAC,POR,118,112,https://a.espncdn.com/i/teamlogos/nba/500/scoreboard/lac.png,https://a.espncdn.com/i/teamlogos/nba/500/scoreboard/por.png,6,0,1,1,13,0
nba-401360063,2022,2021-11-20 22:00:00+00:00,HOU,NY,99,106,https://a.espncdn.com/i/teamlogos/nba/500/scoreboard/hou.png,https://a.espncdn.com/i/teamlogos/nba/500/scoreboard/ny.png,7,0,1,1,8,0
nba-401360064,2022,2021-11-21 00:00:00+00:00,NO,IND,94,111,https://a.espncdn.com/i/teamlogos/nba/500/scoreboard/no.png,https://a.espncdn.com/i/teamlogos/nba/500/scoreboard/ind.png,17,0,0,0,32,0
nba-401360065,2022,2021-11-21 00:00:00+00:00,MIA,WSH,100,103,https://a.espncdn.com/i/teamlogos/nba/500/scoreboard/mia.png,https://a.espncdn.com/i/teamlogos/nba/500/scoreboard/wsh.png,3,0,2,1,4,0
nba-401360066,2022,2021-11-21 00:30:00+00:00,CHA,ATL,105,115,https://a.espncdn.com/i/teamlogos/nba/500/scoreboard/cha.png,https://a.espncdn.com/i/teamlogos/nba/500/scoreboard/atl.png,10,0,0,0,12,0
nba-401360067,2022,2021-11-21 00:30:00+00:00,OKC,BOS,105,111,https://a.espncdn.com/i/teamlogos/nba/500/scoreboard/okc.png,https://a.espncdn.com/i/teamlogos/nba/500/scoreboard/bos.png,6,0,0,0,15,0
nba-401360068,2022,2021-11-21 01:00:00+00:00,ORL,MIL,108,117,https://a.espncdn.com/i/teamlogos/nba/500/scoreboard/orl.png,https://a.espncdn.com/i/teamlogos/nba/500/scoreboard/mil.png,9,0,0,0,25,0
nba-401360069,2022,2021-11-21 01:00:00+00:00,MEM,MIN,95,138,https://a.espncdn.com/i/teamlogos/nba/500/scoreboard/mem.png,https://a.espncdn.com/i/teamlogos/nba/500/scoreboard/min.png,43,0,0,0,43,0
nba-401360070,2022,2021-11-21 03:00:00+00:00,PHI,POR,111,118,https://a.espncdn.com/i/teamlogos/nba/500/scoreboard/phi.png,https://a.espncdn.com/i/teamlogos/nba/500/scoreboard/por.png,7,0,0,0,9,0
nba-401360071,2022,2021-11-21 03:00:00+00:00,UTAH,SAC,123,105,https://a.espncdn.com/i/teamlogos/nba/500/scoreboard/utah.png,https://a.espncdn.com/i/teamlogos/nba/500/scoreboard/sac.png,18,0,0,0,18,0
nba-401585347,2024,2024-02-07 00:00:00+00:00,HOU,IND,129,132,https://a.espncdn.com/i/teamlogos/nba/500/scoreboard/hou.png,https://a.espncdn.com/i/teamlogos/nba/500/scoreboard/ind.png,3,0,2,0,7,0
nba-401585348,2024,2024-02-07 00:30:00+00:00,DAL,BKN,119,107,https://a.espncdn.com/i/teamlogos/nba/500/scoreboard/dal.png,https://a.espncdn.com/i/teamlogos/nba/500/scoreboard/bkn.png,12,0,0,0,18,0
nba-401585349,2024,2024-02-07 00:30:00+00:00,ORL,MIA,95,121,https://a.espncdn.com/i/teamlogos/nba/500/scoreboard/orl.png,https://a.espncdn.com/i/teamlogos/nba/500/scoreboard/mia.png,26,0,0,0,26,0
nba-401585350,2024,2024-02-07 00:30:00+00:00,MEM,NY,113,123,https://a.espncdn.com/i/teamlogos/nba/500/scoreboard/mem.png,https://a.espncdn.com/i/teamlogos/nba/500/scoreboard/ny.png,10,0,0,0,24,0
nba-401585351,2024,2024-02-07 01:00:00+00:00,MIN,CHI,123,129,https://a.espncdn.com/i/teamlogos/nba/500/scoreboard/min.png,https://a.espncdn.com/i/teamlogos/nba/500/scoreboard/chi.png,6,1,1,1,22,0
nba-401585352,2024,2024-02-07 02:00:00+00:00,OKC,UTAH,117,124,https://a.espncdn.com/i/teamlogos/nba/500/scoreboard/okc.png,https://a.espncdn.com/i/teamlogos/nba/500/scoreboard/utah.png,7,0,1,0,7,0
nba-401585353,2024,2024-02-07 03:00:00+00:00,MIL,PHX,106,114,https://a.espncdn.com/i/teamlogos/nba/500/scoreboard/mil.png,https://a.espncdn.com/i/teamlogos/nba/500/scoreboard/phx.png,8,0,1,0,8,0
nba-401468719,2023,2023-01-05 00:00:00+00:00,MEM,CHA,131,107,https://a.espncdn.com/i/teamlogos/nba/500/scoreboard/mem.png,https://a.espncdn.com/i/teamlogos/nba/500/scoreboard/cha.png,24,0,0,0,29,0
nba-401468720,2023,2023-01-05 00:00:00+00:00,PHX,CLE,88,90,https://a.espncdn.com/i/teamlogos/nba/500/scoreboard/phx.png,https://a.espncdn.com/i/teamlogos/nba/500/scoreboard/cle.png,2,0,2,1,10,0
nba-401468721,2023,2023-01-05 00:00:00+00:00,OKC,ORL,115,126,https://a.espncdn.com/i/teamlogos/nba/500/scoreboard/okc.png,https://a.espncdn.com/i/teamlogos/nba/500/scoreboard/orl.png,11,0,0,0,17,0
nba-401468722,2023,2023-01-05 00:00:00+00:00,IND,PHI,126,129,https://a.espncdn.com/i/teamlogos/nba/500/scoreboard/ind.png,https://a.espncdn.com/i/teamlogos/nba/500/scoreboard/phi.png,3,1,1,0,13,0
nba-401468723,2023,2023-01-05 00:30:00+00:00,SA,NY,114,117,https://a.espncdn.com/i/teamlogos/nba/500/scoreboard/sa.png,https://a.espncdn.com/i/teamlogos/nba/500/scoreboard/ny.png,3,0,0,0,10,0
nba-401468724,2023,2023-01-05 00:30:00+00:00,MIL,TOR,104,101,https://a.espncdn.com/i/teamlogos/nba/500/scoreboard/mil.png,https://a.espncdn.com/i/teamlogos/nba/500/scoreboard/tor.png,3,1,0,0,4,0
nba-401468725,2023,2023-01-05 01:00:00+00:00,BKN,CHI,112,121,https://a.espncdn.com/i/teamlogos/nba/500/scoreboard/bkn.png,https://a.espncdn.com/i/teamlogos/nba/500/scoreboard/chi.png,9,0,0,0,10,0
nba-401468726,2023,2023-01-05 01:00:00+00:00,POR,MIN,106,113,https://a.espncdn.com/i/teamlogos/nba/500/scoreboard/por.png,https://a.espncdn.com/i/teamlogos/nba/500/scoreboard/min.png,7,0,0,0,7,0
nba-401468727,2023,2023-01-05 01:00:00+00:00,HOU,NO,108,119,https://a.espncdn.com/i/teamlogos/nba/500/scoreboard/hou.png,https://a.espncdn.com/i/teamlogos/nba/500/scoreboard/no.png,11,0,0,0,25,0
nba-401468728,2023,2023-01-05 03:00:00+00:00,DET,GS,122,119,https://a.espncdn.com/i/teamlogos/nba/500/scoreboard/det.png,https://a.espncdn.com/i/teamlogos/nba/500/scoreboard/gs.png,3,0,0,0,8,0
nba-401468729,2023,2023-01-05 03:00:00+00:00,MIA,LAL,109,112,https://a.espncdn.com/i/teamlogos/nba/500/scoreboard/mia.png,https://a.espncdn.com/i/teamlogos/nba/500/scoreboard/lal.png,3,0,0,0,9,0
nba-401468730,2023,2023-01-05 03:00:00+00:00,ATL,SAC,120,117,https://a.espncdn.com/i/teamlogos/nba/500/scoreboard/atl.png,https://a.espncdn.com/i/teamlogos/nba/500/scoreboard/sac.png,3,0,0,0,3,0
nba-401360203,2022,2021-12-10 00:00:00+00:00,UTAH,PHI,118,96,https://a.espncdn.com/i/teamlogos/nba/500/scoreboard/utah.png,https://a.espncdn.com/i/teamlogos/nba/500/scoreboard/phi.png,22,0,1,0,22,0
nba-401360204,2022,2021-12-10 01:00:00+00:00,LAL,MEM,95,108,https://a.espncdn.com/i/teamlogos/nba/500/scoreboard/lal.png,https://a.espncdn.com/i/teamlogos/nba/500/scoreboard/mem.png,13,0,1,0,13,0
nba-401360205,2022,2021-12-10 01:30:00+00:00,DEN,SA,111,123,https://a.espncdn.com/i/teamlogos/nba/500/scoreboard/den.png,https://a.espncdn.com/i/teamlogos/nba/500/scoreboard/sa.png,12,0,0,0,12,0
nba-401360381,2022,2022-01-05 00:00:00+00:00,MEM,CLE,110,106,https://a.espncdn.com/i/teamlogos/nba/500/scoreboard/mem.png,https://a.espncdn.com/i/teamlogos/nba/500/scoreboard/cle.png,4,0,1,0,4,0
nba-401360382,2022,2022-01-05 00:00:00+00:00,SA,TOR,104,129,https://a.espncdn.com/i/teamlogos/nba/500/scoreboard/sa.png,https://a.espncdn.com/i/teamlogos/nba/500/scoreboard/tor.png,25,0,0,0,25,0
nba-401360383,2022,2022-01-05 00:30:00+00:00,IND,NY,94,104,https://a.espncdn.com/i/teamlogos/nba/500/scoreboard/ind.png,https://a.espncdn.com/i/teamlogos/nba/500/scoreboard/ny.png,10,0,0,0,10,0
nba-401360384,2022,2022-01-05 01:00:00+00:00,PHX,NO,123,110,https://a.espncdn.com/i/teamlogos/nba/500/scoreboard/phx.png,https://a.espncdn.com/i/teamlogos/nba/500/scoreboard/no.png,13,0,0,0,13,0
nba-401360385,2022,2022-01-05 03:30:00+00:00,SAC,LAL,114,122,https://a.espncdn.com/i/teamlogos/nba/500/scoreboard/sac.png,https://a.espncdn.com/i/teamlogos/nba/500/scoreboard/lal.png,8,0,1,0,8,0
nba-401539671,2023,2023-04-11 23:30:00+00:00,ATL,MIA,116,105,https://a.espncdn.com/i/teamlogos/nba/500/scoreboard/atl.png,https://a.espncdn.com/i/teamlogos/nba/500/scoreboard/mia.png,11,0,0,0,15,0
nba-401539672,2023,2023-04-12 02:00:00+00:00,MIN,LAL,102,108,https://a.espncdn.com/i/teamlogos/nba/500/scoreboard/min.png,https://a.espncdn.com/i/teamlogos/nba/500/scoreboard/lal.png,6,1,1,1,11,0
nba-401657182,2024,2024-05-04 23:00:00+00:00,MIN,DEN,106,99,https://a.espncdn.com/i/teamlogos/nba/500/scoreboard/min.png,https://a.espncdn.com/i/teamlogos/nba/500/scoreboard/den.png,7,0,1,0,7,1
nba-401591918,2024,2023-10-17 23:00:00+00:00,NO,ORL,104,92,https://a.espncdn.com/i/teamlogos/nba/500/scoreboard/no.png,https://a.espncdn.com/i/teamlogos/nba/500/scoreboard/orl.png,12,0,1,0,12,0
nba-401591919,2024,2023-10-17 23:30:00+00:00,NY,BOS,110,123,https://a.espncdn.com/i/teamlogos/nba/500/scoreboard/ny.png,https://a.espncdn.com/i/teamlogos/nba/500/scoreboard/bos.png,13,0,0,0,18,0
nba-401591920,2024,2023-10-18 00:00:00+00:00,TOR,CHI,106,102,https://a.espncdn.com/i/teamlogos/nba/500/scoreboard/tor.png,https://a.espncdn.com/i/teamlogos/nba/500/scoreboard/chi.png,4,0,3,1,4,0
nba-401591921,2024,2023-10-18 00:00:00+00:00,MRC,MIN,111,138,https://a.espncdn.com/i/teamlogos/nba/500/mrc.png,https://a.espncdn.com/i/teamlogos/nba/500/scoreboard/min.png,27,0,1,0,27,0
nba-401591922,2024,2023-10-18 00:00:00+00:00,MIL,OKC,101,124,https://a.espncdn.com/i/teamlogos/nba/500/scoreboard/mil.png,https://a.espncdn.com/i/teamlogos/nba/500/scoreboard/okc.png,23,0,0,0,23,0
nba-401591923,2024,2023-10-18 02:30:00+00:00,DEN,LAC,103,116,https://a.espncdn.com/i/teamlogos/nba/500/scoreboard/den.png,https://a.espncdn.com/i/teamlogos/nba/500/scoreboard/lac.png,13,0,0,0,19,0
nba-401360831,2022,2022-03-13 17:00:00+00:00,NY,BKN,107,110,https://a.espncdn.com/i/teamlogos/nba/500/scoreboard/ny.png,https://a.espncdn.com/i/teamlogos/nba/500/scoreboard/bkn.png,3,0,0,0,5,0
nba-401360832,2022,2022-03-13 19:00:00+00:00,LAC,DET,106,102,https://a.espncdn.com/i/teamlogos/nba/500/scoreboard/lac.png,https://a.espncdn.com/i/teamlogos/nba/500/scoreboard/det.png,4,0,1,1,14,0
nba-401360833,2022,2022-03-13 19:30:00+00:00,DAL,BOS,95,92,https://a.espncdn.com/i/teamlogos/nba/500/scoreboard/dal.png,https://a.espncdn.com/i/teamlogos/nba/500/scoreboard/bos.png,3,0,1,0,9,0
nba-401360834,2022,2022-03-13 22:00:00+00:00,PHI,ORL,116,114,https://a.espncdn.com/i/teamlogos/nba/500/scoreboard/phi.png,https://a.espncdn.com/i/teamlogos/nba/500/scoreboard/orl.png,2,1,1,1,12,0
nba-401360835,2022,2022-03-13 23:00:00+00:00,IND,ATL,128,131,https://a.espncdn.com/i/teamlogos/nba/500/scoreboard/ind.png,https://a.espncdn.com/i/teamlogos/nba/500/scoreboard/atl.png,3,0,0,0,18,0
nba-401360836,2022,2022-03-13 23:00:00+00:00,HOU,NO,105,130,https://a.espncdn.com/i/teamlogos/nba/500/scoreboard/hou.png,https://a.espncdn.com/i/teamlogos/nba/500/scoreboard/no.png,25,0,1,0,26,0
nba-401360837,2022,2022-03-13 23:00:00+00:00,MEM,OKC,125,118,https://a.espncdn.com/i/teamlogos/nba/500/scoreboard/mem.png,https://a.espncdn.com/i/teamlogos/nba/500/scoreboard/okc.png,7,0,0,0,16,0
nba-401360838,2022,2022-03-14 01:00:00+00:00,LAL,PHX,111,140,https://a.espncdn.com/i/teamlogos/nba/500/scoreboard/lal.png,https://a.espncdn.com/i/teamlogos/nba/500/scoreboard/phx.png,29,0,0,0,29,0
nba-401469175,2023,2023-03-13 23:00:00+00:00,IND,DET,97,117,https://a.espncdn.com/i/teamlogos/nba/500/scoreboard/ind.png,https://a.espncdn.com/i/teamlogos/nba/500/scoreboard/det.png,20,0,0,0,23,0
nba-401469176,2023,2023-03-13 23:30:00+00:00,MIN,ATL,136,115,https://a.espncdn.com/i/teamlogos/nba/500/scoreboard/min.png,https://a.espncdn.com/i/teamlogos/nba/500/scoreboard/atl.png,21,0,0,0,24,0
nba-401469177,2023,2023-03-13 23:30:00+00:00,UTAH,MIA,115,119,https://a.espncdn.com/i/teamlogos/nba/500/scoreboard/utah.png,https://a.espncdn.com/i/teamlogos/nba/500/scoreboard/mia.png,4,0,2,0,7,0
nba-401469178,2023,2023-03-13 23:30:00+00:00,MEM,DAL,104,88,https://a.espncdn.com/i/teamlogos/nba/500/scoreboard/mem.png,https://a.espncdn.com/i/teamlogos/nba/500/scoreboard/dal.png,16,0,2,0,16,0
nba-401469179,2023,2023-03-14 00:00:00+00:00,BOS,HOU,109,111,https://a.espncdn.com/i/teamlogos/nba/500/scoreboard/bos.png,https://a.espncdn.com/i/teamlogos/nba/500/scoreboard/hou.png,2,0,0,0,7,0
nba-401469180,2023,2023-03-14 02:00:00+00:00,PHX,GS,112,123,https://a.espncdn.com/i/teamlogos/nba/500/scoreboard/phx.png,https://a.espncdn.com/i/teamlogos/nba/500/scoreboard/gs.png,11,0,0,0,22,0
nba-401469181,2023,2023-03-14 02:00:00+00:00,MIL,SAC,133,124,https://a.espncdn.com/i/teamlogos/nba/500/scoreboard/mil.png,https://a.espncdn.com/i/teamlogos/nba/500/scoreboard/sac.png,9,0,1,0,9,0
nba-401360585,2022,2022-02-02 00:00:00+00:00,NO,DET,111,101,https://a.espncdn.com/i/teamlogos/nba/500/scoreboard/no.png,https://a.espncdn.com/i/teamlogos/nba/500/scoreboard/det.png,10,0,1,1,10,0
nba-401360587,2022,2022-02-02 00:30:00+00:00,WSH,MIL,98,112,https://a.espncdn.com/i/teamlogos/nba/500/scoreboard/wsh.png,https://a.espncdn.com/i/teamlogos/nba/500/scoreboard/mil.png,14,0,0,0,14,0
nba-401360603,2022,2022-02-02 00:30:00+00:00,MIA,TOR,106,110,https://a.espncdn.com/i/teamlogos/nba/500/scoreboard/mia.png,https://a.espncdn.com/i/teamlogos/nba/500/scoreboard/tor.png,4,0,1,1,12,0
nba-401360588,2022,2022-02-02 01:00:00+00:00,ORL,CHI,115,126,https://a.espncdn.com/i/teamlogos/nba/500/scoreboard/orl.png,https://a.espncdn.com/i/teamlogos/nba/500/scoreboard/chi.png,11,0,0,0,11,0
nba-401360589,2022,2022-02-02 01:00:00+00:00,DEN,MIN,115,130,https://a.espncdn.com/i/teamlogos/nba/500/scoreboard/den.png,https://a.espncdn.com/i/teamlogos/nba/500/scoreboard/min.png,15,0,0,0,22,0
nba-401360590,2022,2022-02-02 01:30:00+00:00,GS,SA,124,120,https://a.espncdn.com/i/teamlogos/nba/500/scoreboard/gs.png,https://a.espncdn.com/i/teamlogos/nba/500/scoreboard/sa.png,4,0,1,1,15,0
nba-401360591,2022,2022-02-02 03:00:00+00:00,BKN,PHX,111,121,https://a.espncdn.com/i/teamlogos/nba/500/scoreboard/bkn.png,https://a.espncdn.com/i/teamlogos/nba/500/scoreboard/phx.png,10,0,0,0,10,0
nba-401468925,2023,2023-02-02 00:00:00+00:00,ORL,PHI,94,105,https://a.espncdn.com/i/teamlogos/nba/500/scoreboard/orl.png,https://a.espncdn.com/i/teamlogos/nba/500/scoreboard/phi.png,11,0,0,0,14,0
nba-401468926,2023,2023-02-02 00:00:00+00:00,POR,MEM,122,112,https://a.espncdn.com/i/teamlogos/nba/500/scoreboard/por.png,https://a.espncdn.com/i/teamlogos/nba/500/scoreboard/mem.png,10,0,1,1,10,0
nba-401468927,2023,2023-02-02 00:30:00+00:00,BKN,BOS,96,139,https://a.espncdn.com/i/teamlogos/nba/500/scoreboard/bkn.png,https://a.espncdn.com/i/teamlogos/nba/500/scoreboard/bos.png,43,0,0,0,43,0
nba-401468928,2023,2023-02-02 01:00:00+00:00,OKC,HOU,106,112,https://a.espncdn.com/i/teamlogos/nba/500/scoreboard/okc.png,https://a.espncdn.com/i/teamlogos/nba/500/scoreboard/hou.png,6,0,2,1,9,0
nba-401468929,2023,2023-02-02 01:00:00+00:00,GS,MIN,114,119,https://a.espncdn.com/i/teamlogos/nba/500/scoreboard/gs.png,https://a.espncdn.com/i/teamlogos/nba/500/scoreboard/min.png,5,1,1,1,11,0
nba-401468930,2023,2023-02-02 01:00:00+00:00,SAC,SA,119,109,https://a.espncdn.com/i/teamlogos/nba/500/scoreboard/sac.png,https://a.espncdn.com/i/teamlogos/nba/500/scoreboard/sa.png,10,0,1,0,10,0
nba-401468931,2023,2023-02-02 02:00:00+00:00,TOR,UTAH,128,131,https://a.espncdn.com/i/teamlogos/nba/500/scoreboard/tor.png,https://a.espncdn.com/i/teamlogos/nba/500/scoreboard/utah.png,3,0,0,0,6,0
nba-401468932,2023,2023-02-02 03:00:00+00:00,ATL,PHX,132,100,https://a.espncdn.com/i/teamlogos/nba/500/scoreboard/atl.png,https://a.espncdn.com/i/teamlogos/nba/500/scoreboard/phx.png,32,0,0,0,35,0
nba-401585093,2024,2024-01-04 00:00:00+00:00,WSH,CLE,101,140,https://a.espncdn.com/i/teamlogos/nba/500/scoreboard/wsh.png,https://a.espncdn.com/i/teamlogos/nba/500/scoreboard/cle.png,39,0,0,0,39,0
nba-401585094,2024,2024-01-04 00:00:00+00:00,MIL,IND,130,142,https://a.espncdn.com/i/teamlogos/nba/500/scoreboard/mil.png,https://a.espncdn.com/i/teamlogos/nba/500/scoreboard/ind.png,12,0,2,0,16,0
nba-401585095,2024,2024-01-04 00:30:00+00:00,OKC,ATL,138,141,https://a.espncdn.com/i/teamlogos/nba/500/scoreboard/okc.png,https://a.espncdn.com/i/teamlogos/nba/500/scoreboard/atl.png,3,0,0,0,17,0
nba-401585097,2024,2024-01-04 01:00:00+00:00,BKN,HOU,101,112,https://a.espncdn.com/i/teamlogos/nba/500/scoreboard/bkn.png,https://a.espncdn.com/i/teamlogos/nba/500/scoreboard/hou.png,11,0,2,0,12,0
nba-401585098,2024,2024-01-04 01:00:00+00:00,TOR,MEM,116,111,https://a.espncdn.com/i/teamlogos/nba/500/scoreboard/tor.png,https://a.espncdn.com/i/teamlogos/nba/500/scoreboard/mem.png,5,0,0,0,17,0
nba-401585099,2024,2024-01-04 01:00:00+00:00,NO,MIN,117,106,https://a.espncdn.com/i/teamlogos/nba/500/scoreboard/no.png,https://a.espncdn.com/i/teamlogos/nba/500/scoreboard/min.png,11,0,0,0,21,0
nba-401585096,2024,2024-01-04 01:30:00+00:00,CHI,NY,100,116,https://a.espncdn.com/i/teamlogos/nba/500/scoreboard/chi.png,https://a.espncdn.com/i/teamlogos/nba/500/scoreboard/ny.png,16,0,2,0,16,0
nba-401585100,2024,2024-01-04 01:30:00+00:00,POR,DAL,97,126,https://a.espncdn.com/i/teamlogos/nba/500/scoreboard/por.png,https://a.espncdn.com/i/teamlogos/nba/500/scoreboard/dal.png,29,0,0,0,31,0
nba-401585101,2024,2024-01-04 02:00:00+00:00,LAC,PHX,131,122,https://a.espncdn.com/i/teamlogos/nba/500/scoreboard/lac.png,https://a.espncdn.com/i/teamlogos/nba/500/scoreboard/phx.png,9,0,0,0,19,0
nba-401585102,2024,2024-01-04 02:00:00+00:00,DET,UTAH,148,154,https://a.espncdn.com/i/teamlogos/nba/500/scoreboard/det.png,https://a.espncdn.com/i/teamlogos/nba/500/scoreboard/utah.png,6,1,1,1,7,0
nba-401585103,2024,2024-01-04 03:00:00+00:00,MIA,LAL,110,96,https://a.espncdn.com/i/teamlogos/nba/500/scoreboard/mia.png,https://a.espncdn.com/i/teamlogos/nba/500/scoreboard/lal.png,14,0,0,0,14,0
nba-401585104,2024,2024-01-04 03:00:00+00:00,ORL,SAC,135,138,https://a.espncdn.com/i/teamlogos/nba/500/scoreboard/orl.png,https://a.espncdn.com/i/teamlogos/nba/500/scoreboard/sac.png,3,2,1,0,12,0
nba-401654655,2024,2024-04-16 23:30:00+00:00,LAL,NO,110,106,https://a.espncdn.com/i/teamlogos/nba/500/scoreboard/lal.png,https://a.espncdn.com/i/teamlogos/nba/500/scoreboard/no.png,4,0,1,0,10,0
nba-401654656,2024,2024-04-17 02:00:00+00:00,GS,SAC,94,118,https://a.espncdn.com/i/teamlogos/nba/500/scoreboard/gs.png,https://a.espncdn.com/i/teamlogos/nba/500/scoreboard/sac.png,24,0,0,0,24,0
nba-401468287,2023,2022-11-05 21:00:00+00:00,SAC,ORL,126,123,https://a.espncdn.com/i/teamlogos/nba/500/scoreboard/sac.png,https://a.espncdn.com/i/teamlogos/nba/500/scoreboard/orl.png,3,1,1,0,18,0
nba-401468288,2023,2022-11-05 23:00:00+00:00,BKN,CHA,98,94,https://a.espncdn.com/i/teamlogos/nba/500/scoreboard/bkn.png,https://a.espncdn.com/i/teamlogos/nba/500/scoreboard/cha.png,4,0,2,1,9,0
nba-401468289,2023,2022-11-05 23:30:00+00:00,NO,ATL,121,124,https://a.espncdn.com/i/teamlogos/nba/500/scoreboard/no.png,https://a.espncdn.com/i/teamlogos/nba/500/scoreboard/atl.png,3,1,0,0,8,0
nba-401468290,2023,2022-11-05 23:30:00+00:00,BOS,NY,133,118,https://a.espncdn.com/i/teamlogos/nba/500/scoreboard/bos.png,https://a.espncdn.com/i/teamlogos/nba/500/scoreboard/ny.png,15,0,0,0,15,0
nba-401468291,2023,2022-11-06 00:00:00+00:00,OKC,MIL,94,108,https://a.espncdn.com/i/teamlogos/nba/500/scoreboard/okc.png,https://a.espncdn.com/i/teamlogos/nba/500/scoreboard/mil.png,14,0,0,0,15,0
nba-401468292,2023,2022-11-06 00:00:00+00:00,HOU,MIN,117,129,https://a.espncdn.com/i/teamlogos/nba/500/scoreboard/hou.png,https://a.espncdn.com/i/teamlogos/nba/500/scoreboard/min.png,12,0,0,0,20,0
nba-401468293,2023,2022-11-06 01:00:00+00:00,SA,DEN,101,126,https://a.espncdn.com/i/teamlogos/nba/500/scoreboard/sa.png,https://a.espncdn.com/i/teamlogos/nba/500/scoreboard/den.png,25,0,0,0,25,0
nba-401468294,2023,2022-11-06 02:00:00+00:00,POR,PHX,82,102,https://a.espncdn.com/i/teamlogos/nba/500/scoreboard/por.png,https://a.espncdn.com/i/teamlogos/nba/500/scoreboard/phx.png,20,0,0,0,23,0
nba-401584768,2024,2023-11-05 20:00:00+00:00,PHX,DET,120,106,https://a.espncdn.com/i/teamlogos/nba/500/scoreboard/phx.png,https://a.espncdn.com/i/teamlogos/nba/500/scoreboard/det.png,14,0,0,0,14,0
nba-401584769,2024,2023-11-05 20:30:00+00:00,TOR,SA,123,116,https://a.espncdn.com/i/teamlogos/nba/500/scoreboard/tor.png,https://a.espncdn.com/i/teamlogos/nba/500/scoreboard/sa.png,7,1,1,1,19,0
nba-401584770,2024,2023-11-05 23:00:00+00:00,GS,CLE,104,115,https://a.espncdn.com/i/teamlogos/nba/500/scoreboard/gs.png,https://a.espncdn.com/i/teamlogos/nba/500/scoreboard/cle.png,11,0,1,0,12,0
nba-401584771,2024,2023-11-06 00:30:00+00:00,CHA,DAL,118,124,https://a.espncdn.com/i/teamlogos/nba/500/scoreboard/cha.png,https://a.espncdn.com/i/teamlogos/nba/500/scoreboard/dal.png,6,0,1,1,12,0
nba-401584772,2024,2023-11-06 02:00:00+00:00,MEM,POR,112,100,https://a.espncdn.com/i/teamlogos/nba/500/scoreboard/mem.png,https://a.espncdn.com/i/teamlogos/nba/500/scoreboard/por.png,12,0,3,1,12,0
nba-401360555,2022,2022-01-29 00:00:00+00:00,DET,ORL,103,119,https://a.espncdn.com/i/teamlogos/nba/500/scoreboard/det.png,https://a.espncdn.com/i/teamlogos/nba/500/scoreboard/orl.png,16,0,0,0,20,0
nba-401360554,2022,2022-01-29 00:30:00+00:00,LAL,CHA,114,117,https://a.espncdn.com/i/teamlogos/nba/500/scoreboard/lal.png,https://a.espncdn.com/i/teamlogos/nba/500/scoreboard/cha.png,3,0,0,0,16,0
nba-401360556,2022,2022-01-29 00:30:00+00:00,BOS,ATL,92,108,https://a.espncdn.com/i/teamlogos/nba/500/scoreboard/bos.png,https://a.espncdn.com/i/teamlogos/nba/500/scoreboard/atl.png,16,0,0,0,16,0
nba-401360548,2022,2022-01-29 01:00:00+00:00,DEN,NO,116,105,https://a.espncdn.com/i/teamlogos/nba/500/scoreboard/den.png,https://a.espncdn.com/i/teamlogos/nba/500/scoreboard/no.png,11,0,0,0,11,0
nba-401360557,2022,2022-01-29 01:00:00+00:00,LAC,MIA,114,121,https://a.espncdn.com/i/teamlogos/nba/500/scoreboard/lac.png,https://a.espncdn.com/i/teamlogos/nba/500/scoreboard/mia.png,7,0,0,0,16,0
nba-401360558,2022,2022-01-29 01:00:00+00:00,POR,HOU,125,110,https://a.espncdn.com/i/teamlogos/nba/500/scoreboard/por.png,https://a.espncdn.com/i/teamlogos/nba/500/scoreboard/hou.png,15,0,0,0,15,0
nba-401360559,2022,2022-01-29 01:00:00+00:00,UTAH,MEM,109,119,https://a.espncdn.com/i/teamlogos/nba/500/scoreboard/utah.png,https://a.espncdn.com/i/teamlogos/nba/500/scoreboard/mem.png,10,0,0,0,10,0
nba-401360560,2022,2022-01-29 01:00:00+00:00,IND,OKC,113,110,https://a.espncdn.com/i/teamlogos/nba/500/scoreboard/ind.png,https://a.espncdn.com/i/teamlogos/nba/500/scoreboard/okc.png,3,1,1,1,7,0
nba-401360561,2022,2022-01-29 01:30:00+00:00,CHI,SA,122,131,https://a.espncdn.com/i/teamlogos/nba/500/scoreboard/chi.png,https://a.espncdn.com/i/teamlogos/nba/500/scoreboard/sa.png,9,0,1,0,9,0
nba-401360562,2022,2022-01-29 02:00:00+00:00,MIN,PHX,124,134,https://a.espncdn.com/i/teamlogos/nba/500/scoreboard/min.png,https://a.espncdn.com/i/teamlogos/nba/500/scoreboard/phx.png,10,0,0,0,10,0
nba-401360563,2022,2022-01-29 03:00:00+00:00,NY,MIL,108,123,https://a.espncdn.com/i/teamlogos/nba/500/scoreboard/ny.png,https://a.espncdn.com/i/teamlogos/nba/500/scoreboard/mil.png,15,0,0,0,15,0
nba-401358781,2022,2021-12-25 17:00:00+00:00,ATL,NY,87,101,https://a.espncdn.com/i/teamlogos/nba/500/scoreboard/atl.png,https://a.espncdn.com/i/teamlogos/nba/500/scoreboard/ny.png,14,0,0,0,15,0
nba-401358782,2022,2021-12-25 19:30:00+00:00,BOS,MIL,113,117,https://a.espncdn.com/i/teamlogos/nba/500/scoreboard/bos.png,https://a.espncdn.com/i/teamlogos/nba/500/scoreboard/mil.png,4,0,1,1,15,0
nba-401358783,2022,2021-12-25 22:00:00+00:00,GS,PHX,116,107,https://a.espncdn.com/i/teamlogos/nba/500/scoreboard/gs.png,https://a.espncdn.com/i/teamlogos/nba/500/scoreboard/phx.png,9,0,2,0,9,0
nba-401358784,2022,2021-12-26 01:00:00+00:00,BKN,LAL,122,115,https://a.espncdn.com/i/teamlogos/nba/500/scoreboard/bkn.png,https://a.espncdn.com/i/teamlogos/nba/500/scoreboard/lal.png,7,0,0,0,20,0
nba-401358785,2022,2021-12-26 03:30:00+00:00,DAL,UTAH,116,120,https://a.espncdn.com/i/teamlogos/nba/500/scoreboard/dal.png,https://a.espncdn.com/i/teamlogos/nba/500/scoreboard/utah.png,4,0,1,0,9,0
nba-401468896,2023,2023-01-28 20:00:00+00:00,DEN,PHI,119,126,https://a.espncdn.com/i/teamlogos/nba/500/scoreboard/den.png,https://a.espncdn.com/i/teamlogos/nba/500/scoreboard/phi.png,7,0,1,1,15,0
nba-401468897,2023,2023-01-28 22:30:00+00:00,NY,BKN,115,122,https://a.espncdn.com/i/teamlogos/nba/500/scoreboard/ny.png,https://a.espncdn.com/i/teamlogos/nba/500/scoreboard/bkn.png,7,0,0,0,13,0
nba-401468898,2023,2023-01-29 00:00:00+00:00,HOU,DET,117,114,https://a.espncdn.com/i/teamlogos/nba/500/scoreboard/hou.png,https://a.espncdn.com/i/teamlogos/nba/500/scoreboard/det.png,3,0,3,1,10,0
nba-401468899,2023,2023-01-29 00:00:00+00:00,CHI,ORL,128,109,https://a.espncdn.com/i/teamlogos/nba/500/scoreboard/chi.png,https://a.espncdn.com/i/teamlogos/nba/500/scoreboard/orl.png,19,0,0,0,19,0
nba-401468900,2023,2023-01-29 00:30:00+00:00,LAC,ATL,120,113,https://a.espncdn.com/i/teamlogos/nba/500/scoreboard/lac.png,https://a.espncdn.com/i/teamlogos/nba/500/scoreboard/atl.png,7,0,1,0,7,0
nba-401468901,2023,2023-01-29 01:00:00+00:00,SAC,MIN,110,117,https://a.espncdn.com/i/teamlogos/nba/500/scoreboard/sac.png,https://a.espncdn.com/i/teamlogos/nba/500/scoreboard/min.png,7,0,2,0,9,0
nba-401468902,2023,2023-01-29 01:00:00+00:00,WSH,NO,113,103,https://a.espncdn.com/i/teamlogos/nba/500/scoreboard/wsh.png,https://a.espncdn.com/i/teamlogos/nba/500/scoreboard/no.png,10,0,0,0,14,0
nba-401468903,2023,2023-01-29 01:00:00+00:00,PHX,SA,128,118,https://a.espncdn.com/i/teamlogos/nba/500/scoreboard/phx.png,https://a.espncdn.com/i/teamlogos/nba/500/scoreboard/sa.png,10,1,0,0,11,0
nba-401468904,2023,2023-01-29 01:30:00+00:00,LAL,BOS,121,125,https://a.espncdn.com/i/teamlogos/nba/500/scoreboard/lal.png,https://a.espncdn.com/i/teamlogos/nba/500/scoreboard/bos.png,4,1,2,0,6,0
nba-401468905,2023,2023-01-29 02:00:00+00:00,DAL,UTAH,100,108,https://a.espncdn.com/i/teamlogos/nba/500/scoreboard/dal.png,https://a.espncdn.com/i/teamlogos/nba/500/scoreboard/utah.png,8,0,0,0,18,0
nba-401468906,2023,2023-01-29 03:00:00+00:00,TOR,POR,123,105,https://a.espncdn.com/i/teamlogos/nba/500/scoreboard/tor.png,https://a.espncdn.com/i/teamlogos/nba/500/scoreboard/por.png,18,0,0,0,23,0
nba-401585183,2024,2024-01-15 18:00:00+00:00,HOU,PHI,115,124,https://a.espncdn.com/i/teamlogos/nba/500/scoreboard/hou.png,https://a.espncdn.com/i/teamlogos/nba/500/scoreboard/phi.png,9,0,0,0,21,0
nba-401585184,2024,2024-01-15 19:30:00+00:00,NO,DAL,120,125,https://a.espncdn.com/i/teamlogos/nba/500/scoreboard/no.png,https://a.espncdn.com/i/teamlogos/nba/500/scoreboard/dal.png,5,0,2,1,16,0
nba-401585185,2024,2024-01-15 20:00:00+00:00,ORL,NY,98,94,https://a.espncdn.com/i/teamlogos/nba/500/scoreboard/orl.png,https://a.espncdn.com/i/teamlogos/nba/500/scoreboard/ny.png,4,0,1,1,5,0
nba-401585186,2024,2024-01-15 20:00:00+00:00,DET,WSH,129,117,https://a.espncdn.com/i/teamlogos/nba/500/scoreboard/det.png,https://a.espncdn.com/i/teamlogos/nba/500/scoreboard/wsh.png,12,0,0,0,12,0
nba-401585187,2024,2024-01-15 20:30:00+00:00,SA,ATL,99,109,https://a.espncdn.com/i/teamlogos/nba/500/scoreboard/sa.png,https://a.espncdn.com/i/teamlogos/nba/500/scoreboard/atl.png,10,0,0,0,35,0
nba-401585188,2024,2024-01-15 23:00:00+00:00,GS,MEM,107,116,https://a.espncdn.com/i/teamlogos/nba/500/scoreboard/gs.png,https://a.espncdn.com/i/teamlogos/nba/500/scoreboard/mem.png,9,0,1,1,9,0
nba-401585189,2024,2024-01-16 00:00:00+00:00,CHI,CLE,91,109,https://a.espncdn.com/i/teamlogos/nba/500/scoreboard/chi.png,https://a.espncdn.com/i/teamlogos/nba/500/scoreboard/cle.png,18,0,0,0,19,0
nba-401585190,2024,2024-01-16 00:30:00+00:00,MIA,BKN,96,95,https://a.espncdn.com/i/teamlogos/nba/500/scoreboard/mia.png,https://a.espncdn.com/i/teamlogos/nba/500/scoreboard/bkn.png,1,1,1,1,14,0
nba-401585191,2024,2024-01-16 00:30:00+00:00,BOS,TOR,105,96,https://a.espncdn.com/i/teamlogos/nba/500/scoreboard/bos.png,https://a.espncdn.com/i/teamlogos/nba/500/scoreboard/tor.png,9,0,0,0,9,0
nba-401585192,2024,2024-01-16 02:00:00+00:00,IND,UTAH,105,132,https://a.espncdn.com/i/teamlogos/nba/500/scoreboard/ind.png,https://a.espncdn.com/i/teamlogos/nba/500/scoreboard/utah.png,27,0,0,0,27,0
nba-401585193,2024,2024-01-16 03:30:00+00:00,OKC,LAL,105,112,https://a.espncdn.com/i/teamlogos/nba/500/scoreboard/okc.png,https://a.espncdn.com/i/teamlogos/nba/500/scoreboard/lal.png,7,0,0,0,8,0
nba-401360704,2022,2022-02-18 00:00:00+00:00,MIA,CHA,111,107,https://a.espncdn.com/i/teamlogos/nba/500/scoreboard/mia.png,https://a.espncdn.com/i/teamlogos/nba/500/scoreboard/cha.png,4,2,2,1,7,0
nba-401401136,2022,2022-02-18 00:30:00+00:00,WSH,BKN,117,103,https://a.espncdn.com/i/teamlogos/nba/500/scoreboard/wsh.png,https://a.espncdn.com/i/teamlogos/nba/500/scoreboard/bkn.png,14,0,1,0,14,0
nba-401360705,2022,2022-02-18 01:00:00+00:00,DAL,NO,125,118,https://a.espncdn.com/i/teamlogos/nba/500/scoreboard/dal.png,https://a.espncdn.com/i/teamlogos/nba/500/scoreboard/no.png,7,0,0,0,24,0
nba-401360706,2022,2022-02-18 01:30:00+00:00,PHI,MIL,123,120,https://a.espncdn.com/i/teamlogos/nba/500/scoreboard/phi.png,https://a.espncdn.com/i/teamlogos/nba/500/scoreboard/mil.png,3,0,1,0,8,0
nba-401360707,2022,2022-02-18 03:30:00+00:00,HOU,LAC,111,142,https://a.espncdn.com/i/teamlogos/nba/500/scoreboard/hou.png,https://a.espncdn.com/i/teamlogos/nba/500/scoreboard/lac.png,31,0,0,0,31,0
nba-401584816,2024,2023-11-14 00:30:00+00:00,NY,BOS,98,114,https://a.espncdn.com/i/teamlogos/nba/500/scoreboard/ny.png,https://a.espncdn.com/i/teamlogos/nba/500/scoreboard/bos.png,16,0,2,0,16,0
nba-401584817,2024,2023-11-14 00:30:00+00:00,WSH,TOR,107,111,https://a.espncdn.com/i/teamlogos/nba/500/scoreboard/wsh.png,https://a.espncdn.com/i/teamlogos/nba/500/scoreboard/tor.png,4,0,1,1,19,0
nba-401584818,2024,2023-11-14 01:00:00+00:00,CHI,MIL,109,118,https://a.espncdn.com/i/teamlogos/nba/500/scoreboard/chi.png,https://a.espncdn.com/i/teamlogos/nba/500/scoreboard/mil.png,9,0,0,0,17,0
nba-401584819,2024,2023-11-14 03:00:00+00:00,CLE,SAC,120,132,https://a.espncdn.com/i/teamlogos/nba/500/scoreboard/cle.png,https://a.espncdn.com/i/teamlogos/nba/500/scoreboard/sac.png,12,0,0,0,21,0
nba-401468347,2023,2022-11-13 17:00:00+00:00,OKC,NY,145,135,https://a.espncdn.com/i/teamlogos/nba/500/scoreboard/okc.png,https://a.espncdn.com/i/teamlogos/nba/500/scoreboard/ny.png,10,0,1,0,16,0
nba-401468348,2023,2022-11-13 23:00:00+00:00,MIN,CLE,129,124,https://a.espncdn.com/i/teamlogos/nba/500/scoreboard/min.png,https://a.espncdn.com/i/teamlogos/nba/500/scoreboard/cle.png,5,0,0,0,20,0
nba-401468349,2023,2022-11-13 23:00:00+00:00,MEM,WSH,92,102,https://a.espncdn.com/i/teamlogos/nba/500/scoreboard/mem.png,https://a.espncdn.com/i/teamlogos/nba/500/scoreboard/wsh.png,10,0,0,0,10,0
nba-401468350,2023,2022-11-14 00:30:00+00:00,UTAH,PHI,98,105,https://a.espncdn.com/i/teamlogos/nba/500/scoreboard/utah.png,https://a.espncdn.com/i/teamlogos/nba/500/scoreboard/phi.png,7,0,1,0,7,0
nba-401468351,2023,2022-11-14 01:00:00+00:00,DEN,CHI,126,103,https://a.espncdn.com/i/teamlogos/nba/500/scoreboard/den.png,https://a.espncdn.com/i/teamlogos/nba/500/scoreboard/chi.png,23,0,0,0,23,0
nba-401468352,2023,2022-11-14 02:00:00+00:00,GS,SAC,115,122,https://a.espncdn.com/i/teamlogos/nba/500/scoreboard/gs.png,https://a.espncdn.com/i/teamlogos/nba/500/scoreboard/sac.png,7,0,1,0,13,0
nba-401468353,2023,2022-11-14 02:30:00+00:00,BKN,LAL,103,116,https://a.espncdn.com/i/teamlogos/nba/500/scoreboard/bkn.png,https://a.espncdn.com/i/teamlogos/nba/500/scoreboard/lal.png,13,0,0,0,13,0
nba-401442533,2022,2022-06-11 01:00:00+00:00,GS,BOS,107,97,https://a.espncdn.com/i/teamlogos/nba/500/scoreboard/gs.png,https://a.espncdn.com/i/teamlogos/nba/500/scoreboard/bos.png,10,0,1,0,10,1
nba-401474843,2023,2022-10-02 00:00:00+00:00,MEM,MIL,107,102,https://a.espncdn.com/i/teamlogos/nba/500/scoreboard/mem.png,https://a.espncdn.com/i/teamlogos/nba/500/scoreboard/mil.png,5,0,2,1,10,0
nba-401474844,2023,2022-10-02 05:00:00+00:00,WSH,GS,95,104,https://a.espncdn.com/i/teamlogos/nba/500/scoreboard/wsh.png,https://a.espncdn.com/i/teamlogos/nba/500/scoreboard/gs.png,9,0,2,1,11,0
nba-401657423,2024,2024-05-12 19:30:00+00:00,NY,IND,89,121,https://a.espncdn.com/i/teamlogos/nba/500/scoreboard/ny.png,https://a.espncdn.com/i/teamlogos/nba/500/scoreboard/ind.png,32,0,0,0,38,1
nba-401657185,2024,2024-05-13 00:00:00+00:00,DEN,MIN,115,107,https://a.espncdn.com/i/teamlogos/nba/500/scoreboard/den.png,https://a.espncdn.com/i/teamlogos/nba/500/scoreboard/min.png,8,0,0,0,15,1
nba-401469117,2023,2023-03-05 18:00:00+00:00,PHX,DAL,130,126,https://a.espncdn.com/i/teamlogos/nba/500/scoreboard/phx.png,https://a.espncdn.com/i/teamlogos/nba/500/scoreboard/dal.png,4,0,2,0,6,0
nba-401469118,2023,2023-03-05 20:30:00+00:00,IND,CHI,125,122,https://a.espncdn.com/i/teamlogos/nba/500/scoreboard/ind.png,https://a.espncdn.com/i/teamlogos/nba/500/scoreboard/chi.png,3,0,1,0,7,0
nba-401469119,2023,2023-03-05 20:45:00+00:00,GS,LAL,105,113,https://a.espncdn.com/i/teamlogos/nba/500/scoreboard/gs.png,https://a.espncdn.com/i/teamlogos/nba/500/scoreboard/lal.png,8,0,0,0,15,0
nba-401469120,2023,2023-03-05 23:00:00+00:00,CHA,BKN,86,102,https://a.espncdn.com/i/teamlogos/nba/500/scoreboard/cha.png,https://a.espncdn.com/i/teamlogos/nba/500/scoreboard/bkn.png,16,0,0,0,29,0
nba-401469121,2023,2023-03-05 23:00:00+00:00,POR,ORL,122,119,https://a.espncdn.com/i/teamlogos/nba/500/scoreboard/por.png,https://a.espncdn.com/i/teamlogos/nba/500/scoreboard/orl.png,3,0,0,0,4,0
nba-401469122,2023,2023-03-06 00:00:00+00:00,SA,HOU,110,142,https://a.espncdn.com/i/teamlogos/nba/500/scoreboard/sa.png,https://a.espncdn.com/i/teamlogos/nba/500/scoreboard/hou.png,32,0,0,0,32,0
nba-401469123,2023,2023-03-06 00:00:00+00:00,UTAH,OKC,119,129,https://a.espncdn.com/i/teamlogos/nba/500/scoreboard/utah.png,https://a.espncdn.com/i/teamlogos/nba/500/scoreboard/okc.png,10,0,0,0,19,0
nba-401469124,2023,2023-03-06 00:30:00+00:00,NY,BOS,131,129,https://a.espncdn.com/i/teamlogos/nba/500/scoreboard/ny.png,https://a.espncdn.com/i/teamlogos/nba/500/scoreboard/bos.png,2,2,1,0,7,0
nba-401469128,2023,2023-03-06 00:30:00+00:00,MIL,WSH,117,111,https://a.espncdn.com/i/teamlogos/nba/500/scoreboard/mil.png,https://a.espncdn.com/i/teamlogos/nba/500/scoreboard/wsh.png,6,0,0,0,11,0
nba-401469125,2023,2023-03-06 03:00:00+00:00,MEM,LAC,129,135,https://a.espncdn.com/i/teamlogos/nba/500/scoreboard/mem.png,https://a.espncdn.com/i/teamlogos/nba/500/scoreboard/lac.png,6,0,2,1,15,0
nba-401365916,2022,2021-10-08 23:00:00+00:00,IND,CLE,109,100,https://a.espncdn.com/i/teamlogos/nba/500/scoreboard/ind.png,https://a.espncdn.com/i/teamlogos/nba/500/scoreboard/cle.png,9,0,0,0,11,0
nba-401365917,2022,2021-10-08 23:30:00+00:00,MIL,BKN,115,119,https://a.espncdn.com/i/teamlogos/nba/500/scoreboard/mil.png,https://a.espncdn.com/i/teamlogos/nba/500/scoreboard/bkn.png,4,0,2,0,6,0
nba-401365918,2022,2021-10-09 00:00:00+00:00,NO,CHI,85,121,https://a.espncdn.com/i/teamlogos/nba/500/scoreboard/no.png,https://a.espncdn.com/i/teamlogos/nba/500/scoreboard/chi.png,36,0,0,0,39,0
nba-401365919,2022,2021-10-09 00:30:00+00:00,LAC,DAL,114,122,https://a.espncdn.com/i/teamlogos/nba/500/scoreboard/lac.png,https://a.espncdn.com/i/teamlogos/nba/500/scoreboard/dal.png,8,0,3,1,8,0
nba-401365920,2022,2021-10-09 00:30:00+00:00,MIA,SA,109,105,https://a.espncdn.com/i/teamlogos/nba/500/scoreboard/mia.png,https://a.espncdn.com/i/teamlogos/nba/500/scoreboard/sa.png,4,0,0,0,9,0
nba-401365921,2022,2021-10-09 01:00:00+00:00,MIN,DEN,114,112,https://a.espncdn.com/i/teamlogos/nba/500/scoreboard/min.png,https://a.espncdn.com/i/teamlogos/nba/500/scoreboard/den.png,2,1,1,1,7,0
nba-401365922,2022,2021-10-09 02:00:00+00:00,LAL,GS,114,121,https://a.espncdn.com/i/teamlogos/nba/500/scoreboard/lal.png,https://a.espncdn.com/i/teamlogos/nba/500/scoreboard/gs.png,7,0,1,0,14,0
nba-401360773,2022,2022-03-05 22:00:00+00:00,SAC,DAL,113,114,https://a.espncdn.com/i/teamlogos/nba/500/scoreboard/sac.png,https://a.espncdn.com/i/teamlogos/nba/500/scoreboard/dal.png,1,0,1,1,14,0
nba-401360774,2022,2022-03-06 00:00:00+00:00,SA,CHA,117,123,https://a.espncdn.com/i/teamlogos/nba/500/scoreboard/sa.png,https://a.espncdn.com/i/teamlogos/nba/500/scoreboard/cha.png,6,0,0,0,6,0
nba-401360775,2022,2022-03-06 01:00:00+00:00,PHI,MIA,82,99,https://a.espncdn.com/i/teamlogos/nba/500/scoreboard/phi.png,https://a.espncdn.com/i/teamlogos/nba/500/scoreboard/mia.png,17,0,0,0,17,0
nba-401360776,2022,2022-03-06 01:00:00+00:00,ORL,MEM,96,124,https://a.espncdn.com/i/teamlogos/nba/500/scoreboard/orl.png,https://a.espncdn.com/i/teamlogos/nba/500/scoreboard/mem.png,28,0,0,0,28,0
nba-401360777,2022,2022-03-06 01:00:00+00:00,POR,MIN,121,135,https://a.espncdn.com/i/teamlogos/nba/500/scoreboard/por.png,https://a.espncdn.com/i/teamlogos/nba/500/scoreboard/min.png,14,0,1,0,14,0
nba-401360778,2022,2022-03-06 01:30:00+00:00,GS,LAL,116,124,https://a.espncdn.com/i/teamlogos/nba/500/scoreboard/gs.png,https://a.espncdn.com/i/teamlogos/nba/500/scoreboard/lal.png,8,0,2,1,8,0
nba-401658227,2024,2024-05-13 23:00:00+00:00,BOS,CLE,109,102,https://a.espncdn.com/i/teamlogos/nba/500/scoreboard/bos.png,https://a.espncdn.com/i/teamlogos/nba/500/scoreboard/cle.png,7,0,0,0,10,1
nba-401658191,2024,2024-05-14 01:30:00+00:00,OKC,DAL,100,96,https://a.espncdn.com/i/teamlogos/nba/500/scoreboard/okc.png,https://a.espncdn.com/i/teamlogos/nba/500/scoreboard/dal.png,4,0,1,1,11,1
nba-401469111,2023,2023-03-04 22:00:00+00:00,TOR,WSH,116,109,https://a.espncdn.com/i/teamlogos/nba/500/scoreboard/tor.png,https://a.espncdn.com/i/teamlogos/nba/500/scoreboard/wsh.png,7,1,1,0,7,0
nba-401469112,2023,2023-03-05 00:30:00+00:00,DET,CLE,90,114,https://a.espncdn.com/i/teamlogos/nba/500/scoreboard/det.png,https://a.espncdn.com/i/teamlogos/nba/500/scoreboard/cle.png,24,0,0,0,29,0
nba-401469113,2023,2023-03-05 01:00:00+00:00,ATL,MIA,109,117,https://a.espncdn.com/i/teamlogos/nba/500/scoreboard/atl.png,https://a.espncdn.com/i/teamlogos/nba/500/scoreboard/mia.png,8,0,0,0,17,0
nba-401469114,2023,2023-03-05 01:00:00+00:00,HOU,SA,122,110,https://a.espncdn.com/i/teamlogos/nba/500/scoreboard/hou.png,https://a.espncdn.com/i/teamlogos/nba/500/scoreboard/sa.png,12,0,1,0,12,0
nba-401469115,2023,2023-03-05 01:30:00+00:00,PHI,MIL,133,130,https://a.espncdn.com/i/teamlogos/nba/500/scoreboard/phi.png,https://a.espncdn.com/i/teamlogos/nba/500/scoreboard/mil.png,3,0,1,1,14,0
nba-401469116,2023,2023-03-05 03:00:00+00:00,MIN,SAC,138,134,https://a.espncdn.com/i/teamlogos/nba/500/scoreboard/min.png,https://a.espncdn.com/i/teamlogos/nba/500/scoreboard/sac.png,4,0,0,0,10,0
nba-401365923,2022,2021-10-09 23:00:00+00:00,TOR,BOS,111,113,https://a.espncdn.com/i/teamlogos/nba/500/scoreboard/tor.png,https://a.espncdn.com/i/teamlogos/nba/500/scoreboard/bos.png,2,0,2,1,15,0
nba-401365924,2022,2021-10-09 23:00:00+00:00,NY,WSH,117,99,https://a.espncdn.com/i/teamlogos/nba/500/scoreboard/ny.png,https://a.espncdn.com/i/teamlogos/nba/500/scoreboard/wsh.png,18,0,0,0,19,0
nba-401365925,2022,2021-10-10 00:00:00+00:00,ATL,MEM,91,87,https://a.espncdn.com/i/teamlogos/nba/500/scoreboard/atl.png,https://a.espncdn.com/i/teamlogos/nba/500/scoreboard/mem.png,4,0,1,0,4,0
nba-401360765,2022,2022-03-05 00:00:00+00:00,IND,DET,106,111,https://a.espncdn.com/i/teamlogos/nba/500/scoreboard/ind.png,https://a.espncdn.com/i/teamlogos/nba/500/scoreboard/det.png,5,0,0,0,7,0
nba-401360766,2022,2022-03-05 00:00:00+00:00,CLE,PHI,119,125,https://a.espncdn.com/i/teamlogos/nba/500/scoreboard/cle.png,https://a.espncdn.com/i/teamlogos/nba/500/scoreboard/phi.png,6,0,1,1,13,0
nba-401360767,2022,2022-03-05 00:00:00+00:00,ATL,WSH,117,114,https://a.espncdn.com/i/teamlogos/nba/500/scoreboard/atl.png,https://a.espncdn.com/i/teamlogos/nba/500/scoreboard/wsh.png,3,0,0,0,9,0
nba-401360768,2022,2022-03-05 00:30:00+00:00,MIL,CHI,118,112,https://a.espncdn.com/i/teamlogos/nba/500/scoreboard/mil.png,https://a.espncdn.com/i/teamlogos/nba/500/scoreboard/chi.png,6,0,2,1,7,0
nba-401401142,2022,2022-03-05 00:30:00+00:00,ORL,TOR,103,97,https://a.espncdn.com/i/teamlogos/nba/500/scoreboard/orl.png,https://a.espncdn.com/i/teamlogos/nba/500/scoreboard/tor.png,6,0,0,0,12,0
nba-401360769,2022,2022-03-05 01:00:00+00:00,UTAH,NO,90,124,https://a.espncdn.com/i/teamlogos/nba/500/scoreboard/utah.png,https://a.espncdn.com/i/teamlogos/nba/500/scoreboard/no.png,34,0,0,0,34,0
nba-401360770,2022,2022-03-05 01:00:00+00:00,MIN,OKC,138,101,https://a.espncdn.com/i/teamlogos/nba/500/scoreboard/min.png,https://a.espncdn.com/i/teamlogos/nba/500/scoreboard/okc.png,37,0,1,0,37,0
nba-401360771,2022,2022-03-05 02:00:00+00:00,HOU,DEN,101,116,https://a.espncdn.com/i/teamlogos/nba/500/scoreboard/hou.png,https://a.espncdn.com/i/teamlogos/nba/500/scoreboard/den.png,15,0,1,0,17,0
nba-401360772,2022,2022-03-05 03:00:00+00:00,NY,PHX,114,115,https://a.espncdn.com/i/teamlogos/nba/500/scoreboard/ny.png,https://a.espncdn.com/i/teamlogos/nba/500/scoreboard/phx.png,1,0,2,1,12,0
nba-401585178,2024,2024-01-14 20:30:00+00:00,IND,DEN,109,117,https://a.espncdn.com/i/teamlogos/nba/500/scoreboard/ind.png,https://a.espncdn.com/i/teamlogos/nba/500/scoreboard/den.png,8,0,0,0,8,0
nba-401585179,2024,2024-01-14 23:00:00+00:00,CHA,MIA,87,104,https://a.espncdn.com/i/teamlogos/nba/500/scoreboard/cha.png,https://a.espncdn.com/i/teamlogos/nba/500/scoreboard/mia.png,17,0,0,0,21,0
nba-401585180,2024,2024-01-15 00:00:00+00:00,SAC,MIL,142,143,https://a.espncdn.com/i/teamlogos/nba/500/scoreboard/sac.png,https://a.espncdn.com/i/teamlogos/nba/500/scoreboard/mil.png,1,1,1,0,5,0
nba-401585181,2024,2024-01-15 00:00:00+00:00,LAC,MIN,105,109,https://a.espncdn.com/i/teamlogos/nba/500/scoreboard/lac.png,https://a.espncdn.com/i/teamlogos/nba/500/scoreboard/min.png,4,0,0,0,13,0
nba-401585182,2024,2024-01-15 02:00:00+00:00,PHX,POR,127,116,https://a.espncdn.com/i/teamlogos/nba/500/scoreboard/phx.png,https://a.espncdn.com/i/teamlogos/nba/500/scoreboard/por.png,11,0,1,0,14,0
nba-401469038,2023,2023-02-17 00:30:00+00:00,MIL,CHI,112,100,https://a.espncdn.com/i/teamlogos/nba/500/scoreboard/mil.png,https://a.espncdn.com/i/teamlogos/nba/500/scoreboard/chi.png,12,0,0,0,12,0
nba-401469039,2023,2023-02-17 01:00:00+00:00,WSH,MIN,114,106,https://a.espncdn.com/i/teamlogos/nba/500/scoreboard/wsh.png,https://a.espncdn.com/i/teamlogos/nba/500/scoreboard/min.png,8,0,1,1,15,0
nba-401469040,2023,2023-02-17 03:00:00+00:00,LAC,PHX,116,107,https://a.espncdn.com/i/teamlogos/nba/500/scoreboard/lac.png,https://a.espncdn.com/i/teamlogos/nba/500/scoreboard/phx.png,9,0,0,0,9,0
nba-401360693,2022,2022-02-17 00:00:00+00:00,ATL,ORL,130,109,https://a.espncdn.com/i/teamlogos/nba/500/scoreboard/atl.png,https://a.espncdn.com/i/teamlogos/nba/500/scoreboard/orl.png,21,0,0,0,22,0
nba-401360694,2022,2022-02-17 00:30:00+00:00,DET,BOS,112,111,https://a.espncdn.com/i/teamlogos/nba/500/scoreboard/det.png,https://a.espncdn.com/i/teamlogos/nba/500/scoreboard/bos.png,1,0,1,0,4,0
nba-401360695,2022,2022-02-17 00:30:00+00:00,WSH,IND,108,113,https://a.espncdn.com/i/teamlogos/nba/500/scoreboard/wsh.png,https://a.espncdn.com/i/teamlogos/nba/500/scoreboard/ind.png,5,0,0,0,8,0
nba-401360696,2022,2022-02-17 00:30:00+00:00,BKN,NY,111,106,https://a.espncdn.com/i/teamlogos/nba/500/scoreboard/bkn.png,https://a.espncdn.com/i/teamlogos/nba/500/scoreboard/ny.png,5,0,1,1,21,0
nba-401360697,2022,2022-02-17 01:00:00+00:00,SAC,CHI,118,125,https://a.espncdn.com/i/teamlogos/nba/500/scoreboard/sac.png,https://a.espncdn.com/i/teamlogos/nba/500/scoreboard/chi.png,7,0,0,0,7,0
nba-401360698,2022,2022-02-17 01:00:00+00:00,POR,MEM,123,119,https://a.espncdn.com/i/teamlogos/nba/500/scoreboard/por.png,https://a.espncdn.com/i/teamlogos/nba/500/scoreboard/mem.png,4,0,0,0,11,0
nba-401360699,2022,2022-02-17 01:00:00+00:00,TOR,MIN,103,91,https://a.espncdn.com/i/teamlogos/nba/500/scoreboard/tor.png,https://a.espncdn.com/i/teamlogos/nba/500/scoreboard/min.png,12,0,2,1,12,0
nba-401360700,2022,2022-02-17 01:00:00+00:00,SA,OKC,114,106,https://a.espncdn.com/i/teamlogos/nba/500/scoreboard/sa.png,https://a.espncdn.com/i/teamlogos/nba/500/scoreboard/okc.png,8,0,0,0,15,0
nba-401360701,2022,2022-02-17 02:00:00+00:00,HOU,PHX,121,124,https://a.espncdn.com/i/teamlogos/nba/500/scoreboard/hou.png,https://a.espncdn.com/i/teamlogos/nba/500/scoreboard/phx.png,3,0,1,1,8,0
nba-401360702,2022,2022-02-17 03:00:00+00:00,DEN,GS,117,116,https://a.espncdn.com/i/teamlogos/nba/500/scoreboard/den.png,https://a.espncdn.com/i/teamlogos/nba/500/scoreboard/gs.png,1,0,1,1,9,0
nba-401360703,2022,2022-02-17 03:00:00+00:00,UTAH,LAL,101,106,https://a.espncdn.com/i/teamlogos/nba/500/scoreboard/utah.png,https://a.espncdn.com/i/teamlogos/nba/500/scoreboard/lal.png,5,0,1,1,8,0
nba-401584805,2024,2023-11-12 17:00:00+00:00,CHA,NY,107,129,https://a.espncdn.com/i/teamlogos/nba/500/scoreboard/cha.png,https://a.espncdn.com/i/teamlogos/nba/500/scoreboard/ny.png,22,0,0,0,22,0
nba-401584806,2024,2023-11-12 20:00:00+00:00,WSH,BKN,94,102,https://a.espncdn.com/i/teamlogos/nba/500/scoreboard/wsh.png,https://a.espncdn.com/i/teamlogos/nba/500/scoreboard/bkn.png,8,0,0,0,15,0
nba-401584807,2024,2023-11-12 20:30:00+00:00,MEM,LAC,105,101,https://a.espncdn.com/i/teamlogos/nba/500/scoreboard/mem.png,https://a.espncdn.com/i/teamlogos/nba/500/scoreboard/lac.png,4,0,0,0,13,0
nba-401584808,2024,2023-11-12 23:00:00+00:00,IND,PHI,126,137,https://a.espncdn.com/i/teamlogos/nba/500/scoreboard/ind.png,https://a.espncdn.com/i/teamlogos/nba/500/scoreboard/phi.png,11,0,0,0,11,0
nba-401584809,2024,2023-11-13 00:00:00+00:00,DET,CHI,108,119,https://a.espncdn.com/i/teamlogos/nba/500/scoreboard/det.png,https://a.espncdn.com/i/teamlogos/nba/500/scoreboard/chi.png,11,0,1,0,11,0
nba-401584810,2024,2023-11-13 00:00:00+00:00,DEN,HOU,104,107,https://a.espncdn.com/i/teamlogos/nba/500/scoreboard/den.png,https://a.espncdn.com/i/teamlogos/nba/500/scoreboard/hou.png,3,0,1,1,7,0
nba-401584811,2024,2023-11-13 00:00:00+00:00,DAL,NO,136,124,https://a.espncdn.com/i/teamlogos/nba/500/scoreboard/dal.png,https://a.espncdn.com/i/teamlogos/nba/500/scoreboard/no.png,12,0,0,0,24,0
nba-401584812,2024,2023-11-13 00:00:00+00:00,MIA,SA,118,113,https://a.espncdn.com/i/teamlogos/nba/500/scoreboard/mia.png,https://a.espncdn.com/i/teamlogos/nba/500/scoreboard/sa.png,5,0,1,1,14,0
nba-401584813,2024,2023-11-13 01:00:00+00:00,OKC,PHX,111,99,https://a.espncdn.com/i/teamlogos/nba/500/scoreboard/okc.png,https://a.espncdn.com/i/teamlogos/nba/500/scoreboard/phx.png,12,0,1,1,12,0
nba-401584814,2024,2023-11-13 01:30:00+00:00,MIN,GS,116,110,https://a.espncdn.com/i/teamlogos/nba/500/scoreboard/min.png,https://a.espncdn.com/i/teamlogos/nba/500/scoreboard/gs.png,6,0,1,0,16,0
nba-401584815,2024,2023-11-13 03:00:00+00:00,POR,LAL,110,116,https://a.espncdn.com/i/teamlogos/nba/500/scoreboard/por.png,https://a.espncdn.com/i/teamlogos/nba/500/scoreboard/lal.png,6,0,2,0,11,0
nba-401468339,2023,2022-11-12 21:00:00+00:00,BKN,LAC,110,95,https://a.espncdn.com/i/teamlogos/nba/500/scoreboard/bkn.png,https://a.espncdn.com/i/teamlogos/nba/500/scoreboard/lac.png,15,0,0,0,15,0
nba-401468340,2023,2022-11-12 23:00:00+00:00,UTAH,WSH,112,121,https://a.espncdn.com/i/teamlogos/nba/500/scoreboard/utah.png,https://a.espncdn.com/i/teamlogos/nba/500/scoreboard/wsh.png,9,0,1,0,9,0
nba-401468341,2023,2022-11-13 00:00:00+00:00,BOS,DET,117,108,https://a.espncdn.com/i/teamlogos/nba/500/scoreboard/bos.png,https://a.espncdn.com/i/teamlogos/nba/500/scoreboard/det.png,9,0,2,0,9,0
nba-401468342,2023,2022-11-13 00:00:00+00:00,TOR,IND,104,118,https://a.espncdn.com/i/teamlogos/nba/500/scoreboard/tor.png,https://a.espncdn.com/i/teamlogos/nba/500/scoreboard/ind.png,14,0,2,1,14,0
nba-401468343,2023,2022-11-13 00:30:00+00:00,ATL,PHI,109,121,https://a.espncdn.com/i/teamlogos/nba/500/scoreboard/atl.png,https://a.espncdn.com/i/teamlogos/nba/500/scoreboard/phi.png,12,0,0,0,16,0
nba-401468344,2023,2022-11-13 01:00:00+00:00,CHA,MIA,115,132,https://a.espncdn.com/i/teamlogos/nba/500/scoreboard/cha.png,https://a.espncdn.com/i/teamlogos/nba/500/scoreboard/mia.png,17,0,2,0,18,0
nba-401468345,2023,2022-11-13 01:30:00+00:00,POR,DAL,112,117,https://a.espncdn.com/i/teamlogos/nba/500/scoreboard/por.png,https://a.espncdn.com/i/teamlogos/nba/500/scoreboard/dal.png,5,0,2,1,10,0
nba-401468346,2023,2022-11-13 01:30:00+00:00,HOU,NO,106,119,https://a.espncdn.com/i/teamlogos/nba/500/scoreboard/hou.png,https://a.espncdn.com/i/teamlogos/nba/500/scoreboard/no.png,13,0,2,1,13,0
nba-401585715,2024,2024-04-01 23:00:00+00:00,BOS,CHA,118,104,https://a.espncdn.com/i/teamlogos/nba/500/scoreboard/bos.png,https://a.espncdn.com/i/teamlogos/nba/500/scoreboard/cha.png,14,0,1,0,16,0
nba-401585716,2024,2024-04-01 23:00:00+00:00,MEM,DET,110,108,https://a.espncdn.com/i/teamlogos/nba/500/scoreboard/mem.png,https://a.espncdn.com/i/teamlogos/nba/500/scoreboard/det.png,2,0,1,1,13,0
nba-401585717,2024,2024-04-01 23:00:00+00:00,BKN,IND,111,133,https://a.espncdn.com/i/teamlogos/nba/500/scoreboard/bkn.png,https://a.espncdn.com/i/teamlogos/nba/500/scoreboard/ind.png,22,0,0,0,31,0
nba-401585718,2024,2024-04-01 23:00:00+00:00,POR,ORL,103,104,https://a.espncdn.com/i/teamlogos/nba/500/scoreboard/por.png,https://a.espncdn.com/i/teamlogos/nba/500/scoreboard/orl.png,1,0,1,0,10,0
nba-401585719,2024,2024-04-02 00:00:00+00:00,ATL,CHI,113,101,https://a.espncdn.com/i/teamlogos/nba/500/scoreboard/atl.png,https://a.espncdn.com/i/teamlogos/nba/500/scoreboard/chi.png,12,0,0,0,16,0
nba-401585720,2024,2024-04-02 00:00:00+00:00,PHX,NO,124,111,https://a.espncdn.com/i/teamlogos/nba/500/scoreboard/phx.png,https://a.espncdn.com/i/teamlogos/nba/500/scoreboard/no.png,13,0,0,0,20,0
nba-401360564,2022,2022-01-30 00:00:00+00:00,BOS,NO,107,97,https://a.espncdn.com/i/teamlogos/nba/500/scoreboard/bos.png,https://a.espncdn.com/i/teamlogos/nba/500/scoreboard/no.png,10,0,0,0,18,0
nba-401360565,2022,2022-01-30 00:00:00+00:00,IND,DAL,105,132,https://a.espncdn.com/i/teamlogos/nba/500/scoreboard/ind.png,https://a.espncdn.com/i/teamlogos/nba/500/scoreboard/dal.png,27,0,0,0,27,0
nba-401360566,2022,2022-01-30 00:30:00+00:00,SAC,PHI,101,103,https://a.espncdn.com/i/teamlogos/nba/500/scoreboard/sac.png,https://a.espncdn.com/i/teamlogos/nba/500/scoreboard/phi.png,2,0,1,1,11,0
nba-401360567,2022,2022-01-30 01:00:00+00:00,TOR,MIA,124,120,https://a.espncdn.com/i/teamlogos/nba/500/scoreboard/tor.png,https://a.espncdn.com/i/teamlogos/nba/500/scoreboard/mia.png,4,3,0,0,10,0
nba-401360568,2022,2022-01-30 01:00:00+00:00,WSH,MEM,95,115,https://a.espncdn.com/i/teamlogos/nba/500/scoreboard/wsh.png,https://a.espncdn.com/i/teamlogos/nba/500/scoreboard/mem.png,20,0,0,0,22,0
nba-401360569,2022,2022-01-30 01:30:00+00:00,BKN,GS,106,110,https://a.espncdn.com/i/teamlogos/nba/500/scoreboard/bkn.png,https://a.espncdn.com/i/teamlogos/nba/500/scoreboard/gs.png,4,0,0,0,11,0
nba-401468907,2023,2023-01-29 18:00:00+00:00,MIA,CHA,117,122,https://a.espncdn.com/i/teamlogos/nba/500/scoreboard/mia.png,https://a.espncdn.com/i/teamlogos/nba/500/scoreboard/cha.png,5,0,1,0,5,0
nba-401468908,2023,2023-01-29 23:00:00+00:00,IND,MEM,100,112,https://a.espncdn.com/i/teamlogos/nba/500/scoreboard/ind.png,https://a.espncdn.com/i/teamlogos/nba/500/scoreboard/mem.png,12,0,1,0,12,0
nba-401468909,2023,2023-01-30 00:00:00+00:00,LAC,CLE,99,122,https://a.espncdn.com/i/teamlogos/nba/500/scoreboard/lac.png,https://a.espncdn.com/i/teamlogos/nba/500/scoreboard/cle.png,23,0,0,0,32,0
nba-401468910,2023,2023-01-30 01:00:00+00:00,NO,MIL,110,135,https://a.espncdn.com/i/teamlogos/nba/500/scoreboard/no.png,https://a.espncdn.com/i/teamlogos/nba/500/scoreboard/mil.png,25,0,0,0,25,0
nba-401585087,2024,2024-01-03 00:00:00+00:00,CHI,PHI,97,110,https://a.espncdn.com/i/teamlogos/nba/500/scoreboard/chi.png,https://a.espncdn.com/i/teamlogos/nba/500/scoreboard/phi.png,13,0,0,0,31,0
nba-401585088,2024,2024-01-03 01:00:00+00:00,SA,MEM,98,106,https://a.espncdn.com/i/teamlogos/nba/500/scoreboard/sa.png,https://a.espncdn.com/i/teamlogos/nba/500/scoreboard/mem.png,8,0,1,0,12,0
nba-401585089,2024,2024-01-03 01:00:00+00:00,BKN,NO,85,112,https://a.espncdn.com/i/teamlogos/nba/500/scoreboard/bkn.png,https://a.espncdn.com/i/teamlogos/nba/500/scoreboard/no.png,27,0,0,0,27,0
nba-401585090,2024,2024-01-03 01:00:00+00:00,BOS,OKC,123,127,https://a.espncdn.com/i/teamlogos/nba/500/scoreboard/bos.png,https://a.espncdn.com/i/teamlogos/nba/500/scoreboard/okc.png,4,0,2,0,12,0
nba-401585091,2024,2024-01-03 03:00:00+00:00,ORL,GS,115,121,https://a.espncdn.com/i/teamlogos/nba/500/scoreboard/orl.png,https://a.espncdn.com/i/teamlogos/nba/500/scoreboard/gs.png,6,0,0,0,6,0
nba-401585092,2024,2024-01-03 03:00:00+00:00,CHA,SAC,111,104,https://a.espncdn.com/i/teamlogos/nba/500/scoreboard/cha.png,https://a.espncdn.com/i/teamlogos/nba/500/scoreboard/sac.png,7,0,2,1,7,0
nba-401654659,2024,2024-04-17 23:00:00+00:00,MIA,PHI,104,105,https://a.espncdn.com/i/teamlogos/nba/500/scoreboard/mia.png,https://a.espncdn.com/i/teamlogos/nba/500/scoreboard/phi.png,1,0,1,1,12,0
nba-401654658,2024,2024-04-18 01:48:00+00:00,ATL,CHI,116,131,https://a.espncdn.com/i/teamlogos/nba/500/scoreboard/atl.png,https://a.espncdn.com/i/teamlogos/nba/500/scoreboard/chi.png,15,0,0,0,18,0
nba-401468275,2023,2022-11-04 23:00:00+00:00,CLE,DET,112,88,https://a.espncdn.com/i/teamlogos/nba/500/scoreboard/cle.png,https://a.espncdn.com/i/teamlogos/nba/500/scoreboard/det.png,24,0,0,0,24,0
nba-401468276,2023,2022-11-04 23:00:00+00:00,MIA,IND,99,101,https://a.espncdn.com/i/teamlogos/nba/500/scoreboard/mia.png,https://a.espncdn.com/i/teamlogos/nba/500/scoreboard/ind.png,2,0,1,0,12,0
nba-401468277,2023,2022-11-04 23:00:00+00:00,NY,PHI,106,104,https://a.espncdn.com/i/teamlogos/nba/500/scoreboard/ny.png,https://a.espncdn.com/i/teamlogos/nba/500/scoreboard/phi.png,2,0,3,1,9,0
nba-401468278,2023,2022-11-04 23:00:00+00:00,BKN,WSH,128,86,https://a.espncdn.com/i/teamlogos/nba/500/scoreboard/bkn.png,https://a.espncdn.com/i/teamlogos/nba/500/scoreboard/wsh.png,42,0,0,0,42,0
nba-401468279,2023,2022-11-04 23:30:00+00:00,CHI,BOS,119,123,https://a.espncdn.com/i/teamlogos/nba/500/scoreboard/chi.png,https://a.espncdn.com/i/teamlogos/nba/500/scoreboard/bos.png,4,0,1,0,6,0
nba-401468280,2023,2022-11-05 00:00:00+00:00,CHA,MEM,99,130,https://a.espncdn.com/i/teamlogos/nba/500/scoreboard/cha.png,https://a.espncdn.com/i/teamlogos/nba/500/scoreboard/mem.png,31,0,0,0,35,0
nba-401468281,2023,2022-11-05 00:00:00+00:00,LAC,SA,113,106,https://a.espncdn.com/i/teamlogos/nba/500/scoreboard/lac.png,https://a.espncdn.com/i/teamlogos/nba/500/scoreboard/sa.png,7,0,2,1,10,0
nba-401468282,2023,2022-11-05 00:30:00+00:00,TOR,DAL,110,111,https://a.espncdn.com/i/teamlogos/nba/500/scoreboard/tor.png,https://a.espncdn.com/i/teamlogos/nba/500/scoreboard/dal.png,1,0,0,0,15,0
nba-401468283,2023,2022-11-05 00:30:00+00:00,GS,NO,105,114,https://a.espncdn.com/i/teamlogos/nba/500/scoreboard/gs.png,https://a.espncdn.com/i/teamlogos/nba/500/scoreboard/no.png,9,0,1,0,9,0
nba-401468284,2023,2022-11-05 02:00:00+00:00,MIL,MIN,115,102,https://a.espncdn.com/i/teamlogos/nba/500/scoreboard/mil.png,https://a.espncdn.com/i/teamlogos/nba/500/scoreboard/min.png,13,0,0,0,13,0
nba-401468285,2023,2022-11-05 02:00:00+00:00,POR,PHX,108,106,https://a.espncdn.com/i/teamlogos/nba/500/scoreboard/por.png,https://a.espncdn.com/i/teamlogos/nba/500/scoreboard/phx.png,2,0,1,0,10,0
nba-401468286,2023,2022-11-05 02:30:00+00:00,UTAH,LAL,130,116,https://a.espncdn.com/i/teamlogos/nba/500/scoreboard/utah.png,https://a.espncdn.com/i/teamlogos/nba/500/scoreboard/lal.png,14,0,0,0,14,0
nba-401584760,2024,2023-11-04 17:00:00+00:00,PHX,PHI,100,112,https://a.espncdn.com/i/teamlogos/nba/500/scoreboard/phx.png,https://a.espncdn.com/i/teamlogos/nba/500/scoreboard/phi.png,12,0,0,0,12,0
nba-401584761,2024,2023-11-04 23:00:00+00:00,CHA,IND,125,124,https://a.espncdn.com/i/teamlogos/nba/500/scoreboard/cha.png,https://a.espncdn.com/i/teamlogos/nba/500/scoreboard/ind.png,1,0,2,1,8,0
nba-401584762,2024,2023-11-04 23:00:00+00:00,LAL,ORL,101,120,https://a.espncdn.com/i/teamlogos/nba/500/scoreboard/lal.png,https://a.espncdn.com/i/teamlogos/nba/500/scoreboard/orl.png,19,0,0,0,21,0
nba-401584763,2024,2023-11-04 23:00:00+00:00,ATL,NO,123,105,https://a.espncdn.com/i/teamlogos/nba/500/scoreboard/atl.png,https://a.espncdn.com/i/teamlogos/nba/500/scoreboard/no.png,18,0,1,0,18,0
nba-401584764,2024,2023-11-05 00:00:00+00:00,BOS,BKN,124,114,https://a.espncdn.com/i/teamlogos/nba/500/scoreboard/bos.png,https://a.espncdn.com/i/teamlogos/nba/500/scoreboard/bkn.png,10,0,0,0,12,0
nba-401584765,2024,2023-11-05 00:00:00+00:00,SAC,HOU,89,107,https://a.espncdn.com/i/teamlogos/nba/500/scoreboard/sac.png,https://a.espncdn.com/i/teamlogos/nba/500/scoreboard/hou.png,18,0,0,0,18,0
nba-401584766,2024,2023-11-05 00:00:00+00:00,UTAH,MIN,95,123,https://a.espncdn.com/i/teamlogos/nba/500/scoreboard/utah.png,https://a.espncdn.com/i/teamlogos/nba/500/scoreboard/min.png,28,0,0,0,28,0
nba-401584767,2024,2023-11-05 01:00:00+00:00,CHI,DEN,101,123,https://a.espncdn.com/i/teamlogos/nba/500/scoreboard/chi.png,https://a.espncdn.com/i/teamlogos/nba/500/scoreboard/den.png,22,0,2,0,22,0
nba-401655123,2024,2024-05-05 17:00:00+00:00,ORL,CLE,94,106,https://a.espncdn.com/i/teamlogos/nba/500/scoreboard/orl.png,https://a.espncdn.com/i/teamlogos/nba/500/scoreboard/cle.png,12,0,1,0,12,1
nba-401544848,2023,2023-06-08 00:30:00+00:00,DEN,MIA,109,94,https://a.espncdn.com/i/teamlogos/nba/500/scoreboard/den.png,https://a.espncdn.com/i/teamlogos/nba/500/scoreboard/mia.png,15,0,0,0,15,1
nba-401591912,2024,2023-10-16 23:00:00+00:00,MRC,CLE,89,120,https://a.espncdn.com/i/teamlogos/nba/500/mrc.png,https://a.espncdn.com/i/teamlogos/nba/500/scoreboard/cle.png,31,0,0,0,31,0
nba-401591913,2024,2023-10-16 23:00:00+00:00,ATL,IND,112,116,https://a.espncdn.com/i/teamlogos/nba/500/scoreboard/atl.png,https://a.espncdn.com/i/teamlogos/nba/500/scoreboard/ind.png,4,0,1,0,27,0
nba-401591914,2024,2023-10-16 23:30:00+00:00,PHI,BKN,127,119,https://a.espncdn.com/i/teamlogos/nba/500/scoreboard/phi.png,https://a.espncdn.com/i/teamlogos/nba/500/scoreboard/bkn.png,8,0,0,0,17,0
nba-401591915,2024,2023-10-17 00:00:00+00:00,HOU,SA,99,89,https://a.espncdn.com/i/teamlogos/nba/500/scoreboard/hou.png,https://a.espncdn.com/i/teamlogos/nba/500/scoreboard/sa.png,10,0,1,1,13,0
nba-401591916,2024,2023-10-17 01:00:00+00:00,NZL,UTAH,94,114,https://a.espncdn.com/guid/d45b1189-8f3d-3c8e-bbcd-e1326a66a88f/logos/default.png,https://a.espncdn.com/i/teamlogos/nba/500/scoreboard/utah.png,20,0,0,0,20,0
nba-401591917,2024,2023-10-17 02:00:00+00:00,POR,PHX,106,117,https://a.espncdn.com/i/teamlogos/nba/500/scoreboard/por.png,https://a.espncdn.com/i/teamlogos/nba/500/scoreboard/phx.png,11,0,0,0,22,0
nba-401360824,2022,2022-03-13 01:00:00+00:00,MIN,MIA,113,104,https://a.espncdn.com/i/teamlogos/nba/500/scoreboard/min.png,https://a.espncdn.com/i/teamlogos/nba/500/scoreboard/mia.png,9,0,2,0,12,0
nba-401360825,2022,2022-03-13 01:00:00+00:00,CLE,CHI,91,101,https://a.espncdn.com/i/teamlogos/nba/500/scoreboard/cle.png,https://a.espncdn.com/i/teamlogos/nba/500/scoreboard/chi.png,10,0,0,0,11,0
nba-401360826,2022,2022-03-13 01:00:00+00:00,IND,SA,119,108,https://a.espncdn.com/i/teamlogos/nba/500/scoreboard/ind.png,https://a.espncdn.com/i/teamlogos/nba/500/scoreboard/sa.png,11,0,0,0,15,0
nba-401360827,2022,2022-03-13 01:30:00+00:00,MIL,GS,109,122,https://a.espncdn.com/i/teamlogos/nba/500/scoreboard/mil.png,https://a.espncdn.com/i/teamlogos/nba/500/scoreboard/gs.png,13,0,0,0,19,0
nba-401360828,2022,2022-03-13 02:00:00+00:00,TOR,DEN,127,115,https://a.espncdn.com/i/teamlogos/nba/500/scoreboard/tor.png,https://a.espncdn.com/i/teamlogos/nba/500/scoreboard/den.png,12,0,2,1,12,0
nba-401360829,2022,2022-03-13 02:00:00+00:00,SAC,UTAH,125,134,https://a.espncdn.com/i/teamlogos/nba/500/scoreboard/sac.png,https://a.espncdn.com/i/teamlogos/nba/500/scoreboard/utah.png,9,0,1,0,12,0
nba-401360830,2022,2022-03-13 03:00:00+00:00,WSH,POR,118,127,https://a.espncdn.com/i/teamlogos/nba/500/scoreboard/wsh.png,https://a.espncdn.com/i/teamlogos/nba/500/scoreboard/por.png,9,0,0,0,18,0
nba-401469169,2023,2023-03-12 19:30:00+00:00,BKN,DEN,122,120,https://a.espncdn.com/i/teamlogos/nba/500/scoreboard/bkn.png,https://a.espncdn.com/i/teamlogos/nba/500/scoreboard/den.png,2,0,1,0,11,0
nba-401469170,2023,2023-03-12 21:00:00+00:00,CLE,CHA,114,108,https://a.espncdn.com/i/teamlogos/nba/500/scoreboard/cle.png,https://a.espncdn.com/i/teamlogos/nba/500/scoreboard/cha.png,6,0,1,1,10,0
nba-401469171,2023,2023-03-12 22:00:00+00:00,WSH,PHI,93,112,https://a.espncdn.com/i/teamlogos/nba/500/scoreboard/wsh.png,https://a.espncdn.com/i/teamlogos/nba/500/scoreboard/phi.png,19,0,0,0,19,0
nba-401469172,2023,2023-03-12 23:00:00+00:00,POR,NO,110,127,https://a.espncdn.com/i/teamlogos/nba/500/scoreboard/por.png,https://a.espncdn.com/i/teamlogos/nba/500/scoreboard/no.png,17,0,0,0,36,0
nba-401469173,2023,2023-03-12 23:00:00+00:00,OKC,SA,102,90,https://a.espncdn.com/i/teamlogos/nba/500/scoreboard/okc.png,https://a.espncdn.com/i/teamlogos/nba/500/scoreboard/sa.png,12,0,0,0,12,0
nba-401469174,2023,2023-03-13 01:00:00+00:00,NY,LAL,112,108,https://a.espncdn.com/i/teamlogos/nba/500/scoreboard/ny.png,https://a.espncdn.com/i/teamlogos/nba/500/scoreboard/lal.png,4,0,2,1,4,0
nba-401585354,2024,2024-02-08 00:00:00+00:00,TOR,CHA,123,117,https://a.espncdn.com/i/teamlogos/nba/500/scoreboard/tor.png,https://a.espncdn.com/i/teamlogos/nba/500/scoreboard/cha.png,6,0,1,1,9,0
nba-401585356,2024,2024-02-08 00:00:00+00:00,CLE,WSH,114,106,https://a.espncdn.com/i/teamlogos/nba/500/scoreboard/cle.png,https://a.espncdn.com/i/teamlogos/nba/500/scoreboard/wsh.png,8,0,0,0,8,0
nba-401585355,2024,2024-02-08 00:30:00+00:00,GS,PHI,127,104,https://a.espncdn.com/i/teamlogos/nba/500/scoreboard/gs.png,https://a.espncdn.com/i/teamlogos/nba/500/scoreboard/phi.png,23,0,1,0,23,0
nba-401585357,2024,2024-02-08 00:30:00+00:00,ATL,BOS,117,125,https://a.espncdn.com/i/teamlogos/nba/500/scoreboard/atl.png,https://a.espncdn.com/i/teamlogos/nba/500/scoreboard/bos.png,8,0,1,0,8,0
nba-401585358,2024,2024-02-08 00:30:00+00:00,SA,MIA,104,116,https://a.espncdn.com/i/teamlogos/nba/500/scoreboard/sa.png,https://a.espncdn.com/i/teamlogos/nba/500/scoreboard/mia.png,12,0,0,0,12,0
nba-401585359,2024,2024-02-08 03:00:00+00:00,NO,LAC,117,106,https://a.espncdn.com/i/teamlogos/nba/500/scoreboard/no.png,https://a.espncdn.com/i/teamlogos/nba/500/scoreboard/lac.png,11,0,0,0,17,0
nba-401585360,2024,2024-02-08 03:00:00+00:00,DET,SAC,133,120,https://a.espncdn.com/i/teamlogos/nba/500/scoreboard/det.png,https://a.espncdn.com/i/teamlogos/nba/500/scoreboard/sac.png,13,0,3,1,13,0
nba-401468731,2023,2023-01-06 00:00:00+00:00,MEM,ORL,123,115,https://a.espncdn.com/i/teamlogos/nba/500/scoreboard/mem.png,https://a.espncdn.com/i/teamlogos/nba/500/scoreboard/orl.png,8,0,0,0,22,0
nba-401468732,2023,2023-01-06 00:30:00+00:00,BOS,DAL,124,95,https://a.espncdn.com/i/teamlogos/nba/500/scoreboard/bos.png,https://a.espncdn.com/i/teamlogos/nba/500/scoreboard/dal.png,29,0,0,0,29,0
nba-401468733,2023,2023-01-06 01:00:00+00:00,UTAH,HOU,131,114,https://a.espncdn.com/i/teamlogos/nba/500/scoreboard/utah.png,https://a.espncdn.com/i/teamlogos/nba/500/scoreboard/hou.png,17,0,0,0,17,0
nba-401468734,2023,2023-01-06 03:00:00+00:00,LAC,DEN,91,122,https://a.espncdn.com/i/teamlogos/nba/500/scoreboard/lac.png,https://a.espncdn.com/i/teamlogos/nba/500/scoreboard/den.png,31,0,0,0,43,0
nba-401360190,2022,2021-12-09 00:00:00+00:00,PHI,CHA,110,106,https://a.espncdn.com/i/teamlogos/nba/500/scoreboard/phi.png,https://a.espncdn.com/i/teamlogos/nba/500/scoreboard/cha.png,4,0,1,0,4,0
nba-401360191,2022,2021-12-09 00:00:00+00:00,CHI,CLE,92,115,https://a.espncdn.com/i/teamlogos/nba/500/scoreboard/chi.png,https://a.espncdn.com/i/teamlogos/nba/500/scoreboard/cle.png,23,0,0,0,23,0
nba-401360192,2022,2021-12-09 00:00:00+00:00,WSH,DET,119,116,https://a.espncdn.com/i/teamlogos/nba/500/scoreboard/wsh.png,https://a.espncdn.com/i/teamlogos/nba/500/scoreboard/det.png,3,1,1,0,8,0
nba-401360193,2022,2021-12-09 00:00:00+00:00,NY,IND,102,122,https://a.espncdn.com/i/teamlogos/nba/500/scoreboard/ny.png,https://a.espncdn.com/i/teamlogos/nba/500/scoreboard/ind.png,20,0,0,0,20,0
nba-401360194,2022,2021-12-09 00:30:00+00:00,MIL,MIA,104,113,https://a.espncdn.com/i/teamlogos/nba/500/scoreboard/mil.png,https://a.espncdn.com/i/teamlogos/nba/500/scoreboard/mia.png,9,0,1,0,9,0
nba-401360195,2022,2021-12-09 00:30:00+00:00,OKC,TOR,110,109,https://a.espncdn.com/i/teamlogos/nba/500/scoreboard/okc.png,https://a.espncdn.com/i/teamlogos/nba/500/scoreboard/tor.png,1,0,1,0,11,0
nba-401360196,2022,2021-12-09 01:00:00+00:00,BKN,HOU,104,114,https://a.espncdn.com/i/teamlogos/nba/500/scoreboard/bkn.png,https://a.espncdn.com/i/teamlogos/nba/500/scoreboard/hou.png,10,0,0,0,17,0
nba-401360197,2022,2021-12-09 01:00:00+00:00,DAL,MEM,104,96,https://a.espncdn.com/i/teamlogos/nba/500/scoreboard/dal.png,https://a.espncdn.com/i/teamlogos/nba/500/scoreboard/mem.png,8,0,2,0,8,0
nba-401360198,2022,2021-12-09 01:00:00+00:00,UTAH,MIN,136,104,https://a.espncdn.com/i/teamlogos/nba/500/scoreboard/utah.png,https://a.espncdn.com/i/teamlogos/nba/500/scoreboard/min.png,32,0,0,0,32,0
nba-401360199,2022,2021-12-09 01:00:00+00:00,DEN,NO,120,114,https://a.espncdn.com/i/teamlogos/nba/500/scoreboard/den.png,https://a.espncdn.com/i/teamlogos/nba/500/scoreboard/no.png,6,1,0,0,7,0
nba-401360200,2022,2021-12-09 03:00:00+00:00,POR,GS,94,104,https://a.espncdn.com/i/teamlogos/nba/500/scoreboard/por.png,https://a.espncdn.com/i/teamlogos/nba/500/scoreboard/gs.png,10,0,0,0,10,0
nba-401360201,2022,2021-12-09 03:00:00+00:00,ORL,SAC,130,142,https://a.espncdn.com/i/teamlogos/nba/500/scoreboard/orl.png,https://a.espncdn.com/i/teamlogos/nba/500/scoreboard/sac.png,12,0,0,0,12,0
nba-401360202,2022,2021-12-09 03:30:00+00:00,BOS,LAC,111,114,https://a.espncdn.com/i/teamlogos/nba/500/scoreboard/bos.png,https://a.espncdn.com/i/teamlogos/nba/500/scoreboard/lac.png,3,0,1,0,12,0
nba-401360386,2022,2022-01-06 00:00:00+00:00,DET,CHA,111,140,https://a.espncdn.com/i/teamlogos/nba/500/scoreboard/det.png,https://a.espncdn.com/i/teamlogos/nba/500/scoreboard/cha.png,29,0,0,0,29,0
nba-401360387,2022,2022-01-06 00:00:00+00:00,PHI,ORL,116,106,https://a.espncdn.com/i/teamlogos/nba/500/scoreboard/phi.png,https://a.espncdn.com/i/teamlogos/nba/500/scoreboard/orl.png,10,0,2,1,10,0
nba-401360388,2022,2022-01-06 00:00:00+00:00,HOU,WSH,114,111,https://a.espncdn.com/i/teamlogos/nba/500/scoreboard/hou.png,https://a.espncdn.com/i/teamlogos/nba/500/scoreboard/wsh.png,3,0,2,0,3,0
nba-401360389,2022,2022-01-06 00:30:00+00:00,SA,BOS,99,97,https://a.espncdn.com/i/teamlogos/nba/500/scoreboard/sa.png,https://a.espncdn.com/i/teamlogos/nba/500/scoreboard/bos.png,2,0,0,0,3,0
nba-401360390,2022,2022-01-06 00:30:00+00:00,BKN,IND,129,121,https://a.espncdn.com/i/teamlogos/nba/500/scoreboard/bkn.png,https://a.espncdn.com/i/teamlogos/nba/500/scoreboard/ind.png,8,0,1,1,13,0
nba-401360391,2022,2022-01-06 00:30:00+00:00,GS,DAL,82,99,https://a.espncdn.com/i/teamlogos/nba/500/scoreboard/gs.png,https://a.espncdn.com/i/teamlogos/nba/500/scoreboard/dal.png,17,0,0,0,17,0
nba-401360392,2022,2022-01-06 01:00:00+00:00,TOR,MIL,117,111,https://a.espncdn.com/i/teamlogos/nba/500/scoreboard/tor.png,https://a.espncdn.com/i/teamlogos/nba/500/scoreboard/mil.png,6,0,1,0,9,0
nba-401360393,2022,2022-01-06 01:00:00+00:00,OKC,MIN,90,98,https://a.espncdn.com/i/teamlogos/nba/500/scoreboard/okc.png,https://a.espncdn.com/i/teamlogos/nba/500/scoreboard/min.png,8,0,0,0,20,0
nba-401360394,2022,2022-01-06 03:00:00+00:00,UTAH,DEN,115,109,https://a.espncdn.com/i/teamlogos/nba/500/scoreboard/utah.png,https://a.espncdn.com/i/teamlogos/nba/500/scoreboard/den.png,6,0,0,0,10,0
nba-401360395,2022,2022-01-06 03:00:00+00:00,MIA,POR,115,109,https://a.espncdn.com/i/teamlogos/nba/500/scoreboard/mia.png,https://a.espncdn.com/i/teamlogos/nba/500/scoreboard/por.png,6,0,0,0,11,0
nba-401360396,2022,2022-01-06 03:00:00+00:00,ATL,SAC,108,102,https://a.espncdn.com/i/teamlogos/nba/500/scoreboard/atl.png,https://a.espncdn.com/i/teamlogos/nba/500/scoreboard/sac.png,6,0,0,0,9,0
nba-401584902,2024,2023-12-02 00:00:00+00:00,WSH,ORL,125,130,https://a.espncdn.com/i/teamlogos/nba/500/scoreboard/wsh.png,https://a.espncdn.com/i/teamlogos/nba/500/scoreboard/orl.png,5,0,1,0,5,0
nba-401584903,2024,2023-12-02 00:30:00+00:00,PHI,BOS,119,125,https://a.espncdn.com/i/teamlogos/nba/500/scoreboard/phi.png,https://a.espncdn.com/i/teamlogos/nba/500/scoreboard/bos.png,6,0,2,1,8,0
nba-401584904,2024,2023-12-02 00:30:00+00:00,NY,TOR,119,106,https://a.espncdn.com/i/teamlogos/nba/500/scoreboard/ny.png,https://a.espncdn.com/i/teamlogos/nba/500/scoreboard/tor.png,13,0,0,0,13,0
nba-401584905,2024,2023-12-02 00:30:00+00:00,MEM,DAL,108,94,https://a.espncdn.com/i/teamlogos/nba/500/scoreboard/mem.png,https://a.espncdn.com/i/teamlogos/nba/500/scoreboard/dal.png,14,0,0,0,15,0
nba-401584906,2024,2023-12-02 01:00:00+00:00,SA,NO,106,121,https://a.espncdn.com/i/teamlogos/nba/500/scoreboard/sa.png,https://a.espncdn.com/i/teamlogos/nba/500/scoreboard/no.png,15,0,0,0,15,0
nba-401584907,2024,2023-12-02 03:00:00+00:00,DEN,PHX,119,111,https://a.espncdn.com/i/teamlogos/nba/500/scoreboard/den.png,https://a.espncdn.com/i/teamlogos/nba/500/scoreboard/phx.png,8,0,0,0,11,0
nba-401361035,2022,2022-04-10 19:30:00+00:00,IND,BKN,126,134,https://a.espncdn.com/i/teamlogos/nba/500/scoreboard/ind.png,https://a.espncdn.com/i/teamlogos/nba/500/scoreboard/bkn.png,8,0,0,0,16,0
nba-401361036,2022,2022-04-10 19:30:00+00:00,WSH,CHA,108,124,https://a.espncdn.com/i/teamlogos/nba/500/scoreboard/wsh.png,https://a.espncdn.com/i/teamlogos/nba/500/scoreboard/cha.png,16,0,0,0,16,0
nba-401361037,2022,2022-04-10 19:30:00+00:00,MIL,CLE,115,133,https://a.espncdn.com/i/teamlogos/nba/500/scoreboard/mil.png,https://a.espncdn.com/i/teamlogos/nba/500/scoreboard/cle.png,18,0,0,0,33,0
nba-401361040,2022,2022-04-10 19:30:00+00:00,ATL,HOU,130,114,https://a.espncdn.com/i/teamlogos/nba/500/scoreboard/atl.png,https://a.espncdn.com/i/teamlogos/nba/500/scoreboard/hou.png,16,0,0,0,16,0
nba-401361042,2022,2022-04-10 23:00:00+00:00,BOS,MEM,139,110,https://a.espncdn.com/i/teamlogos/nba/500/scoreboard/bos.png,https://a.espncdn.com/i/teamlogos/nba/500/scoreboard/mem.png,29,0,0,0,29,0
nba-401361045,2022,2022-04-10 23:00:00+00:00,TOR,NY,94,105,https://a.espncdn.com/i/teamlogos/nba/500/scoreboard/tor.png,https://a.espncdn.com/i/teamlogos/nba/500/scoreboard/ny.png,11,0,0,0,11,0
nba-401361046,2022,2022-04-10 23:00:00+00:00,MIA,ORL,111,125,https://a.espncdn.com/i/teamlogos/nba/500/scoreboard/mia.png,https://a.espncdn.com/i/teamlogos/nba/500/scoreboard/orl.png,14,0,0,0,14,0
nba-401361047,2022,2022-04-10 23:00:00+00:00,DET,PHI,106,118,https://a.espncdn.com/i/teamlogos/nba/500/scoreboard/det.png,https://a.espncdn.com/i/teamlogos/nba/500/scoreboard/phi.png,12,0,0,0,12,0
nba-401361043,2022,2022-04-11 00:30:00+00:00,CHI,MIN,124,120,https://a.espncdn.com/i/teamlogos/nba/500/scoreboard/chi.png,https://a.espncdn.com/i/teamlogos/nba/500/scoreboard/min.png,4,0,0,0,23,0
nba-401361038,2022,2022-04-11 01:30:00+00:00,SA,DAL,120,130,https://a.espncdn.com/i/teamlogos/nba/500/scoreboard/sa.png,https://a.espncdn.com/i/teamlogos/nba/500/scoreboard/dal.png,10,0,1,0,15,0
nba-401361039,2022,2022-04-11 01:30:00+00:00,LAL,DEN,146,141,https://a.espncdn.com/i/teamlogos/nba/500/scoreboard/lal.png,https://a.espncdn.com/i/teamlogos/nba/500/scoreboard/den.png,5,1,2,1,13,0
nba-401361041,2022,2022-04-11 01:30:00+00:00,OKC,LAC,88,138,https://a.espncdn.com/i/teamlogos/nba/500/scoreboard/okc.png,https://a.espncdn.com/i/teamlogos/nba/500/scoreboard/lac.png,50,0,0,0,50,0
nba-401361044,2022,2022-04-11 01:30:00+00:00,GS,NO,128,107,https://a.espncdn.com/i/teamlogos/nba/500/scoreboard/gs.png,https://a.espncdn.com/i/teamlogos/nba/500/scoreboard/no.png,21,0,0,0,21,0
nba-401361048,2022,2022-04-11 01:30:00+00:00,SAC,PHX,116,109,https://a.espncdn.com/i/teamlogos/nba/500/scoreboard/sac.png,https://a.espncdn.com/i/teamlogos/nba/500/scoreboard/phx.png,7,0,0,0,16,0
nba-401361049,2022,2022-04-11 01:30:00+00:00,UTAH,POR,111,80,https://a.espncdn.com/i/teamlogos/nba/500/scoreboard/utah.png,https://a.espncdn.com/i/teamlogos/nba/500/scoreboard/por.png,31,0,1,0,31,0
nba-401468480,2023,2022-12-02 00:00:00+00:00,DAL,DET,125,131,https://a.espncdn.com/i/teamlogos/nba/500/scoreboard/dal.png,https://a.espncdn.com/i/teamlogos/nba/500/scoreboard/det.png,6,1,0,0,10,0
nba-401584141,2024,2023-11-29 00:30:00+00:00,CHI,BOS,97,124,https://a.espncdn.com/i/teamlogos/nba/500/scoreboard/chi.png,https://a.espncdn.com/i/teamlogos/nba/500/scoreboard/bos.png,27,0,0,0,29,0
nba-401584142,2024,2023-11-29 00:30:00+00:00,TOR,BKN,103,115,https://a.espncdn.com/i/teamlogos/nba/500/scoreboard/tor.png,https://a.espncdn.com/i/teamlogos/nba/500/scoreboard/bkn.png,12,0,0,0,12,0
nba-401584143,2024,2023-11-29 00:30:00+00:00,ATL,CLE,105,128,https://a.espncdn.com/i/teamlogos/nba/500/scoreboard/atl.png,https://a.espncdn.com/i/teamlogos/nba/500/scoreboard/cle.png,23,0,1,0,23,0
nba-401584144,2024,2023-11-29 00:30:00+00:00,MIL,MIA,131,124,https://a.espncdn.com/i/teamlogos/nba/500/scoreboard/mil.png,https://a.espncdn.com/i/teamlogos/nba/500/scoreboard/mia.png,7,0,2,1,9,0
nba-401584145,2024,2023-11-29 00:30:00+00:00,CHA,NY,91,115,https://a.espncdn.com/i/teamlogos/nba/500/scoreboard/cha.png,https://a.espncdn.com/i/teamlogos/nba/500/scoreboard/ny.png,24,0,0,0,24,0
nba-401584146,2024,2023-11-29 01:00:00+00:00,OKC,MIN,103,106,https://a.espncdn.com/i/teamlogos/nba/500/scoreboard/okc.png,https://a.espncdn.com/i/teamlogos/nba/500/scoreboard/min.png,3,0,1,1,10,0
nba-401584147,2024,2023-11-29 01:30:00+00:00,HOU,DAL,115,121,https://a.espncdn.com/i/teamlogos/nba/500/scoreboard/hou.png,https://a.espncdn.com/i/teamlogos/nba/500/scoreboard/dal.png,6,0,2,1,7,0
nba-401584148,2024,2023-11-29 03:00:00+00:00,GS,SAC,123,124,https://a.espncdn.com/i/teamlogos/nba/500/scoreboard/gs.png,https://a.espncdn.com/i/teamlogos/nba/500/scoreboard/sac.png,1,0,1,1,17,0
nba-401468454,2023,2022-11-29 00:00:00+00:00,ATL,PHI,101,104,https://a.espncdn.com/i/teamlogos/nba/500/scoreboard/atl.png,https://a.espncdn.com/i/teamlogos/nba/500/scoreboard/phi.png,3,0,1,0,11,0
nba-401468455,2023,2022-11-29 00:00:00+00:00,MIN,WSH,127,142,https://a.espncdn.com/i/teamlogos/nba/500/scoreboard/min.png,https://a.espncdn.com/i/teamlogos/nba/500/scoreboard/wsh.png,15,0,0,0,19,0
nba-401468456,2023,2022-11-29 00:30:00+00:00,CHA,BOS,105,140,https://a.espncdn.com/i/teamlogos/nba/500/scoreboard/cha.png,https://a.espncdn.com/i/teamlogos/nba/500/scoreboard/bos.png,35,0,0,0,39,0
nba-401468457,2023,2022-11-29 00:30:00+00:00,ORL,BKN,102,109,https://a.espncdn.com/i/teamlogos/nba/500/scoreboard/orl.png,https://a.espncdn.com/i/teamlogos/nba/500/scoreboard/bkn.png,7,0,1,0,11,0
nba-401468458,2023,2022-11-29 00:30:00+00:00,CLE,TOR,88,100,https://a.espncdn.com/i/teamlogos/nba/500/scoreboard/cle.png,https://a.espncdn.com/i/teamlogos/nba/500/scoreboard/tor.png,12,0,0,0,13,0
nba-401468459,2023,2022-11-29 01:00:00+00:00,OKC,NO,101,105,https://a.espncdn.com/i/teamlogos/nba/500/scoreboard/okc.png,https://a.espncdn.com/i/teamlogos/nba/500/scoreboard/no.png,4,0,0,0,8,0
nba-401468460,2023,2022-11-29 02:00:00+00:00,HOU,DEN,113,129,https://a.espncdn.com/i/teamlogos/nba/500/scoreboard/hou.png,https://a.espncdn.com/i/teamlogos/nba/500/scoreboard/den.png,16,0,0,0,16,0
nba-401468461,2023,2022-11-29 02:00:00+00:00,CHI,UTAH,114,107,https://a.espncdn.com/i/teamlogos/nba/500/scoreboard/chi.png,https://a.espncdn.com/i/teamlogos/nba/500/scoreboard/utah.png,7,0,1,0,7,0
nba-401468462,2023,2022-11-29 03:00:00+00:00,PHX,SAC,122,117,https://a.espncdn.com/i/teamlogos/nba/500/scoreboard/phx.png,https://a.espncdn.com/i/teamlogos/nba/500/scoreboard/sac.png,5,0,2,0,7,0
nba-401468463,2023,2022-11-29 03:30:00+00:00,IND,LAL,116,115,https://a.espncdn.com/i/teamlogos/nba/500/scoreboard/ind.png,https://a.espncdn.com/i/teamlogos/nba/500/scoreboard/lal.png,1,0,1,1,9,0
nba-401360072,2022,2021-11-21 20:30:00+00:00,DAL,LAC,91,97,https://a.espncdn.com/i/teamlogos/nba/500/scoreboard/dal.png,https://a.espncdn.com/i/teamlogos/nba/500/scoreboard/lac.png,6,0,1,0,9,0
nba-401360073,2022,2021-11-21 23:00:00+00:00,LAL,DET,121,116,https://a.espncdn.com/i/teamlogos/nba/500/scoreboard/lal.png,https://a.espncdn.com/i/teamlogos/nba/500/scoreboard/det.png,5,0,2,1,15,0
nba-401360074,2022,2021-11-22 01:00:00+00:00,NY,CHI,103,109,https://a.espncdn.com/i/teamlogos/nba/500/scoreboard/ny.png,https://a.espncdn.com/i/teamlogos/nba/500/scoreboard/chi.png,6,0,2,1,6,0
nba-401360075,2022,2021-11-22 01:00:00+00:00,DEN,PHX,97,126,https://a.espncdn.com/i/teamlogos/nba/500/scoreboard/den.png,https://a.espncdn.com/i/teamlogos/nba/500/scoreboard/phx.png,29,0,0,0,29,0
nba-401360076,2022,2021-11-22 01:30:00+00:00,TOR,GS,104,119,https://a.espncdn.com/i/teamlogos/nba/500/scoreboard/tor.png,https://a.espncdn.com/i/teamlogos/nba/500/scoreboard/gs.png,15,0,0,0,15,0
nba-401434050,2022,2022-05-02 23:30:00+00:00,PHI,MIA,92,106,https://a.espncdn.com/i/teamlogos/nba/500/scoreboard/phi.png,https://a.espncdn.com/i/teamlogos/nba/500/scoreboard/mia.png,14,0,2,0,14,1
nba-401434070,2022,2022-05-03 02:00:00+00:00,DAL,PHX,114,121,https://a.espncdn.com/i/teamlogos/nba/500/scoreboard/dal.png,https://a.espncdn.com/i/teamlogos/nba/500/scoreboard/phx.png,7,0,0,0,17,1
nba-401544974,2023,2023-05-02 23:30:00+00:00,MIA,NY,105,111,https://a.espncdn.com/i/teamlogos/nba/500/scoreboard/mia.png,https://a.espncdn.com/i/teamlogos/nba/500/scoreboard/ny.png,6,0,2,1,6,1
nba-401545231,2023,2023-05-03 02:00:00+00:00,LAL,GS,117,112,https://a.espncdn.com/i/teamlogos/nba/500/scoreboard/lal.png,https://a.espncdn.com/i/teamlogos/nba/500/scoreboard/gs.png,5,0,1,0,8,1
nba-401585589,2024,2024-03-15 23:00:00+00:00,PHX,CHA,107,96,https://a.espncdn.com/i/teamlogos/nba/500/scoreboard/phx.png,https://a.espncdn.com/i/teamlogos/nba/500/scoreboard/cha.png,11,0,0,0,25,0
nba-401585590,2024,2024-03-15 23:00:00+00:00,MIA,DET,108,95,https://a.espncdn.com/i/teamlogos/nba/500/scoreboard/mia.png,https://a.espncdn.com/i/teamlogos/nba/500/scoreboard/det.png,13,0,1,0,13,0
nba-401585591,2024,2024-03-15 23:30:00+00:00,ORL,TOR,113,103,https://a.espncdn.com/i/teamlogos/nba/500/scoreboard/orl.png,https://a.espncdn.com/i/teamlogos/nba/500/scoreboard/tor.png,10,0,1,0,11,0
nba-401585592,2024,2024-03-16 00:00:00+00:00,LAC,NO,104,112,https://a.espncdn.com/i/teamlogos/nba/500/scoreboard/lac.png,https://a.espncdn.com/i/teamlogos/nba/500/scoreboard/no.png,8,0,1,0,8,0
nba-401585593,2024,2024-03-16 00:30:00+00:00,DEN,SA,117,106,https://a.espncdn.com/i/teamlogos/nba/500/scoreboard/den.png,https://a.espncdn.com/i/teamlogos/nba/500/scoreboard/sa.png,11,0,0,0,19,0
nba-401585594,2024,2024-03-16 01:30:00+00:00,ATL,UTAH,122,124,https://a.espncdn.com/i/teamlogos/nba/500/scoreboard/atl.png,https://a.espncdn.com/i/teamlogos/nba/500/scoreboard/utah.png,2,0,2,0,6,0
nba-401545117,2023,2023-05-14 19:30:00+00:00,PHI,BOS,88,112,https://a.espncdn.com/i/teamlogos/nba/500/scoreboard/phi.png,https://a.espncdn.com/i/teamlogos/nba/500/scoreboard/bos.png,24,0,1,0,26,1
nba-401585499,2024,2024-03-03 18:00:00+00:00,PHI,DAL,120,116,https://a.espncdn.com/i/teamlogos/nba/500/scoreboard/phi.png,https://a.espncdn.com/i/teamlogos/nba/500/scoreboard/dal.png,4,0,0,0,14,0
nba-401585500,2024,2024-03-03 20:30:00+00:00,GS,BOS,88,140,https://a.espncdn.com/i/teamlogos/nba/500/scoreboard/gs.png,https://a.espncdn.com/i/teamlogos/nba/500/scoreboard/bos.png,52,0,0,0,53,0
nba-401585501,2024,2024-03-03 20:30:00+00:00,LAC,MIN,89,88,https://a.espncdn.com/i/teamlogos/nba/500/scoreboard/lac.png,https://a.espncdn.com/i/teamlogos/nba/500/scoreboard/min.png,1,0,3,1,12,0
nba-401585502,2024,2024-03-03 23:00:00+00:00,DET,ORL,91,113,https://a.espncdn.com/i/teamlogos/nba/500/scoreboard/det.png,https://a.espncdn.com/i/teamlogos/nba/500/scoreboard/orl.png,22,0,0,0,22,0
nba-401585503,2024,2024-03-03 23:00:00+00:00,CHA,TOR,106,111,https://a.espncdn.com/i/teamlogos/nba/500/scoreboard/cha.png,https://a.espncdn.com/i/teamlogos/nba/500/scoreboard/tor.png,5,0,1,0,7,0
nba-401585504,2024,2024-03-04 00:00:00+00:00,NY,CLE,107,98,https://a.espncdn.com/i/teamlogos/nba/500/scoreboard/ny.png,https://a.espncdn.com/i/teamlogos/nba/500/scoreboard/cle.png,9,0,2,0,9,0
nba-401585505,2024,2024-03-04 00:00:00+00:00,IND,SA,105,117,https://a.espncdn.com/i/teamlogos/nba/500/scoreboard/ind.png,https://a.espncdn.com/i/teamlogos/nba/500/scoreboard/sa.png,12,0,0,0,12,0
nba-401585506,2024,2024-03-04 02:30:00+00:00,OKC,PHX,118,110,https://a.espncdn.com/i/teamlogos/nba/500/scoreboard/okc.png,https://a.espncdn.com/i/teamlogos/nba/500/scoreboard/phx.png,8,0,0,0,14,0
nba-401360941,2022,2022-03-28 23:00:00+00:00,DEN,CHA,113,109,https://a.espncdn.com/i/teamlogos/nba/500/scoreboard/den.png,https://a.espncdn.com/i/teamlogos/nba/500/scoreboard/cha.png,4,0,2,0,9,0
nba-401360942,2022,2022-03-28 23:00:00+00:00,ORL,CLE,101,107,https://a.espncdn.com/i/teamlogos/nba/500/scoreboard/orl.png,https://a.espncdn.com/i/teamlogos/nba/500/scoreboard/cle.png,6,0,0,0,7,0
nba-401360943,2022,2022-03-28 23:00:00+00:00,ATL,IND,132,123,https://a.espncdn.com/i/teamlogos/nba/500/scoreboard/atl.png,https://a.espncdn.com/i/teamlogos/nba/500/scoreboard/ind.png,9,0,0,0,14,0
nba-401360944,2022,2022-03-28 23:30:00+00:00,SAC,MIA,100,123,https://a.espncdn.com/i/teamlogos/nba/500/scoreboard/sac.png,https://a.espncdn.com/i/teamlogos/nba/500/scoreboard/mia.png,23,0,0,0,25,0
nba-401360945,2022,2022-03-28 23:30:00+00:00,CHI,NY,104,109,https://a.espncdn.com/i/teamlogos/nba/500/scoreboard/chi.png,https://a.espncdn.com/i/teamlogos/nba/500/scoreboard/ny.png,5,0,1,0,6,0
nba-401360946,2022,2022-03-28 23:30:00+00:00,BOS,TOR,112,115,https://a.espncdn.com/i/teamlogos/nba/500/scoreboard/bos.png,https://a.espncdn.com/i/teamlogos/nba/500/scoreboard/tor.png,3,1,1,0,8,0
nba-401360947,2022,2022-03-29 00:00:00+00:00,SA,HOU,123,120,https://a.espncdn.com/i/teamlogos/nba/500/scoreboard/sa.png,https://a.espncdn.com/i/teamlogos/nba/500/scoreboard/hou.png,3,0,0,0,12,0
nba-401360948,2022,2022-03-29 00:00:00+00:00,GS,MEM,95,123,https://a.espncdn.com/i/teamlogos/nba/500/scoreboard/gs.png,https://a.espncdn.com/i/teamlogos/nba/500/scoreboard/mem.png,28,0,0,0,28,0
nba-401360949,2022,2022-03-29 02:00:00+00:00,OKC,POR,134,131,https://a.espncdn.com/i/teamlogos/nba/500/scoreboard/okc.png,https://a.espncdn.com/i/teamlogos/nba/500/scoreboard/por.png,3,1,2,1,8,0
nba-401359865,2022,2021-10-25 23:00:00+00:00,BOS,CHA,140,129,https://a.espncdn.com/i/teamlogos/nba/500/scoreboard/bos.png,https://a.espncdn.com/i/teamlogos/nba/500/scoreboard/cha.png,11,1,2,1,11,0
nba-401359866,2022,2021-10-25 23:00:00+00:00,MIL,IND,119,109,https://a.espncdn.com/i/teamlogos/nba/500/scoreboard/mil.png,https://a.espncdn.com/i/teamlogos/nba/500/scoreboard/ind.png,10,0,0,0,15,0
nba-401359867,2022,2021-10-25 23:30:00+00:00,DET,ATL,104,122,https://a.espncdn.com/i/teamlogos/nba/500/scoreboard/det.png,https://a.espncdn.com/i/teamlogos/nba/500/scoreboard/atl.png,18,0,0,0,18,0
nba-401359868,2022,2021-10-25 23:30:00+00:00,WSH,BKN,90,104,https://a.espncdn.com/i/teamlogos/nba/500/scoreboard/wsh.png,https://a.espncdn.com/i/teamlogos/nba/500/scoreboard/bkn.png,14,0,0,0,18,0
nba-401359869,2022,2021-10-25 23:30:00+00:00,ORL,MIA,90,107,https://a.espncdn.com/i/teamlogos/nba/500/scoreboard/orl.png,https://a.espncdn.com/i/teamlogos/nba/500/scoreboard/mia.png,17,0,0,0,17,0
nba-401359870,2022,2021-10-25 23:30:00+00:00,CHI,TOR,111,108,https://a.espncdn.com/i/teamlogos/nba/500/scoreboard/chi.png,https://a.espncdn.com/i/teamlogos/nba/500/scoreboard/tor.png,3,0,0,0,12,0
nba-401359871,2022,2021-10-26 00:00:00+00:00,NO,MIN,107,98,https://a.espncdn.com/i/teamlogos/nba/500/scoreboard/no.png,https://a.espncdn.com/i/teamlogos/nba/500/scoreboard/min.png,9,0,0,0,11,0
nba-401359872,2022,2021-10-26 01:00:00+00:00,CLE,DEN,99,87,https://a.espncdn.com/i/teamlogos/nba/500/scoreboard/cle.png,https://a.espncdn.com/i/teamlogos/nba/500/scoreboard/den.png,12,0,0,0,12,0
nba-401359873,2022,2021-10-26 02:30:00+00:00,POR,LAC,86,116,https://a.espncdn.com/i/teamlogos/nba/500/scoreboard/por.png,https://a.espncdn.com/i/teamlogos/nba/500/scoreboard/lac.png,30,0,0,0,30,0
nba-401469285,2023,2023-03-28 23:00:00+00:00,BOS,WSH,111,130,https://a.espncdn.com/i/teamlogos/nba/500/scoreboard/bos.png,https://a.espncdn.com/i/teamlogos/nba/500/scoreboard/wsh.png,19,0,0,0,21,0
nba-401469286,2023,2023-03-28 23:30:00+00:00,CLE,ATL,118,120,https://a.espncdn.com/i/teamlogos/nba/500/scoreboard/cle.png,https://a.espncdn.com/i/teamlogos/nba/500/scoreboard/atl.png,2,0,0,0,10,0
nba-401469287,2023,2023-03-28 23:30:00+00:00,MIA,TOR,92,106,https://a.espncdn.com/i/teamlogos/nba/500/scoreboard/mia.png,https://a.espncdn.com/i/teamlogos/nba/500/scoreboard/tor.png,14,0,0,0,17,0
nba-401469288,2023,2023-03-29 00:00:00+00:00,ORL,MEM,108,113,https://a.espncdn.com/i/teamlogos/nba/500/scoreboard/orl.png,https://a.espncdn.com/i/teamlogos/nba/500/scoreboard/mem.png,5,0,0,0,17,0
nba-401469289,2023,2023-03-29 00:00:00+00:00,CHA,OKC,137,134,https://a.espncdn.com/i/teamlogos/nba/500/scoreboard/cha.png,https://a.espncdn.com/i/teamlogos/nba/500/scoreboard/okc.png,3,0,2,1,11,0
nba-401469290,2023,2023-03-29 02:00:00+00:00,NO,GS,109,120,https://a.espncdn.com/i/teamlogos/nba/500/scoreboard/no.png,https://a.espncdn.com/i/teamlogos/nba/500/scoreboard/gs.png,11,0,1,1,17,0
nba-401360446,2022,2022-01-14 00:30:00+00:00,GS,MIL,99,118,https://a.espncdn.com/i/teamlogos/nba/500/scoreboard/gs.png,https://a.espncdn.com/i/teamlogos/nba/500/scoreboard/mil.png,19,0,0,0,39,0
nba-401360447,2022,2022-01-14 01:00:00+00:00,MIN,MEM,108,116,https://a.espncdn.com/i/teamlogos/nba/500/scoreboard/min.png,https://a.espncdn.com/i/teamlogos/nba/500/scoreboard/mem.png,8,0,1,0,8,0
nba-401360448,2022,2022-01-14 01:00:00+00:00,LAC,NO,89,113,https://a.espncdn.com/i/teamlogos/nba/500/scoreboard/lac.png,https://a.espncdn.com/i/teamlogos/nba/500/scoreboard/no.png,24,0,0,0,24,0
nba-401360449,2022,2022-01-14 01:30:00+00:00,OKC,BKN,130,109,https://a.espncdn.com/i/teamlogos/nba/500/scoreboard/okc.png,https://a.espncdn.com/i/teamlogos/nba/500/scoreboard/bkn.png,21,0,0,0,21,0
nba-401360450,2022,2022-01-14 03:00:00+00:00,POR,DEN,108,140,https://a.espncdn.com/i/teamlogos/nba/500/scoreboard/por.png,https://a.espncdn.com/i/teamlogos/nba/500/scoreboard/den.png,32,0,0,0,32,0
nba-401468787,2023,2023-01-14 00:00:00+00:00,NO,DET,116,110,https://a.espncdn.com/i/teamlogos/nba/500/scoreboard/no.png,https://a.espncdn.com/i/teamlogos/nba/500/scoreboard/det.png,6,0,0,0,9,0
nba-401468788,2023,2023-01-14 00:00:00+00:00,ATL,IND,113,111,https://a.espncdn.com/i/teamlogos/nba/500/scoreboard/atl.png,https://a.espncdn.com/i/teamlogos/nba/500/scoreboard/ind.png,2,0,2,1,9,0
nba-401468789,2023,2023-01-14 00:00:00+00:00,NY,WSH,112,108,https://a.espncdn.com/i/teamlogos/nba/500/scoreboard/ny.png,https://a.espncdn.com/i/teamlogos/nba/500/scoreboard/wsh.png,4,0,1,0,4,0
nba-401468790,2023,2023-01-14 00:30:00+00:00,GS,SA,144,113,https://a.espncdn.com/i/teamlogos/nba/500/scoreboard/gs.png,https://a.espncdn.com/i/teamlogos/nba/500/scoreboard/sa.png,31,0,0,0,31,0
nba-401468791,2023,2023-01-14 01:00:00+00:00,OKC,CHI,124,110,https://a.espncdn.com/i/teamlogos/nba/500/scoreboard/okc.png,https://a.espncdn.com/i/teamlogos/nba/500/scoreboard/chi.png,14,0,0,0,14,0
nba-401468792,2023,2023-01-14 01:00:00+00:00,PHX,MIN,116,121,https://a.espncdn.com/i/teamlogos/nba/500/scoreboard/phx.png,https://a.espncdn.com/i/teamlogos/nba/500/scoreboard/min.png,5,0,0,0,17,0
nba-401468793,2023,2023-01-14 02:00:00+00:00,ORL,UTAH,108,112,https://a.espncdn.com/i/teamlogos/nba/500/scoreboard/orl.png,https://a.espncdn.com/i/teamlogos/nba/500/scoreboard/utah.png,4,0,0,0,9,0
nba-401468794,2023,2023-01-14 03:00:00+00:00,DEN,LAC,115,103,https://a.espncdn.com/i/teamlogos/nba/500/scoreboard/den.png,https://a.espncdn.com/i/teamlogos/nba/500/scoreboard/lac.png,12,0,1,0,12,0
nba-401468795,2023,2023-01-14 03:00:00+00:00,HOU,SAC,114,139,https://a.espncdn.com/i/teamlogos/nba/500/scoreboard/hou.png,https://a.espncdn.com/i/teamlogos/nba/500/scoreboard/sac.png,25,0,0,0,25,0
nba-401585387,2024,2024-02-11 19:00:00+00:00,BOS,MIA,110,106,https://a.espncdn.com/i/teamlogos/nba/500/scoreboard/bos.png,https://a.espncdn.com/i/teamlogos/nba/500/scoreboard/mia.png,4,0,0,0,9,0
nba-401585388,2024,2024-02-11 20:00:00+00:00,SAC,OKC,113,127,https://a.espncdn.com/i/teamlogos/nba/500/scoreboard/sac.png,https://a.espncdn.com/i/teamlogos/nba/500/scoreboard/okc.png,14,0,0,0,17,0
nba-401468593,2023,2022-12-17 21:00:00+00:00,WSH,LAC,93,102,https://a.espncdn.com/i/teamlogos/nba/500/scoreboard/wsh.png,https://a.espncdn.com/i/teamlogos/nba/500/scoreboard/lac.png,9,0,1,1,9,0
nba-401468594,2023,2022-12-17 22:00:00+00:00,MIA,SA,111,101,https://a.espncdn.com/i/teamlogos/nba/500/scoreboard/mia.png,https://a.espncdn.com/i/teamlogos/nba/500/scoreboard/sa.png,10,0,1,1,10,0
nba-401468595,2023,2022-12-18 01:00:00+00:00,DAL,CLE,99,100,https://a.espncdn.com/i/teamlogos/nba/500/scoreboard/dal.png,https://a.espncdn.com/i/teamlogos/nba/500/scoreboard/cle.png,1,1,1,1,8,0
nba-401468596,2023,2022-12-18 01:00:00+00:00,POR,HOU,107,95,https://a.espncdn.com/i/teamlogos/nba/500/scoreboard/por.png,https://a.espncdn.com/i/teamlogos/nba/500/scoreboard/hou.png,12,0,0,0,20,0
nba-401468597,2023,2022-12-18 01:00:00+00:00,UTAH,MIL,97,123,https://a.espncdn.com/i/teamlogos/nba/500/scoreboard/utah.png,https://a.espncdn.com/i/teamlogos/nba/500/scoreboard/mil.png,26,0,0,0,26,0
nba-401468598,2023,2022-12-18 01:00:00+00:00,MEM,OKC,109,115,https://a.espncdn.com/i/teamlogos/nba/500/scoreboard/mem.png,https://a.espncdn.com/i/teamlogos/nba/500/scoreboard/okc.png,6,0,0,0,21,0
nba-401468599,2023,2022-12-18 02:00:00+00:00,NO,PHX,114,118,https://a.espncdn.com/i/teamlogos/nba/500/scoreboard/no.png,https://a.espncdn.com/i/teamlogos/nba/500/scoreboard/phx.png,4,0,1,1,17,0
nba-401469352,2023,2023-04-06 23:00:00+00:00,CLE,ORL,118,94,https://a.espncdn.com/i/teamlogos/nba/500/scoreboard/cle.png,https://a.espncdn.com/i/teamlogos/nba/500/scoreboard/orl.png,24,0,1,0,24,0
nba-401469353,2023,2023-04-06 23:30:00+00:00,MIA,PHI,129,101,https://a.espncdn.com/i/teamlogos/nba/500/scoreboard/mia.png,https://a.espncdn.com/i/teamlogos/nba/500/scoreboard/phi.png,28,0,0,0,28,0
nba-401469354,2023,2023-04-07 00:00:00+00:00,POR,SA,127,129,https://a.espncdn.com/i/teamlogos/nba/500/scoreboard/por.png,https://a.espncdn.com/i/teamlogos/nba/500/scoreboard/sa.png,2,0,3,1,8,0
nba-401469355,2023,2023-04-07 01:00:00+00:00,OKC,UTAH,114,98,https://a.espncdn.com/i/teamlogos/nba/500/scoreboard/okc.png,https://a.espncdn.com/i/teamlogos/nba/500/scoreboard/utah.png,16,0,0,0,16,0
nba-401469356,2023,2023-04-07 02:00:00+00:00,DEN,PHX,115,119,https://a.espncdn.com/i/teamlogos/nba/500/scoreboard/den.png,https://a.espncdn.com/i/teamlogos/nba/500/scoreboard/phx.png,4,0,0,0,4,0
nba-401361009,2022,2022-04-06 23:00:00+00:00,DAL,DET,131,113,https://a.espncdn.com/i/teamlogos/nba/500/scoreboard/dal.png,https://a.espncdn.com/i/teamlogos/nba/500/scoreboard/det.png,18,0,1,0,18,0
nba-401361010,2022,2022-04-06 23:30:00+00:00,BKN,NY,110,98,https://a.espncdn.com/i/teamlogos/nba/500/scoreboard/bkn.png,https://a.espncdn.com/i/teamlogos/nba/500/scoreboard/ny.png,12,0,1,1,17,0
nba-401361011,2022,2022-04-07 00:00:00+00:00,WSH,ATL,103,118,https://a.espncdn.com/i/teamlogos/nba/500/scoreboard/wsh.png,https://a.espncdn.com/i/teamlogos/nba/500/scoreboard/atl.png,15,0,0,0,15,0
nba-401361012,2022,2022-04-07 00:00:00+00:00,BOS,CHI,117,94,https://a.espncdn.com/i/teamlogos/nba/500/scoreboard/bos.png,https://a.espncdn.com/i/teamlogos/nba/500/scoreboard/chi.png,23,0,0,0,24,0
nba-401361013,2022,2022-04-07 01:00:00+00:00,OKC,UTAH,101,137,https://a.espncdn.com/i/teamlogos/nba/500/scoreboard/okc.png,https://a.espncdn.com/i/teamlogos/nba/500/scoreboard/utah.png,36,0,0,0,36,0
nba-401361014,2022,2022-04-07 02:00:00+00:00,PHX,LAC,109,113,https://a.espncdn.com/i/teamlogos/nba/500/scoreboard/phx.png,https://a.espncdn.com/i/teamlogos/nba/500/scoreboard/lac.png,4,0,0,0,29,0
nba-401584972,2024,2023-12-17 20:00:00+00:00,ORL,BOS,97,114,https://a.espncdn.com/i/teamlogos/nba/500/scoreboard/orl.png,https://a.espncdn.com/i/teamlogos/nba/500/scoreboard/bos.png,17,0,1,0,17,0
nba-401584973,2024,2023-12-17 20:30:00+00:00,NO,SA,146,110,https://a.espncdn.com/i/teamlogos/nba/500/scoreboard/no.png,https://a.espncdn.com/i/teamlogos/nba/500/scoreboard/sa.png,36,0,0,0,36,0
nba-401584974,2024,2023-12-18 00:00:00+00:00,HOU,MIL,119,128,https://a.espncdn.com/i/teamlogos/nba/500/scoreboard/hou.png,https://a.espncdn.com/i/teamlogos/nba/500/scoreboard/mil.png,9,0,0,0,11,0
nba-401584975,2024,2023-12-18 01:00:00+00:00,WSH,PHX,108,112,https://a.espncdn.com/i/teamlogos/nba/500/scoreboard/wsh.png,https://a.espncdn.com/i/teamlogos/nba/500/scoreboard/phx.png,4,0,1,1,12,0
nba-401584976,2024,2023-12-18 02:00:00+00:00,GS,POR,118,114,https://a.espncdn.com/i/teamlogos/nba/500/scoreboard/gs.png,https://a.espncdn.com/i/teamlogos/nba/500/scoreboard/por.png,4,0,0,0,16,0
nba-401360794,2022,2022-03-09 00:00:00+00:00,BKN,CHA,132,121,https://a.espncdn.com/i/teamlogos/nba/500/scoreboard/bkn.png,https://a.espncdn.com/i/teamlogos/nba/500/scoreboard/cha.png,11,0,0,0,26,0
nba-401360795,2022,2022-03-09 00:00:00+00:00,CLE,IND,127,124,https://a.espncdn.com/i/teamlogos/nba/500/scoreboard/cle.png,https://a.espncdn.com/i/teamlogos/nba/500/scoreboard/ind.png,3,0,2,1,8,0
nba-401360796,2022,2022-03-09 00:00:00+00:00,PHX,ORL,102,99,https://a.espncdn.com/i/teamlogos/nba/500/scoreboard/phx.png,https://a.espncdn.com/i/teamlogos/nba/500/scoreboard/orl.png,3,0,0,0,10,0
nba-401360797,2022,2022-03-09 00:30:00+00:00,NO,MEM,111,132,https://a.espncdn.com/i/teamlogos/nba/500/scoreboard/no.png,https://a.espncdn.com/i/teamlogos/nba/500/scoreboard/mem.png,21,0,0,0,28,0
nba-401360798,2022,2022-03-09 01:00:00+00:00,MIL,OKC,142,115,https://a.espncdn.com/i/teamlogos/nba/500/scoreboard/mil.png,https://a.espncdn.com/i/teamlogos/nba/500/scoreboard/okc.png,27,0,0,0,27,0
nba-401360799,2022,2022-03-09 03:00:00+00:00,LAC,GS,97,112,https://a.espncdn.com/i/teamlogos/nba/500/scoreboard/lac.png,https://a.espncdn.com/i/teamlogos/nba/500/scoreboard/gs.png,15,0,0,0,25,0
nba-401365902,2022,2021-10-05 23:30:00+00:00,IND,NY,104,125,https://a.espncdn.com/i/teamlogos/nba/500/scoreboard/ind.png,https://a.espncdn.com/i/teamlogos/nba/500/scoreboard/ny.png,21,0,0,0,21,0
nba-401365903,2022,2021-10-06 00:00:00+00:00,CLE,CHI,95,131,https://a.espncdn.com/i/teamlogos/nba/500/scoreboard/cle.png,https://a.espncdn.com/i/teamlogos/nba/500/scoreboard/chi.png,36,0,0,0,41,0
nba-401365904,2022,2021-10-06 00:00:00+00:00,WSH,HOU,119,125,https://a.espncdn.com/i/teamlogos/nba/500/scoreboard/wsh.png,https://a.espncdn.com/i/teamlogos/nba/500/scoreboard/hou.png,6,0,2,0,7,0
nba-401469140,2023,2023-03-09 00:00:00+00:00,ATL,WSH,122,120,https://a.espncdn.com/i/teamlogos/nba/500/scoreboard/atl.png,https://a.espncdn.com/i/teamlogos/nba/500/scoreboard/wsh.png,2,0,2,1,6,0
nba-401469141,2023,2023-03-09 00:30:00+00:00,POR,BOS,93,115,https://a.espncdn.com/i/teamlogos/nba/500/scoreboard/por.png,https://a.espncdn.com/i/teamlogos/nba/500/scoreboard/bos.png,22,0,0,0,22,0
nba-401469142,2023,2023-03-09 00:30:00+00:00,CLE,MIA,104,100,https://a.espncdn.com/i/teamlogos/nba/500/scoreboard/cle.png,https://a.espncdn.com/i/teamlogos/nba/500/scoreboard/mia.png,4,0,1,0,5,0
nba-401469143,2023,2023-03-09 00:30:00+00:00,DAL,NO,106,113,https://a.espncdn.com/i/teamlogos/nba/500/scoreboard/dal.png,https://a.espncdn.com/i/teamlogos/nba/500/scoreboard/no.png,7,0,0,0,18,0
nba-401469144,2023,2023-03-09 02:00:00+00:00,CHI,DEN,117,96,https://a.espncdn.com/i/teamlogos/nba/500/scoreboard/chi.png,https://a.espncdn.com/i/teamlogos/nba/500/scoreboard/den.png,21,0,1,0,21,0
nba-401469145,2023,2023-03-09 02:00:00+00:00,OKC,PHX,101,132,https://a.espncdn.com/i/teamlogos/nba/500/scoreboard/okc.png,https://a.espncdn.com/i/teamlogos/nba/500/scoreboard/phx.png,31,0,0,0,31,0
nba-401469146,2023,2023-03-09 03:00:00+00:00,TOR,LAC,100,108,https://a.espncdn.com/i/teamlogos/nba/500/scoreboard/tor.png,https://a.espncdn.com/i/teamlogos/nba/500/scoreboard/lac.png,8,0,1,0,9,0
nba-401585647,2024,2024-03-23 17:00:00+00:00,BKN,NY,93,105,https://a.espncdn.com/i/teamlogos/nba/500/scoreboard/bkn.png,https://a.espncdn.com/i/teamlogos/nba/500/scoreboard/ny.png,12,0,1,0,12,0
nba-401585648,2024,2024-03-23 23:00:00+00:00,SAC,ORL,109,107,https://a.espncdn.com/i/teamlogos/nba/500/scoreboard/sac.png,https://a.espncdn.com/i/teamlogos/nba/500/scoreboard/orl.png,2,0,2,0,2,0
nba-401585649,2024,2024-03-23 23:30:00+00:00,CHA,ATL,91,132,https://a.espncdn.com/i/teamlogos/nba/500/scoreboard/cha.png,https://a.espncdn.com/i/teamlogos/nba/500/scoreboard/atl.png,41,0,0,0,41,0
nba-401585650,2024,2024-03-24 00:00:00+00:00,TOR,WSH,109,112,https://a.espncdn.com/i/teamlogos/nba/500/scoreboard/tor.png,https://a.espncdn.com/i/teamlogos/nba/500/scoreboard/wsh.png,3,0,3,1,4,0
nba-401585651,2024,2024-03-24 00:00:00+00:00,BOS,CHI,124,113,https://a.espncdn.com/i/teamlogos/nba/500/scoreboard/bos.png,https://a.espncdn.com/i/teamlogos/nba/500/scoreboard/chi.png,11,0,0,0,11,0
nba-401585652,2024,2024-03-24 00:00:00+00:00,UTAH,HOU,119,147,https://a.espncdn.com/i/teamlogos/nba/500/scoreboard/utah.png,https://a.espncdn.com/i/teamlogos/nba/500/scoreboard/hou.png,28,0,0,0,31,0
nba-401585653,2024,2024-03-24 00:00:00+00:00,PHX,SA,131,106,https://a.espncdn.com/i/teamlogos/nba/500/scoreboard/phx.png,https://a.espncdn.com/i/teamlogos/nba/500/scoreboard/sa.png,25,0,0,0,32,0
nba-401585654,2024,2024-03-24 02:00:00+00:00,DEN,POR,114,111,https://a.espncdn.com/i/teamlogos/nba/500/scoreboard/den.png,https://a.espncdn.com/i/teamlogos/nba/500/scoreboard/por.png,3,0,0,0,10,0
nba-401585207,2024,2024-01-19 00:30:00+00:00,WSH,NY,109,113,https://a.espncdn.com/i/teamlogos/nba/500/scoreboard/wsh.png,https://a.espncdn.com/i/teamlogos/nba/500/scoreboard/ny.png,4,0,0,0,4,0
nba-401585208,2024,2024-01-19 00:30:00+00:00,CHI,TOR,116,110,https://a.espncdn.com/i/teamlogos/nba/500/scoreboard/chi.png,https://a.espncdn.com/i/teamlogos/nba/500/scoreboard/tor.png,6,0,0,0,11,0
nba-401585209,2024,2024-01-19 02:00:00+00:00,OKC,UTAH,134,129,https://a.espncdn.com/i/teamlogos/nba/500/scoreboard/okc.png,https://a.espncdn.com/i/teamlogos/nba/500/scoreboard/utah.png,5,0,0,0,12,0
nba-401585210,2024,2024-01-19 03:00:00+00:00,MEM,MIN,103,118,https://a.espncdn.com/i/teamlogos/nba/500/scoreboard/mem.png,https://a.espncdn.com/i/teamlogos/nba/500/scoreboard/min.png,15,0,1,1,15,0
nba-401585211,2024,2024-01-19 03:00:00+00:00,IND,SAC,126,121,https://a.espncdn.com/i/teamlogos/nba/500/scoreboard/ind.png,https://a.espncdn.com/i/teamlogos/nba/500/scoreboard/sac.png,5,0,0,0,13,0
nba-401360037,2022,2021-11-18 00:00:00+00:00,WSH,CHA,87,97,https://a.espncdn.com/i/teamlogos/nba/500/scoreboard/wsh.png,https://a.espncdn.com/i/teamlogos/nba/500/scoreboard/cha.png,10,0,1,0,10,0
nba-401360038,2022,2021-11-18 00:00:00+00:00,IND,DET,89,97,https://a.espncdn.com/i/teamlogos/nba/500/scoreboard/ind.png,https://a.espncdn.com/i/teamlogos/nba/500/scoreboard/det.png,8,0,0,0,8,0
nba-401360039,2022,2021-11-18 00:30:00+00:00,BOS,ATL,99,110,https://a.espncdn.com/i/teamlogos/nba/500/scoreboard/bos.png,https://a.espncdn.com/i/teamlogos/nba/500/scoreboard/atl.png,11,0,0,0,14,0
nba-401360040,2022,2021-11-18 00:30:00+00:00,CLE,BKN,99,109,https://a.espncdn.com/i/teamlogos/nba/500/scoreboard/cle.png,https://a.espncdn.com/i/teamlogos/nba/500/scoreboard/bkn.png,10,0,0,0,21,0
nba-401360041,2022,2021-11-18 00:30:00+00:00,NO,MIA,98,113,https://a.espncdn.com/i/teamlogos/nba/500/scoreboard/no.png,https://a.espncdn.com/i/teamlogos/nba/500/scoreboard/mia.png,15,0,1,0,15,0
nba-401360042,2022,2021-11-18 00:30:00+00:00,ORL,NY,104,98,https://a.espncdn.com/i/teamlogos/nba/500/scoreboard/orl.png,https://a.espncdn.com/i/teamlogos/nba/500/scoreboard/ny.png,6,0,1,0,6,0
nba-401360043,2022,2021-11-18 00:30:00+00:00,LAL,MIL,102,109,https://a.espncdn.com/i/teamlogos/nba/500/scoreboard/lal.png,https://a.espncdn.com/i/teamlogos/nba/500/scoreboard/mil.png,7,0,1,0,11,0
nba-401360044,2022,2021-11-18 01:00:00+00:00,SAC,MIN,97,107,https://a.espncdn.com/i/teamlogos/nba/500/scoreboard/sac.png,https://a.espncdn.com/i/teamlogos/nba/500/scoreboard/min.png,10,0,2,0,10,0
nba-401360045,2022,2021-11-18 01:00:00+00:00,HOU,OKC,89,101,https://a.espncdn.com/i/teamlogos/nba/500/scoreboard/hou.png,https://a.espncdn.com/i/teamlogos/nba/500/scoreboard/okc.png,12,0,0,0,16,0
nba-401360046,2022,2021-11-18 03:00:00+00:00,DAL,PHX,98,105,https://a.espncdn.com/i/teamlogos/nba/500/scoreboard/dal.png,https://a.espncdn.com/i/teamlogos/nba/500/scoreboard/phx.png,7,0,2,1,7,0
nba-401360047,2022,2021-11-18 03:00:00+00:00,CHI,POR,107,112,https://a.espncdn.com/i/teamlogos/nba/500/scoreboard/chi.png,https://a.espncdn.com/i/teamlogos/nba/500/scoreboard/por.png,5,0,1,1,15,0
nba-401541249,2023,2023-04-26 23:00:00+00:00,NY,CLE,106,95,https://a.espncdn.com/i/teamlogos/nba/500/scoreboard/ny.png,https://a.espncdn.com/i/teamlogos/nba/500/scoreboard/cle.png,11,0,0,0,12,1
nba-401541231,2023,2023-04-26 23:30:00+00:00,LAL,MEM,99,116,https://a.espncdn.com/i/teamlogos/nba/500/scoreboard/lal.png,https://a.espncdn.com/i/teamlogos/nba/500/scoreboard/mem.png,17,0,0,0,18,1
nba-401541240,2023,2023-04-27 01:30:00+00:00,MIA,MIL,128,126,https://a.espncdn.com/i/teamlogos/nba/500/scoreboard/mia.png,https://a.espncdn.com/i/teamlogos/nba/500/scoreboard/mil.png,2,1,2,1,16,1
nba-401541234,2023,2023-04-27 02:00:00+00:00,GS,SAC,123,116,https://a.espncdn.com/i/teamlogos/nba/500/scoreboard/gs.png,https://a.espncdn.com/i/teamlogos/nba/500/scoreboard/sac.png,7,0,1,0,9,1
nba-401430219,2022,2022-04-26 23:00:00+00:00,ATL,MIA,94,97,https://a.espncdn.com/i/teamlogos/nba/500/scoreboard/atl.png,https://a.espncdn.com/i/teamlogos/nba/500/scoreboard/mia.png,3,0,1,0,12,1
nba-401430231,2022,2022-04-26 23:30:00+00:00,MIN,MEM,109,111,https://a.espncdn.com/i/teamlogos/nba/500/scoreboard/min.png,https://a.espncdn.com/i/teamlogos/nba/500/scoreboard/mem.png,2,0,1,1,11,1
nba-401430226,2022,2022-04-27 02:00:00+00:00,NO,PHX,97,112,https://a.espncdn.com/i/teamlogos/nba/500/scoreboard/no.png,https://a.espncdn.com/i/teamlogos/nba/500/scoreboard/phx.png,15,0,0,0,15,1
nba-401359918,2022,2021-11-01 23:00:00+00:00,CLE,CHA,113,110,https://a.espncdn.com/i/teamlogos/nba/500/scoreboard/cle.png,https://a.espncdn.com/i/teamlogos/nba/500/scoreboard/cha.png,3,0,0,0,19,0
nba-401359919,2022,2021-11-01 23:00:00+00:00,SA,IND,118,131,https://a.espncdn.com/i/teamlogos/nba/500/scoreboard/sa.png,https://a.espncdn.com/i/teamlogos/nba/500/scoreboard/ind.png,13,0,0,0,26,0
nba-401359920,2022,2021-11-01 23:00:00+00:00,POR,PHI,103,113,https://a.espncdn.com/i/teamlogos/nba/500/scoreboard/por.png,https://a.espncdn.com/i/teamlogos/nba/500/scoreboard/phi.png,10,0,0,0,10,0
nba-401359921,2022,2021-11-01 23:30:00+00:00,WSH,ATL,111,118,https://a.espncdn.com/i/teamlogos/nba/500/scoreboard/wsh.png,https://a.espncdn.com/i/teamlogos/nba/500/scoreboard/atl.png,7,0,0,0,11,0
nba-401359922,2022,2021-11-01 23:30:00+00:00,CHI,BOS,128,114,https://a.espncdn.com/i/teamlogos/nba/500/scoreboard/chi.png,https://a.espncdn.com/i/teamlogos/nba/500/scoreboard/bos.png,14,0,1,1,14,0
nba-401359923,2022,2021-11-01 23:30:00+00:00,TOR,NY,113,104,https://a.espncdn.com/i/teamlogos/nba/500/scoreboard/tor.png,https://a.espncdn.com/i/teamlogos/nba/500/scoreboard/ny.png,9,0,1,0,12,0
nba-401359924,2022,2021-11-02 00:00:00+00:00,DEN,MEM,97,106,https://a.espncdn.com/i/teamlogos/nba/500/scoreboard/den.png,https://a.espncdn.com/i/teamlogos/nba/500/scoreboard/mem.png,9,0,0,0,9,0
nba-401359925,2022,2021-11-02 00:00:00+00:00,ORL,MIN,115,97,https://a.espncdn.com/i/teamlogos/nba/500/scoreboard/orl.png,https://a.espncdn.com/i/teamlogos/nba/500/scoreboard/min.png,18,0,1,1,18,0
nba-401359926,2022,2021-11-02 02:30:00+00:00,OKC,LAC,94,99,https://a.espncdn.com/i/teamlogos/nba/500/scoreboard/okc.png,https://a.espncdn.com/i/teamlogos/nba/500/scoreboard/lac.png,5,0,1,1,9,0
nba-401584785,2024,2023-11-09 00:00:00+00:00,WSH,CHA,132,116,https://a.espncdn.com/i/teamlogos/nba/500/scoreboard/wsh.png,https://a.espncdn.com/i/teamlogos/nba/500/scoreboard/cha.png,16,0,1,0,19,0
nba-401584786,2024,2023-11-09 00:00:00+00:00,UTAH,IND,118,134,https://a.espncdn.com/i/teamlogos/nba/500/scoreboard/utah.png,https://a.espncdn.com/i/teamlogos/nba/500/scoreboard/ind.png,16,0,0,0,16,0
nba-401584787,2024,2023-11-09 00:00:00+00:00,BOS,PHI,103,106,https://a.espncdn.com/i/teamlogos/nba/500/scoreboard/bos.png,https://a.espncdn.com/i/teamlogos/nba/500/scoreboard/phi.png,3,0,1,0,10,0
nba-401584788,2024,2023-11-09 00:30:00+00:00,LAC,BKN,93,100,https://a.espncdn.com/i/teamlogos/nba/500/scoreboard/lac.png,https://a.espncdn.com/i/teamlogos/nba/500/scoreboard/bkn.png,7,0,1,0,8,0
nba-401584789,2024,2023-11-09 00:30:00+00:00,SA,NY,105,126,https://a.espncdn.com/i/teamlogos/nba/500/scoreboard/sa.png,https://a.espncdn.com/i/teamlogos/nba/500/scoreboard/ny.png,21,0,0,0,27,0
nba-401584790,2024,2023-11-09 01:00:00+00:00,PHX,CHI,116,115,https://a.espncdn.com/i/teamlogos/nba/500/scoreboard/phx.png,https://a.espncdn.com/i/teamlogos/nba/500/scoreboard/chi.png,1,1,0,0,8,0
nba-401584791,2024,2023-11-09 01:00:00+00:00,LAL,HOU,94,128,https://a.espncdn.com/i/teamlogos/nba/500/scoreboard/lal.png,https://a.espncdn.com/i/teamlogos/nba/500/scoreboard/hou.png,34,0,0,0,34,0
nba-401584792,2024,2023-11-09 01:00:00+00:00,MIA,MEM,108,102,https://a.espncdn.com/i/teamlogos/nba/500/scoreboard/mia.png,https://a.espncdn.com/i/teamlogos/nba/500/scoreboard/mem.png,6,0,0,0,8,0
nba-401584793,2024,2023-11-09 01:00:00+00:00,DET,MIL,118,120,https://a.espncdn.com/i/teamlogos/nba/500/scoreboard/det.png,https://a.espncdn.com/i/teamlogos/nba/500/scoreboard/mil.png,2,0,2,1,10,0
nba-401584794,2024,2023-11-09 01:00:00+00:00,NO,MIN,101,122,https://a.espncdn.com/i/teamlogos/nba/500/scoreboard/no.png,https://a.espncdn.com/i/teamlogos/nba/500/scoreboard/min.png,21,0,0,0,29,0
nba-401584795,2024,2023-11-09 01:00:00+00:00,CLE,OKC,120,128,https://a.espncdn.com/i/teamlogos/nba/500/scoreboard/cle.png,https://a.espncdn.com/i/teamlogos/nba/500/scoreboard/okc.png,8,0,0,0,13,0
nba-401584796,2024,2023-11-09 01:30:00+00:00,TOR,DAL,127,116,https://a.espncdn.com/i/teamlogos/nba/500/scoreboard/tor.png,https://a.espncdn.com/i/teamlogos/nba/500/scoreboard/dal.png,11,0,1,0,11,0
nba-401584797,2024,2023-11-09 03:00:00+00:00,GS,DEN,105,108,https://a.espncdn.com/i/teamlogos/nba/500/scoreboard/gs.png,https://a.espncdn.com/i/teamlogos/nba/500/scoreboard/den.png,3,0,2,1,6,0
nba-401584798,2024,2023-11-09 03:00:00+00:00,POR,SAC,118,121,https://a.espncdn.com/i/teamlogos/nba/500/scoreboard/por.png,https://a.espncdn.com/i/teamlogos/nba/500/scoreboard/sac.png,3,1,2,0,5,0
nba-401585002,2024,2023-12-22 00:00:00+00:00,UTAH,DET,119,111,https://a.espncdn.com/i/teamlogos/nba/500/scoreboard/utah.png,https://a.espncdn.com/i/teamlogos/nba/500/scoreboard/det.png,8,0,0,0,8,0
nba-401585003,2024,2023-12-22 00:30:00+00:00,NO,CLE,123,104,https://a.espncdn.com/i/teamlogos/nba/500/scoreboard/no.png,https://a.espncdn.com/i/teamlogos/nba/500/scoreboard/cle.png,19,0,0,0,19,0
nba-401585004,2024,2023-12-22 01:00:00+00:00,SA,CHI,95,114,https://a.espncdn.com/i/teamlogos/nba/500/scoreboard/sa.png,https://a.espncdn.com/i/teamlogos/nba/500/scoreboard/chi.png,19,0,1,0,19,0
nba-401585005,2024,2023-12-22 01:00:00+00:00,IND,MEM,103,116,https://a.espncdn.com/i/teamlogos/nba/500/scoreboard/ind.png,https://a.espncdn.com/i/teamlogos/nba/500/scoreboard/mem.png,13,0,0,0,13,0
nba-401585006,2024,2023-12-22 01:00:00+00:00,ORL,MIL,114,118,https://a.espncdn.com/i/teamlogos/nba/500/scoreboard/orl.png,https://a.espncdn.com/i/teamlogos/nba/500/scoreboard/mil.png,4,0,1,0,9,0
nba-401585007,2024,2023-12-22 01:00:00+00:00,LAC,OKC,115,134,https://a.espncdn.com/i/teamlogos/nba/500/scoreboard/lac.png,https://a.espncdn.com/i/teamlogos/nba/500/scoreboard/okc.png,19,0,0,0,19,0
nba-401585008,2024,2023-12-22 02:00:00+00:00,LAL,MIN,111,118,https://a.espncdn.com/i/teamlogos/nba/500/scoreboard/lal.png,https://a.espncdn.com/i/teamlogos/nba/500/scoreboard/min.png,7,0,0,0,7,0
nba-401585009,2024,2023-12-22 03:00:00+00:00,WSH,POR,118,117,https://a.espncdn.com/i/teamlogos/nba/500/scoreboard/wsh.png,https://a.espncdn.com/i/teamlogos/nba/500/scoreboard/por.png,1,0,0,0,13,0
nba-401544973,2023,2023-04-30 17:00:00+00:00,MIA,NY,108,101,https://a.espncdn.com/i/teamlogos/nba/500/scoreboard/mia.png,https://a.espncdn.com/i/teamlogos/nba/500/scoreboard/ny.png,7,0,1,0,11,1
nba-401541236,2023,2023-04-30 19:30:00+00:00,GS,SAC,120,100,https://a.espncdn.com/i/teamlogos/nba/500/scoreboard/gs.png,https://a.espncdn.com/i/teamlogos/nba/500/scoreboard/sac.png,20,0,1,0,20,1
nba-401468621,2023,2022-12-22 00:00:00+00:00,MIL,CLE,106,114,https://a.espncdn.com/i/teamlogos/nba/500/scoreboard/mil.png,https://a.espncdn.com/i/teamlogos/nba/500/scoreboard/cle.png,8,0,0,0,18,0
nba-401468622,2023,2022-12-22 00:00:00+00:00,DET,PHI,93,113,https://a.espncdn.com/i/teamlogos/nba/500/scoreboard/det.png,https://a.espncdn.com/i/teamlogos/nba/500/scoreboard/phi.png,20,0,0,0,20,0
nba-401468623,2023,2022-12-22 00:30:00+00:00,CHI,ATL,110,108,https://a.espncdn.com/i/teamlogos/nba/500/scoreboard/chi.png,https://a.espncdn.com/i/teamlogos/nba/500/scoreboard/atl.png,2,0,0,0,10,0
nba-401468624,2023,2022-12-22 00:30:00+00:00,IND,BOS,117,112,https://a.espncdn.com/i/teamlogos/nba/500/scoreboard/ind.png,https://a.espncdn.com/i/teamlogos/nba/500/scoreboard/bos.png,5,0,0,0,28,0
nba-401468625,2023,2022-12-22 00:30:00+00:00,GS,BKN,113,143,https://a.espncdn.com/i/teamlogos/nba/500/scoreboard/gs.png,https://a.espncdn.com/i/teamlogos/nba/500/scoreboard/bkn.png,30,0,0,0,40,0
nba-401468626,2023,2022-12-22 00:30:00+00:00,TOR,NY,113,106,https://a.espncdn.com/i/teamlogos/nba/500/scoreboard/tor.png,https://a.espncdn.com/i/teamlogos/nba/500/scoreboard/ny.png,7,0,0,0,10,0
nba-401468627,2023,2022-12-22 01:00:00+00:00,ORL,HOU,116,110,https://a.espncdn.com/i/teamlogos/nba/500/scoreboard/orl.png,https://a.espncdn.com/i/teamlogos/nba/500/scoreboard/hou.png,6,0,1,1,10,0
nba-401468628,2023,2022-12-22 01:00:00+00:00,DAL,MIN,104,99,https://a.espncdn.com/i/teamlogos/nba/500/scoreboard/dal.png,https://a.espncdn.com/i/teamlogos/nba/500/scoreboard/min.png,5,0,1,0,5,0
nba-401468629,2023,2022-12-22 01:00:00+00:00,POR,OKC,98,101,https://a.espncdn.com/i/teamlogos/nba/500/scoreboard/por.png,https://a.espncdn.com/i/teamlogos/nba/500/scoreboard/okc.png,3,0,1,0,10,0
nba-401468630,2023,2022-12-22 03:00:00+00:00,LAL,SAC,120,134,https://a.espncdn.com/i/teamlogos/nba/500/scoreboard/lal.png,https://a.espncdn.com/i/teamlogos/nba/500/scoreboard/sac.png,14,0,1,0,20,0
nba-401468631,2023,2022-12-22 03:30:00+00:00,CHA,LAC,105,126,https://a.espncdn.com/i/teamlogos/nba/500/scoreboard/cha.png,https://a.espncdn.com/i/teamlogos/nba/500/scoreboard/lac.png,21,0,0,0,31,0
nba-401585460,2024,2024-02-28 00:00:00+00:00,DAL,CLE,119,121,https://a.espncdn.com/i/teamlogos/nba/500/scoreboard/dal.png,https://a.espncdn.com/i/teamlogos/nba/500/scoreboard/cle.png,2,0,1,0,4,0
nba-401585461,2024,2024-02-28 00:00:00+00:00,BKN,ORL,81,108,https://a.espncdn.com/i/teamlogos/nba/500/scoreboard/bkn.png,https://a.espncdn.com/i/teamlogos/nba/500/scoreboard/orl.png,27,0,0,0,29,0
nba-401585462,2024,2024-02-28 00:00:00+00:00,GS,WSH,123,112,https://a.espncdn.com/i/teamlogos/nba/500/scoreboard/gs.png,https://a.espncdn.com/i/teamlogos/nba/500/scoreboard/wsh.png,11,0,1,0,23,0
nba-401585463,2024,2024-02-28 00:30:00+00:00,UTAH,ATL,97,124,https://a.espncdn.com/i/teamlogos/nba/500/scoreboard/utah.png,https://a.espncdn.com/i/teamlogos/nba/500/scoreboard/atl.png,27,0,0,0,27,0
nba-401585464,2024,2024-02-28 00:30:00+00:00,PHI,BOS,99,117,https://a.espncdn.com/i/teamlogos/nba/500/scoreboard/phi.png,https://a.espncdn.com/i/teamlogos/nba/500/scoreboard/bos.png,18,0,0,0,18,0
nba-401585465,2024,2024-02-28 00:30:00+00:00,NO,NY,115,92,https://a.espncdn.com/i/teamlogos/nba/500/scoreboard/no.png,https://a.espncdn.com/i/teamlogos/nba/500/scoreboard/ny.png,23,0,0,0,23,0
nba-401585466,2024,2024-02-28 01:00:00+00:00,SA,MIN,105,114,https://a.espncdn.com/i/teamlogos/nba/500/scoreboard/sa.png,https://a.espncdn.com/i/teamlogos/nba/500/scoreboard/min.png,9,0,0,0,18,0
nba-401585467,2024,2024-02-28 01:00:00+00:00,DET,CHI,105,95,https://a.espncdn.com/i/teamlogos/nba/500/scoreboard/det.png,https://a.espncdn.com/i/teamlogos/nba/500/scoreboard/chi.png,10,0,1,0,10,0
nba-401585468,2024,2024-02-28 01:00:00+00:00,CHA,MIL,85,123,https://a.espncdn.com/i/teamlogos/nba/500/scoreboard/cha.png,https://a.espncdn.com/i/teamlogos/nba/500/scoreboard/mil.png,38,0,0,0,47,0
nba-401585469,2024,2024-02-28 03:00:00+00:00,HOU,OKC,95,112,https://a.espncdn.com/i/teamlogos/nba/500/scoreboard/hou.png,https://a.espncdn.com/i/teamlogos/nba/500/scoreboard/okc.png,17,0,1,0,17,0
nba-401585470,2024,2024-02-28 03:00:00+00:00,MIA,POR,106,96,https://a.espncdn.com/i/teamlogos/nba/500/scoreboard/mia.png,https://a.espncdn.com/i/teamlogos/nba/500/scoreboard/por.png,10,0,1,0,13,0
nba-401468875,2023,2023-01-26 00:00:00+00:00,IND,ORL,120,126,https://a.espncdn.com/i/teamlogos/nba/500/scoreboard/ind.png,https://a.espncdn.com/i/teamlogos/nba/500/scoreboard/orl.png,6,0,0,0,17,0
nba-401468876,2023,2023-01-26 00:30:00+00:00,BKN,PHI,133,137,https://a.espncdn.com/i/teamlogos/nba/500/scoreboard/bkn.png,https://a.espncdn.com/i/teamlogos/nba/500/scoreboard/phi.png,4,0,0,0,10,0
nba-401468877,2023,2023-01-26 01:00:00+00:00,WSH,HOU,108,103,https://a.espncdn.com/i/teamlogos/nba/500/scoreboard/wsh.png,https://a.espncdn.com/i/teamlogos/nba/500/scoreboard/hou.png,5,0,1,1,15,0
nba-401468878,2023,2023-01-26 01:00:00+00:00,DEN,MIL,99,107,https://a.espncdn.com/i/teamlogos/nba/500/scoreboard/den.png,https://a.espncdn.com/i/teamlogos/nba/500/scoreboard/mil.png,8,0,1,0,8,0
nba-401468879,2023,2023-01-26 01:00:00+00:00,MIN,NO,111,102,https://a.espncdn.com/i/teamlogos/nba/500/scoreboard/min.png,https://a.espncdn.com/i/teamlogos/nba/500/scoreboard/no.png,9,0,1,0,12,0
nba-401468880,2023,2023-01-26 01:00:00+00:00,ATL,OKC,137,132,https://a.espncdn.com/i/teamlogos/nba/500/scoreboard/atl.png,https://a.espncdn.com/i/teamlogos/nba/500/scoreboard/okc.png,5,0,1,0,5,0
nba-401468881,2023,2023-01-26 03:00:00+00:00,MEM,GS,120,122,https://a.espncdn.com/i/teamlogos/nba/500/scoreboard/mem.png,https://a.espncdn.com/i/teamlogos/nba/500/scoreboard/gs.png,2,0,2,1,6,0
nba-401468882,2023,2023-01-26 03:00:00+00:00,UTAH,POR,124,134,https://a.espncdn.com/i/teamlogos/nba/500/scoreboard/utah.png,https://a.espncdn.com/i/teamlogos/nba/500/scoreboard/por.png,10,0,1,0,12,0
nba-401468883,2023,2023-01-26 03:00:00+00:00,TOR,SAC,113,95,https://a.espncdn.com/i/teamlogos/nba/500/scoreboard/tor.png,https://a.espncdn.com/i/teamlogos/nba/500/scoreboard/sac.png,18,0,0,0,18,0
nba-401468884,2023,2023-01-26 03:30:00+00:00,SA,LAL,104,113,https://a.espncdn.com/i/teamlogos/nba/500/scoreboard/sa.png,https://a.espncdn.com/i/teamlogos/nba/500/scoreboard/lal.png,9,0,1,1,9,0
nba-401360327,2022,2021-12-29 00:00:00+00:00,MIL,ORL,127,110,https://a.espncdn.com/i/teamlogos/nba/500/scoreboard/mil.png,https://a.espncdn.com/i/teamlogos/nba/500/scoreboard/orl.png,17,0,0,0,27,0
nba-401360328,2022,2021-12-29 00:30:00+00:00,WSH,MIA,112,119,https://a.espncdn.com/i/teamlogos/nba/500/scoreboard/wsh.png,https://a.espncdn.com/i/teamlogos/nba/500/scoreboard/mia.png,7,0,0,0,18,0
nba-401360329,2022,2021-12-29 00:30:00+00:00,PHI,TOR,114,109,https://a.espncdn.com/i/teamlogos/nba/500/scoreboard/phi.png,https://a.espncdn.com/i/teamlogos/nba/500/scoreboard/tor.png,5,0,0,0,7,0
nba-401360330,2022,2021-12-29 01:00:00+00:00,LAL,HOU,132,123,https://a.espncdn.com/i/teamlogos/nba/500/scoreboard/lal.png,https://a.espncdn.com/i/teamlogos/nba/500/scoreboard/hou.png,9,0,1,0,9,0
nba-401360331,2022,2021-12-29 01:00:00+00:00,NY,MIN,96,88,https://a.espncdn.com/i/teamlogos/nba/500/scoreboard/ny.png,https://a.espncdn.com/i/teamlogos/nba/500/scoreboard/min.png,8,0,0,0,10,0
nba-401360332,2022,2021-12-29 01:00:00+00:00,CLE,NO,104,108,https://a.espncdn.com/i/teamlogos/nba/500/scoreboard/cle.png,https://a.espncdn.com/i/teamlogos/nba/500/scoreboard/no.png,4,0,1,1,19,0
nba-401360333,2022,2021-12-29 03:00:00+00:00,DEN,GS,89,86,https://a.espncdn.com/i/teamlogos/nba/500/scoreboard/den.png,https://a.espncdn.com/i/teamlogos/nba/500/scoreboard/gs.png,3,0,0,0,24,0
nba-401360334,2022,2021-12-29 03:00:00+00:00,OKC,SAC,111,117,https://a.espncdn.com/i/teamlogos/nba/500/scoreboard/okc.png,https://a.espncdn.com/i/teamlogos/nba/500/scoreboard/sac.png,6,0,1,0,6,0
nba-401360533,2022,2022-01-26 00:00:00+00:00,DEN,DET,110,105,https://a.espncdn.com/i/teamlogos/nba/500/scoreboard/den.png,https://a.espncdn.com/i/teamlogos/nba/500/scoreboard/det.png,5,0,0,0,12,0
nba-401360534,2022,2022-01-26 00:00:00+00:00,CHA,TOR,113,125,https://a.espncdn.com/i/teamlogos/nba/500/scoreboard/cha.png,https://a.espncdn.com/i/teamlogos/nba/500/scoreboard/tor.png,12,0,0,0,19,0
nba-401360535,2022,2022-01-26 00:00:00+00:00,LAC,WSH,116,115,https://a.espncdn.com/i/teamlogos/nba/500/scoreboard/lac.png,https://a.espncdn.com/i/teamlogos/nba/500/scoreboard/wsh.png,1,0,1,1,30,0
nba-401401137,2022,2022-01-26 00:00:00+00:00,NO,PHI,107,117,https://a.espncdn.com/i/teamlogos/nba/500/scoreboard/no.png,https://a.espncdn.com/i/teamlogos/nba/500/scoreboard/phi.png,10,0,1,0,10,0
nba-401360536,2022,2022-01-26 00:30:00+00:00,SAC,BOS,75,128,https://a.espncdn.com/i/teamlogos/nba/500/scoreboard/sac.png,https://a.espncdn.com/i/teamlogos/nba/500/scoreboard/bos.png,53,0,0,0,53,0
nba-401360537,2022,2022-01-26 00:30:00+00:00,LAL,BKN,106,96,https://a.espncdn.com/i/teamlogos/nba/500/scoreboard/lal.png,https://a.espncdn.com/i/teamlogos/nba/500/scoreboard/bkn.png,10,0,0,0,14,0
nba-401360538,2022,2022-01-26 01:00:00+00:00,SA,HOU,134,104,https://a.espncdn.com/i/teamlogos/nba/500/scoreboard/sa.png,https://a.espncdn.com/i/teamlogos/nba/500/scoreboard/hou.png,30,0,0,0,31,0
nba-401360539,2022,2022-01-26 03:00:00+00:00,DAL,GS,92,130,https://a.espncdn.com/i/teamlogos/nba/500/scoreboard/dal.png,https://a.espncdn.com/i/teamlogos/nba/500/scoreboard/gs.png,38,0,0,0,38,0
nba-401360540,2022,2022-01-26 03:00:00+00:00,MIN,POR,109,107,https://a.espncdn.com/i/teamlogos/nba/500/scoreboard/min.png,https://a.espncdn.com/i/teamlogos/nba/500/scoreboard/por.png,2,0,1,0,8,0
nba-401658225,2024,2024-05-09 23:00:00+00:00,CLE,BOS,118,94,https://a.espncdn.com/i/teamlogos/nba/500/scoreboard/cle.png,https://a.espncdn.com/i/teamlogos/nba/500/scoreboard/bos.png,24,0,0,0,24,1
nba-401658188,2024,2024-05-10 01:30:00+00:00,DAL,OKC,119,110,https://a.espncdn.com/i/teamlogos/nba/500/scoreboard/dal.png,https://a.espncdn.com/i/teamlogos/nba/500/scoreboard/okc.png,9,0,0,0,10,1
nba-401365945,2022,2021-10-13 21:00:00+00:00,POR,PHX,74,119,https://a.espncdn.com/i/teamlogos/nba/500/scoreboard/por.png,https://a.espncdn.com/i/teamlogos/nba/500/scoreboard/phx.png,45,0,0,0,45,0
nba-401365939,2022,2021-10-13 22:30:00+00:00,DAL,CHA,127,59,https://a.espncdn.com/i/teamlogos/nba/500/scoreboard/dal.png,https://a.espncdn.com/i/teamlogos/nba/500/scoreboard/cha.png,68,0,0,0,68,0
nba-401365940,2022,2021-10-13 23:00:00+00:00,MEM,IND,107,109,https://a.espncdn.com/i/teamlogos/nba/500/scoreboard/mem.png,https://a.espncdn.com/i/teamlogos/nba/500/scoreboard/ind.png,2,0,2,1,6,0
nba-401365941,2022,2021-10-13 23:00:00+00:00,BOS,ORL,102,103,https://a.espncdn.com/i/teamlogos/nba/500/scoreboard/bos.png,https://a.espncdn.com/i/teamlogos/nba/500/scoreboard/orl.png,1,0,1,1,6,0
nba-401365942,2022,2021-10-13 23:30:00+00:00,DET,NY,100,108,https://a.espncdn.com/i/teamlogos/nba/500/scoreboard/det.png,https://a.espncdn.com/i/teamlogos/nba/500/scoreboard/ny.png,8,0,1,0,8,0
nba-401365943,2022,2021-10-14 00:00:00+00:00,DEN,OKC,99,108,https://a.espncdn.com/i/teamlogos/nba/500/scoreboard/den.png,https://a.espncdn.com/i/teamlogos/nba/500/scoreboard/okc.png,9,0,0,0,12,0
nba-401365944,2022,2021-10-14 01:00:00+00:00,MIL,UTAH,120,124,https://a.espncdn.com/i/teamlogos/nba/500/scoreboard/mil.png,https://a.espncdn.com/i/teamlogos/nba/500/scoreboard/utah.png,4,0,0,0,5,0
nba-401438946,2022,2022-05-23 01:00:00+00:00,GS,DAL,109,100,https://a.espncdn.com/i/teamlogos/nba/500/scoreboard/gs.png,https://a.espncdn.com/i/teamlogos/nba/500/scoreboard/dal.png,9,0,0,0,10,1
nba-401547684,2023,2023-05-23 00:30:00+00:00,DEN,LAL,113,111,https://a.espncdn.com/i/teamlogos/nba/500/scoreboard/den.png,https://a.espncdn.com/i/teamlogos/nba/500/scoreboard/lal.png,2,0,1,0,15,1
nba-401584131,2024,2023-11-24 19:30:00+00:00,BOS,ORL,96,113,https://a.espncdn.com/i/teamlogos/nba/500/scoreboard/bos.png,https://a.espncdn.com/i/teamlogos/nba/500/scoreboard/orl.png,17,0,1,0,17,0
nba-401584132,2024,2023-11-24 22:00:00+00:00,PHX,MEM,110,89,https://a.espncdn.com/i/teamlogos/nba/500/scoreboard/phx.png,https://a.espncdn.com/i/teamlogos/nba/500/scoreboard/mem.png,21,0,0,0,21,0
nba-401584133,2024,2023-11-25 00:30:00+00:00,MIA,NY,98,100,https://a.espncdn.com/i/teamlogos/nba/500/scoreboard/mia.png,https://a.espncdn.com/i/teamlogos/nba/500/scoreboard/ny.png,2,0,3,1,16,0
nba-401584134,2024,2023-11-25 00:30:00+00:00,CHI,TOR,108,121,https://a.espncdn.com/i/teamlogos/nba/500/scoreboard/chi.png,https://a.espncdn.com/i/teamlogos/nba/500/scoreboard/tor.png,13,0,0,0,16,0
nba-401584135,2024,2023-11-25 01:00:00+00:00,DET,IND,113,136,https://a.espncdn.com/i/teamlogos/nba/500/scoreboard/det.png,https://a.espncdn.com/i/teamlogos/nba/500/scoreboard/ind.png,23,0,2,0,23,0
nba-401584136,2024,2023-11-25 01:00:00+00:00,DEN,HOU,86,105,https://a.espncdn.com/i/teamlogos/nba/500/scoreboard/den.png,https://a.espncdn.com/i/teamlogos/nba/500/scoreboard/hou.png,19,0,0,0,19,0
nba-401584137,2024,2023-11-25 01:00:00+00:00,WSH,MIL,128,131,https://a.espncdn.com/i/teamlogos/nba/500/scoreboard/wsh.png,https://a.espncdn.com/i/teamlogos/nba/500/scoreboard/mil.png,3,0,1,0,3,0
nba-401584138,2024,2023-11-25 01:00:00+00:00,SAC,MIN,124,111,https://a.espncdn.com/i/teamlogos/nba/500/scoreboard/sac.png,https://a.espncdn.com/i/teamlogos/nba/500/scoreboard/min.png,13,0,0,0,13,0
nba-401584139,2024,2023-11-25 03:00:00+00:00,SA,GS,112,118,https://a.espncdn.com/i/teamlogos/nba/500/scoreboard/sa.png,https://a.espncdn.com/i/teamlogos/nba/500/scoreboard/gs.png,6,0,1,0,6,0
nba-401584140,2024,2023-11-25 03:30:00+00:00,NO,LAC,116,106,https://a.espncdn.com/i/teamlogos/nba/500/scoreboard/no.png,https://a.espncdn.com/i/teamlogos/nba/500/scoreboard/lac.png,10,0,0,0,13,0
nba-401410564,2022,2022-02-21 01:00:00+00:00,DUR,LEB,160,163,https://a.espncdn.com/i/teamlogos/nba/500/scoreboard/dur.png,https://a.espncdn.com/i/teamlogos/nba/500/scoreboard/leb.png,3,0,2,1,3,0
nba-401585234,2024,2024-01-23 00:00:00+00:00,MIL,DET,122,113,https://a.espncdn.com/i/teamlogos/nba/500/scoreboard/mil.png,https://a.espncdn.com/i/teamlogos/nba/500/scoreboard/det.png,9,0,0,0,9,0
nba-401585235,2024,2024-01-23 00:00:00+00:00,CLE,ORL,126,99,https://a.espncdn.com/i/teamlogos/nba/500/scoreboard/cle.png,https://a.espncdn.com/i/teamlogos/nba/500/scoreboard/orl.png,27,0,0,0,33,0
nba-401585236,2024,2024-01-23 00:00:00+00:00,SA,PHI,123,133,https://a.espncdn.com/i/teamlogos/nba/500/scoreboard/sa.png,https://a.espncdn.com/i/teamlogos/nba/500/scoreboard/phi.png,10,0,1,0,15,0
nba-401585237,2024,2024-01-23 00:30:00+00:00,MEM,TOR,108,100,https://a.espncdn.com/i/teamlogos/nba/500/scoreboard/mem.png,https://a.espncdn.com/i/teamlogos/nba/500/scoreboard/tor.png,8,0,0,0,14,0
nba-401585238,2024,2024-01-23 01:00:00+00:00,CHA,MIN,128,125,https://a.espncdn.com/i/teamlogos/nba/500/scoreboard/cha.png,https://a.espncdn.com/i/teamlogos/nba/500/scoreboard/min.png,3,0,1,1,15,0
nba-401585239,2024,2024-01-23 01:30:00+00:00,BOS,DAL,119,110,https://a.espncdn.com/i/teamlogos/nba/500/scoreboard/bos.png,https://a.espncdn.com/i/teamlogos/nba/500/scoreboard/dal.png,9,0,1,0,11,0
nba-401585240,2024,2024-01-23 02:00:00+00:00,CHI,PHX,113,115,https://a.espncdn.com/i/teamlogos/nba/500/scoreboard/chi.png,https://a.espncdn.com/i/teamlogos/nba/500/scoreboard/phx.png,2,0,1,1,17,0
nba-401585241,2024,2024-01-23 03:00:00+00:00,ATL,SAC,107,122,https://a.espncdn.com/i/teamlogos/nba/500/scoreboard/atl.png,https://a.espncdn.com/i/teamlogos/nba/500/scoreboard/sac.png,15,0,0,0,18,0
nba-401360421,2022,2022-01-09 17:00:00+00:00,SA,BKN,119,121,https://a.espncdn.com/i/teamlogos/nba/500/scoreboard/sa.png,https://a.espncdn.com/i/teamlogos/nba/500/scoreboard/bkn.png,2,1,0,0,9,0
nba-401360416,2022,2022-01-09 20:30:00+00:00,ATL,LAC,93,106,https://a.espncdn.com/i/teamlogos/nba/500/scoreboard/atl.png,https://a.espncdn.com/i/teamlogos/nba/500/scoreboard/lac.png,13,0,0,0,13,0
nba-401360417,2022,2022-01-09 23:00:00+00:00,WSH,ORL,102,100,https://a.espncdn.com/i/teamlogos/nba/500/scoreboard/wsh.png,https://a.espncdn.com/i/teamlogos/nba/500/scoreboard/orl.png,2,0,1,1,7,0
nba-401360418,2022,2022-01-09 23:00:00+00:00,NO,TOR,101,105,https://a.espncdn.com/i/teamlogos/nba/500/scoreboard/no.png,https://a.espncdn.com/i/teamlogos/nba/500/scoreboard/tor.png,4,0,0,0,4,0
nba-401360419,2022,2022-01-10 00:00:00+00:00,MIN,HOU,141,123,https://a.espncdn.com/i/teamlogos/nba/500/scoreboard/min.png,https://a.espncdn.com/i/teamlogos/nba/500/scoreboard/hou.png,18,0,0,0,23,0
nba-401360420,2022,2022-01-10 00:00:00+00:00,DEN,OKC,99,95,https://a.espncdn.com/i/teamlogos/nba/500/scoreboard/den.png,https://a.espncdn.com/i/teamlogos/nba/500/scoreboard/okc.png,4,0,0,0,13,0
nba-401360422,2022,2022-01-10 00:30:00+00:00,CHI,DAL,99,113,https://a.espncdn.com/i/teamlogos/nba/500/scoreboard/chi.png,https://a.espncdn.com/i/teamlogos/nba/500/scoreboard/dal.png,14,0,1,0,14,0
nba-401360423,2022,2022-01-10 01:30:00+00:00,CLE,GS,82,96,https://a.espncdn.com/i/teamlogos/nba/500/scoreboard/cle.png,https://a.espncdn.com/i/teamlogos/nba/500/scoreboard/gs.png,14,0,0,0,19,0
nba-401360424,2022,2022-01-10 02:00:00+00:00,SAC,POR,88,103,https://a.espncdn.com/i/teamlogos/nba/500/scoreboard/sac.png,https://a.espncdn.com/i/teamlogos/nba/500/scoreboard/por.png,15,0,0,0,15,0
nba-401360425,2022,2022-01-10 02:30:00+00:00,MEM,LAL,127,119,https://a.espncdn.com/i/teamlogos/nba/500/scoreboard/mem.png,https://a.espncdn.com/i/teamlogos/nba/500/scoreboard/lal.png,8,0,0,0,24,0
nba-401360166,2022,2021-12-04 18:00:00+00:00,DEN,NY,113,99,https://a.espncdn.com/i/teamlogos/nba/500/scoreboard/den.png,https://a.espncdn.com/i/teamlogos/nba/500/scoreboard/ny.png,14,0,0,0,21,0
nba-401360167,2022,2021-12-05 01:00:00+00:00,CHI,BKN,111,107,https://a.espncdn.com/i/teamlogos/nba/500/scoreboard/chi.png,https://a.espncdn.com/i/teamlogos/nba/500/scoreboard/bkn.png,4,0,1,1,6,0
nba-401360168,2022,2021-12-05 01:00:00+00:00,MIA,MIL,102,124,https://a.espncdn.com/i/teamlogos/nba/500/scoreboard/mia.png,https://a.espncdn.com/i/teamlogos/nba/500/scoreboard/mil.png,22,0,0,0,29,0
nba-401360169,2022,2021-12-05 01:30:00+00:00,MEM,DAL,97,90,https://a.espncdn.com/i/teamlogos/nba/500/scoreboard/mem.png,https://a.espncdn.com/i/teamlogos/nba/500/scoreboard/dal.png,7,0,0,0,14,0
nba-401360170,2022,2021-12-05 01:30:00+00:00,SA,GS,112,107,https://a.espncdn.com/i/teamlogos/nba/500/scoreboard/sa.png,https://a.espncdn.com/i/teamlogos/nba/500/scoreboard/gs.png,5,0,0,0,15,0
nba-401360171,2022,2021-12-05 03:00:00+00:00,BOS,POR,145,117,https://a.espncdn.com/i/teamlogos/nba/500/scoreboard/bos.png,https://a.espncdn.com/i/teamlogos/nba/500/scoreboard/por.png,28,0,0,0,28,0
nba-401360172,2022,2021-12-05 03:00:00+00:00,LAC,SAC,99,104,https://a.espncdn.com/i/teamlogos/nba/500/scoreboard/lac.png,https://a.espncdn.com/i/teamlogos/nba/500/scoreboard/sac.png,5,0,0,0,6,0
nba-401468760,2023,2023-01-10 00:00:00+00:00,NO,WSH,132,112,https://a.espncdn.com/i/teamlogos/nba/500/scoreboard/no.png,https://a.espncdn.com/i/teamlogos/nba/500/scoreboard/wsh.png,20,0,1,0,20,0
nba-401468761,2023,2023-01-10 00:30:00+00:00,CHI,BOS,99,107,https://a.espncdn.com/i/teamlogos/nba/500/scoreboard/chi.png,https://a.espncdn.com/i/teamlogos/nba/500/scoreboard/bos.png,8,0,0,0,11,0
nba-401468762,2023,2023-01-10 00:30:00+00:00,MIL,NY,111,107,https://a.espncdn.com/i/teamlogos/nba/500/scoreboard/mil.png,https://a.espncdn.com/i/teamlogos/nba/500/scoreboard/ny.png,4,0,1,1,5,0
nba-401468763,2023,2023-01-10 01:00:00+00:00,SA,MEM,113,121,https://a.espncdn.com/i/teamlogos/nba/500/scoreboard/sa.png,https://a.espncdn.com/i/teamlogos/nba/500/scoreboard/mem.png,8,0,0,0,11,0
nba-401468764,2023,2023-01-10 02:00:00+00:00,LAL,DEN,109,122,https://a.espncdn.com/i/teamlogos/nba/500/scoreboard/lal.png,https://a.espncdn.com/i/teamlogos/nba/500/scoreboard/den.png,13,0,0,0,15,0
nba-401468765,2023,2023-01-10 03:00:00+00:00,ORL,SAC,111,136,https://a.espncdn.com/i/teamlogos/nba/500/scoreboard/orl.png,https://a.espncdn.com/i/teamlogos/nba/500/scoreboard/sac.png,25,0,0,0,25,0
nba-401672000,2024,2024-05-26 00:30:00+00:00,BOS,IND,114,111,https://a.espncdn.com/i/teamlogos/nba/500/scoreboard/bos.png,https://a.espncdn.com/i/teamlogos/nba/500/scoreboard/ind.png,3,0,2,1,12,1
nba-401585619,2024,2024-03-19 23:00:00+00:00,CHA,ORL,92,112,https://a.espncdn.com/i/teamlogos/nba/500/scoreboard/cha.png,https://a.espncdn.com/i/teamlogos/nba/500/scoreboard/orl.png,20,0,0,0,35,0
nba-401585620,2024,2024-03-19 23:00:00+00:00,HOU,WSH,137,114,https://a.espncdn.com/i/teamlogos/nba/500/scoreboard/hou.png,https://a.espncdn.com/i/teamlogos/nba/500/scoreboard/wsh.png,23,0,0,0,23,0
nba-401585621,2024,2024-03-19 23:30:00+00:00,NO,BKN,104,91,https://a.espncdn.com/i/teamlogos/nba/500/scoreboard/no.png,https://a.espncdn.com/i/teamlogos/nba/500/scoreboard/bkn.png,13,0,0,0,19,0
nba-401585622,2024,2024-03-20 00:00:00+00:00,DAL,SA,113,107,https://a.espncdn.com/i/teamlogos/nba/500/scoreboard/dal.png,https://a.espncdn.com/i/teamlogos/nba/500/scoreboard/sa.png,6,0,0,0,9,0
nba-401585623,2024,2024-03-20 01:00:00+00:00,DEN,MIN,115,112,https://a.espncdn.com/i/teamlogos/nba/500/scoreboard/den.png,https://a.espncdn.com/i/teamlogos/nba/500/scoreboard/min.png,3,0,0,0,15,0
nba-401469252,2023,2023-03-24 23:00:00+00:00,IND,BOS,95,120,https://a.espncdn.com/i/teamlogos/nba/500/scoreboard/ind.png,https://a.espncdn.com/i/teamlogos/nba/500/scoreboard/bos.png,25,0,0,0,25,0
nba-401469253,2023,2023-03-24 23:00:00+00:00,SA,WSH,124,136,https://a.espncdn.com/i/teamlogos/nba/500/scoreboard/sa.png,https://a.espncdn.com/i/teamlogos/nba/500/scoreboard/wsh.png,12,0,0,0,12,0
nba-401469254,2023,2023-03-24 23:30:00+00:00,DET,TOR,97,118,https://a.espncdn.com/i/teamlogos/nba/500/scoreboard/det.png,https://a.espncdn.com/i/teamlogos/nba/500/scoreboard/tor.png,21,0,0,0,21,0
nba-401469255,2023,2023-03-25 00:00:00+00:00,HOU,MEM,114,151,https://a.espncdn.com/i/teamlogos/nba/500/scoreboard/hou.png,https://a.espncdn.com/i/teamlogos/nba/500/scoreboard/mem.png,37,0,0,0,37,0
nba-401469256,2023,2023-03-25 00:30:00+00:00,CHA,DAL,117,109,https://a.espncdn.com/i/teamlogos/nba/500/scoreboard/cha.png,https://a.espncdn.com/i/teamlogos/nba/500/scoreboard/dal.png,8,0,0,0,14,0
nba-401469257,2023,2023-03-25 01:00:00+00:00,MIL,UTAH,144,116,https://a.espncdn.com/i/teamlogos/nba/500/scoreboard/mil.png,https://a.espncdn.com/i/teamlogos/nba/500/scoreboard/utah.png,28,0,0,0,30,0
nba-401469258,2023,2023-03-25 02:00:00+00:00,PHI,GS,112,120,https://a.espncdn.com/i/teamlogos/nba/500/scoreboard/phi.png,https://a.espncdn.com/i/teamlogos/nba/500/scoreboard/gs.png,8,0,3,1,9,0
nba-401469259,2023,2023-03-25 02:00:00+00:00,CHI,POR,124,96,https://a.espncdn.com/i/teamlogos/nba/500/scoreboard/chi.png,https://a.espncdn.com/i/teamlogos/nba/500/scoreboard/por.png,28,0,0,0,28,0
nba-401469260,2023,2023-03-25 02:00:00+00:00,PHX,SAC,127,135,https://a.espncdn.com/i/teamlogos/nba/500/scoreboard/phx.png,https://a.espncdn.com/i/teamlogos/nba/500/scoreboard/sac.png,8,0,1,0,11,0
nba-401469261,2023,2023-03-25 02:30:00+00:00,OKC,LAL,111,116,https://a.espncdn.com/i/teamlogos/nba/500/scoreboard/okc.png,https://a.espncdn.com/i/teamlogos/nba/500/scoreboard/lal.png,5,0,0,0,16,0
nba-401359895,2022,2021-10-29 23:00:00+00:00,ORL,TOR,109,110,https://a.espncdn.com/i/teamlogos/nba/500/scoreboard/orl.png,https://a.espncdn.com/i/teamlogos/nba/500/scoreboard/tor.png,1,0,2,1,3,0
nba-401359896,2022,2021-10-29 23:30:00+00:00,IND,BKN,98,105,https://a.espncdn.com/i/teamlogos/nba/500/scoreboard/ind.png,https://a.espncdn.com/i/teamlogos/nba/500/scoreboard/bkn.png,7,0,1,0,12,0
nba-401359897,2022,2021-10-29 23:30:00+00:00,CHA,MIA,99,114,https://a.espncdn.com/i/teamlogos/nba/500/scoreboard/cha.png,https://a.espncdn.com/i/teamlogos/nba/500/scoreboard/mia.png,15,0,0,0,18,0
nba-401359898,2022,2021-10-30 00:00:00+00:00,SAC,NO,113,109,https://a.espncdn.com/i/teamlogos/nba/500/scoreboard/sac.png,https://a.espncdn.com/i/teamlogos/nba/500/scoreboard/no.png,4,0,0,0,11,0
nba-401359899,2022,2021-10-30 02:00:00+00:00,DAL,DEN,75,106,https://a.espncdn.com/i/teamlogos/nba/500/scoreboard/dal.png,https://a.espncdn.com/i/teamlogos/nba/500/scoreboard/den.png,31,0,0,0,31,0
nba-401359900,2022,2021-10-30 02:00:00+00:00,LAC,POR,92,111,https://a.espncdn.com/i/teamlogos/nba/500/scoreboard/lac.png,https://a.espncdn.com/i/teamlogos/nba/500/scoreboard/por.png,19,0,0,0,19,0
nba-401359901,2022,2021-10-30 02:30:00+00:00,CLE,LAL,101,113,https://a.espncdn.com/i/teamlogos/nba/500/scoreboard/cle.png,https://a.espncdn.com/i/teamlogos/nba/500/scoreboard/lal.png,12,0,1,0,12,0
nba-401360914,2022,2022-03-24 23:30:00+00:00,CLE,TOR,104,117,https://a.espncdn.com/i/teamlogos/nba/500/scoreboard/cle.png,https://a.espncdn.com/i/teamlogos/nba/500/scoreboard/tor.png,13,0,0,0,13,0
nba-401360915,2022,2022-03-25 00:00:00+00:00,IND,MEM,103,133,https://a.espncdn.com/i/teamlogos/nba/500/scoreboard/ind.png,https://a.espncdn.com/i/teamlogos/nba/500/scoreboard/mem.png,30,0,0,0,36,0
nba-401360916,2022,2022-03-25 00:00:00+00:00,WSH,MIL,102,114,https://a.espncdn.com/i/teamlogos/nba/500/scoreboard/wsh.png,https://a.espncdn.com/i/teamlogos/nba/500/scoreboard/mil.png,12,0,0,0,26,0
nba-401360917,2022,2022-03-25 00:00:00+00:00,CHI,NO,109,126,https://a.espncdn.com/i/teamlogos/nba/500/scoreboard/chi.png,https://a.espncdn.com/i/teamlogos/nba/500/scoreboard/no.png,17,0,1,0,17,0
nba-401360918,2022,2022-03-25 01:00:00+00:00,PHX,DEN,140,130,https://a.espncdn.com/i/teamlogos/nba/500/scoreboard/phx.png,https://a.espncdn.com/i/teamlogos/nba/500/scoreboard/den.png,10,0,1,1,10,0
nba-401591934,2024,2023-10-20 23:00:00+00:00,CLE,IND,104,109,https://a.espncdn.com/i/teamlogos/nba/500/scoreboard/cle.png,https://a.espncdn.com/i/teamlogos/nba/500/scoreboard/ind.png,5,0,0,0,5,0
nba-401591935,2024,2023-10-20 23:00:00+00:00,FLMG,ORL,76,109,,https://a.espncdn.com/i/teamlogos/nba/500/scoreboard/orl.png,33,0,0,0,33,0
nba-401591936,2024,2023-10-20 23:00:00+00:00,ATL,PHI,106,120,https://a.espncdn.com/i/teamlogos/nba/500/scoreboard/atl.png,https://a.espncdn.com/i/teamlogos/nba/500/scoreboard/phi.png,14,0,1,1,14,0
nba-401591937,2024,2023-10-20 23:30:00+00:00,WSH,TOR,98,134,https://a.espncdn.com/i/teamlogos/nba/500/scoreboard/wsh.png,https://a.espncdn.com/i/teamlogos/nba/500/scoreboard/tor.png,36,0,0,0,36,0
nba-401591938,2024,2023-10-21 00:00:00+00:00,DET,DAL,104,114,https://a.espncdn.com/i/teamlogos/nba/500/scoreboard/det.png,https://a.espncdn.com/i/teamlogos/nba/500/scoreboard/dal.png,10,0,0,0,21,0
nba-401591939,2024,2023-10-21 00:00:00+00:00,MIA,HOU,104,110,https://a.espncdn.com/i/teamlogos/nba/500/scoreboard/mia.png,https://a.espncdn.com/i/teamlogos/nba/500/scoreboard/hou.png,6,0,1,0,14,0
nba-401591940,2024,2023-10-21 00:00:00+00:00,MEM,MIL,116,124,https://a.espncdn.com/i/teamlogos/nba/500/scoreboard/mem.png,https://a.espncdn.com/i/teamlogos/nba/500/scoreboard/mil.png,8,0,2,1,9,0
nba-401591941,2024,2023-10-21 02:00:00+00:00,SA,GS,122,117,https://a.espncdn.com/i/teamlogos/nba/500/scoreboard/sa.png,https://a.espncdn.com/i/teamlogos/nba/500/scoreboard/gs.png,5,0,0,0,9,0
nba-401468170,2023,2022-10-20 23:30:00+00:00,MIL,PHI,90,88,https://a.espncdn.com/i/teamlogos/nba/500/scoreboard/mil.png,https://a.espncdn.com/i/teamlogos/nba/500/scoreboard/phi.png,2,0,0,0,10,0
nba-401468171,2023,2022-10-21 02:00:00+00:00,LAC,LAL,103,97,https://a.espncdn.com/i/teamlogos/nba/500/scoreboard/lac.png,https://a.espncdn.com/i/teamlogos/nba/500/scoreboard/lal.png,6,0,0,0,12,0
nba-401438944,2022,2022-05-19 01:00:00+00:00,DAL,GS,87,112,https://a.espncdn.com/i/teamlogos/nba/500/scoreboard/dal.png,https://a.espncdn.com/i/teamlogos/nba/500/scoreboard/gs.png,25,0,0,0,25,1
nba-401547682,2023,2023-05-19 00:30:00+00:00,LAL,DEN,103,108,https://a.espncdn.com/i/teamlogos/nba/500/scoreboard/lal.png,https://a.espncdn.com/i/teamlogos/nba/500/scoreboard/den.png,5,0,1,1,5,1
nba-401654760,2024,2024-04-21 17:00:00+00:00,MIA,BOS,94,114,https://a.espncdn.com/i/teamlogos/nba/500/scoreboard/mia.png,https://a.espncdn.com/i/teamlogos/nba/500/scoreboard/bos.png,20,0,0,0,32,1
nba-401654763,2024,2024-04-21 19:30:00+00:00,DAL,LAC,97,109,https://a.espncdn.com/i/teamlogos/nba/500/scoreboard/dal.png,https://a.espncdn.com/i/teamlogos/nba/500/scoreboard/lac.png,12,0,0,0,26,1
nba-401654761,2024,2024-04-21 23:00:00+00:00,IND,MIL,94,109,https://a.espncdn.com/i/teamlogos/nba/500/scoreboard/ind.png,https://a.espncdn.com/i/teamlogos/nba/500/scoreboard/mil.png,15,0,0,0,27,1
nba-401654762,2024,2024-04-22 01:30:00+00:00,NO,OKC,92,94,https://a.espncdn.com/i/teamlogos/nba/500/scoreboard/no.png,https://a.espncdn.com/i/teamlogos/nba/500/scoreboard/okc.png,2,0,0,0,6,1
nba-401360222,2022,2021-12-12 17:00:00+00:00,MIL,NY,112,97,https://a.espncdn.com/i/teamlogos/nba/500/scoreboard/mil.png,https://a.espncdn.com/i/teamlogos/nba/500/scoreboard/ny.png,15,0,0,0,15,0
nba-401360223,2022,2021-12-12 23:00:00+00:00,BKN,DET,116,104,https://a.espncdn.com/i/teamlogos/nba/500/scoreboard/bkn.png,https://a.espncdn.com/i/teamlogos/nba/500/scoreboard/det.png,12,0,2,1,12,0
nba-401360224,2022,2021-12-13 00:00:00+00:00,DAL,OKC,103,84,https://a.espncdn.com/i/teamlogos/nba/500/scoreboard/dal.png,https://a.espncdn.com/i/teamlogos/nba/500/scoreboard/okc.png,19,0,0,0,19,0
nba-401360225,2022,2021-12-13 00:00:00+00:00,NO,SA,97,112,https://a.espncdn.com/i/teamlogos/nba/500/scoreboard/no.png,https://a.espncdn.com/i/teamlogos/nba/500/scoreboard/sa.png,15,0,0,0,15,0
nba-401360226,2022,2021-12-13 02:00:00+00:00,MIN,POR,116,111,https://a.espncdn.com/i/teamlogos/nba/500/scoreboard/min.png,https://a.espncdn.com/i/teamlogos/nba/500/scoreboard/por.png,5,0,0,0,7,0
nba-401360227,2022,2021-12-13 02:30:00+00:00,ORL,LAL,94,106,https://a.espncdn.com/i/teamlogos/nba/500/scoreboard/orl.png,https://a.espncdn.com/i/teamlogos/nba/500/scoreboard/lal.png,12,0,1,0,23,0
nba-401360138,2022,2021-12-01 00:30:00+00:00,NY,BKN,110,112,https://a.espncdn.com/i/teamlogos/nba/500/scoreboard/ny.png,https://a.espncdn.com/i/teamlogos/nba/500/scoreboard/bkn.png,2,0,2,0,5,0
nba-401360139,2022,2021-12-01 00:30:00+00:00,MEM,TOR,98,91,https://a.espncdn.com/i/teamlogos/nba/500/scoreboard/mem.png,https://a.espncdn.com/i/teamlogos/nba/500/scoreboard/tor.png,7,0,0,0,11,0
nba-401360140,2022,2021-12-01 03:00:00+00:00,GS,PHX,96,104,https://a.espncdn.com/i/teamlogos/nba/500/scoreboard/gs.png,https://a.espncdn.com/i/teamlogos/nba/500/scoreboard/phx.png,8,0,1,0,8,0
nba-401360141,2022,2021-12-01 03:00:00+00:00,DET,POR,92,110,https://a.espncdn.com/i/teamlogos/nba/500/scoreboard/det.png,https://a.espncdn.com/i/teamlogos/nba/500/scoreboard/por.png,18,0,0,0,21,0
nba-401360142,2022,2021-12-01 03:00:00+00:00,LAL,SAC,117,92,https://a.espncdn.com/i/teamlogos/nba/500/scoreboard/lal.png,https://a.espncdn.com/i/teamlogos/nba/500/scoreboard/sac.png,25,0,1,0,25,0
nba-401360273,2022,2021-12-19 23:00:00+00:00,MIA,DET,90,100,https://a.espncdn.com/i/teamlogos/nba/500/scoreboard/mia.png,https://a.espncdn.com/i/teamlogos/nba/500/scoreboard/det.png,10,0,1,0,12,0
nba-401360274,2022,2021-12-19 23:00:00+00:00,POR,MEM,105,100,https://a.espncdn.com/i/teamlogos/nba/500/scoreboard/por.png,https://a.espncdn.com/i/teamlogos/nba/500/scoreboard/mem.png,5,0,1,1,5,0
nba-401360275,2022,2021-12-19 23:00:00+00:00,SA,SAC,114,121,https://a.espncdn.com/i/teamlogos/nba/500/scoreboard/sa.png,https://a.espncdn.com/i/teamlogos/nba/500/scoreboard/sac.png,7,0,0,0,10,0
nba-401360272,2022,2021-12-20 01:00:00+00:00,LAL,CHI,110,115,https://a.espncdn.com/i/teamlogos/nba/500/scoreboard/lal.png,https://a.espncdn.com/i/teamlogos/nba/500/scoreboard/chi.png,5,0,2,1,6,0
nba-401360279,2022,2021-12-20 01:00:00+00:00,DAL,MIN,105,111,https://a.espncdn.com/i/teamlogos/nba/500/scoreboard/dal.png,https://a.espncdn.com/i/teamlogos/nba/500/scoreboard/min.png,6,0,2,1,6,0
nba-401360280,2022,2021-12-20 01:00:00+00:00,CHA,PHX,106,137,https://a.espncdn.com/i/teamlogos/nba/500/scoreboard/cha.png,https://a.espncdn.com/i/teamlogos/nba/500/scoreboard/phx.png,31,0,0,0,31,0
nba-401468796,2023,2023-01-14 18:00:00+00:00,MIL,MIA,95,111,https://a.espncdn.com/i/teamlogos/nba/500/scoreboard/mil.png,https://a.espncdn.com/i/teamlogos/nba/500/scoreboard/mia.png,16,0,0,0,16,0
nba-401468797,2023,2023-01-15 00:00:00+00:00,BOS,CHA,122,106,https://a.espncdn.com/i/teamlogos/nba/500/scoreboard/bos.png,https://a.espncdn.com/i/teamlogos/nba/500/scoreboard/cha.png,16,0,1,0,16,0
nba-401468798,2023,2023-01-15 00:00:00+00:00,MEM,IND,130,112,https://a.espncdn.com/i/teamlogos/nba/500/scoreboard/mem.png,https://a.espncdn.com/i/teamlogos/nba/500/scoreboard/ind.png,18,0,0,0,18,0
nba-401468799,2023,2023-01-15 00:30:00+00:00,ATL,TOR,114,103,https://a.espncdn.com/i/teamlogos/nba/500/scoreboard/atl.png,https://a.espncdn.com/i/teamlogos/nba/500/scoreboard/tor.png,11,0,0,0,17,0
nba-401468800,2023,2023-01-15 01:00:00+00:00,CLE,MIN,102,110,https://a.espncdn.com/i/teamlogos/nba/500/scoreboard/cle.png,https://a.espncdn.com/i/teamlogos/nba/500/scoreboard/min.png,8,0,2,1,8,0
nba-401468801,2023,2023-01-15 02:00:00+00:00,PHI,UTAH,118,117,https://a.espncdn.com/i/teamlogos/nba/500/scoreboard/phi.png,https://a.espncdn.com/i/teamlogos/nba/500/scoreboard/utah.png,1,0,0,0,17,0
nba-401468802,2023,2023-01-15 03:00:00+00:00,DAL,POR,119,136,https://a.espncdn.com/i/teamlogos/nba/500/scoreboard/dal.png,https://a.espncdn.com/i/teamlogos/nba/500/scoreboard/por.png,17,0,0,0,17,0
nba-401360451,2022,2022-01-15 00:00:00+00:00,ORL,CHA,116,109,https://a.espncdn.com/i/teamlogos/nba/500/scoreboard/orl.png,https://a.espncdn.com/i/teamlogos/nba/500/scoreboard/cha.png,7,0,1,1,7,0
nba-401360452,2022,2022-01-15 00:00:00+00:00,TOR,DET,87,103,https://a.espncdn.com/i/teamlogos/nba/500/scoreboard/tor.png,https://a.espncdn.com/i/teamlogos/nba/500/scoreboard/det.png,16,0,0,0,17,0
nba-401360453,2022,2022-01-15 00:00:00+00:00,PHX,IND,112,94,https://a.espncdn.com/i/teamlogos/nba/500/scoreboard/phx.png,https://a.espncdn.com/i/teamlogos/nba/500/scoreboard/ind.png,18,0,0,0,18,0
nba-401360454,2022,2022-01-15 00:00:00+00:00,BOS,PHI,99,111,https://a.espncdn.com/i/teamlogos/nba/500/scoreboard/bos.png,https://a.espncdn.com/i/teamlogos/nba/500/scoreboard/phi.png,12,0,0,0,20,0
nba-401360456,2022,2022-01-15 00:30:00+00:00,GS,CHI,138,96,https://a.espncdn.com/i/teamlogos/nba/500/scoreboard/gs.png,https://a.espncdn.com/i/teamlogos/nba/500/scoreboard/chi.png,42,0,0,0,42,0
nba-401360455,2022,2022-01-15 01:00:00+00:00,ATL,MIA,118,124,https://a.espncdn.com/i/teamlogos/nba/500/scoreboard/atl.png,https://a.espncdn.com/i/teamlogos/nba/500/scoreboard/mia.png,6,0,2,1,10,0
nba-401360457,2022,2022-01-15 01:30:00+00:00,CLE,SA,114,109,https://a.espncdn.com/i/teamlogos/nba/500/scoreboard/cle.png,https://a.espncdn.com/i/teamlogos/nba/500/scoreboard/sa.png,5,0,2,1,9,0
nba-401360458,2022,2022-01-15 03:00:00+00:00,DAL,MEM,112,85,https://a.espncdn.com/i/teamlogos/nba/500/scoreboard/dal.png,https://a.espncdn.com/i/teamlogos/nba/500/scoreboard/mem.png,27,0,1,0,27,0
nba-401360459,2022,2022-01-15 03:00:00+00:00,HOU,SAC,114,126,https://a.espncdn.com/i/teamlogos/nba/500/scoreboard/hou.png,https://a.espncdn.com/i/teamlogos/nba/500/scoreboard/sac.png,12,0,1,0,12,0
nba-401360970,2022,2022-04-01 23:00:00+00:00,TOR,ORL,102,89,https://a.espncdn.com/i/teamlogos/nba/500/scoreboard/tor.png,https://a.espncdn.com/i/teamlogos/nba/500/scoreboard/orl.png,13,0,0,0,22,0
nba-401360971,2022,2022-04-01 23:00:00+00:00,DAL,WSH,103,135,https://a.espncdn.com/i/teamlogos/nba/500/scoreboard/dal.png,https://a.espncdn.com/i/teamlogos/nba/500/scoreboard/wsh.png,32,0,0,0,32,0
nba-401360972,2022,2022-04-01 23:30:00+00:00,IND,BOS,123,128,https://a.espncdn.com/i/teamlogos/nba/500/scoreboard/ind.png,https://a.espncdn.com/i/teamlogos/nba/500/scoreboard/bos.png,5,0,0,0,9,0
nba-401360973,2022,2022-04-02 00:00:00+00:00,SAC,HOU,122,117,https://a.espncdn.com/i/teamlogos/nba/500/scoreboard/sac.png,https://a.espncdn.com/i/teamlogos/nba/500/scoreboard/hou.png,5,0,1,1,15,0
nba-401360974,2022,2022-04-02 00:00:00+00:00,PHX,MEM,114,122,https://a.espncdn.com/i/teamlogos/nba/500/scoreboard/phx.png,https://a.espncdn.com/i/teamlogos/nba/500/scoreboard/mem.png,8,0,0,0,11,0
nba-401360975,2022,2022-04-02 00:00:00+00:00,LAC,MIL,153,119,https://a.espncdn.com/i/teamlogos/nba/500/scoreboard/lac.png,https://a.espncdn.com/i/teamlogos/nba/500/scoreboard/mil.png,34,0,0,0,34,0
nba-401360976,2022,2022-04-02 00:00:00+00:00,DET,OKC,110,101,https://a.espncdn.com/i/teamlogos/nba/500/scoreboard/det.png,https://a.espncdn.com/i/teamlogos/nba/500/scoreboard/okc.png,9,0,0,0,17,0
nba-401360977,2022,2022-04-02 00:30:00+00:00,POR,SA,111,130,https://a.espncdn.com/i/teamlogos/nba/500/scoreboard/por.png,https://a.espncdn.com/i/teamlogos/nba/500/scoreboard/sa.png,19,0,0,0,28,0
nba-401360978,2022,2022-04-02 01:00:00+00:00,MIN,DEN,136,130,https://a.espncdn.com/i/teamlogos/nba/500/scoreboard/min.png,https://a.espncdn.com/i/teamlogos/nba/500/scoreboard/den.png,6,0,0,0,6,0
nba-401360979,2022,2022-04-02 02:30:00+00:00,NO,LAL,114,111,https://a.espncdn.com/i/teamlogos/nba/500/scoreboard/no.png,https://a.espncdn.com/i/teamlogos/nba/500/scoreboard/lal.png,3,0,2,1,5,0
nba-401469316,2023,2023-04-01 23:30:00+00:00,DAL,MIA,122,129,https://a.espncdn.com/i/teamlogos/nba/500/scoreboard/dal.png,https://a.espncdn.com/i/teamlogos/nba/500/scoreboard/mia.png,7,0,0,0,13,0
nba-401469317,2023,2023-04-02 00:30:00+00:00,LAC,NO,114,122,https://a.espncdn.com/i/teamlogos/nba/500/scoreboard/lac.png,https://a.espncdn.com/i/teamlogos/nba/500/scoreboard/no.png,8,0,1,0,10,0
nba-401468542,2023,2022-12-10 22:00:00+00:00,SA,MIA,115,111,https://a.espncdn.com/i/teamlogos/nba/500/scoreboard/sa.png,https://a.espncdn.com/i/teamlogos/nba/500/scoreboard/mia.png,4,0,1,0,4,0
nba-401468543,2023,2022-12-11 00:00:00+00:00,BKN,IND,136,133,https://a.espncdn.com/i/teamlogos/nba/500/scoreboard/bkn.png,https://a.espncdn.com/i/teamlogos/nba/500/scoreboard/ind.png,3,0,2,1,7,0
nba-401468544,2023,2022-12-11 00:00:00+00:00,LAC,WSH,114,107,https://a.espncdn.com/i/teamlogos/nba/500/scoreboard/lac.png,https://a.espncdn.com/i/teamlogos/nba/500/scoreboard/wsh.png,7,0,1,0,7,0
nba-401468545,2023,2022-12-11 00:30:00+00:00,OKC,CLE,102,110,https://a.espncdn.com/i/teamlogos/nba/500/scoreboard/okc.png,https://a.espncdn.com/i/teamlogos/nba/500/scoreboard/cle.png,8,0,0,0,13,0
nba-401468546,2023,2022-12-11 01:00:00+00:00,DAL,CHI,115,144,https://a.espncdn.com/i/teamlogos/nba/500/scoreboard/dal.png,https://a.espncdn.com/i/teamlogos/nba/500/scoreboard/chi.png,29,0,0,0,29,0
nba-401468547,2023,2022-12-11 01:30:00+00:00,BOS,GS,107,123,https://a.espncdn.com/i/teamlogos/nba/500/scoreboard/bos.png,https://a.espncdn.com/i/teamlogos/nba/500/scoreboard/gs.png,16,0,0,0,16,0
nba-401468548,2023,2022-12-11 02:00:00+00:00,UTAH,DEN,110,115,https://a.espncdn.com/i/teamlogos/nba/500/scoreboard/utah.png,https://a.espncdn.com/i/teamlogos/nba/500/scoreboard/den.png,5,0,0,0,9,0
nba-401468549,2023,2022-12-11 03:00:00+00:00,MIN,POR,118,124,https://a.espncdn.com/i/teamlogos/nba/500/scoreboard/min.png,https://a.espncdn.com/i/teamlogos/nba/500/scoreboard/por.png,6,0,2,0,6,0
nba-401359843,2022,2021-10-22 23:00:00+00:00,CHA,CLE,123,112,https://a.espncdn.com/i/teamlogos/nba/500/scoreboard/cha.png,https://a.espncdn.com/i/teamlogos/nba/500/scoreboard/cle.png,11,0,1,0,11,0
nba-401359844,2022,2021-10-22 23:00:00+00:00,NY,ORL,121,96,https://a.espncdn.com/i/teamlogos/nba/500/scoreboard/ny.png,https://a.espncdn.com/i/teamlogos/nba/500/scoreboard/orl.png,25,0,0,0,30,0
nba-401359845,2022,2021-10-22 23:00:00+00:00,IND,WSH,134,135,https://a.espncdn.com/i/teamlogos/nba/500/scoreboard/ind.png,https://a.espncdn.com/i/teamlogos/nba/500/scoreboard/wsh.png,1,1,1,0,10,0
nba-401358779,2022,2021-10-22 23:30:00+00:00,BKN,PHI,114,109,https://a.espncdn.com/i/teamlogos/nba/500/scoreboard/bkn.png,https://a.espncdn.com/i/teamlogos/nba/500/scoreboard/phi.png,5,0,1,1,7,0
nba-401359846,2022,2021-10-22 23:30:00+00:00,TOR,BOS,115,83,https://a.espncdn.com/i/teamlogos/nba/500/scoreboard/tor.png,https://a.espncdn.com/i/teamlogos/nba/500/scoreboard/bos.png,32,0,0,0,32,0
nba-401359847,2022,2021-10-23 00:00:00+00:00,NO,CHI,112,128,https://a.espncdn.com/i/teamlogos/nba/500/scoreboard/no.png,https://a.espncdn.com/i/teamlogos/nba/500/scoreboard/chi.png,16,0,0,0,18,0
nba-401359848,2022,2021-10-23 00:00:00+00:00,OKC,HOU,91,124,https://a.espncdn.com/i/teamlogos/nba/500/scoreboard/okc.png,https://a.espncdn.com/i/teamlogos/nba/500/scoreboard/hou.png,33,0,0,0,33,0
nba-401359849,2022,2021-10-23 01:00:00+00:00,SA,DEN,96,102,https://a.espncdn.com/i/teamlogos/nba/500/scoreboard/sa.png,https://a.espncdn.com/i/teamlogos/nba/500/scoreboard/den.png,6,0,0,0,9,0
nba-401358780,2022,2021-10-23 02:00:00+00:00,PHX,LAL,115,105,https://a.espncdn.com/i/teamlogos/nba/500/scoreboard/phx.png,https://a.espncdn.com/i/teamlogos/nba/500/scoreboard/lal.png,10,0,1,0,27,0
nba-401359850,2022,2021-10-23 02:00:00+00:00,UTAH,SAC,110,101,https://a.espncdn.com/i/teamlogos/nba/500/scoreboard/utah.png,https://a.espncdn.com/i/teamlogos/nba/500/scoreboard/sac.png,9,0,1,0,9,0
nba-401433615,2022,2022-05-13 23:30:00+00:00,BOS,MIL,108,95,https://a.espncdn.com/i/teamlogos/nba/500/scoreboard/bos.png,https://a.espncdn.com/i/teamlogos/nba/500/scoreboard/mil.png,13,0,0,0,13,1
nba-401434775,2022,2022-05-14 02:20:00+00:00,MEM,GS,96,110,https://a.espncdn.com/i/teamlogos/nba/500/scoreboard/mem.png,https://a.espncdn.com/i/teamlogos/nba/500/scoreboard/gs.png,14,0,0,0,14,1
nba-401585507,2024,2024-03-05 00:30:00+00:00,MEM,BKN,106,102,https://a.espncdn.com/i/teamlogos/nba/500/scoreboard/mem.png,https://a.espncdn.com/i/teamlogos/nba/500/scoreboard/bkn.png,4,0,1,0,4,0
nba-401585508,2024,2024-03-05 01:00:00+00:00,LAC,MIL,106,113,https://a.espncdn.com/i/teamlogos/nba/500/scoreboard/lac.png,https://a.espncdn.com/i/teamlogos/nba/500/scoreboard/mil.png,7,0,1,1,10,0
nba-401585509,2024,2024-03-05 01:00:00+00:00,POR,MIN,114,119,https://a.espncdn.com/i/teamlogos/nba/500/scoreboard/por.png,https://a.espncdn.com/i/teamlogos/nba/500/scoreboard/min.png,5,0,0,0,7,0
nba-401585510,2024,2024-03-05 02:00:00+00:00,WSH,UTAH,115,127,https://a.espncdn.com/i/teamlogos/nba/500/scoreboard/wsh.png,https://a.espncdn.com/i/teamlogos/nba/500/scoreboard/utah.png,12,0,1,0,12,0
nba-401585511,2024,2024-03-05 03:00:00+00:00,CHI,SAC,113,109,https://a.espncdn.com/i/teamlogos/nba/500/scoreboard/chi.png,https://a.espncdn.com/i/teamlogos/nba/500/scoreboard/sac.png,4,0,1,1,14,0
nba-401585512,2024,2024-03-05 03:30:00+00:00,OKC,LAL,104,116,https://a.espncdn.com/i/teamlogos/nba/500/scoreboard/okc.png,https://a.espncdn.com/i/teamlogos/nba/500/scoreboard/lal.png,12,0,0,0,17,0
nba-401545113,2023,2023-05-05 23:30:00+00:00,BOS,PHI,114,102,https://a.espncdn.com/i/teamlogos/nba/500/scoreboard/bos.png,https://a.espncdn.com/i/teamlogos/nba/500/scoreboard/phi.png,12,0,1,0,12,1
nba-401544336,2023,2023-05-06 02:00:00+00:00,DEN,PHX,114,121,https://a.espncdn.com/i/teamlogos/nba/500/scoreboard/den.png,https://a.espncdn.com/i/teamlogos/nba/500/scoreboard/phx.png,7,0,1,0,15,1
nba-401585567,2024,2024-03-12 23:30:00+00:00,PHI,NY,79,106,https://a.espncdn.com/i/teamlogos/nba/500/scoreboard/phi.png,https://a.espncdn.com/i/teamlogos/nba/500/scoreboard/ny.png,27,0,0,0,27,0
nba-401585568,2024,2024-03-13 00:00:00+00:00,WSH,MEM,97,109,https://a.espncdn.com/i/teamlogos/nba/500/scoreboard/wsh.png,https://a.espncdn.com/i/teamlogos/nba/500/scoreboard/mem.png,12,0,0,0,25,0
nba-401585569,2024,2024-03-13 00:00:00+00:00,IND,OKC,121,111,https://a.espncdn.com/i/teamlogos/nba/500/scoreboard/ind.png,https://a.espncdn.com/i/teamlogos/nba/500/scoreboard/okc.png,10,0,0,0,12,0
nba-401585570,2024,2024-03-13 00:30:00+00:00,HOU,SA,103,101,https://a.espncdn.com/i/teamlogos/nba/500/scoreboard/hou.png,https://a.espncdn.com/i/teamlogos/nba/500/scoreboard/sa.png,2,0,1,0,6,0
nba-401585571,2024,2024-03-13 01:00:00+00:00,BOS,UTAH,123,107,https://a.espncdn.com/i/teamlogos/nba/500/scoreboard/bos.png,https://a.espncdn.com/i/teamlogos/nba/500/scoreboard/utah.png,16,0,0,0,16,0
nba-401585572,2024,2024-03-13 02:00:00+00:00,MIN,LAC,118,100,https://a.espncdn.com/i/teamlogos/nba/500/scoreboard/min.png,https://a.espncdn.com/i/teamlogos/nba/500/scoreboard/lac.png,18,0,1,0,18,0
nba-401585573,2024,2024-03-13 02:00:00+00:00,MIL,SAC,94,129,https://a.espncdn.com/i/teamlogos/nba/500/scoreboard/mil.png,https://a.espncdn.com/i/teamlogos/nba/500/scoreboard/sac.png,35,0,0,0,35,0
nba-401360104,2022,2021-11-26 20:30:00+00:00,DET,LAC,96,107,https://a.espncdn.com/i/teamlogos/nba/500/scoreboard/det.png,https://a.espncdn.com/i/teamlogos/nba/500/scoreboard/lac.png,11,0,0,0,24,0
nba-401360105,2022,2021-11-27 00:00:00+00:00,MIN,CHA,115,133,https://a.espncdn.com/i/teamlogos/nba/500/scoreboard/min.png,https://a.espncdn.com/i/teamlogos/nba/500/scoreboard/cha.png,18,0,0,0,18,0
nba-401360106,2022,2021-11-27 00:00:00+00:00,PHX,NY,118,97,https://a.espncdn.com/i/teamlogos/nba/500/scoreboard/phx.png,https://a.espncdn.com/i/teamlogos/nba/500/scoreboard/ny.png,21,0,0,0,21,0
nba-401360107,2022,2021-11-27 00:00:00+00:00,CHI,ORL,123,88,https://a.espncdn.com/i/teamlogos/nba/500/scoreboard/chi.png,https://a.espncdn.com/i/teamlogos/nba/500/scoreboard/orl.png,35,0,0,0,35,0
nba-401360108,2022,2021-11-27 01:00:00+00:00,TOR,IND,97,114,https://a.espncdn.com/i/teamlogos/nba/500/scoreboard/tor.png,https://a.espncdn.com/i/teamlogos/nba/500/scoreboard/ind.png,17,0,1,0,17,0
nba-401360109,2022,2021-11-27 01:00:00+00:00,ATL,MEM,132,100,https://a.espncdn.com/i/teamlogos/nba/500/scoreboard/atl.png,https://a.espncdn.com/i/teamlogos/nba/500/scoreboard/mem.png,32,0,0,0,39,0
nba-401360110,2022,2021-11-27 01:00:00+00:00,WSH,OKC,101,99,https://a.espncdn.com/i/teamlogos/nba/500/scoreboard/wsh.png,https://a.espncdn.com/i/teamlogos/nba/500/scoreboard/okc.png,2,0,1,0,8,0
nba-401360111,2022,2021-11-27 01:30:00+00:00,BOS,SA,88,96,https://a.espncdn.com/i/teamlogos/nba/500/scoreboard/bos.png,https://a.espncdn.com/i/teamlogos/nba/500/scoreboard/sa.png,8,0,0,0,16,0
nba-401360112,2022,2021-11-27 02:00:00+00:00,MIL,DEN,120,109,https://a.espncdn.com/i/teamlogos/nba/500/scoreboard/mil.png,https://a.espncdn.com/i/teamlogos/nba/500/scoreboard/den.png,11,0,0,0,17,0
nba-401360113,2022,2021-11-27 02:00:00+00:00,NO,UTAH,98,97,https://a.espncdn.com/i/teamlogos/nba/500/scoreboard/no.png,https://a.espncdn.com/i/teamlogos/nba/500/scoreboard/utah.png,1,0,3,1,5,0
nba-401360114,2022,2021-11-27 03:00:00+00:00,POR,GS,103,118,https://a.espncdn.com/i/teamlogos/nba/500/scoreboard/por.png,https://a.espncdn.com/i/teamlogos/nba/500/scoreboard/gs.png,15,0,0,0,21,0
nba-401360115,2022,2021-11-27 03:30:00+00:00,SAC,LAL,141,137,https://a.espncdn.com/i/teamlogos/nba/500/scoreboard/sac.png,https://a.espncdn.com/i/teamlogos/nba/500/scoreboard/lal.png,4,3,1,1,5,0
nba-401585285,2024,2024-01-30 00:00:00+00:00,NY,CHA,113,92,https://a.espncdn.com/i/teamlogos/nba/500/scoreboard/ny.png,https://a.espncdn.com/i/teamlogos/nba/500/scoreboard/cha.png,21,0,0,0,23,0
nba-401585286,2024,2024-01-30 00:00:00+00:00,LAC,CLE,108,118,https://a.espncdn.com/i/teamlogos/nba/500/scoreboard/lac.png,https://a.espncdn.com/i/teamlogos/nba/500/scoreboard/cle.png,10,0,0,0,10,0
nba-401585287,2024,2024-01-30 00:30:00+00:00,NO,BOS,112,118,https://a.espncdn.com/i/teamlogos/nba/500/scoreboard/no.png,https://a.espncdn.com/i/teamlogos/nba/500/scoreboard/bos.png,6,0,1,1,11,0
nba-401585288,2024,2024-01-30 00:30:00+00:00,UTAH,BKN,114,147,https://a.espncdn.com/i/teamlogos/nba/500/scoreboard/utah.png,https://a.espncdn.com/i/teamlogos/nba/500/scoreboard/bkn.png,33,0,0,0,33,0
nba-401585289,2024,2024-01-30 00:30:00+00:00,PHX,MIA,118,105,https://a.espncdn.com/i/teamlogos/nba/500/scoreboard/phx.png,https://a.espncdn.com/i/teamlogos/nba/500/scoreboard/mia.png,13,0,0,0,26,0
nba-401585290,2024,2024-01-30 01:00:00+00:00,LAL,HOU,119,135,https://a.espncdn.com/i/teamlogos/nba/500/scoreboard/lal.png,https://a.espncdn.com/i/teamlogos/nba/500/scoreboard/hou.png,16,0,0,0,24,0
nba-401585291,2024,2024-01-30 01:00:00+00:00,SAC,MEM,103,94,https://a.espncdn.com/i/teamlogos/nba/500/scoreboard/sac.png,https://a.espncdn.com/i/teamlogos/nba/500/scoreboard/mem.png,9,0,1,0,15,0
nba-401585292,2024,2024-01-30 01:00:00+00:00,MIN,OKC,107,101,https://a.espncdn.com/i/teamlogos/nba/500/scoreboard/min.png,https://a.espncdn.com/i/teamlogos/nba/500/scoreboard/okc.png,6,0,2,1,6,0
nba-401585293,2024,2024-01-30 01:00:00+00:00,WSH,SA,118,113,https://a.espncdn.com/i/teamlogos/nba/500/scoreboard/wsh.png,https://a.espncdn.com/i/teamlogos/nba/500/scoreboard/sa.png,5,0,1,1,10,0
nba-401585294,2024,2024-01-30 01:30:00+00:00,ORL,DAL,129,131,https://a.espncdn.com/i/teamlogos/nba/500/scoreboard/orl.png,https://a.espncdn.com/i/teamlogos/nba/500/scoreboard/dal.png,2,0,1,0,16,0
nba-401585295,2024,2024-01-30 02:00:00+00:00,MIL,DEN,107,113,https://a.espncdn.com/i/teamlogos/nba/500/scoreboard/mil.png,https://a.espncdn.com/i/teamlogos/nba/500/scoreboard/den.png,6,0,1,0,7,0
nba-401585296,2024,2024-01-30 03:00:00+00:00,PHI,POR,104,130,https://a.espncdn.com/i/teamlogos/nba/500/scoreboard/phi.png,https://a.espncdn.com/i/teamlogos/nba/500/scoreboard/por.png,26,0,1,0,26,0
nba-401360364,2022,2022-01-02 20:30:00+00:00,NY,TOR,105,120,https://a.espncdn.com/i/teamlogos/nba/500/scoreboard/ny.png,https://a.espncdn.com/i/teamlogos/nba/500/scoreboard/tor.png,15,0,0,0,22,0
nba-401360365,2022,2022-01-02 23:00:00+00:00,ORL,BOS,111,116,https://a.espncdn.com/i/teamlogos/nba/500/scoreboard/orl.png,https://a.espncdn.com/i/teamlogos/nba/500/scoreboard/bos.png,5,1,2,1,12,0
nba-401360366,2022,2022-01-02 23:00:00+00:00,IND,CLE,104,108,https://a.espncdn.com/i/teamlogos/nba/500/scoreboard/ind.png,https://a.espncdn.com/i/teamlogos/nba/500/scoreboard/cle.png,4,0,0,0,4,0
nba-401360367,2022,2022-01-02 23:00:00+00:00,MIA,SAC,113,115,https://a.espncdn.com/i/teamlogos/nba/500/scoreboard/mia.png,https://a.espncdn.com/i/teamlogos/nba/500/scoreboard/sac.png,2,0,0,0,8,0
nba-401360368,2022,2022-01-03 00:00:00+00:00,PHX,CHA,133,99,https://a.espncdn.com/i/teamlogos/nba/500/scoreboard/phx.png,https://a.espncdn.com/i/teamlogos/nba/500/scoreboard/cha.png,34,0,0,0,34,0
nba-401360369,2022,2022-01-03 00:00:00+00:00,DAL,OKC,95,86,https://a.espncdn.com/i/teamlogos/nba/500/scoreboard/dal.png,https://a.espncdn.com/i/teamlogos/nba/500/scoreboard/okc.png,9,0,0,0,12,0
nba-401360370,2022,2022-01-03 02:30:00+00:00,MIN,LAL,103,108,https://a.espncdn.com/i/teamlogos/nba/500/scoreboard/min.png,https://a.espncdn.com/i/teamlogos/nba/500/scoreboard/lal.png,5,0,2,1,7,0
nba-401468705,2023,2023-01-02 20:00:00+00:00,PHX,NY,83,102,https://a.espncdn.com/i/teamlogos/nba/500/scoreboard/phx.png,https://a.espncdn.com/i/teamlogos/nba/500/scoreboard/ny.png,19,0,0,0,23,0
nba-401468706,2023,2023-01-03 00:00:00+00:00,LAL,CHA,121,115,https://a.espncdn.com/i/teamlogos/nba/500/scoreboard/lal.png,https://a.espncdn.com/i/teamlogos/nba/500/scoreboard/cha.png,6,0,0,0,18,0
nba-401468707,2023,2023-01-03 00:00:00+00:00,CHI,CLE,134,145,https://a.espncdn.com/i/teamlogos/nba/500/scoreboard/chi.png,https://a.espncdn.com/i/teamlogos/nba/500/scoreboard/cle.png,11,1,1,1,18,0
nba-401468708,2023,2023-01-03 00:00:00+00:00,TOR,IND,114,122,https://a.espncdn.com/i/teamlogos/nba/500/scoreboard/tor.png,https://a.espncdn.com/i/teamlogos/nba/500/scoreboard/ind.png,8,0,1,0,9,0
nba-401468709,2023,2023-01-03 00:00:00+00:00,NO,PHI,111,120,https://a.espncdn.com/i/teamlogos/nba/500/scoreboard/no.png,https://a.espncdn.com/i/teamlogos/nba/500/scoreboard/phi.png,9,0,0,0,9,0
nba-401468710,2023,2023-01-03 00:30:00+00:00,SA,BKN,103,139,https://a.espncdn.com/i/teamlogos/nba/500/scoreboard/sa.png,https://a.espncdn.com/i/teamlogos/nba/500/scoreboard/bkn.png,36,0,0,0,36,0
nba-401468711,2023,2023-01-03 01:00:00+00:00,DAL,HOU,111,106,https://a.espncdn.com/i/teamlogos/nba/500/scoreboard/dal.png,https://a.espncdn.com/i/teamlogos/nba/500/scoreboard/hou.png,5,0,1,1,11,0
nba-401468712,2023,2023-01-03 01:00:00+00:00,DEN,MIN,111,124,https://a.espncdn.com/i/teamlogos/nba/500/scoreboard/den.png,https://a.espncdn.com/i/teamlogos/nba/500/scoreboard/min.png,13,0,0,0,13,0
nba-401468713,2023,2023-01-03 03:00:00+00:00,ATL,GS,141,143,https://a.espncdn.com/i/teamlogos/nba/500/scoreboard/atl.png,https://a.espncdn.com/i/teamlogos/nba/500/scoreboard/gs.png,2,2,0,0,17,0
nba-401468714,2023,2023-01-03 03:00:00+00:00,DET,POR,106,135,https://a.espncdn.com/i/teamlogos/nba/500/scoreboard/det.png,https://a.espncdn.com/i/teamlogos/nba/500/scoreboard/por.png,29,0,1,0,29,0
nba-401468715,2023,2023-01-03 03:30:00+00:00,MIA,LAC,110,100,https://a.espncdn.com/i/teamlogos/nba/500/scoreboard/mia.png,https://a.espncdn.com/i/teamlogos/nba/500/scoreboard/lac.png,10,0,2,1,18,0
nba-401468515,2023,2022-12-07 00:30:00+00:00,LAL,CLE,102,116,https://a.espncdn.com/i/teamlogos/nba/500/scoreboard/lal.png,https://a.espncdn.com/i/teamlogos/nba/500/scoreboard/cle.png,14,0,0,0,14,0
nba-401468516,2023,2022-12-07 00:30:00+00:00,DET,MIA,116,96,https://a.espncdn.com/i/teamlogos/nba/500/scoreboard/det.png,https://a.espncdn.com/i/teamlogos/nba/500/scoreboard/mia.png,20,0,1,0,20,0
nba-401468517,2023,2022-12-07 03:00:00+00:00,DAL,DEN,116,115,https://a.espncdn.com/i/teamlogos/nba/500/scoreboard/dal.png,https://a.espncdn.com/i/teamlogos/nba/500/scoreboard/den.png,1,0,0,0,7,0
nba-401541173,2023,2023-04-17 23:30:00+00:00,BKN,PHI,84,96,https://a.espncdn.com/i/teamlogos/nba/500/scoreboard/bkn.png,https://a.espncdn.com/i/teamlogos/nba/500/scoreboard/phi.png,12,0,1,0,12,1
nba-401541169,2023,2023-04-18 02:00:00+00:00,GS,SAC,106,114,https://a.espncdn.com/i/teamlogos/nba/500/scoreboard/gs.png,https://a.espncdn.com/i/teamlogos/nba/500/scoreboard/sac.png,8,0,1,0,8,1
nba-401429891,2022,2022-04-17 17:00:00+00:00,ATL,MIA,91,115,https://a.espncdn.com/i/teamlogos/nba/500/scoreboard/atl.png,https://a.espncdn.com/i/teamlogos/nba/500/scoreboard/mia.png,24,0,0,0,26,1
nba-401429890,2022,2022-04-17 19:30:00+00:00,BKN,BOS,114,115,https://a.espncdn.com/i/teamlogos/nba/500/scoreboard/bkn.png,https://a.espncdn.com/i/teamlogos/nba/500/scoreboard/bos.png,1,0,0,0,11,1
nba-401429892,2022,2022-04-17 22:30:00+00:00,CHI,MIL,86,93,https://a.espncdn.com/i/teamlogos/nba/500/scoreboard/chi.png,https://a.espncdn.com/i/teamlogos/nba/500/scoreboard/mil.png,7,0,0,0,13,1
nba-401429893,2022,2022-04-18 01:00:00+00:00,NO,PHX,99,110,https://a.espncdn.com/i/teamlogos/nba/500/scoreboard/no.png,https://a.espncdn.com/i/teamlogos/nba/500/scoreboard/phx.png,11,0,0,0,19,1
nba-401616459,2024,2023-12-07 00:00:00+00:00,ORL,CLE,111,121,https://a.espncdn.com/i/teamlogos/nba/500/scoreboard/orl.png,https://a.espncdn.com/i/teamlogos/nba/500/scoreboard/cle.png,10,0,0,0,17,0
nba-401616460,2024,2023-12-07 00:00:00+00:00,MEM,DET,116,102,https://a.espncdn.com/i/teamlogos/nba/500/scoreboard/mem.png,https://a.espncdn.com/i/teamlogos/nba/500/scoreboard/det.png,14,0,2,1,14,0
nba-401616462,2024,2023-12-07 00:00:00+00:00,PHI,WSH,131,126,https://a.espncdn.com/i/teamlogos/nba/500/scoreboard/phi.png,https://a.espncdn.com/i/teamlogos/nba/500/scoreboard/wsh.png,5,0,1,0,5,0
nba-401616461,2024,2023-12-07 00:30:00+00:00,MIA,TOR,112,103,https://a.espncdn.com/i/teamlogos/nba/500/scoreboard/mia.png,https://a.espncdn.com/i/teamlogos/nba/500/scoreboard/tor.png,9,0,2,0,9,0
nba-401616463,2024,2023-12-07 00:30:00+00:00,BKN,ATL,114,113,https://a.espncdn.com/i/teamlogos/nba/500/scoreboard/bkn.png,https://a.espncdn.com/i/teamlogos/nba/500/scoreboard/atl.png,1,0,1,1,3,0
nba-401616464,2024,2023-12-07 00:30:00+00:00,SA,MIN,94,102,https://a.espncdn.com/i/teamlogos/nba/500/scoreboard/sa.png,https://a.espncdn.com/i/teamlogos/nba/500/scoreboard/min.png,8,0,2,0,8,0
nba-401616465,2024,2023-12-07 01:00:00+00:00,CHA,CHI,100,111,https://a.espncdn.com/i/teamlogos/nba/500/scoreboard/cha.png,https://a.espncdn.com/i/teamlogos/nba/500/scoreboard/chi.png,11,0,0,0,19,0
nba-401616466,2024,2023-12-07 01:00:00+00:00,OKC,HOU,101,110,https://a.espncdn.com/i/teamlogos/nba/500/scoreboard/okc.png,https://a.espncdn.com/i/teamlogos/nba/500/scoreboard/hou.png,9,0,0,0,10,0
nba-401616467,2024,2023-12-07 01:30:00+00:00,UTAH,DAL,97,147,https://a.espncdn.com/i/teamlogos/nba/500/scoreboard/utah.png,https://a.espncdn.com/i/teamlogos/nba/500/scoreboard/dal.png,50,0,0,0,50,0
nba-401616468,2024,2023-12-07 03:00:00+00:00,POR,GS,106,110,https://a.espncdn.com/i/teamlogos/nba/500/scoreboard/por.png,https://a.espncdn.com/i/teamlogos/nba/500/scoreboard/gs.png,4,0,1,1,7,0
nba-401616469,2024,2023-12-07 03:00:00+00:00,DEN,LAC,102,111,https://a.espncdn.com/i/teamlogos/nba/500/scoreboard/den.png,https://a.espncdn.com/i/teamlogos/nba/500/scoreboard/lac.png,9,0,3,1,15,0
nba-401591891,2024,2023-10-11 23:00:00+00:00,BOS,PHI,112,101,https://a.espncdn.com/i/teamlogos/nba/500/scoreboard/bos.png,https://a.espncdn.com/i/teamlogos/nba/500/scoreboard/phi.png,11,0,0,0,15,0
nba-401591892,2024,2023-10-12 02:00:00+00:00,SAC,LAL,101,109,https://a.espncdn.com/i/teamlogos/nba/500/scoreboard/sac.png,https://a.espncdn.com/i/teamlogos/nba/500/scoreboard/lal.png,8,0,2,0,11,0
nba-401655116,2024,2024-05-02 22:30:00+00:00,MIL,IND,98,120,https://a.espncdn.com/i/teamlogos/nba/500/scoreboard/mil.png,https://a.espncdn.com/i/teamlogos/nba/500/scoreboard/ind.png,22,0,0,0,22,1
nba-401655110,2024,2024-05-03 01:00:00+00:00,NY,PHI,118,115,https://a.espncdn.com/i/teamlogos/nba/500/scoreboard/ny.png,https://a.espncdn.com/i/teamlogos/nba/500/scoreboard/phi.png,3,0,2,0,14,1
nba-401474887,2023,2022-10-11 23:00:00+00:00,OKC,DET,115,99,https://a.espncdn.com/i/teamlogos/nba/500/scoreboard/okc.png,https://a.espncdn.com/i/teamlogos/nba/500/scoreboard/det.png,16,0,1,0,16,0
nba-401474888,2023,2022-10-11 23:00:00+00:00,MEM,ORL,105,109,https://a.espncdn.com/i/teamlogos/nba/500/scoreboard/mem.png,https://a.espncdn.com/i/teamlogos/nba/500/scoreboard/orl.png,4,0,0,0,14,0
nba-401474889,2023,2022-10-12 00:00:00+00:00,MIL,CHI,104,127,https://a.espncdn.com/i/teamlogos/nba/500/scoreboard/mil.png,https://a.espncdn.com/i/teamlogos/nba/500/scoreboard/chi.png,23,0,0,0,23,0
nba-401474890,2023,2022-10-12 01:00:00+00:00,SA,UTAH,111,104,https://a.espncdn.com/i/teamlogos/nba/500/scoreboard/sa.png,https://a.espncdn.com/i/teamlogos/nba/500/scoreboard/utah.png,7,0,0,0,20,0
nba-401474891,2023,2022-10-12 02:00:00+00:00,POR,GS,98,131,https://a.espncdn.com/i/teamlogos/nba/500/scoreboard/por.png,https://a.espncdn.com/i/teamlogos/nba/500/scoreboard/gs.png,33,0,0,0,33,0
nba-401469190,2023,2023-03-15 23:30:00+00:00,PHI,CLE,118,109,https://a.espncdn.com/i/teamlogos/nba/500/scoreboard/phi.png,https://a.espncdn.com/i/teamlogos/nba/500/scoreboard/cle.png,9,0,2,0,9,0
nba-401469191,2023,2023-03-15 23:30:00+00:00,MEM,MIA,119,138,https://a.espncdn.com/i/teamlogos/nba/500/scoreboard/mem.png,https://a.espncdn.com/i/teamlogos/nba/500/scoreboard/mia.png,19,0,0,0,28,0
nba-401469192,2023,2023-03-16 00:00:00+00:00,SAC,CHI,117,114,https://a.espncdn.com/i/teamlogos/nba/500/scoreboard/sac.png,https://a.espncdn.com/i/teamlogos/nba/500/scoreboard/chi.png,3,0,1,0,10,0
nba-401469193,2023,2023-03-16 00:00:00+00:00,LAL,HOU,110,114,https://a.espncdn.com/i/teamlogos/nba/500/scoreboard/lal.png,https://a.espncdn.com/i/teamlogos/nba/500/scoreboard/hou.png,4,0,0,0,14,0
nba-401469194,2023,2023-03-16 00:00:00+00:00,BOS,MIN,104,102,https://a.espncdn.com/i/teamlogos/nba/500/scoreboard/bos.png,https://a.espncdn.com/i/teamlogos/nba/500/scoreboard/min.png,2,0,0,0,6,0
nba-401469195,2023,2023-03-16 00:30:00+00:00,DAL,SA,137,128,https://a.espncdn.com/i/teamlogos/nba/500/scoreboard/dal.png,https://a.espncdn.com/i/teamlogos/nba/500/scoreboard/sa.png,9,1,1,1,9,0
nba-401469196,2023,2023-03-16 02:00:00+00:00,GS,LAC,126,134,https://a.espncdn.com/i/teamlogos/nba/500/scoreboard/gs.png,https://a.espncdn.com/i/teamlogos/nba/500/scoreboard/lac.png,8,0,0,0,8,0
nba-401360848,2022,2022-03-15 23:00:00+00:00,MEM,IND,135,102,https://a.espncdn.com/i/teamlogos/nba/500/scoreboard/mem.png,https://a.espncdn.com/i/teamlogos/nba/500/scoreboard/ind.png,33,0,0,0,34,0
nba-401360849,2022,2022-03-15 23:00:00+00:00,BKN,ORL,150,108,https://a.espncdn.com/i/teamlogos/nba/500/scoreboard/bkn.png,https://a.espncdn.com/i/teamlogos/nba/500/scoreboard/orl.png,42,0,0,0,42,0
nba-401360850,2022,2022-03-15 23:30:00+00:00,DET,MIA,98,105,https://a.espncdn.com/i/teamlogos/nba/500/scoreboard/det.png,https://a.espncdn.com/i/teamlogos/nba/500/scoreboard/mia.png,7,0,2,1,7,0
nba-401360851,2022,2022-03-16 00:00:00+00:00,PHX,NO,131,115,https://a.espncdn.com/i/teamlogos/nba/500/scoreboard/phx.png,https://a.espncdn.com/i/teamlogos/nba/500/scoreboard/no.png,16,0,0,0,16,0
nba-401438136,2022,2022-05-30 00:30:00+00:00,BOS,MIA,100,96,https://a.espncdn.com/i/teamlogos/nba/500/scoreboard/bos.png,https://a.espncdn.com/i/teamlogos/nba/500/scoreboard/mia.png,4,0,0,0,15,1
nba-401547678,2023,2023-05-30 00:30:00+00:00,MIA,BOS,103,84,https://a.espncdn.com/i/teamlogos/nba/500/scoreboard/mia.png,https://a.espncdn.com/i/teamlogos/nba/500/scoreboard/bos.png,19,0,0,0,19,1
nba-401585107,2024,2024-01-06 00:00:00+00:00,UTAH,BOS,97,126,https://a.espncdn.com/i/teamlogos/nba/500/scoreboard/utah.png,https://a.espncdn.com/i/teamlogos/nba/500/scoreboard/bos.png,29,0,0,0,32,0
nba-401585108,2024,2024-01-06 00:00:00+00:00,ATL,IND,116,150,https://a.espncdn.com/i/teamlogos/nba/500/scoreboard/atl.png,https://a.espncdn.com/i/teamlogos/nba/500/scoreboard/ind.png,34,0,0,0,34,0
nba-401585109,2024,2024-01-06 00:30:00+00:00,OKC,BKN,115,124,https://a.espncdn.com/i/teamlogos/nba/500/scoreboard/okc.png,https://a.espncdn.com/i/teamlogos/nba/500/scoreboard/bkn.png,9,0,0,0,28,0
nba-401585110,2024,2024-01-06 00:30:00+00:00,WSH,CLE,90,114,https://a.espncdn.com/i/teamlogos/nba/500/scoreboard/wsh.png,https://a.espncdn.com/i/teamlogos/nba/500/scoreboard/cle.png,24,0,0,0,25,0
nba-401585111,2024,2024-01-06 00:30:00+00:00,NY,PHI,128,92,https://a.espncdn.com/i/teamlogos/nba/500/scoreboard/ny.png,https://a.espncdn.com/i/teamlogos/nba/500/scoreboard/phi.png,36,0,0,0,36,0
nba-401585112,2024,2024-01-06 01:00:00+00:00,CHA,CHI,91,104,https://a.espncdn.com/i/teamlogos/nba/500/scoreboard/cha.png,https://a.espncdn.com/i/teamlogos/nba/500/scoreboard/chi.png,13,0,0,0,13,0
nba-401585113,2024,2024-01-06 01:00:00+00:00,MIN,HOU,122,95,https://a.espncdn.com/i/teamlogos/nba/500/scoreboard/min.png,https://a.espncdn.com/i/teamlogos/nba/500/scoreboard/hou.png,27,0,0,0,27,0
nba-401585114,2024,2024-01-06 01:00:00+00:00,LAC,NO,111,95,https://a.espncdn.com/i/teamlogos/nba/500/scoreboard/lac.png,https://a.espncdn.com/i/teamlogos/nba/500/scoreboard/no.png,16,0,0,0,24,0
nba-401585115,2024,2024-01-06 01:30:00+00:00,POR,DAL,103,139,https://a.espncdn.com/i/teamlogos/nba/500/scoreboard/por.png,https://a.espncdn.com/i/teamlogos/nba/500/scoreboard/dal.png,36,0,0,0,36,0
nba-401585116,2024,2024-01-06 02:00:00+00:00,ORL,DEN,122,120,https://a.espncdn.com/i/teamlogos/nba/500/scoreboard/orl.png,https://a.espncdn.com/i/teamlogos/nba/500/scoreboard/den.png,2,0,1,1,13,0
nba-401585117,2024,2024-01-06 02:00:00+00:00,MIA,PHX,97,113,https://a.espncdn.com/i/teamlogos/nba/500/scoreboard/mia.png,https://a.espncdn.com/i/teamlogos/nba/500/scoreboard/phx.png,16,0,0,0,19,0
nba-401585118,2024,2024-01-06 03:00:00+00:00,DET,GS,109,113,https://a.espncdn.com/i/teamlogos/nba/500/scoreboard/det.png,https://a.espncdn.com/i/teamlogos/nba/500/scoreboard/gs.png,4,0,0,0,4,0
nba-401585119,2024,2024-01-06 03:00:00+00:00,MEM,LAL,127,113,https://a.espncdn.com/i/teamlogos/nba/500/scoreboard/mem.png,https://a.espncdn.com/i/teamlogos/nba/500/scoreboard/lal.png,14,0,1,0,14,0
nba-401585120,2024,2024-01-06 03:00:00+00:00,TOR,SAC,130,135,https://a.espncdn.com/i/teamlogos/nba/500/scoreboard/tor.png,https://a.espncdn.com/i/teamlogos/nba/500/scoreboard/sac.png,5,0,0,0,20,0
nba-401468971,2023,2023-02-08 00:00:00+00:00,NY,ORL,102,98,https://a.espncdn.com/i/teamlogos/nba/500/scoreboard/ny.png,https://a.espncdn.com/i/teamlogos/nba/500/scoreboard/orl.png,4,0,1,1,8,0
nba-401468972,2023,2023-02-08 00:30:00+00:00,PHX,BKN,116,112,https://a.espncdn.com/i/teamlogos/nba/500/scoreboard/phx.png,https://a.espncdn.com/i/teamlogos/nba/500/scoreboard/bkn.png,4,0,1,0,6,0
nba-401468973,2023,2023-02-08 00:30:00+00:00,ATL,NO,107,116,https://a.espncdn.com/i/teamlogos/nba/500/scoreboard/atl.png,https://a.espncdn.com/i/teamlogos/nba/500/scoreboard/no.png,9,0,1,0,10,0
nba-401468974,2023,2023-02-08 01:00:00+00:00,CHI,MEM,89,104,https://a.espncdn.com/i/teamlogos/nba/500/scoreboard/chi.png,https://a.espncdn.com/i/teamlogos/nba/500/scoreboard/mem.png,15,0,2,1,15,0
nba-401468975,2023,2023-02-08 02:00:00+00:00,MIN,DEN,112,146,https://a.espncdn.com/i/teamlogos/nba/500/scoreboard/min.png,https://a.espncdn.com/i/teamlogos/nba/500/scoreboard/den.png,34,0,0,0,35,0
nba-401468976,2023,2023-02-08 03:00:00+00:00,OKC,LAL,133,130,https://a.espncdn.com/i/teamlogos/nba/500/scoreboard/okc.png,https://a.espncdn.com/i/teamlogos/nba/500/scoreboard/lal.png,3,0,0,0,10,0
nba-401360629,2022,2022-02-08 00:00:00+00:00,TOR,CHA,116,101,https://a.espncdn.com/i/teamlogos/nba/500/scoreboard/tor.png,https://a.espncdn.com/i/teamlogos/nba/500/scoreboard/cha.png,15,0,0,0,15,0
nba-401360630,2022,2022-02-08 00:00:00+00:00,MIA,WSH,121,100,https://a.espncdn.com/i/teamlogos/nba/500/scoreboard/mia.png,https://a.espncdn.com/i/teamlogos/nba/500/scoreboard/wsh.png,21,0,0,0,21,0
nba-401360631,2022,2022-02-08 01:00:00+00:00,PHX,CHI,127,124,https://a.espncdn.com/i/teamlogos/nba/500/scoreboard/phx.png,https://a.espncdn.com/i/teamlogos/nba/500/scoreboard/chi.png,3,0,0,0,19,0
nba-401360632,2022,2022-02-08 01:00:00+00:00,GS,OKC,110,98,https://a.espncdn.com/i/teamlogos/nba/500/scoreboard/gs.png,https://a.espncdn.com/i/teamlogos/nba/500/scoreboard/okc.png,12,0,1,0,13,0
nba-401360633,2022,2022-02-08 02:00:00+00:00,NY,UTAH,104,113,https://a.espncdn.com/i/teamlogos/nba/500/scoreboard/ny.png,https://a.espncdn.com/i/teamlogos/nba/500/scoreboard/utah.png,9,0,2,1,9,0
nba-401584089,2024,2023-11-03 23:00:00+00:00,CLE,IND,116,121,https://a.espncdn.com/i/teamlogos/nba/500/scoreboard/cle.png,https://a.espncdn.com/i/teamlogos/nba/500/scoreboard/ind.png,5,0,0,0,17,0
nba-401584090,2024,2023-11-03 23:30:00+00:00,NY,MIL,105,110,https://a.espncdn.com/i/teamlogos/nba/500/scoreboard/ny.png,https://a.espncdn.com/i/teamlogos/nba/500/scoreboard/mil.png,5,0,1,0,10,0
nba-401584091,2024,2023-11-04 00:00:00+00:00,WSH,MIA,114,121,https://a.espncdn.com/i/teamlogos/nba/500/scoreboard/wsh.png,https://a.espncdn.com/i/teamlogos/nba/500/scoreboard/mia.png,7,0,0,0,20,0
nba-401584092,2024,2023-11-04 00:00:00+00:00,BKN,CHI,109,107,https://a.espncdn.com/i/teamlogos/nba/500/scoreboard/bkn.png,https://a.espncdn.com/i/teamlogos/nba/500/scoreboard/chi.png,2,0,2,1,5,0
nba-401584093,2024,2023-11-04 00:00:00+00:00,GS,OKC,141,139,https://a.espncdn.com/i/teamlogos/nba/500/scoreboard/gs.png,https://a.espncdn.com/i/teamlogos/nba/500/scoreboard/okc.png,2,0,0,0,5,0
nba-401584094,2024,2023-11-04 02:00:00+00:00,DAL,DEN,114,125,https://a.espncdn.com/i/teamlogos/nba/500/scoreboard/dal.png,https://a.espncdn.com/i/teamlogos/nba/500/scoreboard/den.png,11,0,0,0,16,0
nba-401584095,2024,2023-11-04 02:00:00+00:00,MEM,POR,113,115,https://a.espncdn.com/i/teamlogos/nba/500/scoreboard/mem.png,https://a.espncdn.com/i/teamlogos/nba/500/scoreboard/por.png,2,1,2,1,7,0
nba-401585786,2024,2024-04-10 23:00:00+00:00,MEM,CLE,98,110,https://a.espncdn.com/i/teamlogos/nba/500/scoreboard/mem.png,https://a.espncdn.com/i/teamlogos/nba/500/scoreboard/cle.png,12,0,2,0,12,0
nba-401585787,2024,2024-04-10 23:30:00+00:00,CHA,ATL,115,114,https://a.espncdn.com/i/teamlogos/nba/500/scoreboard/cha.png,https://a.espncdn.com/i/teamlogos/nba/500/scoreboard/atl.png,1,0,1,1,15,0
nba-401585788,2024,2024-04-10 23:30:00+00:00,TOR,BKN,102,106,https://a.espncdn.com/i/teamlogos/nba/500/scoreboard/tor.png,https://a.espncdn.com/i/teamlogos/nba/500/scoreboard/bkn.png,4,0,1,1,4,0
nba-401585789,2024,2024-04-10 23:30:00+00:00,DAL,MIA,111,92,https://a.espncdn.com/i/teamlogos/nba/500/scoreboard/dal.png,https://a.espncdn.com/i/teamlogos/nba/500/scoreboard/mia.png,19,0,0,0,22,0
nba-401585790,2024,2024-04-11 00:00:00+00:00,ORL,MIL,99,117,https://a.espncdn.com/i/teamlogos/nba/500/scoreboard/orl.png,https://a.espncdn.com/i/teamlogos/nba/500/scoreboard/mil.png,18,0,0,0,19,0
nba-401585791,2024,2024-04-11 00:00:00+00:00,SA,OKC,89,127,https://a.espncdn.com/i/teamlogos/nba/500/scoreboard/sa.png,https://a.espncdn.com/i/teamlogos/nba/500/scoreboard/okc.png,38,0,0,0,38,0
nba-401585792,2024,2024-04-11 02:00:00+00:00,MIN,DEN,107,116,https://a.espncdn.com/i/teamlogos/nba/500/scoreboard/min.png,https://a.espncdn.com/i/teamlogos/nba/500/scoreboard/den.png,9,0,1,0,9,0
nba-401585793,2024,2024-04-11 02:30:00+00:00,PHX,LAC,124,108,https://a.espncdn.com/i/teamlogos/nba/500/scoreboard/phx.png,https://a.espncdn.com/i/teamlogos/nba/500/scoreboard/lac.png,16,0,2,1,16,0
nba-401468273,2023,2022-11-03 23:00:00+00:00,GS,ORL,129,130,https://a.espncdn.com/i/teamlogos/nba/500/scoreboard/gs.png,https://a.espncdn.com/i/teamlogos/nba/500/scoreboard/orl.png,1,0,1,1,12,0
nba-401468274,2023,2022-11-04 00:00:00+00:00,DEN,OKC,122,110,https://a.espncdn.com/i/teamlogos/nba/500/scoreboard/den.png,https://a.espncdn.com/i/teamlogos/nba/500/scoreboard/okc.png,12,0,2,1,14,0
nba-401360300,2022,2021-12-24 00:00:00+00:00,HOU,IND,106,118,https://a.espncdn.com/i/teamlogos/nba/500/scoreboard/hou.png,https://a.espncdn.com/i/teamlogos/nba/500/scoreboard/ind.png,12,0,2,1,12,0
nba-401360301,2022,2021-12-24 00:00:00+00:00,NO,ORL,110,104,https://a.espncdn.com/i/teamlogos/nba/500/scoreboard/no.png,https://a.espncdn.com/i/teamlogos/nba/500/scoreboard/orl.png,6,0,0,0,15,0
nba-401360302,2022,2021-12-24 00:00:00+00:00,ATL,PHI,98,96,https://a.espncdn.com/i/teamlogos/nba/500/scoreboard/atl.png,https://a.espncdn.com/i/teamlogos/nba/500/scoreboard/phi.png,2,0,0,0,14,0
nba-401360303,2022,2021-12-24 00:30:00+00:00,DET,MIA,112,115,https://a.espncdn.com/i/teamlogos/nba/500/scoreboard/det.png,https://a.espncdn.com/i/teamlogos/nba/500/scoreboard/mia.png,3,0,1,0,6,0
nba-401360304,2022,2021-12-24 00:30:00+00:00,WSH,NY,124,117,https://a.espncdn.com/i/teamlogos/nba/500/scoreboard/wsh.png,https://a.espncdn.com/i/teamlogos/nba/500/scoreboard/ny.png,7,0,2,0,7,0
nba-401360305,2022,2021-12-24 01:30:00+00:00,MIL,DAL,102,95,https://a.espncdn.com/i/teamlogos/nba/500/scoreboard/mil.png,https://a.espncdn.com/i/teamlogos/nba/500/scoreboard/dal.png,7,0,1,0,8,0
nba-401360306,2022,2021-12-24 02:00:00+00:00,CHA,DEN,115,107,https://a.espncdn.com/i/teamlogos/nba/500/scoreboard/cha.png,https://a.espncdn.com/i/teamlogos/nba/500/scoreboard/den.png,8,0,2,1,17,0
nba-401360307,2022,2021-12-24 02:00:00+00:00,OKC,PHX,101,113,https://a.espncdn.com/i/teamlogos/nba/500/scoreboard/okc.png,https://a.espncdn.com/i/teamlogos/nba/500/scoreboard/phx.png,12,0,2,0,13,0
nba-401360308,2022,2021-12-24 02:00:00+00:00,MIN,UTAH,116,128,https://a.espncdn.com/i/teamlogos/nba/500/scoreboard/min.png,https://a.espncdn.com/i/teamlogos/nba/500/scoreboard/utah.png,12,0,0,0,12,0
nba-401360309,2022,2021-12-24 03:00:00+00:00,MEM,GS,104,113,https://a.espncdn.com/i/teamlogos/nba/500/scoreboard/mem.png,https://a.espncdn.com/i/teamlogos/nba/500/scoreboard/gs.png,9,0,1,0,9,0
nba-401360311,2022,2021-12-24 03:30:00+00:00,SA,LAL,138,110,https://a.espncdn.com/i/teamlogos/nba/500/scoreboard/sa.png,https://a.espncdn.com/i/teamlogos/nba/500/scoreboard/lal.png,28,0,0,0,28,0
nba-401360657,2022,2022-02-12 00:00:00+00:00,CHA,DET,141,119,https://a.espncdn.com/i/teamlogos/nba/500/scoreboard/cha.png,https://a.espncdn.com/i/teamlogos/nba/500/scoreboard/det.png,22,0,0,0,24,0
nba-401360658,2022,2022-02-12 00:00:00+00:00,CLE,IND,120,113,https://a.espncdn.com/i/teamlogos/nba/500/scoreboard/cle.png,https://a.espncdn.com/i/teamlogos/nba/500/scoreboard/ind.png,7,0,1,1,19,0
nba-401360659,2022,2022-02-12 00:00:00+00:00,OKC,PHI,87,100,https://a.espncdn.com/i/teamlogos/nba/500/scoreboard/okc.png,https://a.espncdn.com/i/teamlogos/nba/500/scoreboard/phi.png,13,0,0,0,16,0
nba-401360660,2022,2022-02-12 00:30:00+00:00,SA,ATL,136,121,https://a.espncdn.com/i/teamlogos/nba/500/scoreboard/sa.png,https://a.espncdn.com/i/teamlogos/nba/500/scoreboard/atl.png,15,0,0,0,17,0
nba-401360661,2022,2022-02-12 00:30:00+00:00,DEN,BOS,102,108,https://a.espncdn.com/i/teamlogos/nba/500/scoreboard/den.png,https://a.espncdn.com/i/teamlogos/nba/500/scoreboard/bos.png,6,0,1,1,9,0
nba-401360662,2022,2022-02-12 01:00:00+00:00,MIN,CHI,122,134,https://a.espncdn.com/i/teamlogos/nba/500/scoreboard/min.png,https://a.espncdn.com/i/teamlogos/nba/500/scoreboard/chi.png,12,0,0,0,12,0
nba-401360663,2022,2022-02-12 02:00:00+00:00,ORL,UTAH,99,114,https://a.espncdn.com/i/teamlogos/nba/500/scoreboard/orl.png,https://a.espncdn.com/i/teamlogos/nba/500/scoreboard/utah.png,15,0,0,0,16,0
nba-401469001,2023,2023-02-11 23:00:00+00:00,PHI,BKN,101,98,https://a.espncdn.com/i/teamlogos/nba/500/scoreboard/phi.png,https://a.espncdn.com/i/teamlogos/nba/500/scoreboard/bkn.png,3,0,1,1,8,0
nba-401469002,2023,2023-02-12 00:00:00+00:00,DEN,CHA,119,105,https://a.espncdn.com/i/teamlogos/nba/500/scoreboard/den.png,https://a.espncdn.com/i/teamlogos/nba/500/scoreboard/cha.png,14,0,1,0,14,0
nba-401469003,2023,2023-02-12 00:00:00+00:00,MIA,ORL,107,103,https://a.espncdn.com/i/teamlogos/nba/500/scoreboard/mia.png,https://a.espncdn.com/i/teamlogos/nba/500/scoreboard/orl.png,4,1,1,1,10,0
nba-401469004,2023,2023-02-12 00:00:00+00:00,IND,WSH,113,127,https://a.espncdn.com/i/teamlogos/nba/500/scoreboard/ind.png,https://a.espncdn.com/i/teamlogos/nba/500/scoreboard/wsh.png,14,0,0,0,23,0
nba-401469005,2023,2023-02-12 00:30:00+00:00,SA,ATL,106,125,https://a.espncdn.com/i/teamlogos/nba/500/scoreboard/sa.png,https://a.espncdn.com/i/teamlogos/nba/500/scoreboard/atl.png,19,0,0,0,19,0
nba-401469006,2023,2023-02-12 00:30:00+00:00,UTAH,NY,120,126,https://a.espncdn.com/i/teamlogos/nba/500/scoreboard/utah.png,https://a.espncdn.com/i/teamlogos/nba/500/scoreboard/ny.png,6,0,0,0,6,0
nba-401469007,2023,2023-02-12 01:00:00+00:00,CHI,CLE,89,97,https://a.espncdn.com/i/teamlogos/nba/500/scoreboard/chi.png,https://a.espncdn.com/i/teamlogos/nba/500/scoreboard/cle.png,8,0,1,1,9,0
nba-401469008,2023,2023-02-12 01:30:00+00:00,LAL,GS,109,103,https://a.espncdn.com/i/teamlogos/nba/500/scoreboard/lal.png,https://a.espncdn.com/i/teamlogos/nba/500/scoreboard/gs.png,6,0,1,0,6,0
nba-401469009,2023,2023-02-12 03:00:00+00:00,DAL,SAC,128,133,https://a.espncdn.com/i/teamlogos/nba/500/scoreboard/dal.png,https://a.espncdn.com/i/teamlogos/nba/500/scoreboard/sac.png,5,1,2,1,5,0
nba-401585170,2024,2024-01-14 00:00:00+00:00,HOU,BOS,113,145,https://a.espncdn.com/i/teamlogos/nba/500/scoreboard/hou.png,https://a.espncdn.com/i/teamlogos/nba/500/scoreboard/bos.png,32,0,0,0,32,0
nba-401585171,2024,2024-01-14 00:30:00+00:00,WSH,ATL,127,99,https://a.espncdn.com/i/teamlogos/nba/500/scoreboard/wsh.png,https://a.espncdn.com/i/teamlogos/nba/500/scoreboard/atl.png,28,0,0,0,28,0
nba-401585172,2024,2024-01-14 01:00:00+00:00,NY,MEM,106,94,https://a.espncdn.com/i/teamlogos/nba/500/scoreboard/ny.png,https://a.espncdn.com/i/teamlogos/nba/500/scoreboard/mem.png,12,0,1,0,12,0
nba-401585173,2024,2024-01-14 01:00:00+00:00,GS,MIL,118,129,https://a.espncdn.com/i/teamlogos/nba/500/scoreboard/gs.png,https://a.espncdn.com/i/teamlogos/nba/500/scoreboard/mil.png,11,0,2,0,11,0
nba-401585174,2024,2024-01-14 01:00:00+00:00,ORL,OKC,100,112,https://a.espncdn.com/i/teamlogos/nba/500/scoreboard/orl.png,https://a.espncdn.com/i/teamlogos/nba/500/scoreboard/okc.png,12,0,0,0,13,0
nba-401585175,2024,2024-01-14 01:30:00+00:00,NO,DAL,118,108,https://a.espncdn.com/i/teamlogos/nba/500/scoreboard/no.png,https://a.espncdn.com/i/teamlogos/nba/500/scoreboard/dal.png,10,0,2,0,10,0
nba-401585176,2024,2024-01-14 01:30:00+00:00,CHI,SA,122,116,https://a.espncdn.com/i/teamlogos/nba/500/scoreboard/chi.png,https://a.espncdn.com/i/teamlogos/nba/500/scoreboard/sa.png,6,0,0,0,12,0
nba-401585177,2024,2024-01-14 02:30:00+00:00,LAL,UTAH,125,132,https://a.espncdn.com/i/teamlogos/nba/500/scoreboard/lal.png,https://a.espncdn.com/i/teamlogos/nba/500/scoreboard/utah.png,7,0,1,0,8,0
nba-401468361,2023,2022-11-16 00:30:00+00:00,MEM,NO,102,113,https://a.espncdn.com/i/teamlogos/nba/500/scoreboard/mem.png,https://a.espncdn.com/i/teamlogos/nba/500/scoreboard/no.png,11,0,1,0,11,0
nba-401468362,2023,2022-11-16 01:30:00+00:00,LAC,DAL,101,103,https://a.espncdn.com/i/teamlogos/nba/500/scoreboard/lac.png,https://a.espncdn.com/i/teamlogos/nba/500/scoreboard/dal.png,2,0,0,0,22,0
nba-401468363,2023,2022-11-16 02:00:00+00:00,NY,UTAH,118,111,https://a.espncdn.com/i/teamlogos/nba/500/scoreboard/ny.png,https://a.espncdn.com/i/teamlogos/nba/500/scoreboard/utah.png,7,0,3,1,7,0
nba-401468364,2023,2022-11-16 03:00:00+00:00,SA,POR,110,117,https://a.espncdn.com/i/teamlogos/nba/500/scoreboard/sa.png,https://a.espncdn.com/i/teamlogos/nba/500/scoreboard/por.png,7,0,0,0,7,0
nba-401468365,2023,2022-11-16 03:00:00+00:00,BKN,SAC,121,153,https://a.espncdn.com/i/teamlogos/nba/500/scoreboard/bkn.png,https://a.espncdn.com/i/teamlogos/nba/500/scoreboard/sac.png,32,0,0,0,33,0
nba-401585755,2024,2024-04-06 19:30:00+00:00,CLE,LAL,97,116,https://a.espncdn.com/i/teamlogos/nba/500/scoreboard/cle.png,https://a.espncdn.com/i/teamlogos/nba/500/scoreboard/lal.png,19,0,0,0,19,0
nba-401585756,2024,2024-04-06 23:00:00+00:00,DET,BKN,103,113,https://a.espncdn.com/i/teamlogos/nba/500/scoreboard/det.png,https://a.espncdn.com/i/teamlogos/nba/500/scoreboard/bkn.png,10,0,1,1,12,0
nba-401585757,2024,2024-04-07 00:00:00+00:00,PHI,MEM,116,96,https://a.espncdn.com/i/teamlogos/nba/500/scoreboard/phi.png,https://a.espncdn.com/i/teamlogos/nba/500/scoreboard/mem.png,20,0,0,0,20,0
nba-401585758,2024,2024-04-07 01:00:00+00:00,ATL,DEN,110,142,https://a.espncdn.com/i/teamlogos/nba/500/scoreboard/atl.png,https://a.espncdn.com/i/teamlogos/nba/500/scoreboard/den.png,32,0,0,0,32,0
nba-401584820,2024,2023-11-16 00:00:00+00:00,DAL,WSH,130,117,https://a.espncdn.com/i/teamlogos/nba/500/scoreboard/dal.png,https://a.espncdn.com/i/teamlogos/nba/500/scoreboard/wsh.png,13,0,0,0,21,0
nba-401584821,2024,2023-11-16 00:30:00+00:00,NY,ATL,116,114,https://a.espncdn.com/i/teamlogos/nba/500/scoreboard/ny.png,https://a.espncdn.com/i/teamlogos/nba/500/scoreboard/atl.png,2,0,0,0,11,0
nba-401584822,2024,2023-11-16 00:30:00+00:00,BOS,PHI,117,107,https://a.espncdn.com/i/teamlogos/nba/500/scoreboard/bos.png,https://a.espncdn.com/i/teamlogos/nba/500/scoreboard/phi.png,10,0,2,0,15,0
nba-401584823,2024,2023-11-16 00:30:00+00:00,MIL,TOR,128,112,https://a.espncdn.com/i/teamlogos/nba/500/scoreboard/mil.png,https://a.espncdn.com/i/teamlogos/nba/500/scoreboard/tor.png,16,0,0,0,23,0
nba-401584824,2024,2023-11-16 01:00:00+00:00,ORL,CHI,96,94,https://a.espncdn.com/i/teamlogos/nba/500/scoreboard/orl.png,https://a.espncdn.com/i/teamlogos/nba/500/scoreboard/chi.png,2,0,0,0,17,0
nba-401584825,2024,2023-11-16 02:00:00+00:00,MIN,PHX,115,133,https://a.espncdn.com/i/teamlogos/nba/500/scoreboard/min.png,https://a.espncdn.com/i/teamlogos/nba/500/scoreboard/phx.png,18,0,0,0,28,0
nba-401584826,2024,2023-11-16 03:00:00+00:00,SAC,LAL,125,110,https://a.espncdn.com/i/teamlogos/nba/500/scoreboard/sac.png,https://a.espncdn.com/i/teamlogos/nba/500/scoreboard/lal.png,15,0,0,0,24,0
nba-401584827,2024,2023-11-16 03:00:00+00:00,CLE,POR,109,95,https://a.espncdn.com/i/teamlogos/nba/500/scoreboard/cle.png,https://a.espncdn.com/i/teamlogos/nba/500/scoreboard/por.png,14,0,0,0,14,0
nba-401474869,2023,2022-10-07 23:30:00+00:00,BOS,CHA,112,103,https://a.espncdn.com/i/teamlogos/nba/500/scoreboard/bos.png,https://a.espncdn.com/i/teamlogos/nba/500/scoreboard/cha.png,9,0,1,0,13,0
nba-401474870,2023,2022-10-07 23:30:00+00:00,IND,NY,114,131,https://a.espncdn.com/i/teamlogos/nba/500/scoreboard/ind.png,https://a.espncdn.com/i/teamlogos/nba/500/scoreboard/ny.png,17,0,1,0,18,0
nba-401474871,2023,2022-10-08 00:00:00+00:00,DEN,CHI,113,131,https://a.espncdn.com/i/teamlogos/nba/500/scoreboard/den.png,https://a.espncdn.com/i/teamlogos/nba/500/scoreboard/chi.png,18,0,0,0,18,0
nba-401474872,2023,2022-10-08 00:00:00+00:00,TOR,HOU,100,116,https://a.espncdn.com/i/teamlogos/nba/500/scoreboard/tor.png,https://a.espncdn.com/i/teamlogos/nba/500/scoreboard/hou.png,16,0,1,0,16,0
nba-401474873,2023,2022-10-08 00:00:00+00:00,MIA,MEM,111,108,https://a.espncdn.com/i/teamlogos/nba/500/scoreboard/mia.png,https://a.espncdn.com/i/teamlogos/nba/500/scoreboard/mem.png,3,0,1,0,8,0
nba-401474874,2023,2022-10-08 00:00:00+00:00,DET,NO,101,107,https://a.espncdn.com/i/teamlogos/nba/500/scoreboard/det.png,https://a.espncdn.com/i/teamlogos/nba/500/scoreboard/no.png,6,0,0,0,8,0
nba-401474875,2023,2022-10-08 00:30:00+00:00,ORL,DAL,110,105,https://a.espncdn.com/i/teamlogos/nba/500/scoreboard/orl.png,https://a.espncdn.com/i/teamlogos/nba/500/scoreboard/dal.png,5,0,1,1,18,0
nba-401658196,2024,2024-05-15 00:00:00+00:00,IND,NY,91,121,https://a.espncdn.com/i/teamlogos/nba/500/scoreboard/ind.png,https://a.espncdn.com/i/teamlogos/nba/500/scoreboard/ny.png,30,0,0,0,30,1
nba-401657186,2024,2024-05-15 02:30:00+00:00,MIN,DEN,97,112,https://a.espncdn.com/i/teamlogos/nba/500/scoreboard/min.png,https://a.espncdn.com/i/teamlogos/nba/500/scoreboard/den.png,15,0,0,0,15,1
nba-401442535,2022,2022-06-17 01:00:00+00:00,GS,BOS,103,90,https://a.espncdn.com/i/teamlogos/nba/500/scoreboard/gs.png,https://a.espncdn.com/i/teamlogos/nba/500/scoreboard/bos.png,13,0,0,0,15,1
nba-401591870,2024,2023-10-07 16:00:00+00:00,MIN,DAL,104,96,https://a.espncdn.com/i/teamlogos/nba/500/scoreboard/min.png,https://a.espncdn.com/i/teamlogos/nba/500/scoreboard/dal.png,8,0,0,0,11,0
nba-401591871,2024,2023-10-08 00:30:00+00:00,LAL,GS,108,125,https://a.espncdn.com/i/teamlogos/nba/500/scoreboard/lal.png,https://a.espncdn.com/i/teamlogos/nba/500/scoreboard/gs.png,17,0,0,0,17,0
nba-401360529,2022,2022-03-04 00:00:00+00:00,CHI,ATL,124,130,https://a.espncdn.com/i/teamlogos/nba/500/scoreboard/chi.png,https://a.espncdn.com/i/teamlogos/nba/500/scoreboard/atl.png,6,0,1,1,7,0
nba-401360759,2022,2022-03-04 00:30:00+00:00,MEM,BOS,107,120,https://a.espncdn.com/i/teamlogos/nba/500/scoreboard/mem.png,https://a.espncdn.com/i/teamlogos/nba/500/scoreboard/bos.png,13,0,0,0,13,0
nba-401360760,2022,2022-03-04 00:30:00+00:00,MIA,BKN,113,107,https://a.espncdn.com/i/teamlogos/nba/500/scoreboard/mia.png,https://a.espncdn.com/i/teamlogos/nba/500/scoreboard/bkn.png,6,0,1,0,12,0
nba-401360761,2022,2022-03-04 00:30:00+00:00,DET,TOR,108,106,https://a.espncdn.com/i/teamlogos/nba/500/scoreboard/det.png,https://a.espncdn.com/i/teamlogos/nba/500/scoreboard/tor.png,2,0,0,0,14,0
nba-401360762,2022,2022-03-04 01:30:00+00:00,GS,DAL,113,122,https://a.espncdn.com/i/teamlogos/nba/500/scoreboard/gs.png,https://a.espncdn.com/i/teamlogos/nba/500/scoreboard/dal.png,9,0,0,0,14,0
nba-401360763,2022,2022-03-04 01:30:00+00:00,SAC,SA,115,112,https://a.espncdn.com/i/teamlogos/nba/500/scoreboard/sac.png,https://a.espncdn.com/i/teamlogos/nba/500/scoreboard/sa.png,3,0,0,0,13,0
nba-401360764,2022,2022-03-04 03:00:00+00:00,LAL,LAC,111,132,https://a.espncdn.com/i/teamlogos/nba/500/scoreboard/lal.png,https://a.espncdn.com/i/teamlogos/nba/500/scoreboard/lac.png,21,0,0,0,25,0
nba-401469101,2023,2023-03-04 00:00:00+00:00,ORL,CHA,117,106,https://a.espncdn.com/i/teamlogos/nba/500/scoreboard/orl.png,https://a.espncdn.com/i/teamlogos/nba/500/scoreboard/cha.png,11,0,0,0,18,0
nba-401469102,2023,2023-03-04 00:30:00+00:00,POR,ATL,111,129,https://a.espncdn.com/i/teamlogos/nba/500/scoreboard/por.png,https://a.espncdn.com/i/teamlogos/nba/500/scoreboard/atl.png,18,0,0,0,21,0
nba-401469103,2023,2023-03-04 00:30:00+00:00,BKN,BOS,115,105,https://a.espncdn.com/i/teamlogos/nba/500/scoreboard/bkn.png,https://a.espncdn.com/i/teamlogos/nba/500/scoreboard/bos.png,10,0,1,0,22,0
nba-401469104,2023,2023-03-04 01:00:00+00:00,NY,MIA,122,120,https://a.espncdn.com/i/teamlogos/nba/500/scoreboard/ny.png,https://a.espncdn.com/i/teamlogos/nba/500/scoreboard/mia.png,2,0,0,0,15,0
nba-401469105,2023,2023-03-04 01:00:00+00:00,PHX,CHI,125,104,https://a.espncdn.com/i/teamlogos/nba/500/scoreboard/phx.png,https://a.espncdn.com/i/teamlogos/nba/500/scoreboard/chi.png,21,0,2,0,21,0
nba-401469106,2023,2023-03-04 01:00:00+00:00,UTAH,OKC,103,130,https://a.espncdn.com/i/teamlogos/nba/500/scoreboard/utah.png,https://a.espncdn.com/i/teamlogos/nba/500/scoreboard/okc.png,27,0,0,0,27,0
nba-401469107,2023,2023-03-04 03:00:00+00:00,MEM,DEN,97,113,https://a.espncdn.com/i/teamlogos/nba/500/scoreboard/mem.png,https://a.espncdn.com/i/teamlogos/nba/500/scoreboard/den.png,16,0,2,0,16,0
nba-401469108,2023,2023-03-04 03:00:00+00:00,NO,GS,99,108,https://a.espncdn.com/i/teamlogos/nba/500/scoreboard/no.png,https://a.espncdn.com/i/teamlogos/nba/500/scoreboard/gs.png,9,0,1,0,14,0
nba-401469109,2023,2023-03-04 03:00:00+00:00,LAC,SAC,127,128,https://a.espncdn.com/i/teamlogos/nba/500/scoreboard/lac.png,https://a.espncdn.com/i/teamlogos/nba/500/scoreboard/sac.png,1,0,0,0,5,0
nba-401469110,2023,2023-03-04 03:30:00+00:00,MIN,LAL,110,102,https://a.espncdn.com/i/teamlogos/nba/500/scoreboard/min.png,https://a.espncdn.com/i/teamlogos/nba/500/scoreboard/lal.png,8,0,1,0,8,0
nba-401585688,2024,2024-03-28 23:30:00+00:00,BOS,ATL,122,123,https://a.espncdn.com/i/teamlogos/nba/500/scoreboard/bos.png,https://a.espncdn.com/i/teamlogos/nba/500/scoreboard/atl.png,1,1,1,1,4,0
nba-401585689,2024,2024-03-29 00:00:00+00:00,MIL,NO,100,107,https://a.espncdn.com/i/teamlogos/nba/500/scoreboard/mil.png,https://a.espncdn.com/i/teamlogos/nba/500/scoreboard/no.png,7,0,0,0,16,0
nba-401360485,2022,2022-01-19 00:30:00+00:00,MIN,NY,112,110,https://a.espncdn.com/i/teamlogos/nba/500/scoreboard/min.png,https://a.espncdn.com/i/teamlogos/nba/500/scoreboard/ny.png,2,0,2,1,10,0
nba-401360486,2022,2022-01-19 03:00:00+00:00,DET,GS,86,102,https://a.espncdn.com/i/teamlogos/nba/500/scoreboard/det.png,https://a.espncdn.com/i/teamlogos/nba/500/scoreboard/gs.png,16,0,0,0,28,0
nba-401468824,2023,2023-01-19 00:30:00+00:00,WSH,NY,116,105,https://a.espncdn.com/i/teamlogos/nba/500/scoreboard/wsh.png,https://a.espncdn.com/i/teamlogos/nba/500/scoreboard/ny.png,11,0,0,0,13,0
nba-401468825,2023,2023-01-19 00:30:00+00:00,ATL,DAL,130,122,https://a.espncdn.com/i/teamlogos/nba/500/scoreboard/atl.png,https://a.espncdn.com/i/teamlogos/nba/500/scoreboard/dal.png,8,0,0,0,8,0
nba-401468826,2023,2023-01-19 01:00:00+00:00,CHA,HOU,122,117,https://a.espncdn.com/i/teamlogos/nba/500/scoreboard/cha.png,https://a.espncdn.com/i/teamlogos/nba/500/scoreboard/hou.png,5,0,2,1,7,0
nba-401468827,2023,2023-01-19 01:00:00+00:00,CLE,MEM,114,115,https://a.espncdn.com/i/teamlogos/nba/500/scoreboard/cle.png,https://a.espncdn.com/i/teamlogos/nba/500/scoreboard/mem.png,1,0,2,1,7,0
nba-401468828,2023,2023-01-19 01:00:00+00:00,MIA,NO,124,98,https://a.espncdn.com/i/teamlogos/nba/500/scoreboard/mia.png,https://a.espncdn.com/i/teamlogos/nba/500/scoreboard/no.png,26,0,0,0,26,0
nba-401468829,2023,2023-01-19 01:00:00+00:00,IND,OKC,106,126,https://a.espncdn.com/i/teamlogos/nba/500/scoreboard/ind.png,https://a.espncdn.com/i/teamlogos/nba/500/scoreboard/okc.png,20,0,0,0,27,0
nba-401468830,2023,2023-01-19 02:00:00+00:00,LAC,UTAH,103,126,https://a.espncdn.com/i/teamlogos/nba/500/scoreboard/lac.png,https://a.espncdn.com/i/teamlogos/nba/500/scoreboard/utah.png,23,0,0,0,23,0
nba-401468831,2023,2023-01-19 03:12:00+00:00,MIN,DEN,118,122,https://a.espncdn.com/i/teamlogos/nba/500/scoreboard/min.png,https://a.espncdn.com/i/teamlogos/nba/500/scoreboard/den.png,4,0,2,1,7,0
nba-401468832,2023,2023-01-19 03:30:00+00:00,SAC,LAL,116,111,https://a.espncdn.com/i/teamlogos/nba/500/scoreboard/sac.png,https://a.espncdn.com/i/teamlogos/nba/500/scoreboard/lal.png,5,0,1,0,11,0
nba-401360241,2022,2021-12-16 00:00:00+00:00,HOU,CLE,89,124,https://a.espncdn.com/i/teamlogos/nba/500/scoreboard/hou.png,https://a.espncdn.com/i/teamlogos/nba/500/scoreboard/cle.png,35,0,0,0,37,0
nba-401360242,2022,2021-12-16 00:00:00+00:00,ATL,ORL,111,99,https://a.espncdn.com/i/teamlogos/nba/500/scoreboard/atl.png,https://a.espncdn.com/i/teamlogos/nba/500/scoreboard/orl.png,12,0,0,0,20,0
nba-401360243,2022,2021-12-16 00:00:00+00:00,MIA,PHI,101,96,https://a.espncdn.com/i/teamlogos/nba/500/scoreboard/mia.png,https://a.espncdn.com/i/teamlogos/nba/500/scoreboard/phi.png,5,0,0,0,11,0
nba-401360244,2022,2021-12-16 00:30:00+00:00,LAL,DAL,107,104,https://a.espncdn.com/i/teamlogos/nba/500/scoreboard/lal.png,https://a.espncdn.com/i/teamlogos/nba/500/scoreboard/dal.png,3,1,2,0,10,0
nba-401360245,2022,2021-12-16 01:00:00+00:00,IND,MIL,99,114,https://a.espncdn.com/i/teamlogos/nba/500/scoreboard/ind.png,https://a.espncdn.com/i/teamlogos/nba/500/scoreboard/mil.png,15,0,0,0,15,0
nba-401360246,2022,2021-12-16 01:00:00+00:00,NO,OKC,113,110,https://a.espncdn.com/i/teamlogos/nba/500/scoreboard/no.png,https://a.espncdn.com/i/teamlogos/nba/500/scoreboard/okc.png,3,0,1,1,6,0
nba-401360247,2022,2021-12-16 01:30:00+00:00,CHA,SA,131,115,https://a.espncdn.com/i/teamlogos/nba/500/scoreboard/cha.png,https://a.espncdn.com/i/teamlogos/nba/500/scoreboard/sa.png,16,0,0,0,28,0
nba-401360248,2022,2021-12-16 02:00:00+00:00,MIN,DEN,124,107,https://a.espncdn.com/i/teamlogos/nba/500/scoreboard/min.png,https://a.espncdn.com/i/teamlogos/nba/500/scoreboard/den.png,17,0,0,0,20,0
nba-401360249,2022,2021-12-16 03:00:00+00:00,LAC,UTAH,103,124,https://a.espncdn.com/i/teamlogos/nba/500/scoreboard/lac.png,https://a.espncdn.com/i/teamlogos/nba/500/scoreboard/utah.png,21,0,0,0,21,0
nba-401360250,2022,2021-12-16 03:00:00+00:00,MEM,POR,113,103,https://a.espncdn.com/i/teamlogos/nba/500/scoreboard/mem.png,https://a.espncdn.com/i/teamlogos/nba/500/scoreboard/por.png,10,0,2,1,10,0
nba-401360251,2022,2021-12-16 03:00:00+00:00,WSH,SAC,105,119,https://a.espncdn.com/i/teamlogos/nba/500/scoreboard/wsh.png,https://a.espncdn.com/i/teamlogos/nba/500/scoreboard/sac.png,14,0,1,1,14,0
nba-401655113,2024,2024-04-26 21:30:00+00:00,MIL,IND,118,121,https://a.espncdn.com/i/teamlogos/nba/500/scoreboard/mil.png,https://a.espncdn.com/i/teamlogos/nba/500/scoreboard/ind.png,3,1,0,0,17,1
nba-401655095,2024,2024-04-27 00:00:00+00:00,LAC,DAL,90,101,https://a.espncdn.com/i/teamlogos/nba/500/scoreboard/lac.png,https://a.espncdn.com/i/teamlogos/nba/500/scoreboard/dal.png,11,0,1,0,13,1
nba-401655089,2024,2024-04-27 02:30:00+00:00,MIN,PHX,126,109,https://a.espncdn.com/i/teamlogos/nba/500/scoreboard/min.png,https://a.espncdn.com/i/teamlogos/nba/500/scoreboard/phx.png,17,0,0,0,22,1
nba-401585537,2024,2024-03-09 00:00:00+00:00,NO,PHI,103,95,https://a.espncdn.com/i/teamlogos/nba/500/scoreboard/no.png,https://a.espncdn.com/i/teamlogos/nba/500/scoreboard/phi.png,8,0,0,0,29,0
nba-401585538,2024,2024-03-09 00:00:00+00:00,CHA,WSH,100,112,https://a.espncdn.com/i/teamlogos/nba/500/scoreboard/cha.png,https://a.espncdn.com/i/teamlogos/nba/500/scoreboard/wsh.png,12,0,2,1,12,0
nba-401585539,2024,2024-03-09 00:30:00+00:00,MIN,CLE,104,113,https://a.espncdn.com/i/teamlogos/nba/500/scoreboard/min.png,https://a.espncdn.com/i/teamlogos/nba/500/scoreboard/cle.png,9,1,2,1,9,0
nba-401585540,2024,2024-03-09 00:30:00+00:00,ORL,NY,74,98,https://a.espncdn.com/i/teamlogos/nba/500/scoreboard/orl.png,https://a.espncdn.com/i/teamlogos/nba/500/scoreboard/ny.png,24,0,0,0,26,0
nba-401585541,2024,2024-03-09 01:00:00+00:00,ATL,MEM,99,92,https://a.espncdn.com/i/teamlogos/nba/500/scoreboard/atl.png,https://a.espncdn.com/i/teamlogos/nba/500/scoreboard/mem.png,7,0,1,0,11,0
nba-401585542,2024,2024-03-09 01:00:00+00:00,MIA,OKC,100,107,https://a.espncdn.com/i/teamlogos/nba/500/scoreboard/mia.png,https://a.espncdn.com/i/teamlogos/nba/500/scoreboard/okc.png,7,0,1,0,10,0
nba-401585543,2024,2024-03-09 03:00:00+00:00,MIL,LAL,122,123,https://a.espncdn.com/i/teamlogos/nba/500/scoreboard/mil.png,https://a.espncdn.com/i/teamlogos/nba/500/scoreboard/lal.png,1,0,1,0,6,0
nba-401585544,2024,2024-03-09 03:00:00+00:00,HOU,POR,123,107,https://a.espncdn.com/i/teamlogos/nba/500/scoreboard/hou.png,https://a.espncdn.com/i/teamlogos/nba/500/scoreboard/por.png,16,0,1,0,16,0
nba-401360903,2022,2022-03-23 23:00:00+00:00,NY,CHA,121,106,https://a.espncdn.com/i/teamlogos/nba/500/scoreboard/ny.png,https://a.espncdn.com/i/teamlogos/nba/500/scoreboard/cha.png,15,0,0,0,16,0
nba-401360904,2022,2022-03-23 23:00:00+00:00,ATL,DET,101,122,https://a.espncdn.com/i/teamlogos/nba/500/scoreboard/atl.png,https://a.espncdn.com/i/teamlogos/nba/500/scoreboard/det.png,21,0,1,0,21,0
nba-401360905,2022,2022-03-23 23:00:00+00:00,SAC,IND,110,109,https://a.espncdn.com/i/teamlogos/nba/500/scoreboard/sac.png,https://a.espncdn.com/i/teamlogos/nba/500/scoreboard/ind.png,1,0,2,1,5,0
nba-401360906,2022,2022-03-23 23:30:00+00:00,UTAH,BOS,97,125,https://a.espncdn.com/i/teamlogos/nba/500/scoreboard/utah.png,https://a.espncdn.com/i/teamlogos/nba/500/scoreboard/bos.png,28,0,0,0,28,0
nba-401360907,2022,2022-03-23 23:30:00+00:00,GS,MIA,118,104,https://a.espncdn.com/i/teamlogos/nba/500/scoreboard/gs.png,https://a.espncdn.com/i/teamlogos/nba/500/scoreboard/mia.png,14,0,0,0,14,0
nba-401360908,2022,2022-03-23 23:30:00+00:00,BKN,MEM,120,132,https://a.espncdn.com/i/teamlogos/nba/500/scoreboard/bkn.png,https://a.espncdn.com/i/teamlogos/nba/500/scoreboard/mem.png,12,0,2,1,14,0
nba-401360909,2022,2022-03-24 00:00:00+00:00,PHX,MIN,125,116,https://a.espncdn.com/i/teamlogos/nba/500/scoreboard/phx.png,https://a.espncdn.com/i/teamlogos/nba/500/scoreboard/min.png,9,0,1,1,13,0
nba-401360910,2022,2022-03-24 00:00:00+00:00,ORL,OKC,102,118,https://a.espncdn.com/i/teamlogos/nba/500/scoreboard/orl.png,https://a.espncdn.com/i/teamlogos/nba/500/scoreboard/okc.png,16,0,1,0,16,0
nba-401360911,2022,2022-03-24 00:30:00+00:00,HOU,DAL,91,110,https://a.espncdn.com/i/teamlogos/nba/500/scoreboard/hou.png,https://a.espncdn.com/i/teamlogos/nba/500/scoreboard/dal.png,19,0,2,0,19,0
nba-401360912,2022,2022-03-24 02:00:00+00:00,PHI,LAL,126,121,https://a.espncdn.com/i/teamlogos/nba/500/scoreboard/phi.png,https://a.espncdn.com/i/teamlogos/nba/500/scoreboard/lal.png,5,0,1,0,9,0
nba-401360913,2022,2022-03-24 02:00:00+00:00,SA,POR,133,96,https://a.espncdn.com/i/teamlogos/nba/500/scoreboard/sa.png,https://a.espncdn.com/i/teamlogos/nba/500/scoreboard/por.png,37,0,0,0,37,0
nba-401469248,2023,2023-03-23 23:00:00+00:00,NY,ORL,106,111,https://a.espncdn.com/i/teamlogos/nba/500/scoreboard/ny.png,https://a.espncdn.com/i/teamlogos/nba/500/scoreboard/orl.png,5,0,0,0,8,0
nba-401469249,2023,2023-03-23 23:30:00+00:00,CLE,BKN,116,114,https://a.espncdn.com/i/teamlogos/nba/500/scoreboard/cle.png,https://a.espncdn.com/i/teamlogos/nba/500/scoreboard/bkn.png,2,0,1,1,6,0
nba-401469250,2023,2023-03-24 00:00:00+00:00,CHA,NO,96,115,https://a.espncdn.com/i/teamlogos/nba/500/scoreboard/cha.png,https://a.espncdn.com/i/teamlogos/nba/500/scoreboard/no.png,19,0,0,0,19,0
nba-401469251,2023,2023-03-24 02:30:00+00:00,OKC,LAC,105,127,https://a.espncdn.com/i/teamlogos/nba/500/scoreboard/okc.png,https://a.espncdn.com/i/teamlogos/nba/500/scoreboard/lac.png,22,0,0,0,22,0
nba-401468221,2023,2022-10-27 23:30:00+00:00,DAL,BKN,129,125,https://a.espncdn.com/i/teamlogos/nba/500/scoreboard/dal.png,https://a.espncdn.com/i/teamlogos/nba/500/scoreboard/bkn.png,4,1,0,0,7,0
nba-401468222,2023,2022-10-28 00:00:00+00:00,LAC,OKC,110,118,https://a.espncdn.com/i/teamlogos/nba/500/scoreboard/lac.png,https://a.espncdn.com/i/teamlogos/nba/500/scoreboard/okc.png,8,0,2,0,10,0
nba-401468223,2023,2022-10-28 02:00:00+00:00,MIA,GS,110,123,https://a.espncdn.com/i/teamlogos/nba/500/scoreboard/mia.png,https://a.espncdn.com/i/teamlogos/nba/500/scoreboard/gs.png,13,0,0,0,13,0
nba-401468224,2023,2022-10-28 02:00:00+00:00,MEM,SAC,125,110,https://a.espncdn.com/i/teamlogos/nba/500/scoreboard/mem.png,https://a.espncdn.com/i/teamlogos/nba/500/scoreboard/sac.png,15,0,0,0,15,0
nba-401584705,2024,2023-10-27 23:00:00+00:00,DET,CHA,111,99,https://a.espncdn.com/i/teamlogos/nba/500/scoreboard/det.png,https://a.espncdn.com/i/teamlogos/nba/500/scoreboard/cha.png,12,0,0,0,12,0
nba-401584706,2024,2023-10-27 23:00:00+00:00,DEN,MEM,108,104,https://a.espncdn.com/i/teamlogos/nba/500/scoreboard/den.png,https://a.espncdn.com/i/teamlogos/nba/500/scoreboard/mem.png,4,0,0,0,10,0
nba-401584707,2024,2023-10-27 23:30:00+00:00,NY,ATL,126,120,https://a.espncdn.com/i/teamlogos/nba/500/scoreboard/ny.png,https://a.espncdn.com/i/teamlogos/nba/500/scoreboard/atl.png,6,0,0,0,8,0
nba-401584708,2024,2023-10-27 23:30:00+00:00,MIA,BOS,111,119,https://a.espncdn.com/i/teamlogos/nba/500/scoreboard/mia.png,https://a.espncdn.com/i/teamlogos/nba/500/scoreboard/bos.png,8,0,3,1,8,0
nba-401584709,2024,2023-10-27 23:30:00+00:00,OKC,CLE,108,105,https://a.espncdn.com/i/teamlogos/nba/500/scoreboard/okc.png,https://a.espncdn.com/i/teamlogos/nba/500/scoreboard/cle.png,3,0,0,0,10,0
nba-401584710,2024,2023-10-28 00:00:00+00:00,TOR,CHI,103,104,https://a.espncdn.com/i/teamlogos/nba/500/scoreboard/tor.png,https://a.espncdn.com/i/teamlogos/nba/500/scoreboard/chi.png,1,1,2,1,7,0
nba-401584711,2024,2023-10-28 00:00:00+00:00,HOU,SA,122,126,https://a.espncdn.com/i/teamlogos/nba/500/scoreboard/hou.png,https://a.espncdn.com/i/teamlogos/nba/500/scoreboard/sa.png,4,1,2,1,7,0
nba-401584712,2024,2023-10-28 00:30:00+00:00,BKN,DAL,120,125,https://a.espncdn.com/i/teamlogos/nba/500/scoreboard/bkn.png,https://a.espncdn.com/i/teamlogos/nba/500/scoreboard/dal.png,5,0,2,1,5,0
nba-401584713,2024,2023-10-28 01:30:00+00:00,LAC,UTAH,118,120,https://a.espncdn.com/i/teamlogos/nba/500/scoreboard/lac.png,https://a.espncdn.com/i/teamlogos/nba/500/scoreboard/utah.png,2,0,0,0,9,0
nba-401584714,2024,2023-10-28 02:00:00+00:00,ORL,POR,102,97,https://a.espncdn.com/i/teamlogos/nba/500/scoreboard/orl.png,https://a.espncdn.com/i/teamlogos/nba/500/scoreboard/por.png,5,0,0,0,8,0
nba-401584715,2024,2023-10-28 02:00:00+00:00,GS,SAC,122,114,https://a.espncdn.com/i/teamlogos/nba/500/scoreboard/gs.png,https://a.espncdn.com/i/teamlogos/nba/500/scoreboard/sac.png,8,0,1,0,15,0
nba-401433613,2022,2022-05-09 23:30:00+00:00,BOS,MIL,116,108,https://a.espncdn.com/i/teamlogos/nba/500/scoreboard/bos.png,https://a.espncdn.com/i/teamlogos/nba/500/scoreboard/mil.png,8,0,1,1,8,1
nba-401434773,2022,2022-05-10 02:00:00+00:00,MEM,GS,98,101,https://a.espncdn.com/i/teamlogos/nba/500/scoreboard/mem.png,https://a.espncdn.com/i/teamlogos/nba/500/scoreboard/gs.png,3,0,1,1,7,1
nba-401545115,2023,2023-05-09 23:30:00+00:00,PHI,BOS,115,103,https://a.espncdn.com/i/teamlogos/nba/500/scoreboard/phi.png,https://a.espncdn.com/i/teamlogos/nba/500/scoreboard/bos.png,12,0,0,0,16,1
nba-401544338,2023,2023-05-10 02:00:00+00:00,PHX,DEN,102,118,https://a.espncdn.com/i/teamlogos/nba/500/scoreboard/phx.png,https://a.espncdn.com/i/teamlogos/nba/500/scoreboard/den.png,16,0,0,0,17,1
nba-401584740,2024,2023-10-31 23:30:00+00:00,NY,CLE,109,91,https://a.espncdn.com/i/teamlogos/nba/500/scoreboard/ny.png,https://a.espncdn.com/i/teamlogos/nba/500/scoreboard/cle.png,18,0,0,0,18,0
nba-401584741,2024,2023-11-01 02:00:00+00:00,SA,PHX,115,114,https://a.espncdn.com/i/teamlogos/nba/500/scoreboard/sa.png,https://a.espncdn.com/i/teamlogos/nba/500/scoreboard/phx.png,1,0,1,1,18,0
nba-401584742,2024,2023-11-01 02:30:00+00:00,ORL,LAC,102,118,https://a.espncdn.com/i/teamlogos/nba/500/scoreboard/orl.png,https://a.espncdn.com/i/teamlogos/nba/500/scoreboard/lac.png,16,0,1,0,17,0
nba-401672976,2024,2024-05-23 00:30:00+00:00,DAL,MIN,108,105,https://a.espncdn.com/i/teamlogos/nba/500/scoreboard/dal.png,https://a.espncdn.com/i/teamlogos/nba/500/scoreboard/min.png,3,0,1,1,6,1
nba-401468251,2023,2022-10-31 23:00:00+00:00,SAC,CHA,115,108,https://a.espncdn.com/i/teamlogos/nba/500/scoreboard/sac.png,https://a.espncdn.com/i/teamlogos/nba/500/scoreboard/cha.png,7,0,1,0,15,0
nba-401468252,2023,2022-10-31 23:00:00+00:00,PHI,WSH,118,111,https://a.espncdn.com/i/teamlogos/nba/500/scoreboard/phi.png,https://a.espncdn.com/i/teamlogos/nba/500/scoreboard/wsh.png,7,0,0,0,13,0
nba-401468253,2023,2022-10-31 23:30:00+00:00,IND,BKN,109,116,https://a.espncdn.com/i/teamlogos/nba/500/scoreboard/ind.png,https://a.espncdn.com/i/teamlogos/nba/500/scoreboard/bkn.png,7,0,0,0,15,0
nba-401468254,2023,2022-10-31 23:30:00+00:00,ATL,TOR,109,139,https://a.espncdn.com/i/teamlogos/nba/500/scoreboard/atl.png,https://a.espncdn.com/i/teamlogos/nba/500/scoreboard/tor.png,30,0,0,0,30,0
nba-401468255,2023,2022-11-01 00:00:00+00:00,DET,MIL,108,110,https://a.espncdn.com/i/teamlogos/nba/500/scoreboard/det.png,https://a.espncdn.com/i/teamlogos/nba/500/scoreboard/mil.png,2,0,0,0,11,0
nba-401468256,2023,2022-11-01 01:00:00+00:00,MEM,UTAH,105,121,https://a.espncdn.com/i/teamlogos/nba/500/scoreboard/mem.png,https://a.espncdn.com/i/teamlogos/nba/500/scoreboard/utah.png,16,0,1,0,23,0
nba-401468257,2023,2022-11-01 02:30:00+00:00,HOU,LAC,93,95,https://a.espncdn.com/i/teamlogos/nba/500/scoreboard/hou.png,https://a.espncdn.com/i/teamlogos/nba/500/scoreboard/lac.png,2,0,2,1,7,0
nba-401360157,2022,2021-12-04 00:00:00+00:00,MIA,IND,113,104,https://a.espncdn.com/i/teamlogos/nba/500/scoreboard/mia.png,https://a.espncdn.com/i/teamlogos/nba/500/scoreboard/ind.png,9,0,0,0,11,0
nba-401360158,2022,2021-12-04 00:00:00+00:00,CLE,WSH,116,101,https://a.espncdn.com/i/teamlogos/nba/500/scoreboard/cle.png,https://a.espncdn.com/i/teamlogos/nba/500/scoreboard/wsh.png,15,0,0,0,27,0
nba-401360159,2022,2021-12-04 00:30:00+00:00,PHI,ATL,98,96,https://a.espncdn.com/i/teamlogos/nba/500/scoreboard/phi.png,https://a.espncdn.com/i/teamlogos/nba/500/scoreboard/atl.png,2,0,2,1,9,0
nba-401360160,2022,2021-12-04 00:30:00+00:00,MIN,BKN,105,110,https://a.espncdn.com/i/teamlogos/nba/500/scoreboard/min.png,https://a.espncdn.com/i/teamlogos/nba/500/scoreboard/bkn.png,5,0,1,0,7,0
nba-401360161,2022,2021-12-04 01:00:00+00:00,ORL,HOU,116,118,https://a.espncdn.com/i/teamlogos/nba/500/scoreboard/orl.png,https://a.espncdn.com/i/teamlogos/nba/500/scoreboard/hou.png,2,0,2,0,7,0
nba-401360162,2022,2021-12-04 01:30:00+00:00,NO,DAL,107,91,https://a.espncdn.com/i/teamlogos/nba/500/scoreboard/no.png,https://a.espncdn.com/i/teamlogos/nba/500/scoreboard/dal.png,16,0,1,0,16,0
nba-401360163,2022,2021-12-04 02:00:00+00:00,BOS,UTAH,130,137,https://a.espncdn.com/i/teamlogos/nba/500/scoreboard/bos.png,https://a.espncdn.com/i/teamlogos/nba/500/scoreboard/utah.png,7,0,0,0,13,0
nba-401360164,2022,2021-12-04 03:00:00+00:00,PHX,GS,96,118,https://a.espncdn.com/i/teamlogos/nba/500/scoreboard/phx.png,https://a.espncdn.com/i/teamlogos/nba/500/scoreboard/gs.png,22,0,0,0,22,0
nba-401360165,2022,2021-12-04 03:00:00+00:00,LAC,LAL,119,115,https://a.espncdn.com/i/teamlogos/nba/500/scoreboard/lac.png,https://a.espncdn.com/i/teamlogos/nba/500/scoreboard/lal.png,4,0,0,0,8,0
nba-401655109,2024,2024-04-30 23:00:00+00:00,PHI,NY,112,106,https://a.espncdn.com/i/teamlogos/nba/500/scoreboard/phi.png,https://a.espncdn.com/i/teamlogos/nba/500/scoreboard/ny.png,6,1,2,1,9,1
nba-401655121,2024,2024-05-01 00:00:00+00:00,ORL,CLE,103,104,https://a.espncdn.com/i/teamlogos/nba/500/scoreboard/orl.png,https://a.espncdn.com/i/teamlogos/nba/500/scoreboard/cle.png,1,0,0,0,10,1
nba-401655115,2024,2024-05-01 01:30:00+00:00,IND,MIL,92,115,https://a.espncdn.com/i/teamlogos/nba/500/scoreboard/ind.png,https://a.espncdn.com/i/teamlogos/nba/500/scoreboard/mil.png,23,0,1,0,23,1
nba-401468415,2023,2022-11-24 00:00:00+00:00,PHI,CHA,101,107,https://a.espncdn.com/i/teamlogos/nba/500/scoreboard/phi.png,https://a.espncdn.com/i/teamlogos/nba/500/scoreboard/cha.png,6,0,1,0,12,0
nba-401468416,2023,2022-11-24 00:00:00+00:00,POR,CLE,96,114,https://a.espncdn.com/i/teamlogos/nba/500/scoreboard/por.png,https://a.espncdn.com/i/teamlogos/nba/500/scoreboard/cle.png,18,0,0,0,18,0
nba-401468417,2023,2022-11-24 00:00:00+00:00,MIN,IND,115,101,https://a.espncdn.com/i/teamlogos/nba/500/scoreboard/min.png,https://a.espncdn.com/i/teamlogos/nba/500/scoreboard/ind.png,14,0,0,0,14,0
nba-401468418,2023,2022-11-24 00:30:00+00:00,SAC,ATL,106,115,https://a.espncdn.com/i/teamlogos/nba/500/scoreboard/sac.png,https://a.espncdn.com/i/teamlogos/nba/500/scoreboard/atl.png,9,0,0,0,15,0
nba-401468419,2023,2022-11-24 00:30:00+00:00,DAL,BOS,112,125,https://a.espncdn.com/i/teamlogos/nba/500/scoreboard/dal.png,https://a.espncdn.com/i/teamlogos/nba/500/scoreboard/bos.png,13,0,0,0,21,0
nba-401468420,2023,2022-11-24 00:30:00+00:00,WSH,MIA,105,113,https://a.espncdn.com/i/teamlogos/nba/500/scoreboard/wsh.png,https://a.espncdn.com/i/teamlogos/nba/500/scoreboard/mia.png,8,0,0,0,17,0
nba-401468421,2023,2022-11-24 00:30:00+00:00,BKN,TOR,112,98,https://a.espncdn.com/i/teamlogos/nba/500/scoreboard/bkn.png,https://a.espncdn.com/i/teamlogos/nba/500/scoreboard/tor.png,14,0,0,0,15,0
nba-401468422,2023,2022-11-24 01:00:00+00:00,CHI,MIL,118,113,https://a.espncdn.com/i/teamlogos/nba/500/scoreboard/chi.png,https://a.espncdn.com/i/teamlogos/nba/500/scoreboard/mil.png,5,0,1,0,7,0
nba-401468423,2023,2022-11-24 01:00:00+00:00,DEN,OKC,131,126,https://a.espncdn.com/i/teamlogos/nba/500/scoreboard/den.png,https://a.espncdn.com/i/teamlogos/nba/500/scoreboard/okc.png,5,1,2,1,17,0
nba-401468424,2023,2022-11-24 01:00:00+00:00,NO,SA,129,110,https://a.espncdn.com/i/teamlogos/nba/500/scoreboard/no.png,https://a.espncdn.com/i/teamlogos/nba/500/scoreboard/sa.png,19,0,0,0,19,0
nba-401468425,2023,2022-11-24 02:00:00+00:00,DET,UTAH,125,116,https://a.espncdn.com/i/teamlogos/nba/500/scoreboard/det.png,https://a.espncdn.com/i/teamlogos/nba/500/scoreboard/utah.png,9,0,0,0,12,0
nba-401468426,2023,2022-11-24 03:00:00+00:00,LAC,GS,107,124,https://a.espncdn.com/i/teamlogos/nba/500/scoreboard/lac.png,https://a.espncdn.com/i/teamlogos/nba/500/scoreboard/gs.png,17,0,0,0,19,0
nba-401585255,2024,2024-01-26 00:00:00+00:00,PHI,IND,122,134,https://a.espncdn.com/i/teamlogos/nba/500/scoreboard/phi.png,https://a.espncdn.com/i/teamlogos/nba/500/scoreboard/ind.png,12,0,0,0,21,0
nba-401585256,2024,2024-01-26 00:00:00+00:00,UTAH,WSH,123,108,https://a.espncdn.com/i/teamlogos/nba/500/scoreboard/utah.png,https://a.espncdn.com/i/teamlogos/nba/500/scoreboard/wsh.png,15,0,0,0,20,0
nba-401585257,2024,2024-01-26 00:30:00+00:00,MIN,BKN,96,94,https://a.espncdn.com/i/teamlogos/nba/500/scoreboard/min.png,https://a.espncdn.com/i/teamlogos/nba/500/scoreboard/bkn.png,2,0,1,0,12,0
nba-401585258,2024,2024-01-26 00:30:00+00:00,BOS,MIA,143,110,https://a.espncdn.com/i/teamlogos/nba/500/scoreboard/bos.png,https://a.espncdn.com/i/teamlogos/nba/500/scoreboard/mia.png,33,0,0,0,33,0
nba-401585259,2024,2024-01-26 00:30:00+00:00,DEN,NY,84,122,https://a.espncdn.com/i/teamlogos/nba/500/scoreboard/den.png,https://a.espncdn.com/i/teamlogos/nba/500/scoreboard/ny.png,38,0,0,0,38,0
nba-401585260,2024,2024-01-26 03:00:00+00:00,SAC,GS,134,133,https://a.espncdn.com/i/teamlogos/nba/500/scoreboard/sac.png,https://a.espncdn.com/i/teamlogos/nba/500/scoreboard/gs.png,1,0,0,0,8,0
nba-401585261,2024,2024-01-26 03:30:00+00:00,CHI,LAL,132,141,https://a.espncdn.com/i/teamlogos/nba/500/scoreboard/chi.png,https://a.espncdn.com/i/teamlogos/nba/500/scoreboard/lal.png,9,0,1,0,19,0
nba-401469074,2023,2023-02-28 00:00:00+00:00,DET,CHA,106,117,https://a.espncdn.com/i/teamlogos/nba/500/scoreboard/det.png,https://a.espncdn.com/i/teamlogos/nba/500/scoreboard/cha.png,11,0,0,0,20,0
nba-401469075,2023,2023-02-28 00:00:00+00:00,MIA,PHI,101,99,https://a.espncdn.com/i/teamlogos/nba/500/scoreboard/mia.png,https://a.espncdn.com/i/teamlogos/nba/500/scoreboard/phi.png,2,0,0,0,8,0
nba-401469076,2023,2023-02-28 00:30:00+00:00,BOS,NY,94,109,https://a.espncdn.com/i/teamlogos/nba/500/scoreboard/bos.png,https://a.espncdn.com/i/teamlogos/nba/500/scoreboard/ny.png,15,0,0,0,15,0
nba-401469077,2023,2023-02-28 01:00:00+00:00,ORL,NO,101,93,https://a.espncdn.com/i/teamlogos/nba/500/scoreboard/orl.png,https://a.espncdn.com/i/teamlogos/nba/500/scoreboard/no.png,8,0,0,0,11,0
nba-401360731,2022,2022-02-27 18:00:00+00:00,PHI,NY,125,109,https://a.espncdn.com/i/teamlogos/nba/500/scoreboard/phi.png,https://a.espncdn.com/i/teamlogos/nba/500/scoreboard/ny.png,16,0,0,0,16,0
nba-401360732,2022,2022-02-27 20:30:00+00:00,UTAH,PHX,118,114,https://a.espncdn.com/i/teamlogos/nba/500/scoreboard/utah.png,https://a.espncdn.com/i/teamlogos/nba/500/scoreboard/phx.png,4,0,1,0,5,0
nba-401360733,2022,2022-02-27 22:00:00+00:00,BOS,IND,107,128,https://a.espncdn.com/i/teamlogos/nba/500/scoreboard/bos.png,https://a.espncdn.com/i/teamlogos/nba/500/scoreboard/ind.png,21,0,1,0,21,0
nba-401360734,2022,2022-02-28 00:00:00+00:00,DET,CHA,127,126,https://a.espncdn.com/i/teamlogos/nba/500/scoreboard/det.png,https://a.espncdn.com/i/teamlogos/nba/500/scoreboard/cha.png,1,1,2,1,4,0
nba-401360735,2022,2022-02-28 00:00:00+00:00,LAC,HOU,99,98,https://a.espncdn.com/i/teamlogos/nba/500/scoreboard/lac.png,https://a.espncdn.com/i/teamlogos/nba/500/scoreboard/hou.png,1,0,1,1,9,0
nba-401360736,2022,2022-02-28 00:30:00+00:00,DAL,GS,107,101,https://a.espncdn.com/i/teamlogos/nba/500/scoreboard/dal.png,https://a.espncdn.com/i/teamlogos/nba/500/scoreboard/gs.png,6,0,1,1,14,0
nba-401360737,2022,2022-02-28 02:00:00+00:00,DEN,POR,124,92,https://a.espncdn.com/i/teamlogos/nba/500/scoreboard/den.png,https://a.espncdn.com/i/teamlogos/nba/500/scoreboard/por.png,32,0,0,0,32,0
nba-401360738,2022,2022-02-28 03:00:00+00:00,NO,LAL,123,95,https://a.espncdn.com/i/teamlogos/nba/500/scoreboard/no.png,https://a.espncdn.com/i/teamlogos/nba/500/scoreboard/lal.png,28,0,0,0,30,0
nba-401547675,2023,2023-05-26 00:30:00+00:00,MIA,BOS,97,110,https://a.espncdn.com/i/teamlogos/nba/500/scoreboard/mia.png,https://a.espncdn.com/i/teamlogos/nba/500/scoreboard/bos.png,13,0,0,0,18,1
nba-401438134,2022,2022-05-26 00:30:00+00:00,BOS,MIA,93,80,https://a.espncdn.com/i/teamlogos/nba/500/scoreboard/bos.png,https://a.espncdn.com/i/teamlogos/nba/500/scoreboard/mia.png,13,0,1,0,13,1
nba-401360877,2022,2022-03-19 21:00:00+00:00,MIL,MIN,119,138,https://a.espncdn.com/i/teamlogos/nba/500/scoreboard/mil.png,https://a.espncdn.com/i/teamlogos/nba/500/scoreboard/min.png,19,0,0,0,24,0
nba-401360878,2022,2022-03-19 23:00:00+00:00,DAL,CHA,108,129,https://a.espncdn.com/i/teamlogos/nba/500/scoreboard/dal.png,https://a.espncdn.com/i/teamlogos/nba/500/scoreboard/cha.png,21,0,0,0,22,0
nba-401360879,2022,2022-03-20 00:00:00+00:00,DET,CLE,109,113,https://a.espncdn.com/i/teamlogos/nba/500/scoreboard/det.png,https://a.espncdn.com/i/teamlogos/nba/500/scoreboard/cle.png,4,0,2,0,5,0
nba-401360880,2022,2022-03-20 00:00:00+00:00,LAL,WSH,119,127,https://a.espncdn.com/i/teamlogos/nba/500/scoreboard/lal.png,https://a.espncdn.com/i/teamlogos/nba/500/scoreboard/wsh.png,8,0,1,1,10,0
nba-401469218,2023,2023-03-19 19:30:00+00:00,DEN,BKN,108,102,https://a.espncdn.com/i/teamlogos/nba/500/scoreboard/den.png,https://a.espncdn.com/i/teamlogos/nba/500/scoreboard/bkn.png,6,0,0,0,20,0
nba-401469219,2023,2023-03-19 19:30:00+00:00,PHX,OKC,120,124,https://a.espncdn.com/i/teamlogos/nba/500/scoreboard/phx.png,https://a.espncdn.com/i/teamlogos/nba/500/scoreboard/okc.png,4,0,1,1,12,0
nba-401469220,2023,2023-03-19 20:00:00+00:00,ATL,SA,118,126,https://a.espncdn.com/i/teamlogos/nba/500/scoreboard/atl.png,https://a.espncdn.com/i/teamlogos/nba/500/scoreboard/sa.png,8,0,1,1,22,0
nba-401469221,2023,2023-03-19 22:00:00+00:00,MIA,DET,112,100,https://a.espncdn.com/i/teamlogos/nba/500/scoreboard/mia.png,https://a.espncdn.com/i/teamlogos/nba/500/scoreboard/det.png,12,0,3,1,12,0
nba-401469222,2023,2023-03-19 23:00:00+00:00,NO,HOU,117,107,https://a.espncdn.com/i/teamlogos/nba/500/scoreboard/no.png,https://a.espncdn.com/i/teamlogos/nba/500/scoreboard/hou.png,10,0,0,0,20,0
nba-401469223,2023,2023-03-20 00:00:00+00:00,TOR,MIL,111,118,https://a.espncdn.com/i/teamlogos/nba/500/scoreboard/tor.png,https://a.espncdn.com/i/teamlogos/nba/500/scoreboard/mil.png,7,0,2,1,7,0
nba-401469224,2023,2023-03-20 01:00:00+00:00,LAC,POR,117,102,https://a.espncdn.com/i/teamlogos/nba/500/scoreboard/lac.png,https://a.espncdn.com/i/teamlogos/nba/500/scoreboard/por.png,15,0,0,0,15,0
nba-401469225,2023,2023-03-20 01:30:00+00:00,ORL,LAL,105,111,https://a.espncdn.com/i/teamlogos/nba/500/scoreboard/orl.png,https://a.espncdn.com/i/teamlogos/nba/500/scoreboard/lal.png,6,0,0,0,10,0
nba-401365946,2022,2021-10-14 23:00:00+00:00,MIA,ATL,92,127,https://a.espncdn.com/i/teamlogos/nba/500/scoreboard/mia.png,https://a.espncdn.com/i/teamlogos/nba/500/scoreboard/atl.png,35,0,0,0,35,0
nba-401365947,2022,2021-10-14 23:30:00+00:00,MIN,BKN,101,107,https://a.espncdn.com/i/teamlogos/nba/500/scoreboard/min.png,https://a.espncdn.com/i/teamlogos/nba/500/scoreboard/bkn.png,6,0,1,0,9,0
nba-401365948,2022,2021-10-15 00:00:00+00:00,DEN,OKC,113,107,https://a.espncdn.com/i/teamlogos/nba/500/scoreboard/den.png,https://a.espncdn.com/i/teamlogos/nba/500/scoreboard/okc.png,6,1,3,1,6,0
nba-401365949,2022,2021-10-15 02:00:00+00:00,LAL,SAC,112,116,https://a.espncdn.com/i/teamlogos/nba/500/scoreboard/lal.png,https://a.espncdn.com/i/teamlogos/nba/500/scoreboard/sac.png,4,0,0,0,12,0
nba-401468653,2023,2022-12-27 00:00:00+00:00,BKN,CLE,125,117,https://a.espncdn.com/i/teamlogos/nba/500/scoreboard/bkn.png,https://a.espncdn.com/i/teamlogos/nba/500/scoreboard/cle.png,8,0,0,0,16,0
nba-401468654,2023,2022-12-27 00:00:00+00:00,LAC,DET,142,131,https://a.espncdn.com/i/teamlogos/nba/500/scoreboard/lac.png,https://a.espncdn.com/i/teamlogos/nba/500/scoreboard/det.png,11,1,3,1,11,0
nba-401468655,2023,2022-12-27 00:30:00+00:00,MIN,MIA,110,113,https://a.espncdn.com/i/teamlogos/nba/500/scoreboard/min.png,https://a.espncdn.com/i/teamlogos/nba/500/scoreboard/mia.png,3,0,0,0,7,0
nba-401468656,2023,2022-12-27 01:00:00+00:00,HOU,CHI,133,118,https://a.espncdn.com/i/teamlogos/nba/500/scoreboard/hou.png,https://a.espncdn.com/i/teamlogos/nba/500/scoreboard/chi.png,15,0,2,0,15,0
nba-401468657,2023,2022-12-27 01:00:00+00:00,IND,NO,93,113,https://a.espncdn.com/i/teamlogos/nba/500/scoreboard/ind.png,https://a.espncdn.com/i/teamlogos/nba/500/scoreboard/no.png,20,0,0,0,28,0
nba-401468658,2023,2022-12-27 01:30:00+00:00,UTAH,SA,122,126,https://a.espncdn.com/i/teamlogos/nba/500/scoreboard/utah.png,https://a.espncdn.com/i/teamlogos/nba/500/scoreboard/sa.png,4,0,0,0,14,0
nba-401468659,2023,2022-12-27 03:00:00+00:00,CHA,POR,113,124,https://a.espncdn.com/i/teamlogos/nba/500/scoreboard/cha.png,https://a.espncdn.com/i/teamlogos/nba/500/scoreboard/por.png,11,0,1,0,11,0
nba-401585034,2024,2023-12-27 00:00:00+00:00,BKN,DET,118,112,https://a.espncdn.com/i/teamlogos/nba/500/scoreboard/bkn.png,https://a.espncdn.com/i/teamlogos/nba/500/scoreboard/det.png,6,0,1,0,7,0
nba-401585035,2024,2023-12-27 00:00:00+00:00,ORL,WSH,127,119,https://a.espncdn.com/i/teamlogos/nba/500/scoreboard/orl.png,https://a.espncdn.com/i/teamlogos/nba/500/scoreboard/wsh.png,8,0,0,0,10,0
nba-401585036,2024,2023-12-27 01:00:00+00:00,ATL,CHI,113,118,https://a.espncdn.com/i/teamlogos/nba/500/scoreboard/atl.png,https://a.espncdn.com/i/teamlogos/nba/500/scoreboard/chi.png,5,0,2,1,11,0
nba-401585037,2024,2023-12-27 01:00:00+00:00,IND,HOU,123,117,https://a.espncdn.com/i/teamlogos/nba/500/scoreboard/ind.png,https://a.espncdn.com/i/teamlogos/nba/500/scoreboard/hou.png,6,0,1,0,11,0
nba-401585038,2024,2023-12-27 01:00:00+00:00,MEM,NO,116,115,https://a.espncdn.com/i/teamlogos/nba/500/scoreboard/mem.png,https://a.espncdn.com/i/teamlogos/nba/500/scoreboard/no.png,1,1,2,1,13,0
nba-401585039,2024,2023-12-27 01:00:00+00:00,MIN,OKC,106,129,https://a.espncdn.com/i/teamlogos/nba/500/scoreboard/min.png,https://a.espncdn.com/i/teamlogos/nba/500/scoreboard/okc.png,23,0,0,0,23,0
nba-401585040,2024,2023-12-27 01:00:00+00:00,UTAH,SA,130,118,https://a.espncdn.com/i/teamlogos/nba/500/scoreboard/utah.png,https://a.espncdn.com/i/teamlogos/nba/500/scoreboard/sa.png,12,0,1,0,12,0
nba-401585041,2024,2023-12-27 03:00:00+00:00,SAC,POR,113,130,https://a.espncdn.com/i/teamlogos/nba/500/scoreboard/sac.png,https://a.espncdn.com/i/teamlogos/nba/500/scoreboard/por.png,17,0,1,0,17,0
nba-401585042,2024,2023-12-27 03:30:00+00:00,CHA,LAC,104,113,https://a.espncdn.com/i/teamlogos/nba/500/scoreboard/cha.png,https://a.espncdn.com/i/teamlogos/nba/500/scoreboard/lac.png,9,0,1,0,9,0
nba-401360515,2022,2022-01-23 00:00:00+00:00,SAC,MIL,127,133,https://a.espncdn.com/i/teamlogos/nba/500/scoreboard/sac.png,https://a.espncdn.com/i/teamlogos/nba/500/scoreboard/mil.png,6,0,1,0,8,0
nba-401360514,2022,2022-01-23 01:00:00+00:00,OKC,CLE,87,94,https://a.espncdn.com/i/teamlogos/nba/500/scoreboard/okc.png,https://a.espncdn.com/i/teamlogos/nba/500/scoreboard/cle.png,7,0,0,0,10,0
nba-401360516,2022,2022-01-23 02:00:00+00:00,IND,PHX,103,113,https://a.espncdn.com/i/teamlogos/nba/500/scoreboard/ind.png,https://a.espncdn.com/i/teamlogos/nba/500/scoreboard/phx.png,10,0,1,0,18,0
nba-401468856,2023,2023-01-22 19:30:00+00:00,LAC,DAL,112,98,https://a.espncdn.com/i/teamlogos/nba/500/scoreboard/lac.png,https://a.espncdn.com/i/teamlogos/nba/500/scoreboard/dal.png,14,0,2,0,14,0
nba-401468854,2023,2023-01-22 20:30:00+00:00,NO,MIA,96,100,https://a.espncdn.com/i/teamlogos/nba/500/scoreboard/no.png,https://a.espncdn.com/i/teamlogos/nba/500/scoreboard/mia.png,4,0,1,1,9,0
nba-401468855,2023,2023-01-22 23:00:00+00:00,NY,TOR,116,125,https://a.espncdn.com/i/teamlogos/nba/500/scoreboard/ny.png,https://a.espncdn.com/i/teamlogos/nba/500/scoreboard/tor.png,9,0,0,0,15,0
nba-401468857,2023,2023-01-23 01:00:00+00:00,OKC,DEN,101,99,https://a.espncdn.com/i/teamlogos/nba/500/scoreboard/okc.png,https://a.espncdn.com/i/teamlogos/nba/500/scoreboard/den.png,2,0,0,0,9,0
nba-401468858,2023,2023-01-23 01:00:00+00:00,MEM,PHX,110,112,https://a.espncdn.com/i/teamlogos/nba/500/scoreboard/mem.png,https://a.espncdn.com/i/teamlogos/nba/500/scoreboard/phx.png,2,0,0,0,25,0
nba-401468859,2023,2023-01-23 01:30:00+00:00,BKN,GS,120,116,https://a.espncdn.com/i/teamlogos/nba/500/scoreboard/bkn.png,https://a.espncdn.com/i/teamlogos/nba/500/scoreboard/gs.png,4,0,1,1,12,0
nba-401468860,2023,2023-01-23 02:00:00+00:00,LAL,POR,121,112,https://a.espncdn.com/i/teamlogos/nba/500/scoreboard/lal.png,https://a.espncdn.com/i/teamlogos/nba/500/scoreboard/por.png,9,0,2,1,25,0
nba-401359957,2022,2021-11-06 21:00:00+00:00,HOU,DEN,94,95,https://a.espncdn.com/i/teamlogos/nba/500/scoreboard/hou.png,https://a.espncdn.com/i/teamlogos/nba/500/scoreboard/den.png,1,0,1,0,1,0
nba-401359958,2022,2021-11-06 23:30:00+00:00,UTAH,MIA,115,118,https://a.espncdn.com/i/teamlogos/nba/500/scoreboard/utah.png,https://a.espncdn.com/i/teamlogos/nba/500/scoreboard/mia.png,3,0,0,0,9,0
nba-401359959,2022,2021-11-07 00:00:00+00:00,PHI,CHI,114,105,https://a.espncdn.com/i/teamlogos/nba/500/scoreboard/phi.png,https://a.espncdn.com/i/teamlogos/nba/500/scoreboard/chi.png,9,0,0,0,10,0
nba-401359960,2022,2021-11-07 00:30:00+00:00,BOS,DAL,104,107,https://a.espncdn.com/i/teamlogos/nba/500/scoreboard/bos.png,https://a.espncdn.com/i/teamlogos/nba/500/scoreboard/dal.png,3,0,0,0,17,0
nba-401359961,2022,2021-11-07 02:00:00+00:00,ATL,PHX,117,121,https://a.espncdn.com/i/teamlogos/nba/500/scoreboard/atl.png,https://a.espncdn.com/i/teamlogos/nba/500/scoreboard/phx.png,4,0,3,1,12,0
nba-401359962,2022,2021-11-07 02:30:00+00:00,LAL,POR,90,105,https://a.espncdn.com/i/teamlogos/nba/500/scoreboard/lal.png,https://a.espncdn.com/i/teamlogos/nba/500/scoreboard/por.png,15,0,0,0,31,0
nba-401585140,2024,2024-01-10 00:00:00+00:00,SAC,DET,131,110,https://a.espncdn.com/i/teamlogos/nba/500/scoreboard/sac.png,https://a.espncdn.com/i/teamlogos/nba/500/scoreboard/det.png,21,0,1,0,21,0
nba-401585141,2024,2024-01-10 00:00:00+00:00,MIN,ORL,113,92,https://a.espncdn.com/i/teamlogos/nba/500/scoreboard/min.png,https://a.espncdn.com/i/teamlogos/nba/500/scoreboard/orl.png,21,0,0,0,30,0
nba-401585142,2024,2024-01-10 00:30:00+00:00,POR,NY,84,112,https://a.espncdn.com/i/teamlogos/nba/500/scoreboard/por.png,https://a.espncdn.com/i/teamlogos/nba/500/scoreboard/ny.png,28,0,0,0,36,0
nba-401585143,2024,2024-01-10 01:30:00+00:00,MEM,DAL,120,103,https://a.espncdn.com/i/teamlogos/nba/500/scoreboard/mem.png,https://a.espncdn.com/i/teamlogos/nba/500/scoreboard/dal.png,17,0,0,0,20,0
nba-401585144,2024,2024-01-10 03:30:00+00:00,TOR,LAL,131,132,https://a.espncdn.com/i/teamlogos/nba/500/scoreboard/tor.png,https://a.espncdn.com/i/teamlogos/nba/500/scoreboard/lal.png,1,0,2,1,4,0
nba-401585067,2024,2023-12-30 22:00:00+00:00,MIA,UTAH,109,117,https://a.espncdn.com/i/teamlogos/nba/500/scoreboard/mia.png,https://a.espncdn.com/i/teamlogos/nba/500/scoreboard/utah.png,8,0,1,0,8,0
nba-401585068,2024,2023-12-30 23:00:00+00:00,TOR,DET,127,129,https://a.espncdn.com/i/teamlogos/nba/500/scoreboard/tor.png,https://a.espncdn.com/i/teamlogos/nba/500/scoreboard/det.png,2,0,0,0,8,0
nba-401585069,2024,2023-12-31 00:00:00+00:00,NY,IND,126,140,https://a.espncdn.com/i/teamlogos/nba/500/scoreboard/ny.png,https://a.espncdn.com/i/teamlogos/nba/500/scoreboard/ind.png,14,0,0,0,14,0
nba-401585070,2024,2023-12-31 01:00:00+00:00,PHI,CHI,92,105,https://a.espncdn.com/i/teamlogos/nba/500/scoreboard/phi.png,https://a.espncdn.com/i/teamlogos/nba/500/scoreboard/chi.png,13,0,0,0,13,0
nba-401585071,2024,2023-12-31 01:00:00+00:00,LAL,MIN,106,108,https://a.espncdn.com/i/teamlogos/nba/500/scoreboard/lal.png,https://a.espncdn.com/i/teamlogos/nba/500/scoreboard/min.png,2,0,1,0,5,0
nba-401585072,2024,2023-12-31 01:30:00+00:00,DAL,GS,132,122,https://a.espncdn.com/i/teamlogos/nba/500/scoreboard/dal.png,https://a.espncdn.com/i/teamlogos/nba/500/scoreboard/gs.png,10,0,0,0,12,0
nba-401430227,2022,2022-04-21 23:30:00+00:00,MEM,MIN,104,95,https://a.espncdn.com/i/teamlogos/nba/500/scoreboard/mem.png,https://a.espncdn.com/i/teamlogos/nba/500/scoreboard/min.png,9,0,1,1,18,1
nba-401430235,2022,2022-04-22 01:00:00+00:00,DAL,UTAH,126,118,https://a.espncdn.com/i/teamlogos/nba/500/scoreboard/dal.png,https://a.espncdn.com/i/teamlogos/nba/500/scoreboard/utah.png,8,0,0,0,17,1
nba-401430250,2022,2022-04-22 02:00:00+00:00,GS,DEN,118,113,https://a.espncdn.com/i/teamlogos/nba/500/scoreboard/gs.png,https://a.espncdn.com/i/teamlogos/nba/500/scoreboard/den.png,5,0,2,1,10,1
nba-401541180,2023,2023-04-21 23:00:00+00:00,BOS,ATL,122,130,https://a.espncdn.com/i/teamlogos/nba/500/scoreboard/bos.png,https://a.espncdn.com/i/teamlogos/nba/500/scoreboard/atl.png,8,0,1,0,8,1
nba-401541182,2023,2023-04-22 00:30:00+00:00,CLE,NY,79,99,https://a.espncdn.com/i/teamlogos/nba/500/scoreboard/cle.png,https://a.espncdn.com/i/teamlogos/nba/500/scoreboard/ny.png,20,0,0,0,20,1
nba-401541175,2023,2023-04-22 01:43:00+00:00,DEN,MIN,120,111,https://a.espncdn.com/i/teamlogos/nba/500/scoreboard/den.png,https://a.espncdn.com/i/teamlogos/nba/500/scoreboard/min.png,9,0,0,0,9,1
nba-401468684,2023,2022-12-31 00:00:00+00:00,WSH,ORL,119,100,https://a.espncdn.com/i/teamlogos/nba/500/scoreboard/wsh.png,https://a.espncdn.com/i/teamlogos/nba/500/scoreboard/orl.png,19,0,0,0,25,0
nba-401468685,2023,2022-12-31 00:30:00+00:00,LAL,ATL,130,121,https://a.espncdn.com/i/teamlogos/nba/500/scoreboard/lal.png,https://a.espncdn.com/i/teamlogos/nba/500/scoreboard/atl.png,9,0,1,0,10,0
nba-401468686,2023,2022-12-31 00:30:00+00:00,PHX,TOR,104,113,https://a.espncdn.com/i/teamlogos/nba/500/scoreboard/phx.png,https://a.espncdn.com/i/teamlogos/nba/500/scoreboard/tor.png,9,0,0,0,9,0
nba-401468687,2023,2022-12-31 01:00:00+00:00,DET,CHI,118,132,https://a.espncdn.com/i/teamlogos/nba/500/scoreboard/det.png,https://a.espncdn.com/i/teamlogos/nba/500/scoreboard/chi.png,14,0,0,0,14,0
nba-401468688,2023,2022-12-31 01:00:00+00:00,MIN,MIL,114,123,https://a.espncdn.com/i/teamlogos/nba/500/scoreboard/min.png,https://a.espncdn.com/i/teamlogos/nba/500/scoreboard/mil.png,9,0,1,0,11,0
nba-401468689,2023,2022-12-31 01:30:00+00:00,PHI,NO,116,127,https://a.espncdn.com/i/teamlogos/nba/500/scoreboard/phi.png,https://a.espncdn.com/i/teamlogos/nba/500/scoreboard/no.png,11,0,0,0,11,0
nba-401468690,2023,2022-12-31 02:00:00+00:00,MIA,DEN,119,124,https://a.espncdn.com/i/teamlogos/nba/500/scoreboard/mia.png,https://a.espncdn.com/i/teamlogos/nba/500/scoreboard/den.png,5,0,2,1,5,0
nba-401468691,2023,2022-12-31 03:00:00+00:00,POR,GS,112,118,https://a.espncdn.com/i/teamlogos/nba/500/scoreboard/por.png,https://a.espncdn.com/i/teamlogos/nba/500/scoreboard/gs.png,6,0,2,1,16,0
nba-401468692,2023,2022-12-31 03:00:00+00:00,UTAH,SAC,125,126,https://a.espncdn.com/i/teamlogos/nba/500/scoreboard/utah.png,https://a.espncdn.com/i/teamlogos/nba/500/scoreboard/sac.png,1,0,0,0,4,0
nba-401359982,2022,2021-11-11 00:00:00+00:00,WSH,CLE,97,94,https://a.espncdn.com/i/teamlogos/nba/500/scoreboard/wsh.png,https://a.espncdn.com/i/teamlogos/nba/500/scoreboard/cle.png,3,0,2,1,6,0
nba-401359983,2022,2021-11-11 00:00:00+00:00,BKN,ORL,123,90,https://a.espncdn.com/i/teamlogos/nba/500/scoreboard/bkn.png,https://a.espncdn.com/i/teamlogos/nba/500/scoreboard/orl.png,33,0,0,0,33,0
nba-401359984,2022,2021-11-11 00:30:00+00:00,TOR,BOS,88,104,https://a.espncdn.com/i/teamlogos/nba/500/scoreboard/tor.png,https://a.espncdn.com/i/teamlogos/nba/500/scoreboard/bos.png,16,0,0,0,16,0
nba-401359985,2022,2021-11-11 00:30:00+00:00,MIL,NY,112,100,https://a.espncdn.com/i/teamlogos/nba/500/scoreboard/mil.png,https://a.espncdn.com/i/teamlogos/nba/500/scoreboard/ny.png,12,0,0,0,16,0
nba-401359986,2022,2021-11-11 00:30:00+00:00,DET,HOU,112,104,https://a.espncdn.com/i/teamlogos/nba/500/scoreboard/det.png,https://a.espncdn.com/i/teamlogos/nba/500/scoreboard/hou.png,8,0,2,0,8,0
nba-401359987,2022,2021-11-11 01:00:00+00:00,DAL,CHI,107,117,https://a.espncdn.com/i/teamlogos/nba/500/scoreboard/dal.png,https://a.espncdn.com/i/teamlogos/nba/500/scoreboard/chi.png,10,0,1,0,15,0
nba-401359988,2022,2021-11-11 01:00:00+00:00,CHA,MEM,118,108,https://a.espncdn.com/i/teamlogos/nba/500/scoreboard/cha.png,https://a.espncdn.com/i/teamlogos/nba/500/scoreboard/mem.png,10,0,1,0,10,0
nba-401359989,2022,2021-11-11 01:00:00+00:00,OKC,NO,108,100,https://a.espncdn.com/i/teamlogos/nba/500/scoreboard/okc.png,https://a.espncdn.com/i/teamlogos/nba/500/scoreboard/no.png,8,0,1,0,14,0
nba-401359990,2022,2021-11-11 01:30:00+00:00,SAC,SA,117,136,https://a.espncdn.com/i/teamlogos/nba/500/scoreboard/sac.png,https://a.espncdn.com/i/teamlogos/nba/500/scoreboard/sa.png,19,0,0,0,19,0
nba-401359991,2022,2021-11-11 02:00:00+00:00,IND,DEN,98,101,https://a.espncdn.com/i/teamlogos/nba/500/scoreboard/ind.png,https://a.espncdn.com/i/teamlogos/nba/500/scoreboard/den.png,3,0,0,0,4,0
nba-401359992,2022,2021-11-11 02:00:00+00:00,POR,PHX,109,119,https://a.espncdn.com/i/teamlogos/nba/500/scoreboard/por.png,https://a.espncdn.com/i/teamlogos/nba/500/scoreboard/phx.png,10,0,0,0,13,0
nba-401359993,2022,2021-11-11 03:00:00+00:00,MIN,GS,110,123,https://a.espncdn.com/i/teamlogos/nba/500/scoreboard/min.png,https://a.espncdn.com/i/teamlogos/nba/500/scoreboard/gs.png,13,0,0,0,15,0
nba-401359994,2022,2021-11-11 03:00:00+00:00,MIA,LAL,117,120,https://a.espncdn.com/i/teamlogos/nba/500/scoreboard/mia.png,https://a.espncdn.com/i/teamlogos/nba/500/scoreboard/lal.png,3,1,2,1,4,0
nba-401584836,2024,2023-11-19 20:00:00+00:00,PHI,BKN,121,99,https://a.espncdn.com/i/teamlogos/nba/500/scoreboard/phi.png,https://a.espncdn.com/i/teamlogos/nba/500/scoreboard/bkn.png,22,0,0,0,23,0
nba-401584839,2024,2023-11-19 21:00:00+00:00,DET,TOR,113,142,https://a.espncdn.com/i/teamlogos/nba/500/scoreboard/det.png,https://a.espncdn.com/i/teamlogos/nba/500/scoreboard/tor.png,29,0,0,0,32,0
nba-401584837,2024,2023-11-19 22:00:00+00:00,ORL,IND,128,116,https://a.espncdn.com/i/teamlogos/nba/500/scoreboard/orl.png,https://a.espncdn.com/i/teamlogos/nba/500/scoreboard/ind.png,12,0,0,0,34,0
nba-401584838,2024,2023-11-19 23:00:00+00:00,DEN,CLE,109,121,https://a.espncdn.com/i/teamlogos/nba/500/scoreboard/den.png,https://a.espncdn.com/i/teamlogos/nba/500/scoreboard/cle.png,12,0,0,0,17,0
nba-401584840,2024,2023-11-20 00:30:00+00:00,SAC,DAL,129,113,https://a.espncdn.com/i/teamlogos/nba/500/scoreboard/sac.png,https://a.espncdn.com/i/teamlogos/nba/500/scoreboard/dal.png,16,0,1,0,16,0
nba-401584841,2024,2023-11-20 01:00:00+00:00,BOS,MEM,102,100,https://a.espncdn.com/i/teamlogos/nba/500/scoreboard/bos.png,https://a.espncdn.com/i/teamlogos/nba/500/scoreboard/mem.png,2,0,1,0,3,0
nba-401584842,2024,2023-11-20 01:00:00+00:00,PHX,UTAH,140,137,https://a.espncdn.com/i/teamlogos/nba/500/scoreboard/phx.png,https://a.espncdn.com/i/teamlogos/nba/500/scoreboard/utah.png,3,2,0,0,5,0
nba-401584843,2024,2023-11-20 02:00:00+00:00,OKC,POR,134,91,https://a.espncdn.com/i/teamlogos/nba/500/scoreboard/okc.png,https://a.espncdn.com/i/teamlogos/nba/500/scoreboard/por.png,43,0,0,0,43,0
nba-401584844,2024,2023-11-20 02:30:00+00:00,HOU,LAL,104,105,https://a.espncdn.com/i/teamlogos/nba/500/scoreboard/hou.png,https://a.espncdn.com/i/teamlogos/nba/500/scoreboard/lal.png,1,0,1,0,8,0
nba-401468390,2023,2022-11-19 23:00:00+00:00,TOR,ATL,122,124,https://a.espncdn.com/i/teamlogos/nba/500/scoreboard/tor.png,https://a.espncdn.com/i/teamlogos/nba/500/scoreboard/atl.png,2,1,1,1,7,0
nba-401468391,2023,2022-11-20 00:00:00+00:00,ORL,IND,113,114,https://a.espncdn.com/i/teamlogos/nba/500/scoreboard/orl.png,https://a.espncdn.com/i/teamlogos/nba/500/scoreboard/ind.png,1,0,1,0,6,0
nba-401468392,2023,2022-11-20 00:30:00+00:00,MIN,PHI,112,109,https://a.espncdn.com/i/teamlogos/nba/500/scoreboard/min.png,https://a.espncdn.com/i/teamlogos/nba/500/scoreboard/phi.png,3,0,0,0,13,0
nba-401468393,2023,2022-11-20 03:00:00+00:00,UTAH,POR,118,113,https://a.espncdn.com/i/teamlogos/nba/500/scoreboard/utah.png,https://a.espncdn.com/i/teamlogos/nba/500/scoreboard/por.png,5,0,1,0,8,0
nba-401468394,2023,2022-11-20 03:30:00+00:00,SA,LAC,97,119,https://a.espncdn.com/i/teamlogos/nba/500/scoreboard/sa.png,https://a.espncdn.com/i/teamlogos/nba/500/scoreboard/lac.png,22,0,0,0,22,0
nba-401585655,2024,2024-03-24 19:00:00+00:00,NO,DET,114,101,https://a.espncdn.com/i/teamlogos/nba/500/scoreboard/no.png,https://a.espncdn.com/i/teamlogos/nba/500/scoreboard/det.png,13,0,0,0,19,0
nba-401585656,2024,2024-03-24 19:30:00+00:00,PHI,LAC,121,107,https://a.espncdn.com/i/teamlogos/nba/500/scoreboard/phi.png,https://a.espncdn.com/i/teamlogos/nba/500/scoreboard/lac.png,14,0,0,0,14,0
nba-401585657,2024,2024-03-24 22:00:00+00:00,CLE,MIA,84,121,https://a.espncdn.com/i/teamlogos/nba/500/scoreboard/cle.png,https://a.espncdn.com/i/teamlogos/nba/500/scoreboard/mia.png,37,0,0,0,37,0
nba-401585658,2024,2024-03-24 23:00:00+00:00,OKC,MIL,93,118,https://a.espncdn.com/i/teamlogos/nba/500/scoreboard/okc.png,https://a.espncdn.com/i/teamlogos/nba/500/scoreboard/mil.png,25,0,0,0,25,0
nba-401585659,2024,2024-03-24 23:00:00+00:00,GS,MIN,110,114,https://a.espncdn.com/i/teamlogos/nba/500/scoreboard/gs.png,https://a.espncdn.com/i/teamlogos/nba/500/scoreboard/min.png,4,0,1,1,9,0
nba-401585660,2024,2024-03-25 02:00:00+00:00,IND,LAL,145,150,https://a.espncdn.com/i/teamlogos/nba/500/scoreboard/ind.png,https://a.espncdn.com/i/teamlogos/nba/500/scoreboard/lal.png,5,0,1,0,17,0
nba-401658194,2024,2024-05-19 00:00:00+00:00,OKC,DAL,116,117,https://a.espncdn.com/i/teamlogos/nba/500/scoreboard/okc.png,https://a.espncdn.com/i/teamlogos/nba/500/scoreboard/dal.png,1,0,1,1,16,1
nba-401658198,2024,2024-05-19 19:30:00+00:00,IND,NY,130,109,https://a.espncdn.com/i/teamlogos/nba/500/scoreboard/ind.png,https://a.espncdn.com/i/teamlogos/nba/500/scoreboard/ny.png,21,0,0,0,21,1
nba-401657188,2024,2024-05-20 00:00:00+00:00,MIN,DEN,98,90,https://a.espncdn.com/i/teamlogos/nba/500/scoreboard/min.png,https://a.espncdn.com/i/teamlogos/nba/500/scoreboard/den.png,8,0,1,1,15,1
nba-401365892,2022,2021-10-03 19:30:00+00:00,BKN,LAL,123,97,https://a.espncdn.com/i/teamlogos/nba/500/scoreboard/bkn.png,https://a.espncdn.com/i/teamlogos/nba/500/scoreboard/lal.png,26,0,0,0,26,0
nba-401585661,2024,2024-03-25 23:00:00+00:00,CHA,CLE,92,115,https://a.espncdn.com/i/teamlogos/nba/500/scoreboard/cha.png,https://a.espncdn.com/i/teamlogos/nba/500/scoreboard/cle.png,23,0,0,0,23,0
nba-401585662,2024,2024-03-25 23:30:00+00:00,BOS,ATL,118,120,https://a.espncdn.com/i/teamlogos/nba/500/scoreboard/bos.png,https://a.espncdn.com/i/teamlogos/nba/500/scoreboard/atl.png,2,0,1,1,22,0
nba-401585663,2024,2024-03-25 23:30:00+00:00,DET,NY,99,124,https://a.espncdn.com/i/teamlogos/nba/500/scoreboard/det.png,https://a.espncdn.com/i/teamlogos/nba/500/scoreboard/ny.png,25,0,0,0,29,0
nba-401585664,2024,2024-03-25 23:30:00+00:00,BKN,TOR,96,88,https://a.espncdn.com/i/teamlogos/nba/500/scoreboard/bkn.png,https://a.espncdn.com/i/teamlogos/nba/500/scoreboard/tor.png,8,0,2,1,8,0
nba-401585665,2024,2024-03-26 00:00:00+00:00,WSH,CHI,107,105,https://a.espncdn.com/i/teamlogos/nba/500/scoreboard/wsh.png,https://a.espncdn.com/i/teamlogos/nba/500/scoreboard/chi.png,2,0,0,0,14,0
nba-401585666,2024,2024-03-26 00:00:00+00:00,POR,HOU,92,110,https://a.espncdn.com/i/teamlogos/nba/500/scoreboard/por.png,https://a.espncdn.com/i/teamlogos/nba/500/scoreboard/hou.png,18,0,2,0,18,0
nba-401585667,2024,2024-03-26 00:00:00+00:00,PHX,SA,102,104,https://a.espncdn.com/i/teamlogos/nba/500/scoreboard/phx.png,https://a.espncdn.com/i/teamlogos/nba/500/scoreboard/sa.png,2,0,2,0,7,0
nba-401585668,2024,2024-03-26 01:00:00+00:00,MEM,DEN,103,128,https://a.espncdn.com/i/teamlogos/nba/500/scoreboard/mem.png,https://a.espncdn.com/i/teamlogos/nba/500/scoreboard/den.png,25,0,0,0,25,0
nba-401585669,2024,2024-03-26 01:00:00+00:00,DAL,UTAH,115,105,https://a.espncdn.com/i/teamlogos/nba/500/scoreboard/dal.png,https://a.espncdn.com/i/teamlogos/nba/500/scoreboard/utah.png,10,0,1,0,10,0
nba-401585670,2024,2024-03-26 02:00:00+00:00,PHI,SAC,96,108,https://a.espncdn.com/i/teamlogos/nba/500/scoreboard/phi.png,https://a.espncdn.com/i/teamlogos/nba/500/scoreboard/sac.png,12,0,0,0,15,0
nba-401585671,2024,2024-03-26 02:30:00+00:00,IND,LAC,133,116,https://a.espncdn.com/i/teamlogos/nba/500/scoreboard/ind.png,https://a.espncdn.com/i/teamlogos/nba/500/scoreboard/lac.png,17,0,1,0,17,0
nba-401359995,2022,2021-11-12 00:00:00+00:00,TOR,PHI,115,109,https://a.espncdn.com/i/teamlogos/nba/500/scoreboard/tor.png,https://a.espncdn.com/i/teamlogos/nba/500/scoreboard/phi.png,6,0,1,0,6,0
nba-401359996,2022,2021-11-12 02:00:00+00:00,IND,UTAH,111,100,https://a.espncdn.com/i/teamlogos/nba/500/scoreboard/ind.png,https://a.espncdn.com/i/teamlogos/nba/500/scoreboard/utah.png,11,0,0,0,11,0
nba-401359997,2022,2021-11-12 03:30:00+00:00,MIA,LAC,109,112,https://a.espncdn.com/i/teamlogos/nba/500/scoreboard/mia.png,https://a.espncdn.com/i/teamlogos/nba/500/scoreboard/lac.png,3,0,1,0,15,0
nba-401584830,2024,2023-11-18 23:00:00+00:00,NY,CHA,122,108,https://a.espncdn.com/i/teamlogos/nba/500/scoreboard/ny.png,https://a.espncdn.com/i/teamlogos/nba/500/scoreboard/cha.png,14,0,0,0,14,0
nba-401584831,2024,2023-11-19 00:00:00+00:00,MIN,NO,121,120,https://a.espncdn.com/i/teamlogos/nba/500/scoreboard/min.png,https://a.espncdn.com/i/teamlogos/nba/500/scoreboard/no.png,1,0,1,1,10,0
nba-401584832,2024,2023-11-19 01:00:00+00:00,MIA,CHI,97,102,https://a.espncdn.com/i/teamlogos/nba/500/scoreboard/mia.png,https://a.espncdn.com/i/teamlogos/nba/500/scoreboard/chi.png,5,0,1,1,12,0
nba-401584833,2024,2023-11-19 01:00:00+00:00,DAL,MIL,125,132,https://a.espncdn.com/i/teamlogos/nba/500/scoreboard/dal.png,https://a.espncdn.com/i/teamlogos/nba/500/scoreboard/mil.png,7,0,3,1,9,0
nba-401584834,2024,2023-11-19 01:00:00+00:00,MEM,SA,120,108,https://a.espncdn.com/i/teamlogos/nba/500/scoreboard/mem.png,https://a.espncdn.com/i/teamlogos/nba/500/scoreboard/sa.png,12,0,1,1,17,0
nba-401584835,2024,2023-11-19 01:30:00+00:00,OKC,GS,130,123,https://a.espncdn.com/i/teamlogos/nba/500/scoreboard/okc.png,https://a.espncdn.com/i/teamlogos/nba/500/scoreboard/gs.png,7,1,2,1,10,0
nba-401468379,2023,2022-11-19 00:00:00+00:00,MIA,WSH,106,107,https://a.espncdn.com/i/teamlogos/nba/500/scoreboard/mia.png,https://a.espncdn.com/i/teamlogos/nba/500/scoreboard/wsh.png,1,1,2,1,12,0
nba-401468380,2023,2022-11-19 00:30:00+00:00,CHA,CLE,122,132,https://a.espncdn.com/i/teamlogos/nba/500/scoreboard/cha.png,https://a.espncdn.com/i/teamlogos/nba/500/scoreboard/cle.png,10,2,0,0,14,0
nba-401468381,2023,2022-11-19 00:30:00+00:00,MIL,PHI,102,110,https://a.espncdn.com/i/teamlogos/nba/500/scoreboard/mil.png,https://a.espncdn.com/i/teamlogos/nba/500/scoreboard/phi.png,8,0,1,0,10,0
nba-401468382,2023,2022-11-19 01:00:00+00:00,ORL,CHI,108,107,https://a.espncdn.com/i/teamlogos/nba/500/scoreboard/orl.png,https://a.espncdn.com/i/teamlogos/nba/500/scoreboard/chi.png,1,0,0,0,14,0
nba-401468383,2023,2022-11-19 01:00:00+00:00,IND,HOU,99,91,https://a.espncdn.com/i/teamlogos/nba/500/scoreboard/ind.png,https://a.espncdn.com/i/teamlogos/nba/500/scoreboard/hou.png,8,0,1,0,15,0
nba-401468384,2023,2022-11-19 01:00:00+00:00,OKC,MEM,110,121,https://a.espncdn.com/i/teamlogos/nba/500/scoreboard/okc.png,https://a.espncdn.com/i/teamlogos/nba/500/scoreboard/mem.png,11,0,0,0,11,0
nba-401468385,2023,2022-11-19 01:30:00+00:00,DEN,DAL,99,127,https://a.espncdn.com/i/teamlogos/nba/500/scoreboard/den.png,https://a.espncdn.com/i/teamlogos/nba/500/scoreboard/dal.png,28,0,0,0,28,0
nba-401468386,2023,2022-11-19 01:30:00+00:00,BOS,NO,117,109,https://a.espncdn.com/i/teamlogos/nba/500/scoreboard/bos.png,https://a.espncdn.com/i/teamlogos/nba/500/scoreboard/no.png,8,0,0,0,15,0
nba-401468387,2023,2022-11-19 02:00:00+00:00,PHX,UTAH,133,134,https://a.espncdn.com/i/teamlogos/nba/500/scoreboard/phx.png,https://a.espncdn.com/i/teamlogos/nba/500/scoreboard/utah.png,1,0,0,0,8,0
nba-401468388,2023,2022-11-19 03:00:00+00:00,NY,GS,101,111,https://a.espncdn.com/i/teamlogos/nba/500/scoreboard/ny.png,https://a.espncdn.com/i/teamlogos/nba/500/scoreboard/gs.png,10,0,0,0,16,0
nba-401468389,2023,2022-11-19 03:30:00+00:00,DET,LAL,121,128,https://a.espncdn.com/i/teamlogos/nba/500/scoreboard/det.png,https://a.espncdn.com/i/teamlogos/nba/500/scoreboard/lal.png,7,0,1,0,7,0
nba-401585073,2024,2023-12-31 20:00:00+00:00,ATL,WSH,130,126,https://a.espncdn.com/i/teamlogos/nba/500/scoreboard/atl.png,https://a.espncdn.com/i/teamlogos/nba/500/scoreboard/wsh.png,4,0,1,0,13,0
nba-401585074,2024,2024-01-01 00:00:00+00:00,LAL,NO,109,129,https://a.espncdn.com/i/teamlogos/nba/500/scoreboard/lal.png,https://a.espncdn.com/i/teamlogos/nba/500/scoreboard/no.png,20,0,0,0,20,0
nba-401585075,2024,2024-01-01 00:00:00+00:00,BKN,OKC,108,124,https://a.espncdn.com/i/teamlogos/nba/500/scoreboard/bkn.png,https://a.espncdn.com/i/teamlogos/nba/500/scoreboard/okc.png,16,0,1,0,16,0
nba-401585076,2024,2024-01-01 00:00:00+00:00,BOS,SA,134,101,https://a.espncdn.com/i/teamlogos/nba/500/scoreboard/bos.png,https://a.espncdn.com/i/teamlogos/nba/500/scoreboard/sa.png,33,0,0,0,33,0
nba-401585077,2024,2024-01-01 01:00:00+00:00,SAC,MEM,123,92,https://a.espncdn.com/i/teamlogos/nba/500/scoreboard/sac.png,https://a.espncdn.com/i/teamlogos/nba/500/scoreboard/mem.png,31,0,0,0,31,0
nba-401585078,2024,2024-01-01 01:00:00+00:00,ORL,PHX,107,112,https://a.espncdn.com/i/teamlogos/nba/500/scoreboard/orl.png,https://a.espncdn.com/i/teamlogos/nba/500/scoreboard/phx.png,5,0,0,0,13,0
nba-401430210,2022,2022-04-20 23:00:00+00:00,BKN,BOS,107,114,https://a.espncdn.com/i/teamlogos/nba/500/scoreboard/bkn.png,https://a.espncdn.com/i/teamlogos/nba/500/scoreboard/bos.png,7,0,1,1,10,1
nba-401430236,2022,2022-04-21 00:00:00+00:00,PHI,TOR,104,101,https://a.espncdn.com/i/teamlogos/nba/500/scoreboard/phi.png,https://a.espncdn.com/i/teamlogos/nba/500/scoreboard/tor.png,3,1,1,1,10,1
nba-401430246,2022,2022-04-21 01:30:00+00:00,CHI,MIL,114,110,https://a.espncdn.com/i/teamlogos/nba/500/scoreboard/chi.png,https://a.espncdn.com/i/teamlogos/nba/500/scoreboard/mil.png,4,0,0,0,14,1
nba-401541181,2023,2023-04-20 23:30:00+00:00,PHI,BKN,102,97,https://a.espncdn.com/i/teamlogos/nba/500/scoreboard/phi.png,https://a.espncdn.com/i/teamlogos/nba/500/scoreboard/bkn.png,5,0,2,1,11,1
nba-401541177,2023,2023-04-21 02:00:00+00:00,SAC,GS,97,114,https://a.espncdn.com/i/teamlogos/nba/500/scoreboard/sac.png,https://a.espncdn.com/i/teamlogos/nba/500/scoreboard/gs.png,17,0,0,0,17,1
nba-401541178,2023,2023-04-21 02:30:00+00:00,PHX,LAC,129,124,https://a.espncdn.com/i/teamlogos/nba/500/scoreboard/phx.png,https://a.espncdn.com/i/teamlogos/nba/500/scoreboard/lac.png,5,0,0,0,9,1
nba-401468693,2023,2022-12-31 20:00:00+00:00,LAC,IND,130,131,https://a.espncdn.com/i/teamlogos/nba/500/scoreboard/lac.png,https://a.espncdn.com/i/teamlogos/nba/500/scoreboard/ind.png,1,0,0,0,10,0
nba-401468694,2023,2023-01-01 00:00:00+00:00,BKN,CHA,123,106,https://a.espncdn.com/i/teamlogos/nba/500/scoreboard/bkn.png,https://a.espncdn.com/i/teamlogos/nba/500/scoreboard/cha.png,17,0,0,0,18,0
nba-401468695,2023,2023-01-01 00:00:00+00:00,CLE,CHI,103,102,https://a.espncdn.com/i/teamlogos/nba/500/scoreboard/cle.png,https://a.espncdn.com/i/teamlogos/nba/500/scoreboard/chi.png,1,0,1,0,7,0
nba-401468696,2023,2023-01-01 00:00:00+00:00,NY,HOU,108,88,https://a.espncdn.com/i/teamlogos/nba/500/scoreboard/ny.png,https://a.espncdn.com/i/teamlogos/nba/500/scoreboard/hou.png,20,0,1,0,20,0
nba-401468697,2023,2023-01-01 00:00:00+00:00,DAL,SA,126,125,https://a.espncdn.com/i/teamlogos/nba/500/scoreboard/dal.png,https://a.espncdn.com/i/teamlogos/nba/500/scoreboard/sa.png,1,0,0,0,10,0
nba-401468698,2023,2023-01-01 01:00:00+00:00,NO,MEM,101,116,https://a.espncdn.com/i/teamlogos/nba/500/scoreboard/no.png,https://a.espncdn.com/i/teamlogos/nba/500/scoreboard/mem.png,15,0,0,0,15,0
nba-401468699,2023,2023-01-01 01:00:00+00:00,DET,MIN,116,104,https://a.espncdn.com/i/teamlogos/nba/500/scoreboard/det.png,https://a.espncdn.com/i/teamlogos/nba/500/scoreboard/min.png,12,0,1,0,14,0
nba-401468700,2023,2023-01-01 01:00:00+00:00,PHI,OKC,115,96,https://a.espncdn.com/i/teamlogos/nba/500/scoreboard/phi.png,https://a.espncdn.com/i/teamlogos/nba/500/scoreboard/okc.png,19,0,0,0,26,0
nba-401468701,2023,2023-01-01 02:00:00+00:00,MIA,UTAH,126,123,https://a.espncdn.com/i/teamlogos/nba/500/scoreboard/mia.png,https://a.espncdn.com/i/teamlogos/nba/500/scoreboard/utah.png,3,0,2,1,6,0
nba-401359963,2022,2021-11-07 20:30:00+00:00,BKN,TOR,116,103,https://a.espncdn.com/i/teamlogos/nba/500/scoreboard/bkn.png,https://a.espncdn.com/i/teamlogos/nba/500/scoreboard/tor.png,13,0,2,0,13,0
nba-401359964,2022,2021-11-07 23:00:00+00:00,CLE,NY,126,109,https://a.espncdn.com/i/teamlogos/nba/500/scoreboard/cle.png,https://a.espncdn.com/i/teamlogos/nba/500/scoreboard/ny.png,17,0,1,0,17,0
nba-401359965,2022,2021-11-07 23:00:00+00:00,UTAH,ORL,100,107,https://a.espncdn.com/i/teamlogos/nba/500/scoreboard/utah.png,https://a.espncdn.com/i/teamlogos/nba/500/scoreboard/orl.png,7,0,2,1,13,0
nba-401359966,2022,2021-11-07 23:00:00+00:00,MIL,WSH,94,101,https://a.espncdn.com/i/teamlogos/nba/500/scoreboard/mil.png,https://a.espncdn.com/i/teamlogos/nba/500/scoreboard/wsh.png,7,0,2,0,11,0
nba-401359967,2022,2021-11-07 23:00:00+00:00,IND,SAC,94,91,https://a.espncdn.com/i/teamlogos/nba/500/scoreboard/ind.png,https://a.espncdn.com/i/teamlogos/nba/500/scoreboard/sac.png,3,0,0,0,8,0
nba-401359968,2022,2021-11-08 00:00:00+00:00,SA,OKC,94,99,https://a.espncdn.com/i/teamlogos/nba/500/scoreboard/sa.png,https://a.espncdn.com/i/teamlogos/nba/500/scoreboard/okc.png,5,0,1,0,14,0
nba-401359969,2022,2021-11-08 01:30:00+00:00,HOU,GS,107,120,https://a.espncdn.com/i/teamlogos/nba/500/scoreboard/hou.png,https://a.espncdn.com/i/teamlogos/nba/500/scoreboard/gs.png,13,0,0,0,20,0
nba-401359970,2022,2021-11-08 02:00:00+00:00,CHA,LAC,106,120,https://a.espncdn.com/i/teamlogos/nba/500/scoreboard/cha.png,https://a.espncdn.com/i/teamlogos/nba/500/scoreboard/lac.png,14,0,1,0,14,0
nba-401585134,2024,2024-01-09 00:00:00+00:00,CHI,CHA,119,112,https://a.espncdn.com/i/teamlogos/nba/500/scoreboard/chi.png,https://a.espncdn.com/i/teamlogos/nba/500/scoreboard/cha.png,7,1,1,0,8,0
nba-401585135,2024,2024-01-09 00:00:00+00:00,BOS,IND,131,133,https://a.espncdn.com/i/teamlogos/nba/500/scoreboard/bos.png,https://a.espncdn.com/i/teamlogos/nba/500/scoreboard/ind.png,2,0,1,0,9,0
nba-401585136,2024,2024-01-09 00:00:00+00:00,OKC,WSH,136,128,https://a.espncdn.com/i/teamlogos/nba/500/scoreboard/okc.png,https://a.espncdn.com/i/teamlogos/nba/500/scoreboard/wsh.png,8,0,0,0,8,0
nba-401585137,2024,2024-01-09 00:30:00+00:00,HOU,MIA,113,120,https://a.espncdn.com/i/teamlogos/nba/500/scoreboard/hou.png,https://a.espncdn.com/i/teamlogos/nba/500/scoreboard/mia.png,7,0,0,0,9,0
nba-401585138,2024,2024-01-09 01:00:00+00:00,UTAH,MIL,132,116,https://a.espncdn.com/i/teamlogos/nba/500/scoreboard/utah.png,https://a.espncdn.com/i/teamlogos/nba/500/scoreboard/mil.png,16,0,0,0,31,0
nba-401585139,2024,2024-01-09 03:30:00+00:00,PHX,LAC,111,138,https://a.espncdn.com/i/teamlogos/nba/500/scoreboard/phx.png,https://a.espncdn.com/i/teamlogos/nba/500/scoreboard/lac.png,27,0,0,0,27,0
nba-401468660,2023,2022-12-28 00:00:00+00:00,LAL,ORL,129,110,https://a.espncdn.com/i/teamlogos/nba/500/scoreboard/lal.png,https://a.espncdn.com/i/teamlogos/nba/500/scoreboard/orl.png,19,0,0,0,19,0
nba-401468661,2023,2022-12-28 00:00:00+00:00,PHI,WSH,111,116,https://a.espncdn.com/i/teamlogos/nba/500/scoreboard/phi.png,https://a.espncdn.com/i/teamlogos/nba/500/scoreboard/wsh.png,5,0,0,0,11,0
nba-401468662,2023,2022-12-28 00:30:00+00:00,HOU,BOS,102,126,https://a.espncdn.com/i/teamlogos/nba/500/scoreboard/hou.png,https://a.espncdn.com/i/teamlogos/nba/500/scoreboard/bos.png,24,0,0,0,24,0
nba-401468663,2023,2022-12-28 00:30:00+00:00,ATL,IND,114,129,https://a.espncdn.com/i/teamlogos/nba/500/scoreboard/atl.png,https://a.espncdn.com/i/teamlogos/nba/500/scoreboard/ind.png,15,0,0,0,15,0
nba-401468664,2023,2022-12-28 00:30:00+00:00,LAC,TOR,124,113,https://a.espncdn.com/i/teamlogos/nba/500/scoreboard/lac.png,https://a.espncdn.com/i/teamlogos/nba/500/scoreboard/tor.png,11,0,1,0,15,0
nba-401468665,2023,2022-12-28 01:00:00+00:00,PHX,MEM,125,108,https://a.espncdn.com/i/teamlogos/nba/500/scoreboard/phx.png,https://a.espncdn.com/i/teamlogos/nba/500/scoreboard/mem.png,17,0,0,0,17,0
nba-401468666,2023,2022-12-28 01:00:00+00:00,SA,OKC,114,130,https://a.espncdn.com/i/teamlogos/nba/500/scoreboard/sa.png,https://a.espncdn.com/i/teamlogos/nba/500/scoreboard/okc.png,16,0,0,0,16,0
nba-401468667,2023,2022-12-28 01:30:00+00:00,NY,DAL,121,126,https://a.espncdn.com/i/teamlogos/nba/500/scoreboard/ny.png,https://a.espncdn.com/i/teamlogos/nba/500/scoreboard/dal.png,5,1,1,1,10,0
nba-401468668,2023,2022-12-28 03:00:00+00:00,CHA,GS,105,110,https://a.espncdn.com/i/teamlogos/nba/500/scoreboard/cha.png,https://a.espncdn.com/i/teamlogos/nba/500/scoreboard/gs.png,5,0,0,0,13,0
nba-401468669,2023,2022-12-28 03:00:00+00:00,DEN,SAC,113,106,https://a.espncdn.com/i/teamlogos/nba/500/scoreboard/den.png,https://a.espncdn.com/i/teamlogos/nba/500/scoreboard/sac.png,7,0,1,1,12,0
nba-401585043,2024,2023-12-28 00:00:00+00:00,PHI,ORL,112,92,https://a.espncdn.com/i/teamlogos/nba/500/scoreboard/phi.png,https://a.espncdn.com/i/teamlogos/nba/500/scoreboard/orl.png,20,0,0,0,20,0
nba-401585044,2024,2023-12-28 00:00:00+00:00,TOR,WSH,132,102,https://a.espncdn.com/i/teamlogos/nba/500/scoreboard/tor.png,https://a.espncdn.com/i/teamlogos/nba/500/scoreboard/wsh.png,30,0,0,0,30,0
nba-401585045,2024,2023-12-28 00:30:00+00:00,MIL,BKN,144,122,https://a.espncdn.com/i/teamlogos/nba/500/scoreboard/mil.png,https://a.espncdn.com/i/teamlogos/nba/500/scoreboard/bkn.png,22,0,0,0,22,0
nba-401585046,2024,2023-12-28 01:00:00+00:00,PHX,HOU,129,113,https://a.espncdn.com/i/teamlogos/nba/500/scoreboard/phx.png,https://a.espncdn.com/i/teamlogos/nba/500/scoreboard/hou.png,16,0,0,0,20,0
nba-401585047,2024,2023-12-28 01:00:00+00:00,NY,OKC,120,129,https://a.espncdn.com/i/teamlogos/nba/500/scoreboard/ny.png,https://a.espncdn.com/i/teamlogos/nba/500/scoreboard/okc.png,9,0,0,0,13,0
nba-401585048,2024,2023-12-28 01:30:00+00:00,CLE,DAL,113,110,https://a.espncdn.com/i/teamlogos/nba/500/scoreboard/cle.png,https://a.espncdn.com/i/teamlogos/nba/500/scoreboard/dal.png,3,0,1,1,15,0
nba-401360517,2022,2022-01-23 18:00:00+00:00,LAC,NY,102,110,https://a.espncdn.com/i/teamlogos/nba/500/scoreboard/lac.png,https://a.espncdn.com/i/teamlogos/nba/500/scoreboard/ny.png,8,0,0,0,10,0
nba-401360518,2022,2022-01-23 20:30:00+00:00,BOS,WSH,116,87,https://a.espncdn.com/i/teamlogos/nba/500/scoreboard/bos.png,https://a.espncdn.com/i/teamlogos/nba/500/scoreboard/wsh.png,29,0,0,0,29,0
nba-401360519,2022,2022-01-23 23:00:00+00:00,LAL,MIA,107,113,https://a.espncdn.com/i/teamlogos/nba/500/scoreboard/lal.png,https://a.espncdn.com/i/teamlogos/nba/500/scoreboard/mia.png,6,0,0,0,19,0
nba-401360520,2022,2022-01-23 23:00:00+00:00,CHI,ORL,95,114,https://a.espncdn.com/i/teamlogos/nba/500/scoreboard/chi.png,https://a.espncdn.com/i/teamlogos/nba/500/scoreboard/orl.png,19,0,0,0,19,0
nba-401360521,2022,2022-01-23 23:00:00+00:00,POR,TOR,114,105,https://a.espncdn.com/i/teamlogos/nba/500/scoreboard/por.png,https://a.espncdn.com/i/teamlogos/nba/500/scoreboard/tor.png,9,0,0,0,30,0
nba-401360522,2022,2022-01-24 00:00:00+00:00,ATL,CHA,113,91,https://a.espncdn.com/i/teamlogos/nba/500/scoreboard/atl.png,https://a.espncdn.com/i/teamlogos/nba/500/scoreboard/cha.png,22,0,0,0,22,0
nba-401360523,2022,2022-01-24 00:00:00+00:00,PHI,SA,115,109,https://a.espncdn.com/i/teamlogos/nba/500/scoreboard/phi.png,https://a.espncdn.com/i/teamlogos/nba/500/scoreboard/sa.png,6,0,0,0,12,0
nba-401360524,2022,2022-01-24 00:30:00+00:00,MEM,DAL,91,104,https://a.espncdn.com/i/teamlogos/nba/500/scoreboard/mem.png,https://a.espncdn.com/i/teamlogos/nba/500/scoreboard/dal.png,13,0,0,0,16,0
nba-401360525,2022,2022-01-24 01:00:00+00:00,BKN,MIN,125,136,https://a.espncdn.com/i/teamlogos/nba/500/scoreboard/bkn.png,https://a.espncdn.com/i/teamlogos/nba/500/scoreboard/min.png,11,0,0,0,11,0
nba-401360526,2022,2022-01-24 01:00:00+00:00,DET,DEN,111,117,https://a.espncdn.com/i/teamlogos/nba/500/scoreboard/det.png,https://a.espncdn.com/i/teamlogos/nba/500/scoreboard/den.png,6,0,1,0,16,0
nba-401360527,2022,2022-01-24 01:30:00+00:00,UTAH,GS,92,94,https://a.espncdn.com/i/teamlogos/nba/500/scoreboard/utah.png,https://a.espncdn.com/i/teamlogos/nba/500/scoreboard/gs.png,2,0,0,0,8,0
nba-401468861,2023,2023-01-24 00:00:00+00:00,MIL,DET,150,130,https://a.espncdn.com/i/teamlogos/nba/500/scoreboard/mil.png,https://a.espncdn.com/i/teamlogos/nba/500/scoreboard/det.png,20,0,0,0,28,0
nba-401468862,2023,2023-01-24 00:00:00+00:00,BOS,ORL,98,113,https://a.espncdn.com/i/teamlogos/nba/500/scoreboard/bos.png,https://a.espncdn.com/i/teamlogos/nba/500/scoreboard/orl.png,15,0,0,0,15,0
nba-401468863,2023,2023-01-24 01:00:00+00:00,ATL,CHI,100,111,https://a.espncdn.com/i/teamlogos/nba/500/scoreboard/atl.png,https://a.espncdn.com/i/teamlogos/nba/500/scoreboard/chi.png,11,0,1,0,11,0
nba-401468864,2023,2023-01-24 01:00:00+00:00,MIN,HOU,114,119,https://a.espncdn.com/i/teamlogos/nba/500/scoreboard/min.png,https://a.espncdn.com/i/teamlogos/nba/500/scoreboard/hou.png,5,0,0,0,9,0
nba-401468865,2023,2023-01-24 02:00:00+00:00,CHA,UTAH,102,120,https://a.espncdn.com/i/teamlogos/nba/500/scoreboard/cha.png,https://a.espncdn.com/i/teamlogos/nba/500/scoreboard/utah.png,18,0,1,0,18,0
nba-401468866,2023,2023-01-24 03:00:00+00:00,SA,POR,127,147,https://a.espncdn.com/i/teamlogos/nba/500/scoreboard/sa.png,https://a.espncdn.com/i/teamlogos/nba/500/scoreboard/por.png,20,0,0,0,20,0
nba-401468867,2023,2023-01-24 03:30:00+00:00,MEM,SAC,100,133,https://a.espncdn.com/i/teamlogos/nba/500/scoreboard/mem.png,https://a.espncdn.com/i/teamlogos/nba/500/scoreboard/sac.png,33,0,0,0,33,0
nba-401360875,2022,2022-03-18 23:00:00+00:00,DAL,PHI,101,111,https://a.espncdn.com/i/teamlogos/nba/500/scoreboard/dal.png,https://a.espncdn.com/i/teamlogos/nba/500/scoreboard/phi.png,10,0,1,0,10,0
nba-401360865,2022,2022-03-18 23:30:00+00:00,WSH,NY,97,100,https://a.espncdn.com/i/teamlogos/nba/500/scoreboard/wsh.png,https://a.espncdn.com/i/teamlogos/nba/500/scoreboard/ny.png,3,0,1,0,9,0
nba-401360866,2022,2022-03-18 23:30:00+00:00,LAL,TOR,128,123,https://a.espncdn.com/i/teamlogos/nba/500/scoreboard/lal.png,https://a.espncdn.com/i/teamlogos/nba/500/scoreboard/tor.png,5,1,2,1,5,0
nba-401360872,2022,2022-03-18 23:30:00+00:00,MEM,ATL,105,120,https://a.espncdn.com/i/teamlogos/nba/500/scoreboard/mem.png,https://a.espncdn.com/i/teamlogos/nba/500/scoreboard/atl.png,15,0,0,0,19,0
nba-401360873,2022,2022-03-18 23:30:00+00:00,POR,BKN,123,128,https://a.espncdn.com/i/teamlogos/nba/500/scoreboard/por.png,https://a.espncdn.com/i/teamlogos/nba/500/scoreboard/bkn.png,5,0,2,0,13,0
nba-401360874,2022,2022-03-18 23:30:00+00:00,DEN,CLE,116,119,https://a.espncdn.com/i/teamlogos/nba/500/scoreboard/den.png,https://a.espncdn.com/i/teamlogos/nba/500/scoreboard/cle.png,3,1,2,1,11,0
nba-401360867,2022,2022-03-19 00:00:00+00:00,OKC,MIA,108,120,https://a.espncdn.com/i/teamlogos/nba/500/scoreboard/okc.png,https://a.espncdn.com/i/teamlogos/nba/500/scoreboard/mia.png,12,0,0,0,24,0
nba-401360868,2022,2022-03-19 00:00:00+00:00,IND,HOU,121,118,https://a.espncdn.com/i/teamlogos/nba/500/scoreboard/ind.png,https://a.espncdn.com/i/teamlogos/nba/500/scoreboard/hou.png,3,0,3,1,12,0
nba-401360869,2022,2022-03-19 00:30:00+00:00,NO,SA,124,91,https://a.espncdn.com/i/teamlogos/nba/500/scoreboard/no.png,https://a.espncdn.com/i/teamlogos/nba/500/scoreboard/sa.png,33,0,0,0,38,0
nba-401360870,2022,2022-03-19 01:00:00+00:00,LAC,UTAH,92,121,https://a.espncdn.com/i/teamlogos/nba/500/scoreboard/lac.png,https://a.espncdn.com/i/teamlogos/nba/500/scoreboard/utah.png,29,0,0,0,37,0
nba-401360871,2022,2022-03-19 02:00:00+00:00,BOS,SAC,126,97,https://a.espncdn.com/i/teamlogos/nba/500/scoreboard/bos.png,https://a.espncdn.com/i/teamlogos/nba/500/scoreboard/sac.png,29,0,0,0,29,0
nba-401360876,2022,2022-03-19 02:00:00+00:00,CHI,PHX,102,129,https://a.espncdn.com/i/teamlogos/nba/500/scoreboard/chi.png,https://a.espncdn.com/i/teamlogos/nba/500/scoreboard/phx.png,27,0,0,0,27,0
nba-401469210,2023,2023-03-18 17:00:00+00:00,DEN,NY,110,116,https://a.espncdn.com/i/teamlogos/nba/500/scoreboard/den.png,https://a.espncdn.com/i/teamlogos/nba/500/scoreboard/ny.png,6,0,2,0,8,0
nba-401469211,2023,2023-03-18 19:00:00+00:00,ORL,LAC,113,108,https://a.espncdn.com/i/teamlogos/nba/500/scoreboard/orl.png,https://a.espncdn.com/i/teamlogos/nba/500/scoreboard/lac.png,5,0,2,1,8,0
nba-401469212,2023,2023-03-18 23:00:00+00:00,PHI,IND,141,121,https://a.espncdn.com/i/teamlogos/nba/500/scoreboard/phi.png,https://a.espncdn.com/i/teamlogos/nba/500/scoreboard/ind.png,20,0,0,0,20,0
nba-401469213,2023,2023-03-18 23:00:00+00:00,MIN,TOR,107,122,https://a.espncdn.com/i/teamlogos/nba/500/scoreboard/min.png,https://a.espncdn.com/i/teamlogos/nba/500/scoreboard/tor.png,15,0,0,0,15,0
nba-401469214,2023,2023-03-19 00:00:00+00:00,SAC,WSH,132,118,https://a.espncdn.com/i/teamlogos/nba/500/scoreboard/sac.png,https://a.espncdn.com/i/teamlogos/nba/500/scoreboard/wsh.png,14,0,0,0,14,0
nba-401469215,2023,2023-03-19 00:00:00+00:00,MIA,CHI,99,113,https://a.espncdn.com/i/teamlogos/nba/500/scoreboard/mia.png,https://a.espncdn.com/i/teamlogos/nba/500/scoreboard/chi.png,14,0,0,0,25,0
nba-401469216,2023,2023-03-19 00:00:00+00:00,GS,MEM,119,133,https://a.espncdn.com/i/teamlogos/nba/500/scoreboard/gs.png,https://a.espncdn.com/i/teamlogos/nba/500/scoreboard/mem.png,14,0,0,0,14,0
nba-401469217,2023,2023-03-19 01:00:00+00:00,BOS,UTAH,117,118,https://a.espncdn.com/i/teamlogos/nba/500/scoreboard/bos.png,https://a.espncdn.com/i/teamlogos/nba/500/scoreboard/utah.png,1,0,1,1,10,0
nba-401365950,2022,2021-10-15 22:30:00+00:00,BOS,MIA,100,121,https://a.espncdn.com/i/teamlogos/nba/500/scoreboard/bos.png,https://a.espncdn.com/i/teamlogos/nba/500/scoreboard/mia.png,21,0,1,0,21,0
nba-401365951,2022,2021-10-15 23:00:00+00:00,PHI,DET,108,112,https://a.espncdn.com/i/teamlogos/nba/500/scoreboard/phi.png,https://a.espncdn.com/i/teamlogos/nba/500/scoreboard/det.png,4,0,0,0,11,0
nba-401365952,2022,2021-10-15 23:00:00+00:00,CLE,IND,110,94,https://a.espncdn.com/i/teamlogos/nba/500/scoreboard/cle.png,https://a.espncdn.com/i/teamlogos/nba/500/scoreboard/ind.png,16,0,0,0,16,0
nba-401365953,2022,2021-10-15 23:30:00+00:00,WSH,NY,113,115,https://a.espncdn.com/i/teamlogos/nba/500/scoreboard/wsh.png,https://a.espncdn.com/i/teamlogos/nba/500/scoreboard/ny.png,2,0,1,1,15,0
nba-401365954,2022,2021-10-16 00:00:00+00:00,MEM,CHI,105,118,https://a.espncdn.com/i/teamlogos/nba/500/scoreboard/mem.png,https://a.espncdn.com/i/teamlogos/nba/500/scoreboard/chi.png,13,0,1,0,13,0
nba-401365955,2022,2021-10-16 00:00:00+00:00,DAL,MIL,114,103,https://a.espncdn.com/i/teamlogos/nba/500/scoreboard/dal.png,https://a.espncdn.com/i/teamlogos/nba/500/scoreboard/mil.png,11,0,0,0,17,0
nba-401365956,2022,2021-10-16 00:30:00+00:00,HOU,SA,98,126,https://a.espncdn.com/i/teamlogos/nba/500/scoreboard/hou.png,https://a.espncdn.com/i/teamlogos/nba/500/scoreboard/sa.png,28,0,0,0,28,0
nba-401365957,2022,2021-10-16 02:00:00+00:00,POR,GS,97,119,https://a.espncdn.com/i/teamlogos/nba/500/scoreboard/por.png,https://a.espncdn.com/i/teamlogos/nba/500/scoreboard/gs.png,22,0,1,0,22,0
nba-401438947,2022,2022-05-25 01:00:00+00:00,GS,DAL,109,119,https://a.espncdn.com/i/teamlogos/nba/500/scoreboard/gs.png,https://a.espncdn.com/i/teamlogos/nba/500/scoreboard/dal.png,10,0,0,0,29,1
nba-401584853,2024,2023-11-23 00:00:00+00:00,WSH,CHA,114,117,https://a.espncdn.com/i/teamlogos/nba/500/scoreboard/wsh.png,https://a.espncdn.com/i/teamlogos/nba/500/scoreboard/cha.png,3,0,1,1,13,0
nba-401584854,2024,2023-11-23 00:00:00+00:00,DEN,ORL,119,124,https://a.espncdn.com/i/teamlogos/nba/500/scoreboard/den.png,https://a.espncdn.com/i/teamlogos/nba/500/scoreboard/orl.png,5,0,1,1,6,0
nba-401584855,2024,2023-11-23 00:30:00+00:00,BKN,ATL,145,147,https://a.espncdn.com/i/teamlogos/nba/500/scoreboard/bkn.png,https://a.espncdn.com/i/teamlogos/nba/500/scoreboard/atl.png,2,1,0,0,12,0
nba-401584856,2024,2023-11-23 00:30:00+00:00,MIL,BOS,116,119,https://a.espncdn.com/i/teamlogos/nba/500/scoreboard/mil.png,https://a.espncdn.com/i/teamlogos/nba/500/scoreboard/bos.png,3,0,0,0,15,0
nba-401584857,2024,2023-11-23 00:30:00+00:00,MIA,CLE,129,96,https://a.espncdn.com/i/teamlogos/nba/500/scoreboard/mia.png,https://a.espncdn.com/i/teamlogos/nba/500/scoreboard/cle.png,33,0,0,0,33,0
nba-401584858,2024,2023-11-23 00:30:00+00:00,TOR,IND,132,131,https://a.espncdn.com/i/teamlogos/nba/500/scoreboard/tor.png,https://a.espncdn.com/i/teamlogos/nba/500/scoreboard/ind.png,1,0,3,1,8,0
nba-401584859,2024,2023-11-23 01:00:00+00:00,MEM,HOU,91,111,https://a.espncdn.com/i/teamlogos/nba/500/scoreboard/mem.png,https://a.espncdn.com/i/teamlogos/nba/500/scoreboard/hou.png,20,0,1,0,20,0
nba-401584860,2024,2023-11-23 01:00:00+00:00,PHI,MIN,99,112,https://a.espncdn.com/i/teamlogos/nba/500/scoreboard/phi.png,https://a.espncdn.com/i/teamlogos/nba/500/scoreboard/min.png,13,0,0,0,17,0
nba-401584861,2024,2023-11-23 01:00:00+00:00,SAC,NO,112,117,https://a.espncdn.com/i/teamlogos/nba/500/scoreboard/sac.png,https://a.espncdn.com/i/teamlogos/nba/500/scoreboard/no.png,5,0,0,0,14,0
nba-401584862,2024,2023-11-23 01:00:00+00:00,CHI,OKC,102,116,https://a.espncdn.com/i/teamlogos/nba/500/scoreboard/chi.png,https://a.espncdn.com/i/teamlogos/nba/500/scoreboard/okc.png,14,0,0,0,14,0
nba-401584863,2024,2023-11-23 01:00:00+00:00,LAC,SA,109,102,https://a.espncdn.com/i/teamlogos/nba/500/scoreboard/lac.png,https://a.espncdn.com/i/teamlogos/nba/500/scoreboard/sa.png,7,0,0,0,12,0
nba-401584864,2024,2023-11-23 03:00:00+00:00,GS,PHX,115,123,https://a.espncdn.com/i/teamlogos/nba/500/scoreboard/gs.png,https://a.espncdn.com/i/teamlogos/nba/500/scoreboard/phx.png,8,0,1,0,16,0
nba-401584865,2024,2023-11-23 03:00:00+00:00,UTAH,POR,105,121,https://a.espncdn.com/i/teamlogos/nba/500/scoreboard/utah.png,https://a.espncdn.com/i/teamlogos/nba/500/scoreboard/por.png,16,0,0,0,19,0
nba-401584866,2024,2023-11-23 03:30:00+00:00,DAL,LAL,104,101,https://a.espncdn.com/i/teamlogos/nba/500/scoreboard/dal.png,https://a.espncdn.com/i/teamlogos/nba/500/scoreboard/lal.png,3,0,0,0,20,0
nba-401468411,2023,2022-11-23 00:30:00+00:00,BKN,PHI,106,115,https://a.espncdn.com/i/teamlogos/nba/500/scoreboard/bkn.png,https://a.espncdn.com/i/teamlogos/nba/500/scoreboard/phi.png,9,0,0,0,9,0
nba-401468412,2023,2022-11-23 01:00:00+00:00,SAC,MEM,113,109,https://a.espncdn.com/i/teamlogos/nba/500/scoreboard/sac.png,https://a.espncdn.com/i/teamlogos/nba/500/scoreboard/mem.png,4,0,1,0,12,0
nba-401468413,2023,2022-11-23 02:00:00+00:00,DET,DEN,110,108,https://a.espncdn.com/i/teamlogos/nba/500/scoreboard/det.png,https://a.espncdn.com/i/teamlogos/nba/500/scoreboard/den.png,2,0,1,0,2,0
nba-401468414,2023,2022-11-23 03:00:00+00:00,LAL,PHX,105,115,https://a.espncdn.com/i/teamlogos/nba/500/scoreboard/lal.png,https://a.espncdn.com/i/teamlogos/nba/500/scoreboard/phx.png,10,0,2,0,10,0
nba-401585247,2024,2024-01-25 00:00:00+00:00,CHA,DET,106,113,https://a.espncdn.com/i/teamlogos/nba/500/scoreboard/cha.png,https://a.espncdn.com/i/teamlogos/nba/500/scoreboard/det.png,7,0,1,1,7,0
nba-401585248,2024,2024-01-25 00:00:00+00:00,MIN,WSH,118,107,https://a.espncdn.com/i/teamlogos/nba/500/scoreboard/min.png,https://a.espncdn.com/i/teamlogos/nba/500/scoreboard/wsh.png,11,0,2,0,12,0
nba-401585249,2024,2024-01-25 00:30:00+00:00,MEM,MIA,105,96,https://a.espncdn.com/i/teamlogos/nba/500/scoreboard/mem.png,https://a.espncdn.com/i/teamlogos/nba/500/scoreboard/mia.png,9,0,1,0,14,0
nba-401585251,2024,2024-01-25 01:00:00+00:00,POR,HOU,137,131,https://a.espncdn.com/i/teamlogos/nba/500/scoreboard/por.png,https://a.espncdn.com/i/teamlogos/nba/500/scoreboard/hou.png,6,1,1,0,6,0
nba-401585252,2024,2024-01-25 01:00:00+00:00,CLE,MIL,116,126,https://a.espncdn.com/i/teamlogos/nba/500/scoreboard/cle.png,https://a.espncdn.com/i/teamlogos/nba/500/scoreboard/mil.png,10,0,0,0,14,0
nba-401585253,2024,2024-01-25 01:30:00+00:00,PHX,DAL,132,109,https://a.espncdn.com/i/teamlogos/nba/500/scoreboard/phx.png,https://a.espncdn.com/i/teamlogos/nba/500/scoreboard/dal.png,23,0,1,0,23,0
nba-401585250,2024,2024-01-25 02:30:00+00:00,OKC,SA,140,114,https://a.espncdn.com/i/teamlogos/nba/500/scoreboard/okc.png,https://a.espncdn.com/i/teamlogos/nba/500/scoreboard/sa.png,26,0,0,0,26,0
nba-401585254,2024,2024-01-25 03:00:00+00:00,ATL,GS,112,134,https://a.espncdn.com/i/teamlogos/nba/500/scoreboard/atl.png,https://a.espncdn.com/i/teamlogos/nba/500/scoreboard/gs.png,22,0,0,0,22,0
nba-401469065,2023,2023-02-26 18:00:00+00:00,PHX,MIL,101,104,https://a.espncdn.com/i/teamlogos/nba/500/scoreboard/phx.png,https://a.espncdn.com/i/teamlogos/nba/500/scoreboard/mil.png,3,0,0,0,7,0
nba-401469066,2023,2023-02-26 20:00:00+00:00,BKN,ATL,127,129,https://a.espncdn.com/i/teamlogos/nba/500/scoreboard/bkn.png,https://a.espncdn.com/i/teamlogos/nba/500/scoreboard/atl.png,2,0,0,0,8,0
nba-401469067,2023,2023-02-26 20:30:00+00:00,WSH,CHI,82,102,https://a.espncdn.com/i/teamlogos/nba/500/scoreboard/wsh.png,https://a.espncdn.com/i/teamlogos/nba/500/scoreboard/chi.png,20,0,1,0,20,0
nba-401469068,2023,2023-02-26 20:30:00+00:00,LAL,DAL,111,108,https://a.espncdn.com/i/teamlogos/nba/500/scoreboard/lal.png,https://a.espncdn.com/i/teamlogos/nba/500/scoreboard/dal.png,3,0,1,1,14,0
nba-401469069,2023,2023-02-26 23:00:00+00:00,TOR,CLE,93,118,https://a.espncdn.com/i/teamlogos/nba/500/scoreboard/tor.png,https://a.espncdn.com/i/teamlogos/nba/500/scoreboard/cle.png,25,0,0,0,25,0
nba-401469070,2023,2023-02-27 00:00:00+00:00,SAC,OKC,124,115,https://a.espncdn.com/i/teamlogos/nba/500/scoreboard/sac.png,https://a.espncdn.com/i/teamlogos/nba/500/scoreboard/okc.png,9,0,0,0,10,0
nba-401469071,2023,2023-02-27 00:30:00+00:00,MIN,GS,104,109,https://a.espncdn.com/i/teamlogos/nba/500/scoreboard/min.png,https://a.espncdn.com/i/teamlogos/nba/500/scoreboard/gs.png,5,0,3,1,9,0
nba-401469072,2023,2023-02-27 02:00:00+00:00,HOU,POR,114,131,https://a.espncdn.com/i/teamlogos/nba/500/scoreboard/hou.png,https://a.espncdn.com/i/teamlogos/nba/500/scoreboard/por.png,17,0,0,0,17,0
nba-401469073,2023,2023-02-27 03:00:00+00:00,LAC,DEN,124,134,https://a.espncdn.com/i/teamlogos/nba/500/scoreboard/lac.png,https://a.espncdn.com/i/teamlogos/nba/500/scoreboard/den.png,10,1,0,0,13,0
nba-401360724,2022,2022-02-26 17:00:00+00:00,BOS,DET,113,104,https://a.espncdn.com/i/teamlogos/nba/500/scoreboard/bos.png,https://a.espncdn.com/i/teamlogos/nba/500/scoreboard/det.png,9,0,2,1,9,0
nba-401360725,2022,2022-02-27 00:30:00+00:00,TOR,ATL,100,127,https://a.espncdn.com/i/teamlogos/nba/500/scoreboard/tor.png,https://a.espncdn.com/i/teamlogos/nba/500/scoreboard/atl.png,27,0,1,0,30,0
nba-401360726,2022,2022-02-27 01:00:00+00:00,WSH,CLE,86,92,https://a.espncdn.com/i/teamlogos/nba/500/scoreboard/wsh.png,https://a.espncdn.com/i/teamlogos/nba/500/scoreboard/cle.png,6,0,1,1,6,0
nba-401360727,2022,2022-02-27 01:00:00+00:00,SA,MIA,129,133,https://a.espncdn.com/i/teamlogos/nba/500/scoreboard/sa.png,https://a.espncdn.com/i/teamlogos/nba/500/scoreboard/mia.png,4,0,1,0,12,0
nba-401360728,2022,2022-02-27 01:00:00+00:00,MEM,CHI,116,110,https://a.espncdn.com/i/teamlogos/nba/500/scoreboard/mem.png,https://a.espncdn.com/i/teamlogos/nba/500/scoreboard/chi.png,6,0,0,0,14,0
nba-401360729,2022,2022-02-27 01:30:00+00:00,BKN,MIL,126,123,https://a.espncdn.com/i/teamlogos/nba/500/scoreboard/bkn.png,https://a.espncdn.com/i/teamlogos/nba/500/scoreboard/mil.png,3,0,1,0,7,0
nba-401360730,2022,2022-02-27 02:00:00+00:00,SAC,DEN,110,115,https://a.espncdn.com/i/teamlogos/nba/500/scoreboard/sac.png,https://a.espncdn.com/i/teamlogos/nba/500/scoreboard/den.png,5,0,0,0,8,0
nba-401360152,2022,2021-12-03 00:30:00+00:00,CHI,NY,119,115,https://a.espncdn.com/i/teamlogos/nba/500/scoreboard/chi.png,https://a.espncdn.com/i/teamlogos/nba/500/scoreboard/ny.png,4,0,0,0,18,0
nba-401360153,2022,2021-12-03 00:30:00+00:00,MIL,TOR,93,97,https://a.espncdn.com/i/teamlogos/nba/500/scoreboard/mil.png,https://a.espncdn.com/i/teamlogos/nba/500/scoreboard/tor.png,4,0,0,0,8,0
nba-401360154,2022,2021-12-03 01:00:00+00:00,OKC,MEM,79,152,https://a.espncdn.com/i/teamlogos/nba/500/scoreboard/okc.png,https://a.espncdn.com/i/teamlogos/nba/500/scoreboard/mem.png,73,0,0,0,73,0
nba-401360155,2022,2021-12-03 02:00:00+00:00,DET,PHX,103,114,https://a.espncdn.com/i/teamlogos/nba/500/scoreboard/det.png,https://a.espncdn.com/i/teamlogos/nba/500/scoreboard/phx.png,11,0,0,0,18,0
nba-401360156,2022,2021-12-03 03:00:00+00:00,SA,POR,114,83,https://a.espncdn.com/i/teamlogos/nba/500/scoreboard/sa.png,https://a.espncdn.com/i/teamlogos/nba/500/scoreboard/por.png,31,0,0,0,31,0
nba-401584729,2024,2023-10-30 23:00:00+00:00,BKN,CHA,133,121,https://a.espncdn.com/i/teamlogos/nba/500/scoreboard/bkn.png,https://a.espncdn.com/i/teamlogos/nba/500/scoreboard/cha.png,12,0,0,0,19,0
nba-401584730,2024,2023-10-30 23:00:00+00:00,CHI,IND,112,105,https://a.espncdn.com/i/teamlogos/nba/500/scoreboard/chi.png,https://a.espncdn.com/i/teamlogos/nba/500/scoreboard/ind.png,7,0,1,1,7,0
nba-401584731,2024,2023-10-30 23:00:00+00:00,BOS,WSH,126,107,https://a.espncdn.com/i/teamlogos/nba/500/scoreboard/bos.png,https://a.espncdn.com/i/teamlogos/nba/500/scoreboard/wsh.png,19,0,0,0,33,0
nba-401584732,2024,2023-10-30 23:30:00+00:00,MIN,ATL,113,127,https://a.espncdn.com/i/teamlogos/nba/500/scoreboard/min.png,https://a.espncdn.com/i/teamlogos/nba/500/scoreboard/atl.png,14,0,1,0,19,0
nba-401584733,2024,2023-10-30 23:30:00+00:00,POR,TOR,99,91,https://a.espncdn.com/i/teamlogos/nba/500/scoreboard/por.png,https://a.espncdn.com/i/teamlogos/nba/500/scoreboard/tor.png,8,0,1,0,8,0
nba-401584734,2024,2023-10-31 00:00:00+00:00,DAL,MEM,125,110,https://a.espncdn.com/i/teamlogos/nba/500/scoreboard/dal.png,https://a.espncdn.com/i/teamlogos/nba/500/scoreboard/mem.png,15,0,1,0,15,0
nba-401584735,2024,2023-10-31 00:00:00+00:00,MIA,MIL,114,122,https://a.espncdn.com/i/teamlogos/nba/500/scoreboard/mia.png,https://a.espncdn.com/i/teamlogos/nba/500/scoreboard/mil.png,8,0,0,0,24,0
nba-401584736,2024,2023-10-31 00:00:00+00:00,GS,NO,130,102,https://a.espncdn.com/i/teamlogos/nba/500/scoreboard/gs.png,https://a.espncdn.com/i/teamlogos/nba/500/scoreboard/no.png,28,0,0,0,28,0
nba-401584737,2024,2023-10-31 00:00:00+00:00,DET,OKC,112,124,https://a.espncdn.com/i/teamlogos/nba/500/scoreboard/det.png,https://a.espncdn.com/i/teamlogos/nba/500/scoreboard/okc.png,12,0,0,0,12,0
nba-401584738,2024,2023-10-31 01:00:00+00:00,UTAH,DEN,102,110,https://a.espncdn.com/i/teamlogos/nba/500/scoreboard/utah.png,https://a.espncdn.com/i/teamlogos/nba/500/scoreboard/den.png,8,0,0,0,13,0
nba-401584739,2024,2023-10-31 02:30:00+00:00,ORL,LAL,103,106,https://a.espncdn.com/i/teamlogos/nba/500/scoreboard/orl.png,https://a.espncdn.com/i/teamlogos/nba/500/scoreboard/lal.png,3,0,2,0,5,0
nba-401671999,2024,2024-05-24 00:00:00+00:00,IND,BOS,110,126,https://a.espncdn.com/i/teamlogos/nba/500/scoreboard/ind.png,https://a.espncdn.com/i/teamlogos/nba/500/scoreboard/bos.png,16,0,1,0,16,1
nba-401468243,2023,2022-10-30 19:00:00+00:00,NO,LAC,112,91,https://a.espncdn.com/i/teamlogos/nba/500/scoreboard/no.png,https://a.espncdn.com/i/teamlogos/nba/500/scoreboard/lac.png,21,0,1,0,21,0
nba-401468244,2023,2022-10-30 22:00:00+00:00,WSH,BOS,94,112,https://a.espncdn.com/i/teamlogos/nba/500/scoreboard/wsh.png,https://a.espncdn.com/i/teamlogos/nba/500/scoreboard/bos.png,18,0,0,0,19,0
nba-401468245,2023,2022-10-30 22:00:00+00:00,NY,CLE,108,121,https://a.espncdn.com/i/teamlogos/nba/500/scoreboard/ny.png,https://a.espncdn.com/i/teamlogos/nba/500/scoreboard/cle.png,13,0,2,1,13,0
nba-401468246,2023,2022-10-30 22:00:00+00:00,GS,DET,114,128,https://a.espncdn.com/i/teamlogos/nba/500/scoreboard/gs.png,https://a.espncdn.com/i/teamlogos/nba/500/scoreboard/det.png,14,0,1,0,14,0
nba-401468247,2023,2022-10-30 23:00:00+00:00,MIN,SA,98,107,https://a.espncdn.com/i/teamlogos/nba/500/scoreboard/min.png,https://a.espncdn.com/i/teamlogos/nba/500/scoreboard/sa.png,9,0,0,0,15,0
nba-401468248,2023,2022-10-30 23:30:00+00:00,ORL,DAL,105,114,https://a.espncdn.com/i/teamlogos/nba/500/scoreboard/orl.png,https://a.espncdn.com/i/teamlogos/nba/500/scoreboard/dal.png,9,0,1,0,9,0
nba-401468249,2023,2022-10-31 01:00:00+00:00,HOU,PHX,109,124,https://a.espncdn.com/i/teamlogos/nba/500/scoreboard/hou.png,https://a.espncdn.com/i/teamlogos/nba/500/scoreboard/phx.png,15,0,0,0,15,0
nba-401468250,2023,2022-10-31 01:30:00+00:00,DEN,LAL,110,121,https://a.espncdn.com/i/teamlogos/nba/500/scoreboard/den.png,https://a.espncdn.com/i/teamlogos/nba/500/scoreboard/lal.png,11,0,1,0,11,0
nba-401434112,2022,2022-05-08 19:30:00+00:00,PHX,DAL,101,111,https://a.espncdn.com/i/teamlogos/nba/500/scoreboard/phx.png,https://a.espncdn.com/i/teamlogos/nba/500/scoreboard/dal.png,10,0,0,0,12,1
nba-401434053,2022,2022-05-09 00:00:00+00:00,MIA,PHI,108,116,https://a.espncdn.com/i/teamlogos/nba/500/scoreboard/mia.png,https://a.espncdn.com/i/teamlogos/nba/500/scoreboard/phi.png,8,0,0,0,8,1
nba-401544976,2023,2023-05-08 23:30:00+00:00,NY,MIA,101,109,https://a.espncdn.com/i/teamlogos/nba/500/scoreboard/ny.png,https://a.espncdn.com/i/teamlogos/nba/500/scoreboard/mia.png,8,0,0,0,9,1
nba-401545234,2023,2023-05-09 02:00:00+00:00,GS,LAL,101,104,https://a.espncdn.com/i/teamlogos/nba/500/scoreboard/gs.png,https://a.espncdn.com/i/teamlogos/nba/500/scoreboard/lal.png,3,0,2,1,7,1
nba-401360899,2022,2022-03-22 23:00:00+00:00,GS,ORL,90,94,https://a.espncdn.com/i/teamlogos/nba/500/scoreboard/gs.png,https://a.espncdn.com/i/teamlogos/nba/500/scoreboard/orl.png,4,0,2,1,9,0
nba-401360900,2022,2022-03-22 23:30:00+00:00,ATL,NY,117,111,https://a.espncdn.com/i/teamlogos/nba/500/scoreboard/atl.png,https://a.espncdn.com/i/teamlogos/nba/500/scoreboard/ny.png,6,0,3,1,6,0
nba-401360901,2022,2022-03-23 00:00:00+00:00,CHI,MIL,98,126,https://a.espncdn.com/i/teamlogos/nba/500/scoreboard/chi.png,https://a.espncdn.com/i/teamlogos/nba/500/scoreboard/mil.png,28,0,0,0,28,0
nba-401360902,2022,2022-03-23 02:00:00+00:00,LAC,DEN,115,127,https://a.espncdn.com/i/teamlogos/nba/500/scoreboard/lac.png,https://a.espncdn.com/i/teamlogos/nba/500/scoreboard/den.png,12,0,0,0,12,0
nba-401469238,2023,2023-03-22 23:00:00+00:00,DEN,WSH,118,104,https://a.espncdn.com/i/teamlogos/nba/500/scoreboard/den.png,https://a.espncdn.com/i/teamlogos/nba/500/scoreboard/wsh.png,14,0,2,0,21,0
nba-401469239,2023,2023-03-22 23:30:00+00:00,NY,MIA,120,127,https://a.espncdn.com/i/teamlogos/nba/500/scoreboard/ny.png,https://a.espncdn.com/i/teamlogos/nba/500/scoreboard/mia.png,7,0,1,0,7,0
nba-401469240,2023,2023-03-22 23:30:00+00:00,IND,TOR,118,114,https://a.espncdn.com/i/teamlogos/nba/500/scoreboard/ind.png,https://a.espncdn.com/i/teamlogos/nba/500/scoreboard/tor.png,4,0,0,0,10,0
nba-401469241,2023,2023-03-22 23:30:00+00:00,GS,DAL,127,125,https://a.espncdn.com/i/teamlogos/nba/500/scoreboard/gs.png,https://a.espncdn.com/i/teamlogos/nba/500/scoreboard/dal.png,2,0,1,0,3,0
nba-401469242,2023,2023-03-23 00:00:00+00:00,PHI,CHI,116,91,https://a.espncdn.com/i/teamlogos/nba/500/scoreboard/phi.png,https://a.espncdn.com/i/teamlogos/nba/500/scoreboard/chi.png,25,0,0,0,28,0
nba-401469243,2023,2023-03-23 00:00:00+00:00,HOU,MEM,125,130,https://a.espncdn.com/i/teamlogos/nba/500/scoreboard/hou.png,https://a.espncdn.com/i/teamlogos/nba/500/scoreboard/mem.png,5,0,0,0,11,0
nba-401469244,2023,2023-03-23 00:00:00+00:00,SA,MIL,94,130,https://a.espncdn.com/i/teamlogos/nba/500/scoreboard/sa.png,https://a.espncdn.com/i/teamlogos/nba/500/scoreboard/mil.png,36,0,0,0,36,0
nba-401469245,2023,2023-03-23 00:00:00+00:00,ATL,MIN,124,125,https://a.espncdn.com/i/teamlogos/nba/500/scoreboard/atl.png,https://a.espncdn.com/i/teamlogos/nba/500/scoreboard/min.png,1,0,3,1,5,0
nba-401469246,2023,2023-03-23 01:00:00+00:00,POR,UTAH,127,115,https://a.espncdn.com/i/teamlogos/nba/500/scoreboard/por.png,https://a.espncdn.com/i/teamlogos/nba/500/scoreboard/utah.png,12,0,1,0,12,0
nba-401469247,2023,2023-03-23 02:00:00+00:00,PHX,LAL,111,122,https://a.espncdn.com/i/teamlogos/nba/500/scoreboard/phx.png,https://a.espncdn.com/i/teamlogos/nba/500/scoreboard/lal.png,11,0,1,0,11,0
nba-401468211,2023,2022-10-26 23:00:00+00:00,ORL,CLE,92,103,https://a.espncdn.com/i/teamlogos/nba/500/scoreboard/orl.png,https://a.espncdn.com/i/teamlogos/nba/500/scoreboard/cle.png,11,0,0,0,11,0
nba-401468212,2023,2022-10-26 23:00:00+00:00,ATL,DET,118,113,https://a.espncdn.com/i/teamlogos/nba/500/scoreboard/atl.png,https://a.espncdn.com/i/teamlogos/nba/500/scoreboard/det.png,5,0,0,0,5,0
nba-401468213,2023,2022-10-26 23:30:00+00:00,CHA,NY,131,134,https://a.espncdn.com/i/teamlogos/nba/500/scoreboard/cha.png,https://a.espncdn.com/i/teamlogos/nba/500/scoreboard/ny.png,3,1,0,0,8,0
nba-401468214,2023,2022-10-26 23:30:00+00:00,PHI,TOR,109,119,https://a.espncdn.com/i/teamlogos/nba/500/scoreboard/phi.png,https://a.espncdn.com/i/teamlogos/nba/500/scoreboard/tor.png,10,0,0,0,10,0
nba-401468215,2023,2022-10-26 23:30:00+00:00,BKN,MIL,99,110,https://a.espncdn.com/i/teamlogos/nba/500/scoreboard/bkn.png,https://a.espncdn.com/i/teamlogos/nba/500/scoreboard/mil.png,11,0,2,0,12,0
nba-401468216,2023,2022-10-27 00:00:00+00:00,IND,CHI,109,124,https://a.espncdn.com/i/teamlogos/nba/500/scoreboard/ind.png,https://a.espncdn.com/i/teamlogos/nba/500/scoreboard/chi.png,15,0,0,0,19,0
nba-401468217,2023,2022-10-27 00:00:00+00:00,SA,MIN,122,134,https://a.espncdn.com/i/teamlogos/nba/500/scoreboard/sa.png,https://a.espncdn.com/i/teamlogos/nba/500/scoreboard/min.png,12,0,0,0,15,0
nba-401468218,2023,2022-10-27 01:00:00+00:00,HOU,UTAH,101,109,https://a.espncdn.com/i/teamlogos/nba/500/scoreboard/hou.png,https://a.espncdn.com/i/teamlogos/nba/500/scoreboard/utah.png,8,0,0,0,14,0
nba-401468220,2023,2022-10-27 02:00:00+00:00,MIA,POR,119,98,https://a.espncdn.com/i/teamlogos/nba/500/scoreboard/mia.png,https://a.espncdn.com/i/teamlogos/nba/500/scoreboard/por.png,21,0,1,0,21,0
nba-401468219,2023,2022-10-27 02:15:00+00:00,LAL,DEN,99,110,https://a.espncdn.com/i/teamlogos/nba/500/scoreboard/lal.png,https://a.espncdn.com/i/teamlogos/nba/500/scoreboard/den.png,11,0,0,0,15,0
nba-401584703,2024,2023-10-26 23:30:00+00:00,PHI,MIL,117,118,https://a.espncdn.com/i/teamlogos/nba/500/scoreboard/phi.png,https://a.espncdn.com/i/teamlogos/nba/500/scoreboard/mil.png,1,0,0,0,9,0
nba-401584704,2024,2023-10-27 02:00:00+00:00,PHX,LAL,95,100,https://a.espncdn.com/i/teamlogos/nba/500/scoreboard/phx.png,https://a.espncdn.com/i/teamlogos/nba/500/scoreboard/lal.png,5,0,1,1,12,0
nba-401585545,2024,2024-03-09 21:00:00+00:00,CHI,LAC,102,112,https://a.espncdn.com/i/teamlogos/nba/500/scoreboard/chi.png,https://a.espncdn.com/i/teamlogos/nba/500/scoreboard/lac.png,10,0,1,1,11,0
nba-401585546,2024,2024-03-10 00:00:00+00:00,BKN,CHA,99,110,https://a.espncdn.com/i/teamlogos/nba/500/scoreboard/bkn.png,https://a.espncdn.com/i/teamlogos/nba/500/scoreboard/cha.png,11,0,1,0,11,0
nba-401585547,2024,2024-03-10 00:00:00+00:00,DAL,DET,142,124,https://a.espncdn.com/i/teamlogos/nba/500/scoreboard/dal.png,https://a.espncdn.com/i/teamlogos/nba/500/scoreboard/det.png,18,0,0,0,18,0
nba-401585548,2024,2024-03-10 01:30:00+00:00,BOS,PHX,117,107,https://a.espncdn.com/i/teamlogos/nba/500/scoreboard/bos.png,https://a.espncdn.com/i/teamlogos/nba/500/scoreboard/phx.png,10,0,0,0,12,0
nba-401585549,2024,2024-03-10 01:30:00+00:00,SA,GS,126,113,https://a.espncdn.com/i/teamlogos/nba/500/scoreboard/sa.png,https://a.espncdn.com/i/teamlogos/nba/500/scoreboard/gs.png,13,0,0,0,19,0
nba-401585550,2024,2024-03-10 02:00:00+00:00,UTAH,DEN,121,142,https://a.espncdn.com/i/teamlogos/nba/500/scoreboard/utah.png,https://a.espncdn.com/i/teamlogos/nba/500/scoreboard/den.png,21,0,0,0,34,0
nba-401585551,2024,2024-03-10 03:00:00+00:00,TOR,POR,118,128,https://a.espncdn.com/i/teamlogos/nba/500/scoreboard/tor.png,https://a.espncdn.com/i/teamlogos/nba/500/scoreboard/por.png,10,1,0,0,17,0
nba-401655120,2024,2024-04-27 17:00:00+00:00,CLE,ORL,89,112,https://a.espncdn.com/i/teamlogos/nba/500/scoreboard/cle.png,https://a.espncdn.com/i/teamlogos/nba/500/scoreboard/orl.png,23,0,1,0,23,1
nba-401655077,2024,2024-04-27 19:30:00+00:00,OKC,NO,106,85,https://a.espncdn.com/i/teamlogos/nba/500/scoreboard/okc.png,https://a.espncdn.com/i/teamlogos/nba/500/scoreboard/no.png,21,0,0,0,21,1
nba-401655101,2024,2024-04-27 22:00:00+00:00,BOS,MIA,104,84,https://a.espncdn.com/i/teamlogos/nba/500/scoreboard/bos.png,https://a.espncdn.com/i/teamlogos/nba/500/scoreboard/mia.png,20,0,0,0,26,1
nba-401655084,2024,2024-04-28 00:30:00+00:00,DEN,LAL,108,119,https://a.espncdn.com/i/teamlogos/nba/500/scoreboard/den.png,https://a.espncdn.com/i/teamlogos/nba/500/scoreboard/lal.png,11,0,0,0,13,1
nba-401360487,2022,2022-01-20 00:00:00+00:00,ORL,PHI,110,123,https://a.espncdn.com/i/teamlogos/nba/500/scoreboard/orl.png,https://a.espncdn.com/i/teamlogos/nba/500/scoreboard/phi.png,13,0,2,0,14,0
nba-401360488,2022,2022-01-20 00:00:00+00:00,BKN,WSH,119,118,https://a.espncdn.com/i/teamlogos/nba/500/scoreboard/bkn.png,https://a.espncdn.com/i/teamlogos/nba/500/scoreboard/wsh.png,1,0,0,0,12,0
nba-401360489,2022,2022-01-20 00:30:00+00:00,MIN,ATL,122,134,https://a.espncdn.com/i/teamlogos/nba/500/scoreboard/min.png,https://a.espncdn.com/i/teamlogos/nba/500/scoreboard/atl.png,12,0,1,0,16,0
nba-401360490,2022,2022-01-20 00:30:00+00:00,CHA,BOS,111,102,https://a.espncdn.com/i/teamlogos/nba/500/scoreboard/cha.png,https://a.espncdn.com/i/teamlogos/nba/500/scoreboard/bos.png,9,0,1,0,12,0
nba-401360491,2022,2022-01-20 00:30:00+00:00,POR,MIA,92,104,https://a.espncdn.com/i/teamlogos/nba/500/scoreboard/por.png,https://a.espncdn.com/i/teamlogos/nba/500/scoreboard/mia.png,12,0,3,1,12,0
nba-401360492,2022,2022-01-20 01:00:00+00:00,CLE,CHI,104,117,https://a.espncdn.com/i/teamlogos/nba/500/scoreboard/cle.png,https://a.espncdn.com/i/teamlogos/nba/500/scoreboard/chi.png,13,0,1,0,13,0
nba-401360493,2022,2022-01-20 01:00:00+00:00,MEM,MIL,114,126,https://a.espncdn.com/i/teamlogos/nba/500/scoreboard/mem.png,https://a.espncdn.com/i/teamlogos/nba/500/scoreboard/mil.png,12,0,0,0,14,0
nba-401360494,2022,2022-01-20 01:30:00+00:00,TOR,DAL,98,102,https://a.espncdn.com/i/teamlogos/nba/500/scoreboard/tor.png,https://a.espncdn.com/i/teamlogos/nba/500/scoreboard/dal.png,4,0,1,0,7,0
nba-401360495,2022,2022-01-20 01:30:00+00:00,OKC,SA,96,118,https://a.espncdn.com/i/teamlogos/nba/500/scoreboard/okc.png,https://a.espncdn.com/i/teamlogos/nba/500/scoreboard/sa.png,22,0,0,0,28,0
nba-401360496,2022,2022-01-20 02:00:00+00:00,HOU,UTAH,116,111,https://a.espncdn.com/i/teamlogos/nba/500/scoreboard/hou.png,https://a.espncdn.com/i/teamlogos/nba/500/scoreboard/utah.png,5,0,2,0,9,0
nba-401360497,2022,2022-01-20 03:00:00+00:00,LAC,DEN,128,130,https://a.espncdn.com/i/teamlogos/nba/500/scoreboard/lac.png,https://a.espncdn.com/i/teamlogos/nba/500/scoreboard/den.png,2,1,2,0,12,0
nba-401360498,2022,2022-01-20 03:00:00+00:00,DET,SAC,133,131,https://a.espncdn.com/i/teamlogos/nba/500/scoreboard/det.png,https://a.espncdn.com/i/teamlogos/nba/500/scoreboard/sac.png,2,0,2,0,7,0
nba-401360499,2022,2022-01-20 03:30:00+00:00,IND,LAL,111,104,https://a.espncdn.com/i/teamlogos/nba/500/scoreboard/ind.png,https://a.espncdn.com/i/teamlogos/nba/500/scoreboard/lal.png,7,0,1,1,9,0
nba-401468833,2023,2023-01-19 20:00:00+00:00,CHI,DET,126,108,https://a.espncdn.com/i/teamlogos/nba/500/scoreboard/chi.png,https://a.espncdn.com/i/teamlogos/nba/500/scoreboard/det.png,18,0,0,0,18,0
nba-401468834,2023,2023-01-20 00:30:00+00:00,GS,BOS,118,121,https://a.espncdn.com/i/teamlogos/nba/500/scoreboard/gs.png,https://a.espncdn.com/i/teamlogos/nba/500/scoreboard/bos.png,3,1,1,1,7,0
nba-401468835,2023,2023-01-20 01:00:00+00:00,TOR,MIN,126,128,https://a.espncdn.com/i/teamlogos/nba/500/scoreboard/tor.png,https://a.espncdn.com/i/teamlogos/nba/500/scoreboard/min.png,2,0,1,1,10,0
nba-401468836,2023,2023-01-20 03:00:00+00:00,BKN,PHX,112,117,https://a.espncdn.com/i/teamlogos/nba/500/scoreboard/bkn.png,https://a.espncdn.com/i/teamlogos/nba/500/scoreboard/phx.png,5,0,0,0,20,0
nba-401468837,2023,2023-01-20 03:00:00+00:00,PHI,POR,105,95,https://a.espncdn.com/i/teamlogos/nba/500/scoreboard/phi.png,https://a.espncdn.com/i/teamlogos/nba/500/scoreboard/por.png,10,0,0,0,23,0
nba-401360237,2022,2021-12-15 00:30:00+00:00,TOR,BKN,129,131,https://a.espncdn.com/i/teamlogos/nba/500/scoreboard/tor.png,https://a.espncdn.com/i/teamlogos/nba/500/scoreboard/bkn.png,2,1,2,1,10,0
nba-401360238,2022,2021-12-15 00:30:00+00:00,GS,NY,105,96,https://a.espncdn.com/i/teamlogos/nba/500/scoreboard/gs.png,https://a.espncdn.com/i/teamlogos/nba/500/scoreboard/ny.png,9,0,1,0,9,0
nba-401360240,2022,2021-12-15 03:00:00+00:00,PHX,POR,111,107,https://a.espncdn.com/i/teamlogos/nba/500/scoreboard/phx.png,https://a.espncdn.com/i/teamlogos/nba/500/scoreboard/por.png,4,1,2,1,11,0
nba-401585690,2024,2024-03-29 23:00:00+00:00,GS,CHA,115,97,https://a.espncdn.com/i/teamlogos/nba/500/scoreboard/gs.png,https://a.espncdn.com/i/teamlogos/nba/500/scoreboard/cha.png,18,0,0,0,18,0
nba-401585691,2024,2024-03-29 23:00:00+00:00,LAL,IND,90,109,https://a.espncdn.com/i/teamlogos/nba/500/scoreboard/lal.png,https://a.espncdn.com/i/teamlogos/nba/500/scoreboard/ind.png,19,0,0,0,19,0
nba-401585692,2024,2024-03-29 23:00:00+00:00,LAC,ORL,100,97,https://a.espncdn.com/i/teamlogos/nba/500/scoreboard/lac.png,https://a.espncdn.com/i/teamlogos/nba/500/scoreboard/orl.png,3,0,0,0,8,0
nba-401585693,2024,2024-03-29 23:00:00+00:00,DET,WSH,96,87,https://a.espncdn.com/i/teamlogos/nba/500/scoreboard/det.png,https://a.espncdn.com/i/teamlogos/nba/500/scoreboard/wsh.png,9,0,0,0,19,0
nba-401585694,2024,2024-03-29 23:30:00+00:00,CHI,BKN,108,125,https://a.espncdn.com/i/teamlogos/nba/500/scoreboard/chi.png,https://a.espncdn.com/i/teamlogos/nba/500/scoreboard/bkn.png,17,0,2,0,17,0
nba-401585695,2024,2024-03-29 23:30:00+00:00,PHI,CLE,114,117,https://a.espncdn.com/i/teamlogos/nba/500/scoreboard/phi.png,https://a.espncdn.com/i/teamlogos/nba/500/scoreboard/cle.png,3,0,2,1,3,0
nba-401585696,2024,2024-03-30 00:00:00+00:00,POR,MIA,82,142,https://a.espncdn.com/i/teamlogos/nba/500/scoreboard/por.png,https://a.espncdn.com/i/teamlogos/nba/500/scoreboard/mia.png,60,0,0,0,60,0
nba-401585697,2024,2024-03-30 00:00:00+00:00,PHX,OKC,103,128,https://a.espncdn.com/i/teamlogos/nba/500/scoreboard/phx.png,https://a.espncdn.com/i/teamlogos/nba/500/scoreboard/okc.png,25,0,0,0,25,0
nba-401585698,2024,2024-03-30 00:00:00+00:00,NY,SA,126,130,https://a.espncdn.com/i/teamlogos/nba/500/scoreboard/ny.png,https://a.espncdn.com/i/teamlogos/nba/500/scoreboard/sa.png,4,1,0,0,17,0
nba-401585699,2024,2024-03-30 01:00:00+00:00,MIN,DEN,111,98,https://a.espncdn.com/i/teamlogos/nba/500/scoreboard/min.png,https://a.espncdn.com/i/teamlogos/nba/500/scoreboard/den.png,13,0,0,0,23,0
nba-401585700,2024,2024-03-30 01:30:00+00:00,HOU,UTAH,101,100,https://a.espncdn.com/i/teamlogos/nba/500/scoreboard/hou.png,https://a.espncdn.com/i/teamlogos/nba/500/scoreboard/utah.png,1,0,1,1,10,0
nba-401585701,2024,2024-03-30 02:00:00+00:00,DAL,SAC,107,103,https://a.espncdn.com/i/teamlogos/nba/500/scoreboard/dal.png,https://a.espncdn.com/i/teamlogos/nba/500/scoreboard/sac.png,4,0,1,1,9,0
nba-401474863,2023,2022-10-06 16:00:00+00:00,MIL,ATL,113,123,https://a.espncdn.com/i/teamlogos/nba/500/scoreboard/mil.png,https://a.espncdn.com/i/teamlogos/nba/500/scoreboard/atl.png,10,0,1,0,10,0
nba-401474864,2023,2022-10-06 23:30:00+00:00,MIA,BKN,109,80,https://a.espncdn.com/i/teamlogos/nba/500/scoreboard/mia.png,https://a.espncdn.com/i/teamlogos/nba/500/scoreboard/bkn.png,29,0,0,0,29,0
nba-401474865,2023,2022-10-07 00:00:00+00:00,ADL,OKC,98,131,https://a.espncdn.com/i/teamlogos/nba/500/adl.png,https://a.espncdn.com/i/teamlogos/nba/500/scoreboard/okc.png,33,0,0,0,38,0
nba-401474866,2023,2022-10-07 00:00:00+00:00,ORL,SA,102,99,https://a.espncdn.com/i/teamlogos/nba/500/scoreboard/orl.png,https://a.espncdn.com/i/teamlogos/nba/500/scoreboard/sa.png,3,0,1,1,14,0
nba-401474867,2023,2022-10-07 02:00:00+00:00,MRC,POR,85,138,https://a.espncdn.com/i/teamlogos/nba/500/mrc.png,https://a.espncdn.com/i/teamlogos/nba/500/scoreboard/por.png,53,0,0,0,53,0
nba-401474868,2023,2022-10-07 02:00:00+00:00,MIN,LAL,114,99,https://a.espncdn.com/i/teamlogos/nba/500/scoreboard/min.png,https://a.espncdn.com/i/teamlogos/nba/500/scoreboard/lal.png,15,0,1,0,24,0
nba-401658228,2024,2024-05-15 23:00:00+00:00,CLE,BOS,98,113,https://a.espncdn.com/i/teamlogos/nba/500/scoreboard/cle.png,https://a.espncdn.com/i/teamlogos/nba/500/scoreboard/bos.png,15,0,0,0,15,1
nba-401658192,2024,2024-05-16 01:30:00+00:00,DAL,OKC,104,92,https://a.espncdn.com/i/teamlogos/nba/500/scoreboard/dal.png,https://a.espncdn.com/i/teamlogos/nba/500/scoreboard/okc.png,12,0,0,0,12,1
nba-401360751,2022,2022-03-03 00:00:00+00:00,CHA,CLE,119,98,https://a.espncdn.com/i/teamlogos/nba/500/scoreboard/cha.png,https://a.espncdn.com/i/teamlogos/nba/500/scoreboard/cle.png,21,0,0,0,21,0
nba-401360752,2022,2022-03-03 00:00:00+00:00,IND,ORL,122,114,https://a.espncdn.com/i/teamlogos/nba/500/scoreboard/ind.png,https://a.espncdn.com/i/teamlogos/nba/500/scoreboard/orl.png,8,1,1,1,15,0
nba-401360753,2022,2022-03-03 00:30:00+00:00,NY,PHI,108,123,https://a.espncdn.com/i/teamlogos/nba/500/scoreboard/ny.png,https://a.espncdn.com/i/teamlogos/nba/500/scoreboard/phi.png,15,0,1,0,15,0
nba-401360754,2022,2022-03-03 01:00:00+00:00,UTAH,HOU,132,127,https://a.espncdn.com/i/teamlogos/nba/500/scoreboard/utah.png,https://a.espncdn.com/i/teamlogos/nba/500/scoreboard/hou.png,5,1,0,0,13,0
nba-401360755,2022,2022-03-03 01:00:00+00:00,MIA,MIL,119,120,https://a.espncdn.com/i/teamlogos/nba/500/scoreboard/mia.png,https://a.espncdn.com/i/teamlogos/nba/500/scoreboard/mil.png,1,0,2,1,8,0
nba-401360756,2022,2022-03-03 01:00:00+00:00,SAC,NO,95,125,https://a.espncdn.com/i/teamlogos/nba/500/scoreboard/sac.png,https://a.espncdn.com/i/teamlogos/nba/500/scoreboard/no.png,30,0,1,0,30,0
nba-401360757,2022,2022-03-03 02:00:00+00:00,OKC,DEN,119,107,https://a.espncdn.com/i/teamlogos/nba/500/scoreboard/okc.png,https://a.espncdn.com/i/teamlogos/nba/500/scoreboard/den.png,12,0,1,0,12,0
nba-401360758,2022,2022-03-03 03:00:00+00:00,POR,PHX,90,120,https://a.espncdn.com/i/teamlogos/nba/500/scoreboard/por.png,https://a.espncdn.com/i/teamlogos/nba/500/scoreboard/phx.png,30,0,0,0,30,0
nba-401469097,2023,2023-03-03 00:00:00+00:00,TOR,WSH,108,119,https://a.espncdn.com/i/teamlogos/nba/500/scoreboard/tor.png,https://a.espncdn.com/i/teamlogos/nba/500/scoreboard/wsh.png,11,0,0,0,11,0
nba-401469098,2023,2023-03-03 00:30:00+00:00,PHI,DAL,126,133,https://a.espncdn.com/i/teamlogos/nba/500/scoreboard/phi.png,https://a.espncdn.com/i/teamlogos/nba/500/scoreboard/dal.png,7,0,0,0,19,0
nba-401469099,2023,2023-03-03 01:30:00+00:00,IND,SA,99,110,https://a.espncdn.com/i/teamlogos/nba/500/scoreboard/ind.png,https://a.espncdn.com/i/teamlogos/nba/500/scoreboard/sa.png,11,0,1,0,13,0
nba-401469100,2023,2023-03-03 03:00:00+00:00,LAC,GS,91,115,https://a.espncdn.com/i/teamlogos/nba/500/scoreboard/lac.png,https://a.espncdn.com/i/teamlogos/nba/500/scoreboard/gs.png,24,0,1,0,24,0
nba-401360650,2022,2022-02-11 00:00:00+00:00,MEM,DET,132,107,https://a.espncdn.com/i/teamlogos/nba/500/scoreboard/mem.png,https://a.espncdn.com/i/teamlogos/nba/500/scoreboard/det.png,25,0,0,0,25,0
nba-401360651,2022,2022-02-11 00:30:00+00:00,BKN,WSH,112,113,https://a.espncdn.com/i/teamlogos/nba/500/scoreboard/bkn.png,https://a.espncdn.com/i/teamlogos/nba/500/scoreboard/wsh.png,1,0,1,0,8,0
nba-401360652,2022,2022-02-11 00:30:00+00:00,MIA,NO,112,97,https://a.espncdn.com/i/teamlogos/nba/500/scoreboard/mia.png,https://a.espncdn.com/i/teamlogos/nba/500/scoreboard/no.png,15,0,0,0,15,0
nba-401360653,2022,2022-02-11 01:00:00+00:00,TOR,HOU,139,120,https://a.espncdn.com/i/teamlogos/nba/500/scoreboard/tor.png,https://a.espncdn.com/i/teamlogos/nba/500/scoreboard/hou.png,19,0,1,0,19,0
nba-401360654,2022,2022-02-11 01:30:00+00:00,LAC,DAL,105,112,https://a.espncdn.com/i/teamlogos/nba/500/scoreboard/lac.png,https://a.espncdn.com/i/teamlogos/nba/500/scoreboard/dal.png,7,0,0,0,9,0
nba-401360655,2022,2022-02-11 03:00:00+00:00,MIL,PHX,107,131,https://a.espncdn.com/i/teamlogos/nba/500/scoreboard/mil.png,https://a.espncdn.com/i/teamlogos/nba/500/scoreboard/phx.png,24,0,1,0,24,0
nba-401360656,2022,2022-02-11 03:00:00+00:00,NY,GS,116,114,https://a.espncdn.com/i/teamlogos/nba/500/scoreboard/ny.png,https://a.espncdn.com/i/teamlogos/nba/500/scoreboard/gs.png,2,0,2,0,6,0
nba-401468990,2023,2023-02-11 00:00:00+00:00,SA,DET,131,138,https://a.espncdn.com/i/teamlogos/nba/500/scoreboard/sa.png,https://a.espncdn.com/i/teamlogos/nba/500/scoreboard/det.png,7,2,1,0,9,0
nba-401468991,2023,2023-02-11 00:00:00+00:00,PHX,IND,117,104,https://a.espncdn.com/i/teamlogos/nba/500/scoreboard/phx.png,https://a.espncdn.com/i/teamlogos/nba/500/scoreboard/ind.png,13,0,0,0,18,0
nba-401468992,2023,2023-02-11 00:00:00+00:00,NY,PHI,108,119,https://a.espncdn.com/i/teamlogos/nba/500/scoreboard/ny.png,https://a.espncdn.com/i/teamlogos/nba/500/scoreboard/phi.png,11,0,1,1,11,0
nba-401468993,2023,2023-02-11 00:30:00+00:00,CHA,BOS,116,127,https://a.espncdn.com/i/teamlogos/nba/500/scoreboard/cha.png,https://a.espncdn.com/i/teamlogos/nba/500/scoreboard/bos.png,11,0,0,0,18,0
nba-401468994,2023,2023-02-11 00:30:00+00:00,UTAH,TOR,122,116,https://a.espncdn.com/i/teamlogos/nba/500/scoreboard/utah.png,https://a.espncdn.com/i/teamlogos/nba/500/scoreboard/tor.png,6,0,1,1,13,0
nba-401468995,2023,2023-02-11 01:00:00+00:00,HOU,MIA,95,97,https://a.espncdn.com/i/teamlogos/nba/500/scoreboard/hou.png,https://a.espncdn.com/i/teamlogos/nba/500/scoreboard/mia.png,2,0,1,0,2,0
nba-401468996,2023,2023-02-11 01:00:00+00:00,MIN,MEM,107,128,https://a.espncdn.com/i/teamlogos/nba/500/scoreboard/min.png,https://a.espncdn.com/i/teamlogos/nba/500/scoreboard/mem.png,21,0,1,0,21,0
nba-401468997,2023,2023-02-11 03:00:00+00:00,CLE,NO,118,107,https://a.espncdn.com/i/teamlogos/nba/500/scoreboard/cle.png,https://a.espncdn.com/i/teamlogos/nba/500/scoreboard/no.png,11,0,0,0,19,0
nba-401468998,2023,2023-02-11 03:00:00+00:00,OKC,POR,138,129,https://a.espncdn.com/i/teamlogos/nba/500/scoreboard/okc.png,https://a.espncdn.com/i/teamlogos/nba/500/scoreboard/por.png,9,0,3,1,9,0
nba-401468999,2023,2023-02-11 03:00:00+00:00,DAL,SAC,122,114,https://a.espncdn.com/i/teamlogos/nba/500/scoreboard/dal.png,https://a.espncdn.com/i/teamlogos/nba/500/scoreboard/sac.png,8,0,0,0,20,0
nba-401469000,2023,2023-02-11 03:30:00+00:00,MIL,LAC,119,106,https://a.espncdn.com/i/teamlogos/nba/500/scoreboard/mil.png,https://a.espncdn.com/i/teamlogos/nba/500/scoreboard/lac.png,13,0,1,0,13,0
nba-401585160,2024,2024-01-13 00:30:00+00:00,SAC,PHI,93,112,https://a.espncdn.com/i/teamlogos/nba/500/scoreboard/sac.png,https://a.espncdn.com/i/teamlogos/nba/500/scoreboard/phi.png,19,0,0,0,19,0
nba-401585161,2024,2024-01-13 00:30:00+00:00,IND,ATL,126,108,https://a.espncdn.com/i/teamlogos/nba/500/scoreboard/ind.png,https://a.espncdn.com/i/teamlogos/nba/500/scoreboard/atl.png,18,0,0,0,18,0
nba-401585162,2024,2024-01-13 00:30:00+00:00,HOU,DET,112,110,https://a.espncdn.com/i/teamlogos/nba/500/scoreboard/hou.png,https://a.espncdn.com/i/teamlogos/nba/500/scoreboard/det.png,2,0,1,1,7,0
nba-401585163,2024,2024-01-13 01:00:00+00:00,ORL,MIA,96,99,https://a.espncdn.com/i/teamlogos/nba/500/scoreboard/orl.png,https://a.espncdn.com/i/teamlogos/nba/500/scoreboard/mia.png,3,0,0,0,8,0
nba-401585164,2024,2024-01-13 01:00:00+00:00,GS,CHI,140,131,https://a.espncdn.com/i/teamlogos/nba/500/scoreboard/gs.png,https://a.espncdn.com/i/teamlogos/nba/500/scoreboard/chi.png,9,0,2,0,15,0
nba-401585165,2024,2024-01-13 01:00:00+00:00,LAC,MEM,128,119,https://a.espncdn.com/i/teamlogos/nba/500/scoreboard/lac.png,https://a.espncdn.com/i/teamlogos/nba/500/scoreboard/mem.png,9,0,1,0,21,0
nba-401585166,2024,2024-01-13 01:00:00+00:00,POR,MIN,93,116,https://a.espncdn.com/i/teamlogos/nba/500/scoreboard/por.png,https://a.espncdn.com/i/teamlogos/nba/500/scoreboard/min.png,23,0,0,0,31,0
nba-401585169,2024,2024-01-13 01:00:00+00:00,CHA,SA,99,135,https://a.espncdn.com/i/teamlogos/nba/500/scoreboard/cha.png,https://a.espncdn.com/i/teamlogos/nba/500/scoreboard/sa.png,36,0,0,0,36,0
nba-401585168,2024,2024-01-13 02:30:00+00:00,TOR,UTAH,113,145,https://a.espncdn.com/i/teamlogos/nba/500/scoreboard/tor.png,https://a.espncdn.com/i/teamlogos/nba/500/scoreboard/utah.png,32,0,0,0,32,0
nba-401585167,2024,2024-01-13 03:00:00+00:00,NO,DEN,113,125,https://a.espncdn.com/i/teamlogos/nba/500/scoreboard/no.png,https://a.espncdn.com/i/teamlogos/nba/500/scoreboard/den.png,12,0,0,0,20,0
nba-401468354,2023,2022-11-15 00:00:00+00:00,TOR,DET,115,111,https://a.espncdn.com/i/teamlogos/nba/500/scoreboard/tor.png,https://a.espncdn.com/i/teamlogos/nba/500/scoreboard/det.png,4,0,0,0,11,0
nba-401468355,2023,2022-11-15 00:00:00+00:00,CHA,ORL,112,105,https://a.espncdn.com/i/teamlogos/nba/500/scoreboard/cha.png,https://a.espncdn.com/i/teamlogos/nba/500/scoreboard/orl.png,7,0,0,0,15,0
nba-401468356,2023,2022-11-15 00:30:00+00:00,OKC,BOS,122,126,https://a.espncdn.com/i/teamlogos/nba/500/scoreboard/okc.png,https://a.espncdn.com/i/teamlogos/nba/500/scoreboard/bos.png,4,0,1,1,7,0
nba-401468357,2023,2022-11-15 00:30:00+00:00,PHX,MIA,112,113,https://a.espncdn.com/i/teamlogos/nba/500/scoreboard/phx.png,https://a.espncdn.com/i/teamlogos/nba/500/scoreboard/mia.png,1,0,2,1,7,0
nba-401468358,2023,2022-11-15 01:00:00+00:00,LAC,HOU,122,106,https://a.espncdn.com/i/teamlogos/nba/500/scoreboard/lac.png,https://a.espncdn.com/i/teamlogos/nba/500/scoreboard/hou.png,16,0,0,0,16,0
nba-401468359,2023,2022-11-15 01:00:00+00:00,ATL,MIL,121,106,https://a.espncdn.com/i/teamlogos/nba/500/scoreboard/atl.png,https://a.espncdn.com/i/teamlogos/nba/500/scoreboard/mil.png,15,0,0,0,15,0
nba-401468360,2023,2022-11-15 03:00:00+00:00,SA,GS,95,132,https://a.espncdn.com/i/teamlogos/nba/500/scoreboard/sa.png,https://a.espncdn.com/i/teamlogos/nba/500/scoreboard/gs.png,37,0,0,0,37,0
nba-401585759,2024,2024-04-07 19:30:00+00:00,HOU,DAL,136,147,https://a.espncdn.com/i/teamlogos/nba/500/scoreboard/hou.png,https://a.espncdn.com/i/teamlogos/nba/500/scoreboard/dal.png,11,1,1,1,15,0
nba-401585760,2024,2024-04-07 19:30:00+00:00,CLE,LAC,118,120,https://a.espncdn.com/i/teamlogos/nba/500/scoreboard/cle.png,https://a.espncdn.com/i/teamlogos/nba/500/scoreboard/lac.png,2,0,1,1,21,0
nba-401585761,2024,2024-04-07 21:00:00+00:00,MIA,IND,115,117,https://a.espncdn.com/i/teamlogos/nba/500/scoreboard/mia.png,https://a.espncdn.com/i/teamlogos/nba/500/scoreboard/ind.png,2,0,0,0,17,0
nba-401585762,2024,2024-04-07 22:00:00+00:00,POR,BOS,107,124,https://a.espncdn.com/i/teamlogos/nba/500/scoreboard/por.png,https://a.espncdn.com/i/teamlogos/nba/500/scoreboard/bos.png,17,0,0,0,17,0
nba-401585763,2024,2024-04-07 22:00:00+00:00,OKC,CHA,121,118,https://a.espncdn.com/i/teamlogos/nba/500/scoreboard/okc.png,https://a.espncdn.com/i/teamlogos/nba/500/scoreboard/cha.png,3,0,0,0,10,0
nba-401585764,2024,2024-04-07 22:00:00+00:00,CHI,ORL,98,113,https://a.espncdn.com/i/teamlogos/nba/500/scoreboard/chi.png,https://a.espncdn.com/i/teamlogos/nba/500/scoreboard/orl.png,15,0,0,0,17,0
nba-401585765,2024,2024-04-07 22:00:00+00:00,WSH,TOR,122,130,https://a.espncdn.com/i/teamlogos/nba/500/scoreboard/wsh.png,https://a.espncdn.com/i/teamlogos/nba/500/scoreboard/tor.png,8,0,0,0,25,0
nba-401585766,2024,2024-04-07 22:00:00+00:00,NO,PHX,113,105,https://a.espncdn.com/i/teamlogos/nba/500/scoreboard/no.png,https://a.espncdn.com/i/teamlogos/nba/500/scoreboard/phx.png,8,0,1,0,8,0
nba-401585767,2024,2024-04-07 23:00:00+00:00,NY,MIL,122,109,https://a.espncdn.com/i/teamlogos/nba/500/scoreboard/ny.png,https://a.espncdn.com/i/teamlogos/nba/500/scoreboard/mil.png,13,0,1,0,13,0
nba-401585768,2024,2024-04-07 23:00:00+00:00,PHI,SA,133,126,https://a.espncdn.com/i/teamlogos/nba/500/scoreboard/phi.png,https://a.espncdn.com/i/teamlogos/nba/500/scoreboard/sa.png,7,2,2,1,10,0
nba-401585769,2024,2024-04-07 23:30:00+00:00,SAC,BKN,107,77,https://a.espncdn.com/i/teamlogos/nba/500/scoreboard/sac.png,https://a.espncdn.com/i/teamlogos/nba/500/scoreboard/bkn.png,30,0,0,0,30,0
nba-401585770,2024,2024-04-08 00:30:00+00:00,UTAH,GS,110,118,https://a.espncdn.com/i/teamlogos/nba/500/scoreboard/utah.png,https://a.espncdn.com/i/teamlogos/nba/500/scoreboard/gs.png,8,0,0,0,20,0
nba-401585771,2024,2024-04-08 02:00:00+00:00,MIN,LAL,127,117,https://a.espncdn.com/i/teamlogos/nba/500/scoreboard/min.png,https://a.espncdn.com/i/teamlogos/nba/500/scoreboard/lal.png,10,0,1,0,15,0
nba-401584105,2024,2023-11-15 00:00:00+00:00,MIA,CHA,111,105,https://a.espncdn.com/i/teamlogos/nba/500/scoreboard/mia.png,https://a.espncdn.com/i/teamlogos/nba/500/scoreboard/cha.png,6,0,1,0,9,0
nba-401584106,2024,2023-11-15 00:00:00+00:00,ATL,DET,126,120,https://a.espncdn.com/i/teamlogos/nba/500/scoreboard/atl.png,https://a.espncdn.com/i/teamlogos/nba/500/scoreboard/det.png,6,0,0,0,9,0
nba-401584107,2024,2023-11-15 00:00:00+00:00,IND,PHI,132,126,https://a.espncdn.com/i/teamlogos/nba/500/scoreboard/ind.png,https://a.espncdn.com/i/teamlogos/nba/500/scoreboard/phi.png,6,0,0,0,9,0
nba-401584108,2024,2023-11-15 00:30:00+00:00,ORL,BKN,104,124,https://a.espncdn.com/i/teamlogos/nba/500/scoreboard/orl.png,https://a.espncdn.com/i/teamlogos/nba/500/scoreboard/bkn.png,20,0,2,0,20,0
nba-401584109,2024,2023-11-15 00:30:00+00:00,SA,OKC,87,123,https://a.espncdn.com/i/teamlogos/nba/500/scoreboard/sa.png,https://a.espncdn.com/i/teamlogos/nba/500/scoreboard/okc.png,36,0,0,0,36,0
nba-401584110,2024,2023-11-15 01:00:00+00:00,DAL,NO,110,131,https://a.espncdn.com/i/teamlogos/nba/500/scoreboard/dal.png,https://a.espncdn.com/i/teamlogos/nba/500/scoreboard/no.png,21,0,0,0,29,0
nba-401584111,2024,2023-11-15 02:00:00+00:00,POR,UTAH,99,115,https://a.espncdn.com/i/teamlogos/nba/500/scoreboard/por.png,https://a.espncdn.com/i/teamlogos/nba/500/scoreboard/utah.png,16,0,0,0,16,0
nba-401584112,2024,2023-11-15 03:00:00+00:00,LAC,DEN,108,111,https://a.espncdn.com/i/teamlogos/nba/500/scoreboard/lac.png,https://a.espncdn.com/i/teamlogos/nba/500/scoreboard/den.png,3,0,0,0,8,0
nba-401584113,2024,2023-11-15 03:00:00+00:00,MIN,GS,104,101,https://a.espncdn.com/i/teamlogos/nba/500/scoreboard/min.png,https://a.espncdn.com/i/teamlogos/nba/500/scoreboard/gs.png,3,0,1,1,8,0
nba-401584114,2024,2023-11-15 03:30:00+00:00,MEM,LAL,107,134,https://a.espncdn.com/i/teamlogos/nba/500/scoreboard/mem.png,https://a.espncdn.com/i/teamlogos/nba/500/scoreboard/lal.png,27,0,0,0,27,0
nba-401360294,2022,2021-12-23 00:30:00+00:00,ORL,ATL,104,98,https://a.espncdn.com/i/teamlogos/nba/500/scoreboard/orl.png,https://a.espncdn.com/i/teamlogos/nba/500/scoreboard/atl.png,6,0,0,0,10,0
nba-401360295,2022,2021-12-23 00:30:00+00:00,CLE,BOS,101,111,https://a.espncdn.com/i/teamlogos/nba/500/scoreboard/cle.png,https://a.espncdn.com/i/teamlogos/nba/500/scoreboard/bos.png,10,0,0,0,15,0
nba-401360297,2022,2021-12-23 01:00:00+00:00,HOU,MIL,106,126,https://a.espncdn.com/i/teamlogos/nba/500/scoreboard/hou.png,https://a.espncdn.com/i/teamlogos/nba/500/scoreboard/mil.png,20,0,0,0,21,0
nba-401360298,2022,2021-12-23 01:00:00+00:00,DEN,OKC,94,108,https://a.espncdn.com/i/teamlogos/nba/500/scoreboard/den.png,https://a.espncdn.com/i/teamlogos/nba/500/scoreboard/okc.png,14,0,0,0,22,0
nba-401360299,2022,2021-12-23 03:00:00+00:00,LAC,SAC,105,89,https://a.espncdn.com/i/teamlogos/nba/500/scoreboard/lac.png,https://a.espncdn.com/i/teamlogos/nba/500/scoreboard/sac.png,16,0,0,0,16,0
nba-401585105,2024,2024-01-05 00:30:00+00:00,MIL,SA,125,121,https://a.espncdn.com/i/teamlogos/nba/500/scoreboard/mil.png,https://a.espncdn.com/i/teamlogos/nba/500/scoreboard/sa.png,4,0,0,0,7,0
nba-401585106,2024,2024-01-05 03:00:00+00:00,DEN,GS,130,127,https://a.espncdn.com/i/teamlogos/nba/500/scoreboard/den.png,https://a.espncdn.com/i/teamlogos/nba/500/scoreboard/gs.png,3,0,2,1,13,0
nba-401468963,2023,2023-02-07 00:00:00+00:00,BOS,DET,111,99,https://a.espncdn.com/i/teamlogos/nba/500/scoreboard/bos.png,https://a.espncdn.com/i/teamlogos/nba/500/scoreboard/det.png,12,0,0,0,18,0
nba-401468964,2023,2023-02-07 00:00:00+00:00,CLE,WSH,114,91,https://a.espncdn.com/i/teamlogos/nba/500/scoreboard/cle.png,https://a.espncdn.com/i/teamlogos/nba/500/scoreboard/wsh.png,23,0,0,0,24,0
nba-401468965,2023,2023-02-07 00:30:00+00:00,LAC,BKN,124,116,https://a.espncdn.com/i/teamlogos/nba/500/scoreboard/lac.png,https://a.espncdn.com/i/teamlogos/nba/500/scoreboard/bkn.png,8,0,0,0,8,0
nba-401468966,2023,2023-02-07 01:00:00+00:00,SA,CHI,104,128,https://a.espncdn.com/i/teamlogos/nba/500/scoreboard/sa.png,https://a.espncdn.com/i/teamlogos/nba/500/scoreboard/chi.png,24,0,0,0,24,0
nba-401468967,2023,2023-02-07 01:00:00+00:00,SAC,HOU,140,120,https://a.espncdn.com/i/teamlogos/nba/500/scoreboard/sac.png,https://a.espncdn.com/i/teamlogos/nba/500/scoreboard/hou.png,20,0,0,0,20,0
nba-401468968,2023,2023-02-07 02:00:00+00:00,DAL,UTAH,124,111,https://a.espncdn.com/i/teamlogos/nba/500/scoreboard/dal.png,https://a.espncdn.com/i/teamlogos/nba/500/scoreboard/utah.png,13,0,1,0,13,0
nba-401468969,2023,2023-02-07 03:00:00+00:00,OKC,GS,114,141,https://a.espncdn.com/i/teamlogos/nba/500/scoreboard/okc.png,https://a.espncdn.com/i/teamlogos/nba/500/scoreboard/gs.png,27,0,1,0,27,0
nba-401468970,2023,2023-02-07 03:00:00+00:00,MIL,POR,127,108,https://a.espncdn.com/i/teamlogos/nba/500/scoreboard/mil.png,https://a.espncdn.com/i/teamlogos/nba/500/scoreboard/por.png,19,0,0,0,24,0
nba-401360621,2022,2022-02-06 20:30:00+00:00,PHI,CHI,119,108,https://a.espncdn.com/i/teamlogos/nba/500/scoreboard/phi.png,https://a.espncdn.com/i/teamlogos/nba/500/scoreboard/chi.png,11,0,0,0,11,0
nba-401360622,2022,2022-02-06 20:30:00+00:00,DET,MIN,105,118,https://a.espncdn.com/i/teamlogos/nba/500/scoreboard/det.png,https://a.espncdn.com/i/teamlogos/nba/500/scoreboard/min.png,13,0,1,0,13,0
nba-401360623,2022,2022-02-06 20:30:00+00:00,BKN,DEN,104,124,https://a.espncdn.com/i/teamlogos/nba/500/scoreboard/bkn.png,https://a.espncdn.com/i/teamlogos/nba/500/scoreboard/den.png,20,0,1,0,20,0
nba-401360624,2022,2022-02-06 23:00:00+00:00,IND,CLE,85,98,https://a.espncdn.com/i/teamlogos/nba/500/scoreboard/ind.png,https://a.espncdn.com/i/teamlogos/nba/500/scoreboard/cle.png,13,0,1,1,15,0
nba-401360625,2022,2022-02-06 23:00:00+00:00,BOS,ORL,116,83,https://a.espncdn.com/i/teamlogos/nba/500/scoreboard/bos.png,https://a.espncdn.com/i/teamlogos/nba/500/scoreboard/orl.png,33,0,0,0,33,0
nba-401360626,2022,2022-02-06 23:00:00+00:00,ATL,DAL,94,103,https://a.espncdn.com/i/teamlogos/nba/500/scoreboard/atl.png,https://a.espncdn.com/i/teamlogos/nba/500/scoreboard/dal.png,9,0,0,0,9,0
nba-401360627,2022,2022-02-07 00:00:00+00:00,NO,HOU,120,107,https://a.espncdn.com/i/teamlogos/nba/500/scoreboard/no.png,https://a.espncdn.com/i/teamlogos/nba/500/scoreboard/hou.png,13,0,2,0,13,0
nba-401360628,2022,2022-02-07 02:00:00+00:00,MIL,LAC,137,113,https://a.espncdn.com/i/teamlogos/nba/500/scoreboard/mil.png,https://a.espncdn.com/i/teamlogos/nba/500/scoreboard/lac.png,24,0,1,0,24,0
nba-401584756,2024,2023-11-02 23:00:00+00:00,TOR,PHI,99,114,https://a.espncdn.com/i/teamlogos/nba/500/scoreboard/tor.png,https://a.espncdn.com/i/teamlogos/nba/500/scoreboard/phi.png,15,0,0,0,15,0
nba-401584757,2024,2023-11-03 00:00:00+00:00,DET,NO,116,125,https://a.espncdn.com/i/teamlogos/nba/500/scoreboard/det.png,https://a.espncdn.com/i/teamlogos/nba/500/scoreboard/no.png,9,0,0,0,23,0
nba-401584758,2024,2023-11-03 01:00:00+00:00,ORL,UTAH,115,113,https://a.espncdn.com/i/teamlogos/nba/500/scoreboard/orl.png,https://a.espncdn.com/i/teamlogos/nba/500/scoreboard/utah.png,2,0,1,0,8,0
nba-401584759,2024,2023-11-03 02:00:00+00:00,SA,PHX,132,121,https://a.espncdn.com/i/teamlogos/nba/500/scoreboard/sa.png,https://a.espncdn.com/i/teamlogos/nba/500/scoreboard/phx.png,11,0,0,0,20,0
nba-401585794,2024,2024-04-11 23:00:00+00:00,CHI,DET,127,105,https://a.espncdn.com/i/teamlogos/nba/500/scoreboard/chi.png,https://a.espncdn.com/i/teamlogos/nba/500/scoreboard/det.png,22,0,0,0,22,0
nba-401585795,2024,2024-04-11 23:30:00+00:00,NY,BOS,118,109,https://a.espncdn.com/i/teamlogos/nba/500/scoreboard/ny.png,https://a.espncdn.com/i/teamlogos/nba/500/scoreboard/bos.png,9,0,0,0,29,0
nba-401585796,2024,2024-04-12 01:00:00+00:00,HOU,UTAH,121,124,https://a.espncdn.com/i/teamlogos/nba/500/scoreboard/hou.png,https://a.espncdn.com/i/teamlogos/nba/500/scoreboard/utah.png,3,0,1,0,10,0
nba-401585797,2024,2024-04-12 02:00:00+00:00,GS,POR,100,92,https://a.espncdn.com/i/teamlogos/nba/500/scoreboard/gs.png,https://a.espncdn.com/i/teamlogos/nba/500/scoreboard/por.png,8,0,0,0,8,0
nba-401585798,2024,2024-04-12 02:00:00+00:00,NO,SAC,135,123,https://a.espncdn.com/i/teamlogos/nba/500/scoreboard/no.png,https://a.espncdn.com/i/teamlogos/nba/500/scoreboard/sac.png,12,0,0,0,12,0
nba-401468263,2023,2022-11-02 22:00:00+00:00,WSH,PHI,121,111,https://a.espncdn.com/i/teamlogos/nba/500/scoreboard/wsh.png,https://a.espncdn.com/i/teamlogos/nba/500/scoreboard/phi.png,10,0,0,0,10,0
nba-401468262,2023,2022-11-02 23:30:00+00:00,BOS,CLE,113,114,https://a.espncdn.com/i/teamlogos/nba/500/scoreboard/bos.png,https://a.espncdn.com/i/teamlogos/nba/500/scoreboard/cle.png,1,1,2,0,8,0
nba-401468264,2023,2022-11-02 23:30:00+00:00,SAC,MIA,107,110,https://a.espncdn.com/i/teamlogos/nba/500/scoreboard/sac.png,https://a.espncdn.com/i/teamlogos/nba/500/scoreboard/mia.png,3,0,0,0,3,0
nba-401468265,2023,2022-11-02 23:30:00+00:00,ATL,NY,112,99,https://a.espncdn.com/i/teamlogos/nba/500/scoreboard/atl.png,https://a.espncdn.com/i/teamlogos/nba/500/scoreboard/ny.png,13,0,1,0,14,0
nba-401468266,2023,2022-11-03 00:00:00+00:00,CHA,CHI,88,106,https://a.espncdn.com/i/teamlogos/nba/500/scoreboard/cha.png,https://a.espncdn.com/i/teamlogos/nba/500/scoreboard/chi.png,18,0,0,0,18,0
nba-401468267,2023,2022-11-03 00:00:00+00:00,LAC,HOU,109,101,https://a.espncdn.com/i/teamlogos/nba/500/scoreboard/lac.png,https://a.espncdn.com/i/teamlogos/nba/500/scoreboard/hou.png,8,0,0,0,10,0
nba-401468268,2023,2022-11-03 00:00:00+00:00,DET,MIL,91,116,https://a.espncdn.com/i/teamlogos/nba/500/scoreboard/det.png,https://a.espncdn.com/i/teamlogos/nba/500/scoreboard/mil.png,25,0,0,0,25,0
nba-401468269,2023,2022-11-03 00:00:00+00:00,TOR,SA,143,100,https://a.espncdn.com/i/teamlogos/nba/500/scoreboard/tor.png,https://a.espncdn.com/i/teamlogos/nba/500/scoreboard/sa.png,43,0,0,0,43,0
nba-401468270,2023,2022-11-03 00:30:00+00:00,UTAH,DAL,100,103,https://a.espncdn.com/i/teamlogos/nba/500/scoreboard/utah.png,https://a.espncdn.com/i/teamlogos/nba/500/scoreboard/dal.png,3,0,1,1,12,0
nba-401468271,2023,2022-11-03 02:00:00+00:00,MEM,POR,111,106,https://a.espncdn.com/i/teamlogos/nba/500/scoreboard/mem.png,https://a.espncdn.com/i/teamlogos/nba/500/scoreboard/por.png,5,0,0,0,7,0
nba-401468272,2023,2022-11-03 02:30:00+00:00,NO,LAL,117,120,https://a.espncdn.com/i/teamlogos/nba/500/scoreboard/no.png,https://a.espncdn.com/i/teamlogos/nba/500/scoreboard/lal.png,3,1,1,0,12,0
nba-401608099,2024,2023-10-10 18:45:00+00:00,DAL,REAL,123,127,https://a.espncdn.com/i/teamlogos/nba/500/scoreboard/dal.png,,4,0,2,1,9,0
nba-401591882,2024,2023-10-10 23:00:00+00:00,CNS,WSH,82,145,https://a.espncdn.com/i/teamlogos/nba/500/cns.png,https://a.espncdn.com/i/teamlogos/nba/500/scoreboard/wsh.png,63,0,0,0,63,0
nba-401591883,2024,2023-10-10 23:30:00+00:00,CLE,ATL,107,108,https://a.espncdn.com/i/teamlogos/nba/500/scoreboard/cle.png,https://a.espncdn.com/i/teamlogos/nba/500/scoreboard/atl.png,1,0,2,1,12,0
nba-401591884,2024,2023-10-10 23:30:00+00:00,CHA,MIA,109,113,https://a.espncdn.com/i/teamlogos/nba/500/scoreboard/cha.png,https://a.espncdn.com/i/teamlogos/nba/500/scoreboard/mia.png,4,0,2,1,4,0
nba-401591885,2024,2023-10-11 00:00:00+00:00,IND,HOU,103,122,https://a.espncdn.com/i/teamlogos/nba/500/scoreboard/ind.png,https://a.espncdn.com/i/teamlogos/nba/500/scoreboard/hou.png,19,0,1,0,19,0
nba-401591886,2024,2023-10-11 00:00:00+00:00,MIL,MEM,102,108,https://a.espncdn.com/i/teamlogos/nba/500/scoreboard/mil.png,https://a.espncdn.com/i/teamlogos/nba/500/scoreboard/mem.png,6,0,1,0,6,0
nba-401591887,2024,2023-10-11 00:00:00+00:00,ORL,NO,122,105,https://a.espncdn.com/i/teamlogos/nba/500/scoreboard/orl.png,https://a.espncdn.com/i/teamlogos/nba/500/scoreboard/no.png,17,0,1,0,17,0
nba-401591888,2024,2023-10-11 02:00:00+00:00,UTAH,LAC,98,103,https://a.espncdn.com/i/teamlogos/nba/500/scoreboard/utah.png,https://a.espncdn.com/i/teamlogos/nba/500/scoreboard/lac.png,5,0,0,0,10,0
nba-401591889,2024,2023-10-11 02:00:00+00:00,DEN,PHX,115,107,https://a.espncdn.com/i/teamlogos/nba/500/scoreboard/den.png,https://a.espncdn.com/i/teamlogos/nba/500/scoreboard/phx.png,8,0,0,0,10,0
nba-401591890,2024,2023-10-11 02:00:00+00:00,NZL,POR,66,106,https://a.espncdn.com/guid/d45b1189-8f3d-3c8e-bbcd-e1326a66a88f/logos/default.png,https://a.espncdn.com/i/teamlogos/nba/500/scoreboard/por.png,40,0,0,0,40,0
nba-401544846,2023,2023-06-02 00:30:00+00:00,MIA,DEN,93,104,https://a.espncdn.com/i/teamlogos/nba/500/scoreboard/mia.png,https://a.espncdn.com/i/teamlogos/nba/500/scoreboard/den.png,11,0,0,0,21,1
nba-401655122,2024,2024-05-03 23:00:00+00:00,CLE,ORL,96,103,https://a.espncdn.com/i/teamlogos/nba/500/scoreboard/cle.png,https://a.espncdn.com/i/teamlogos/nba/500/scoreboard/orl.png,7,0,2,1,7,1
nba-401655098,2024,2024-05-04 01:30:00+00:00,LAC,DAL,101,114,https://a.espncdn.com/i/teamlogos/nba/500/scoreboard/lac.png,https://a.espncdn.com/i/teamlogos/nba/500/scoreboard/dal.png,13,0,0,0,15,1
nba-401474883,2023,2022-10-10 23:00:00+00:00,WSH,CHA,116,107,https://a.espncdn.com/i/teamlogos/nba/500/scoreboard/wsh.png,https://a.espncdn.com/i/teamlogos/nba/500/scoreboard/cha.png,9,0,2,1,13,0
nba-401474884,2023,2022-10-10 23:00:00+00:00,PHI,CLE,113,97,https://a.espncdn.com/i/teamlogos/nba/500/scoreboard/phi.png,https://a.espncdn.com/i/teamlogos/nba/500/scoreboard/cle.png,16,0,0,0,16,0
nba-401474885,2023,2022-10-10 23:30:00+00:00,HOU,MIA,110,118,https://a.espncdn.com/i/teamlogos/nba/500/scoreboard/hou.png,https://a.espncdn.com/i/teamlogos/nba/500/scoreboard/mia.png,8,0,1,0,11,0
nba-401474886,2023,2022-10-11 01:00:00+00:00,PHX,DEN,105,107,https://a.espncdn.com/i/teamlogos/nba/500/scoreboard/phx.png,https://a.espncdn.com/i/teamlogos/nba/500/scoreboard/den.png,2,0,1,1,5,0
nba-401358773,2022,2021-10-19 23:30:00+00:00,BKN,MIL,104,127,https://a.espncdn.com/i/teamlogos/nba/500/scoreboard/bkn.png,https://a.espncdn.com/i/teamlogos/nba/500/scoreboard/mil.png,23,0,0,0,23,0
nba-401358774,2022,2021-10-20 02:00:00+00:00,GS,LAL,121,114,https://a.espncdn.com/i/teamlogos/nba/500/scoreboard/gs.png,https://a.espncdn.com/i/teamlogos/nba/500/scoreboard/lal.png,7,0,1,1,7,0
nba-401469182,2023,2023-03-14 23:00:00+00:00,CLE,CHA,120,104,https://a.espncdn.com/i/teamlogos/nba/500/scoreboard/cle.png,https://a.espncdn.com/i/teamlogos/nba/500/scoreboard/cha.png,16,0,0,0,22,0
nba-401469183,2023,2023-03-14 23:00:00+00:00,DET,WSH,97,117,https://a.espncdn.com/i/teamlogos/nba/500/scoreboard/det.png,https://a.espncdn.com/i/teamlogos/nba/500/scoreboard/wsh.png,20,0,0,0,22,0
nba-401469184,2023,2023-03-14 23:30:00+00:00,DEN,TOR,110,125,https://a.espncdn.com/i/teamlogos/nba/500/scoreboard/den.png,https://a.espncdn.com/i/teamlogos/nba/500/scoreboard/tor.png,15,0,0,0,19,0
nba-401469185,2023,2023-03-15 00:00:00+00:00,LAL,NO,123,108,https://a.espncdn.com/i/teamlogos/nba/500/scoreboard/lal.png,https://a.espncdn.com/i/teamlogos/nba/500/scoreboard/no.png,15,0,0,0,35,0
nba-401469186,2023,2023-03-15 00:00:00+00:00,BKN,OKC,107,121,https://a.espncdn.com/i/teamlogos/nba/500/scoreboard/bkn.png,https://a.espncdn.com/i/teamlogos/nba/500/scoreboard/okc.png,14,0,1,0,14,0
nba-401469187,2023,2023-03-15 00:00:00+00:00,ORL,SA,114,132,https://a.espncdn.com/i/teamlogos/nba/500/scoreboard/orl.png,https://a.espncdn.com/i/teamlogos/nba/500/scoreboard/sa.png,18,0,0,0,18,0
nba-401469188,2023,2023-03-15 02:00:00+00:00,MIL,PHX,116,104,https://a.espncdn.com/i/teamlogos/nba/500/scoreboard/mil.png,https://a.espncdn.com/i/teamlogos/nba/500/scoreboard/phx.png,12,0,0,0,12,0
nba-401469189,2023,2023-03-15 02:00:00+00:00,NY,POR,123,107,https://a.espncdn.com/i/teamlogos/nba/500/scoreboard/ny.png,https://a.espncdn.com/i/teamlogos/nba/500/scoreboard/por.png,16,0,1,0,16,0
nba-401360839,2022,2022-03-14 23:00:00+00:00,LAC,CLE,111,120,https://a.espncdn.com/i/teamlogos/nba/500/scoreboard/lac.png,https://a.espncdn.com/i/teamlogos/nba/500/scoreboard/cle.png,9,1,2,0,9,0
nba-401360840,2022,2022-03-14 23:30:00+00:00,POR,ATL,113,122,https://a.espncdn.com/i/teamlogos/nba/500/scoreboard/por.png,https://a.espncdn.com/i/teamlogos/nba/500/scoreboard/atl.png,9,0,1,0,9,0
nba-401360841,2022,2022-03-14 23:30:00+00:00,DEN,PHI,114,110,https://a.espncdn.com/i/teamlogos/nba/500/scoreboard/den.png,https://a.espncdn.com/i/teamlogos/nba/500/scoreboard/phi.png,4,0,1,1,15,0
nba-401360842,2022,2022-03-15 00:00:00+00:00,CHA,OKC,134,116,https://a.espncdn.com/i/teamlogos/nba/500/scoreboard/cha.png,https://a.espncdn.com/i/teamlogos/nba/500/scoreboard/okc.png,18,0,1,0,18,0
nba-401360843,2022,2022-03-15 00:30:00+00:00,MIN,SA,149,139,https://a.espncdn.com/i/teamlogos/nba/500/scoreboard/min.png,https://a.espncdn.com/i/teamlogos/nba/500/scoreboard/sa.png,10,0,0,0,15,0
nba-401360844,2022,2022-03-15 02:00:00+00:00,WSH,GS,112,126,https://a.espncdn.com/i/teamlogos/nba/500/scoreboard/wsh.png,https://a.espncdn.com/i/teamlogos/nba/500/scoreboard/gs.png,14,0,0,0,17,0
nba-401360845,2022,2022-03-15 02:00:00+00:00,CHI,SAC,103,112,https://a.espncdn.com/i/teamlogos/nba/500/scoreboard/chi.png,https://a.espncdn.com/i/teamlogos/nba/500/scoreboard/sac.png,9,0,0,0,20,0
nba-401360846,2022,2022-03-15 02:00:00+00:00,MIL,UTAH,117,111,https://a.espncdn.com/i/teamlogos/nba/500/scoreboard/mil.png,https://a.espncdn.com/i/teamlogos/nba/500/scoreboard/utah.png,6,0,3,1,9,0
nba-401360847,2022,2022-03-15 02:30:00+00:00,TOR,LAL,114,103,https://a.espncdn.com/i/teamlogos/nba/500/scoreboard/tor.png,https://a.espncdn.com/i/teamlogos/nba/500/scoreboard/lal.png,11,0,0,0,21,0
nba-401360371,2022,2022-01-04 00:00:00+00:00,HOU,PHI,113,133,https://a.espncdn.com/i/teamlogos/nba/500/scoreboard/hou.png,https://a.espncdn.com/i/teamlogos/nba/500/scoreboard/phi.png,20,0,2,0,20,0
nba-401360372,2022,2022-01-04 00:00:00+00:00,CHA,WSH,121,124,https://a.espncdn.com/i/teamlogos/nba/500/scoreboard/cha.png,https://a.espncdn.com/i/teamlogos/nba/500/scoreboard/wsh.png,3,0,2,1,13,0
nba-401360373,2022,2022-01-04 00:30:00+00:00,MEM,BKN,118,104,https://a.espncdn.com/i/teamlogos/nba/500/scoreboard/mem.png,https://a.espncdn.com/i/teamlogos/nba/500/scoreboard/bkn.png,14,0,0,0,23,0
nba-401360374,2022,2022-01-04 01:00:00+00:00,ORL,CHI,98,102,https://a.espncdn.com/i/teamlogos/nba/500/scoreboard/orl.png,https://a.espncdn.com/i/teamlogos/nba/500/scoreboard/chi.png,4,0,1,0,6,0
nba-401360375,2022,2022-01-04 01:00:00+00:00,DET,MIL,115,106,https://a.espncdn.com/i/teamlogos/nba/500/scoreboard/det.png,https://a.espncdn.com/i/teamlogos/nba/500/scoreboard/mil.png,9,0,1,0,9,0
nba-401360376,2022,2022-01-04 01:00:00+00:00,UTAH,NO,115,104,https://a.espncdn.com/i/teamlogos/nba/500/scoreboard/utah.png,https://a.espncdn.com/i/teamlogos/nba/500/scoreboard/no.png,11,0,1,0,11,0
nba-401360377,2022,2022-01-04 01:30:00+00:00,DEN,DAL,89,103,https://a.espncdn.com/i/teamlogos/nba/500/scoreboard/den.png,https://a.espncdn.com/i/teamlogos/nba/500/scoreboard/dal.png,14,0,0,0,14,0
nba-401360378,2022,2022-01-04 03:00:00+00:00,MIA,GS,108,115,https://a.espncdn.com/i/teamlogos/nba/500/scoreboard/mia.png,https://a.espncdn.com/i/teamlogos/nba/500/scoreboard/gs.png,7,0,0,0,8,0
nba-401360379,2022,2022-01-04 03:00:00+00:00,ATL,POR,131,136,https://a.espncdn.com/i/teamlogos/nba/500/scoreboard/atl.png,https://a.espncdn.com/i/teamlogos/nba/500/scoreboard/por.png,5,0,2,1,5,0
nba-401360380,2022,2022-01-04 03:30:00+00:00,MIN,LAC,122,104,https://a.espncdn.com/i/teamlogos/nba/500/scoreboard/min.png,https://a.espncdn.com/i/teamlogos/nba/500/scoreboard/lac.png,18,0,0,0,20,0
nba-401468716,2023,2023-01-04 01:00:00+00:00,WSH,MIL,113,123,https://a.espncdn.com/i/teamlogos/nba/500/scoreboard/wsh.png,https://a.espncdn.com/i/teamlogos/nba/500/scoreboard/mil.png,10,0,0,0,12,0
nba-401468717,2023,2023-01-04 01:00:00+00:00,BOS,OKC,117,150,https://a.espncdn.com/i/teamlogos/nba/500/scoreboard/bos.png,https://a.espncdn.com/i/teamlogos/nba/500/scoreboard/okc.png,33,0,0,0,33,0
nba-401468718,2023,2023-01-04 02:00:00+00:00,SAC,UTAH,117,115,https://a.espncdn.com/i/teamlogos/nba/500/scoreboard/sac.png,https://a.espncdn.com/i/teamlogos/nba/500/scoreboard/utah.png,2,0,2,1,12,0
nba-401585312,2024,2024-02-02 00:30:00+00:00,LAL,BOS,114,105,https://a.espncdn.com/i/teamlogos/nba/500/scoreboard/lal.png,https://a.espncdn.com/i/teamlogos/nba/500/scoreboard/bos.png,9,0,0,0,14,0
nba-401585313,2024,2024-02-02 00:30:00+00:00,IND,NY,105,109,https://a.espncdn.com/i/teamlogos/nba/500/scoreboard/ind.png,https://a.espncdn.com/i/teamlogos/nba/500/scoreboard/ny.png,4,0,1,1,10,0
nba-401585315,2024,2024-02-02 01:00:00+00:00,CLE,MEM,108,101,https://a.espncdn.com/i/teamlogos/nba/500/scoreboard/cle.png,https://a.espncdn.com/i/teamlogos/nba/500/scoreboard/mem.png,7,0,1,0,7,0
nba-401585314,2024,2024-02-02 03:00:00+00:00,PHI,UTAH,127,124,https://a.espncdn.com/i/teamlogos/nba/500/scoreboard/phi.png,https://a.espncdn.com/i/teamlogos/nba/500/scoreboard/utah.png,3,0,0,0,10,0
nba-401468518,2023,2022-12-08 00:00:00+00:00,LAC,ORL,111,116,https://a.espncdn.com/i/teamlogos/nba/500/scoreboard/lac.png,https://a.espncdn.com/i/teamlogos/nba/500/scoreboard/orl.png,5,1,1,1,18,0
nba-401468519,2023,2022-12-08 00:30:00+00:00,CHA,BKN,116,122,https://a.espncdn.com/i/teamlogos/nba/500/scoreboard/cha.png,https://a.espncdn.com/i/teamlogos/nba/500/scoreboard/bkn.png,6,0,0,0,18,0
nba-401468520,2023,2022-12-08 00:30:00+00:00,ATL,NY,89,113,https://a.espncdn.com/i/teamlogos/nba/500/scoreboard/atl.png,https://a.espncdn.com/i/teamlogos/nba/500/scoreboard/ny.png,24,0,0,0,24,0
nba-401468521,2023,2022-12-08 00:30:00+00:00,LAL,TOR,113,126,https://a.espncdn.com/i/teamlogos/nba/500/scoreboard/lal.png,https://a.espncdn.com/i/teamlogos/nba/500/scoreboard/tor.png,13,0,0,0,23,0
nba-401468522,2023,2022-12-08 01:00:00+00:00,WSH,CHI,111,115,https://a.espncdn.com/i/teamlogos/nba/500/scoreboard/wsh.png,https://a.espncdn.com/i/teamlogos/nba/500/scoreboard/chi.png,4,0,2,1,7,0
nba-401468523,2023,2022-12-08 01:00:00+00:00,OKC,MEM,102,123,https://a.espncdn.com/i/teamlogos/nba/500/scoreboard/okc.png,https://a.espncdn.com/i/teamlogos/nba/500/scoreboard/mem.png,21,0,0,0,21,0
nba-401468524,2023,2022-12-08 01:00:00+00:00,SAC,MIL,113,126,https://a.espncdn.com/i/teamlogos/nba/500/scoreboard/sac.png,https://a.espncdn.com/i/teamlogos/nba/500/scoreboard/mil.png,13,0,0,0,13,0
nba-401468525,2023,2022-12-08 01:00:00+00:00,IND,MIN,115,121,https://a.espncdn.com/i/teamlogos/nba/500/scoreboard/ind.png,https://a.espncdn.com/i/teamlogos/nba/500/scoreboard/min.png,6,0,0,0,18,0
nba-401468526,2023,2022-12-08 01:00:00+00:00,DET,NO,98,104,https://a.espncdn.com/i/teamlogos/nba/500/scoreboard/det.png,https://a.espncdn.com/i/teamlogos/nba/500/scoreboard/no.png,6,0,1,0,13,0
nba-401468527,2023,2022-12-08 02:00:00+00:00,GS,UTAH,123,124,https://a.espncdn.com/i/teamlogos/nba/500/scoreboard/gs.png,https://a.espncdn.com/i/teamlogos/nba/500/scoreboard/utah.png,1,0,1,0,9,0
nba-401468528,2023,2022-12-08 03:00:00+00:00,BOS,PHX,125,98,https://a.espncdn.com/i/teamlogos/nba/500/scoreboard/bos.png,https://a.espncdn.com/i/teamlogos/nba/500/scoreboard/phx.png,27,0,0,0,39,0
nba-401540756,2023,2023-04-16 19:00:00+00:00,LAL,MEM,128,112,https://a.espncdn.com/i/teamlogos/nba/500/scoreboard/lal.png,https://a.espncdn.com/i/teamlogos/nba/500/scoreboard/mem.png,16,0,2,0,16,1
nba-401540754,2023,2023-04-16 21:30:00+00:00,MIA,MIL,130,117,https://a.espncdn.com/i/teamlogos/nba/500/scoreboard/mia.png,https://a.espncdn.com/i/teamlogos/nba/500/scoreboard/mil.png,13,0,0,0,14,1
nba-401540757,2023,2023-04-17 00:00:00+00:00,LAC,PHX,115,110,https://a.espncdn.com/i/teamlogos/nba/500/scoreboard/lac.png,https://a.espncdn.com/i/teamlogos/nba/500/scoreboard/phx.png,5,0,0,0,12,1
nba-401540755,2023,2023-04-17 02:30:00+00:00,MIN,DEN,80,109,https://a.espncdn.com/i/teamlogos/nba/500/scoreboard/min.png,https://a.espncdn.com/i/teamlogos/nba/500/scoreboard/den.png,29,0,0,0,29,1
nba-401429872,2022,2022-04-16 17:00:00+00:00,UTAH,DAL,99,93,https://a.espncdn.com/i/teamlogos/nba/500/scoreboard/utah.png,https://a.espncdn.com/i/teamlogos/nba/500/scoreboard/dal.png,6,0,1,0,8,1
nba-401429873,2022,2022-04-16 19:30:00+00:00,MIN,MEM,130,117,https://a.espncdn.com/i/teamlogos/nba/500/scoreboard/min.png,https://a.espncdn.com/i/teamlogos/nba/500/scoreboard/mem.png,13,0,0,0,13,1
nba-401429874,2022,2022-04-16 22:00:00+00:00,TOR,PHI,111,131,https://a.espncdn.com/i/teamlogos/nba/500/scoreboard/tor.png,https://a.espncdn.com/i/teamlogos/nba/500/scoreboard/phi.png,20,0,0,0,20,1
nba-401429875,2022,2022-04-17 00:30:00+00:00,DEN,GS,107,123,https://a.espncdn.com/i/teamlogos/nba/500/scoreboard/den.png,https://a.espncdn.com/i/teamlogos/nba/500/scoreboard/gs.png,16,0,1,0,20,1
nba-401607494,2024,2023-12-07 22:00:00+00:00,IND,MIL,128,119,https://a.espncdn.com/i/teamlogos/nba/500/scoreboard/ind.png,https://a.espncdn.com/i/teamlogos/nba/500/scoreboard/mil.png,9,0,3,1,12,0
nba-401607493,2024,2023-12-08 02:00:00+00:00,NO,LAL,89,133,https://a.espncdn.com/i/teamlogos/nba/500/scoreboard/no.png,https://a.espncdn.com/i/teamlogos/nba/500/scoreboard/lal.png,44,0,1,0,44,0
nba-401360116,2022,2021-11-27 23:00:00+00:00,MIN,PHI,121,120,https://a.espncdn.com/i/teamlogos/nba/500/scoreboard/min.png,https://a.espncdn.com/i/teamlogos/nba/500/scoreboard/phi.png,1,2,0,0,15,0
nba-401360117,2022,2021-11-28 00:30:00+00:00,NY,ATL,99,90,https://a.espncdn.com/i/teamlogos/nba/500/scoreboard/ny.png,https://a.espncdn.com/i/teamlogos/nba/500/scoreboard/atl.png,9,0,0,0,11,0
nba-401360118,2022,2021-11-28 00:30:00+00:00,PHX,BKN,113,107,https://a.espncdn.com/i/teamlogos/nba/500/scoreboard/phx.png,https://a.espncdn.com/i/teamlogos/nba/500/scoreboard/bkn.png,6,0,0,0,18,0
nba-401360119,2022,2021-11-28 01:00:00+00:00,ORL,CLE,92,105,https://a.espncdn.com/i/teamlogos/nba/500/scoreboard/orl.png,https://a.espncdn.com/i/teamlogos/nba/500/scoreboard/cle.png,13,0,0,0,13,0
nba-401360120,2022,2021-11-28 01:00:00+00:00,MIA,CHI,107,104,https://a.espncdn.com/i/teamlogos/nba/500/scoreboard/mia.png,https://a.espncdn.com/i/teamlogos/nba/500/scoreboard/chi.png,3,0,2,1,7,0
nba-401360121,2022,2021-11-28 01:00:00+00:00,CHA,HOU,143,146,https://a.espncdn.com/i/teamlogos/nba/500/scoreboard/cha.png,https://a.espncdn.com/i/teamlogos/nba/500/scoreboard/hou.png,3,1,0,0,13,0
nba-401360122,2022,2021-11-28 01:30:00+00:00,WSH,DAL,120,114,https://a.espncdn.com/i/teamlogos/nba/500/scoreboard/wsh.png,https://a.espncdn.com/i/teamlogos/nba/500/scoreboard/dal.png,6,0,2,1,8,0
nba-401360123,2022,2021-11-28 02:00:00+00:00,NO,UTAH,105,127,https://a.espncdn.com/i/teamlogos/nba/500/scoreboard/no.png,https://a.espncdn.com/i/teamlogos/nba/500/scoreboard/utah.png,22,0,0,0,29,0
nba-401585282,2024,2024-01-28 19:00:00+00:00,OKC,DET,104,120,https://a.espncdn.com/i/teamlogos/nba/500/scoreboard/okc.png,https://a.espncdn.com/i/teamlogos/nba/500/scoreboard/det.png,16,0,1,0,16,0
nba-401585280,2024,2024-01-28 20:30:00+00:00,MEM,IND,110,116,https://a.espncdn.com/i/teamlogos/nba/500/scoreboard/mem.png,https://a.espncdn.com/i/teamlogos/nba/500/scoreboard/ind.png,6,0,1,0,10,0
nba-401585281,2024,2024-01-28 23:00:00+00:00,TOR,ATL,125,126,https://a.espncdn.com/i/teamlogos/nba/500/scoreboard/tor.png,https://a.espncdn.com/i/teamlogos/nba/500/scoreboard/atl.png,1,0,2,0,8,0
nba-401585283,2024,2024-01-28 23:00:00+00:00,PHX,ORL,98,113,https://a.espncdn.com/i/teamlogos/nba/500/scoreboard/phx.png,https://a.espncdn.com/i/teamlogos/nba/500/scoreboard/orl.png,15,0,1,1,15,0
nba-401585284,2024,2024-01-29 02:00:00+00:00,CHI,POR,104,96,https://a.espncdn.com/i/teamlogos/nba/500/scoreboard/chi.png,https://a.espncdn.com/i/teamlogos/nba/500/scoreboard/por.png,8,0,0,0,11,0
nba-401656359,2024,2024-06-07 00:30:00+00:00,DAL,BOS,89,107,https://a.espncdn.com/i/teamlogos/nba/500/scoreboard/dal.png,https://a.espncdn.com/i/teamlogos/nba/500/scoreboard/bos.png,18,0,0,0,21,1
nba-401545232,2023,2023-05-05 01:00:00+00:00,LAL,GS,100,127,https://a.espncdn.com/i/teamlogos/nba/500/scoreboard/lal.png,https://a.espncdn.com/i/teamlogos/nba/500/scoreboard/gs.png,27,0,1,0,30,1
nba-401434051,2022,2022-05-04 23:30:00+00:00,PHI,MIA,103,119,https://a.espncdn.com/i/teamlogos/nba/500/scoreboard/phi.png,https://a.espncdn.com/i/teamlogos/nba/500/scoreboard/mia.png,16,0,0,0,16,1
nba-401434110,2022,2022-05-05 02:00:00+00:00,DAL,PHX,109,129,https://a.espncdn.com/i/teamlogos/nba/500/scoreboard/dal.png,https://a.espncdn.com/i/teamlogos/nba/500/scoreboard/phx.png,20,0,2,0,20,1
nba-401585574,2024,2024-03-13 23:00:00+00:00,TOR,DET,104,113,https://a.espncdn.com/i/teamlogos/nba/500/scoreboard/tor.png,https://a.espncdn.com/i/teamlogos/nba/500/scoreboard/det.png,9,0,2,0,9,0
nba-401585575,2024,2024-03-13 23:00:00+00:00,BKN,ORL,106,114,https://a.espncdn.com/i/teamlogos/nba/500/scoreboard/bkn.png,https://a.espncdn.com/i/teamlogos/nba/500/scoreboard/orl.png,8,0,0,0,17,0
nba-401585576,2024,2024-03-13 23:30:00+00:00,CHI,IND,132,129,https://a.espncdn.com/i/teamlogos/nba/500/scoreboard/chi.png,https://a.espncdn.com/i/teamlogos/nba/500/scoreboard/ind.png,3,1,2,0,8,0
nba-401585577,2024,2024-03-13 23:30:00+00:00,DEN,MIA,100,88,https://a.espncdn.com/i/teamlogos/nba/500/scoreboard/den.png,https://a.espncdn.com/i/teamlogos/nba/500/scoreboard/mia.png,12,0,0,0,12,0
nba-401585578,2024,2024-03-14 00:00:00+00:00,CHA,MEM,110,98,https://a.espncdn.com/i/teamlogos/nba/500/scoreboard/cha.png,https://a.espncdn.com/i/teamlogos/nba/500/scoreboard/mem.png,12,0,0,0,12,0
nba-401585579,2024,2024-03-14 00:00:00+00:00,CLE,NO,116,95,https://a.espncdn.com/i/teamlogos/nba/500/scoreboard/cle.png,https://a.espncdn.com/i/teamlogos/nba/500/scoreboard/no.png,21,0,0,0,21,0
nba-401585580,2024,2024-03-14 00:30:00+00:00,GS,DAL,99,109,https://a.espncdn.com/i/teamlogos/nba/500/scoreboard/gs.png,https://a.espncdn.com/i/teamlogos/nba/500/scoreboard/dal.png,10,0,0,0,10,0
nba-401585581,2024,2024-03-14 02:00:00+00:00,ATL,POR,102,106,https://a.espncdn.com/i/teamlogos/nba/500/scoreboard/atl.png,https://a.espncdn.com/i/teamlogos/nba/500/scoreboard/por.png,4,0,1,0,7,0
nba-401585582,2024,2024-03-14 02:00:00+00:00,LAL,SAC,107,120,https://a.espncdn.com/i/teamlogos/nba/500/scoreboard/lal.png,https://a.espncdn.com/i/teamlogos/nba/500/scoreboard/sac.png,13,0,0,0,15,0
nba-401434055,2022,2022-05-12 23:00:00+00:00,MIA,PHI,99,90,https://a.espncdn.com/i/teamlogos/nba/500/scoreboard/mia.png,https://a.espncdn.com/i/teamlogos/nba/500/scoreboard/phi.png,9,0,0,0,11,1
nba-401434114,2022,2022-05-13 01:30:00+00:00,PHX,DAL,86,113,https://a.espncdn.com/i/teamlogos/nba/500/scoreboard/phx.png,https://a.espncdn.com/i/teamlogos/nba/500/scoreboard/dal.png,27,0,0,0,27,1
nba-401544978,2023,2023-05-12 23:30:00+00:00,NY,MIA,92,96,https://a.espncdn.com/i/teamlogos/nba/500/scoreboard/ny.png,https://a.espncdn.com/i/teamlogos/nba/500/scoreboard/mia.png,4,0,1,0,7,1
nba-401545236,2023,2023-05-13 02:00:00+00:00,GS,LAL,101,122,https://a.espncdn.com/i/teamlogos/nba/500/scoreboard/gs.png,https://a.espncdn.com/i/teamlogos/nba/500/scoreboard/lal.png,21,0,0,0,21,1
nba-401585513,2024,2024-03-06 00:00:00+00:00,ORL,CHA,101,89,https://a.espncdn.com/i/teamlogos/nba/500/scoreboard/orl.png,https://a.espncdn.com/i/teamlogos/nba/500/scoreboard/cha.png,12,0,0,0,12,0
nba-401585514,2024,2024-03-06 00:30:00+00:00,BOS,CLE,104,105,https://a.espncdn.com/i/teamlogos/nba/500/scoreboard/bos.png,https://a.espncdn.com/i/teamlogos/nba/500/scoreboard/cle.png,1,0,1,1,16,0
nba-401585515,2024,2024-03-06 00:30:00+00:00,PHI,BKN,107,112,https://a.espncdn.com/i/teamlogos/nba/500/scoreboard/phi.png,https://a.espncdn.com/i/teamlogos/nba/500/scoreboard/bkn.png,5,0,1,1,7,0
nba-401585516,2024,2024-03-06 00:30:00+00:00,DET,MIA,110,118,https://a.espncdn.com/i/teamlogos/nba/500/scoreboard/det.png,https://a.espncdn.com/i/teamlogos/nba/500/scoreboard/mia.png,8,0,0,0,10,0
nba-401585517,2024,2024-03-06 00:30:00+00:00,ATL,NY,116,100,https://a.espncdn.com/i/teamlogos/nba/500/scoreboard/atl.png,https://a.espncdn.com/i/teamlogos/nba/500/scoreboard/ny.png,16,0,0,0,18,0
nba-401585518,2024,2024-03-06 00:30:00+00:00,NO,TOR,139,98,https://a.espncdn.com/i/teamlogos/nba/500/scoreboard/no.png,https://a.espncdn.com/i/teamlogos/nba/500/scoreboard/tor.png,41,0,0,0,41,0
nba-401585519,2024,2024-03-06 01:00:00+00:00,SA,HOU,101,114,https://a.espncdn.com/i/teamlogos/nba/500/scoreboard/sa.png,https://a.espncdn.com/i/teamlogos/nba/500/scoreboard/hou.png,13,0,2,0,13,0
nba-401585520,2024,2024-03-06 01:30:00+00:00,IND,DAL,137,120,https://a.espncdn.com/i/teamlogos/nba/500/scoreboard/ind.png,https://a.espncdn.com/i/teamlogos/nba/500/scoreboard/dal.png,17,0,0,0,18,0
nba-401585521,2024,2024-03-06 03:00:00+00:00,PHX,DEN,117,107,https://a.espncdn.com/i/teamlogos/nba/500/scoreboard/phx.png,https://a.espncdn.com/i/teamlogos/nba/500/scoreboard/den.png,10,1,1,0,15,0
nba-401359851,2022,2021-10-23 22:00:00+00:00,ATL,CLE,95,101,https://a.espncdn.com/i/teamlogos/nba/500/scoreboard/atl.png,https://a.espncdn.com/i/teamlogos/nba/500/scoreboard/cle.png,6,0,1,0,11,0
nba-401359852,2022,2021-10-23 23:00:00+00:00,MIA,IND,91,102,https://a.espncdn.com/i/teamlogos/nba/500/scoreboard/mia.png,https://a.espncdn.com/i/teamlogos/nba/500/scoreboard/ind.png,11,1,0,0,11,0
nba-401359853,2022,2021-10-23 23:30:00+00:00,DAL,TOR,103,95,https://a.espncdn.com/i/teamlogos/nba/500/scoreboard/dal.png,https://a.espncdn.com/i/teamlogos/nba/500/scoreboard/tor.png,8,0,1,0,8,0
nba-401359854,2022,2021-10-24 00:00:00+00:00,DET,CHI,82,97,https://a.espncdn.com/i/teamlogos/nba/500/scoreboard/det.png,https://a.espncdn.com/i/teamlogos/nba/500/scoreboard/chi.png,15,0,0,0,25,0
nba-401359855,2022,2021-10-24 00:00:00+00:00,NO,MIN,89,96,https://a.espncdn.com/i/teamlogos/nba/500/scoreboard/no.png,https://a.espncdn.com/i/teamlogos/nba/500/scoreboard/min.png,7,0,0,0,13,0
nba-401359856,2022,2021-10-24 00:30:00+00:00,MIL,SA,121,111,https://a.espncdn.com/i/teamlogos/nba/500/scoreboard/mil.png,https://a.espncdn.com/i/teamlogos/nba/500/scoreboard/sa.png,10,0,0,0,10,0
nba-401359857,2022,2021-10-24 02:00:00+00:00,PHX,POR,105,134,https://a.espncdn.com/i/teamlogos/nba/500/scoreboard/phx.png,https://a.espncdn.com/i/teamlogos/nba/500/scoreboard/por.png,29,0,0,0,29,0
nba-401359858,2022,2021-10-24 02:30:00+00:00,MEM,LAC,120,114,https://a.espncdn.com/i/teamlogos/nba/500/scoreboard/mem.png,https://a.espncdn.com/i/teamlogos/nba/500/scoreboard/lac.png,6,0,1,0,9,0
nba-401360265,2022,2021-12-18 17:00:00+00:00,HOU,DET,116,107,https://a.espncdn.com/i/teamlogos/nba/500/scoreboard/hou.png,https://a.espncdn.com/i/teamlogos/nba/500/scoreboard/det.png,9,0,0,0,13,0
nba-401360269,2022,2021-12-19 00:00:00+00:00,NY,BOS,107,114,https://a.espncdn.com/i/teamlogos/nba/500/scoreboard/ny.png,https://a.espncdn.com/i/teamlogos/nba/500/scoreboard/bos.png,7,0,2,1,15,0
nba-401360266,2022,2021-12-19 00:30:00+00:00,ORL,BKN,100,93,https://a.espncdn.com/i/teamlogos/nba/500/scoreboard/orl.png,https://a.espncdn.com/i/teamlogos/nba/500/scoreboard/bkn.png,7,0,0,0,9,0
nba-401360267,2022,2021-12-19 00:30:00+00:00,GS,TOR,100,119,https://a.espncdn.com/i/teamlogos/nba/500/scoreboard/gs.png,https://a.espncdn.com/i/teamlogos/nba/500/scoreboard/tor.png,19,0,0,0,27,0
nba-401360268,2022,2021-12-19 01:00:00+00:00,LAC,OKC,103,104,https://a.espncdn.com/i/teamlogos/nba/500/scoreboard/lac.png,https://a.espncdn.com/i/teamlogos/nba/500/scoreboard/okc.png,1,0,0,0,5,0
nba-401360270,2022,2021-12-19 02:00:00+00:00,CLE,MIL,119,90,https://a.espncdn.com/i/teamlogos/nba/500/scoreboard/cle.png,https://a.espncdn.com/i/teamlogos/nba/500/scoreboard/mil.png,29,0,0,0,29,0
nba-401360271,2022,2021-12-19 02:00:00+00:00,WSH,UTAH,109,103,https://a.espncdn.com/i/teamlogos/nba/500/scoreboard/wsh.png,https://a.espncdn.com/i/teamlogos/nba/500/scoreboard/utah.png,6,0,1,0,6,0
nba-401468803,2023,2023-01-15 18:00:00+00:00,NY,DET,117,104,https://a.espncdn.com/i/teamlogos/nba/500/scoreboard/ny.png,https://a.espncdn.com/i/teamlogos/nba/500/scoreboard/det.png,13,0,0,0,17,0
nba-401468804,2023,2023-01-15 20:00:00+00:00,HOU,LAC,100,121,https://a.espncdn.com/i/teamlogos/nba/500/scoreboard/hou.png,https://a.espncdn.com/i/teamlogos/nba/500/scoreboard/lac.png,21,0,2,0,21,0
nba-401468805,2023,2023-01-15 20:30:00+00:00,GS,CHI,118,132,https://a.espncdn.com/i/teamlogos/nba/500/scoreboard/gs.png,https://a.espncdn.com/i/teamlogos/nba/500/scoreboard/chi.png,14,0,2,0,15,0
nba-401468806,2023,2023-01-15 23:00:00+00:00,OKC,BKN,112,102,https://a.espncdn.com/i/teamlogos/nba/500/scoreboard/okc.png,https://a.espncdn.com/i/teamlogos/nba/500/scoreboard/bkn.png,10,0,2,1,10,0
nba-401468807,2023,2023-01-16 00:00:00+00:00,SAC,SA,132,119,https://a.espncdn.com/i/teamlogos/nba/500/scoreboard/sac.png,https://a.espncdn.com/i/teamlogos/nba/500/scoreboard/sa.png,13,0,2,0,13,0
nba-401468808,2023,2023-01-16 01:00:00+00:00,ORL,DEN,116,119,https://a.espncdn.com/i/teamlogos/nba/500/scoreboard/orl.png,https://a.espncdn.com/i/teamlogos/nba/500/scoreboard/den.png,3,0,0,0,15,0
nba-401468809,2023,2023-01-16 02:00:00+00:00,DAL,POR,123,140,https://a.espncdn.com/i/teamlogos/nba/500/scoreboard/dal.png,https://a.espncdn.com/i/teamlogos/nba/500/scoreboard/por.png,17,0,0,0,17,0
nba-401468810,2023,2023-01-16 02:30:00+00:00,PHI,LAL,113,112,https://a.espncdn.com/i/teamlogos/nba/500/scoreboard/phi.png,https://a.espncdn.com/i/teamlogos/nba/500/scoreboard/lal.png,1,0,2,0,3,0
nba-401360460,2022,2022-01-15 23:30:00+00:00,TOR,MIL,103,96,https://a.espncdn.com/i/teamlogos/nba/500/scoreboard/tor.png,https://a.espncdn.com/i/teamlogos/nba/500/scoreboard/mil.png,7,0,1,0,9,0
nba-401360461,2022,2022-01-16 00:00:00+00:00,POR,WSH,115,110,https://a.espncdn.com/i/teamlogos/nba/500/scoreboard/por.png,https://a.espncdn.com/i/teamlogos/nba/500/scoreboard/wsh.png,5,0,0,0,14,0
nba-401360462,2022,2022-01-16 00:30:00+00:00,NY,ATL,117,108,https://a.espncdn.com/i/teamlogos/nba/500/scoreboard/ny.png,https://a.espncdn.com/i/teamlogos/nba/500/scoreboard/atl.png,9,0,0,0,14,0
nba-401360463,2022,2022-01-16 00:30:00+00:00,NO,BKN,105,120,https://a.espncdn.com/i/teamlogos/nba/500/scoreboard/no.png,https://a.espncdn.com/i/teamlogos/nba/500/scoreboard/bkn.png,15,0,0,0,28,0
nba-401360464,2022,2022-01-16 01:00:00+00:00,PHI,MIA,109,98,https://a.espncdn.com/i/teamlogos/nba/500/scoreboard/phi.png,https://a.espncdn.com/i/teamlogos/nba/500/scoreboard/mia.png,11,0,1,0,11,0
nba-401360465,2022,2022-01-16 01:00:00+00:00,CLE,OKC,107,102,https://a.espncdn.com/i/teamlogos/nba/500/scoreboard/cle.png,https://a.espncdn.com/i/teamlogos/nba/500/scoreboard/okc.png,5,0,1,1,10,0
nba-401360466,2022,2022-01-16 01:30:00+00:00,CHI,BOS,112,114,https://a.espncdn.com/i/teamlogos/nba/500/scoreboard/chi.png,https://a.espncdn.com/i/teamlogos/nba/500/scoreboard/bos.png,2,0,0,0,10,0
nba-401360467,2022,2022-01-16 01:30:00+00:00,LAC,SA,94,101,https://a.espncdn.com/i/teamlogos/nba/500/scoreboard/lac.png,https://a.espncdn.com/i/teamlogos/nba/500/scoreboard/sa.png,7,0,1,0,9,0
nba-401360468,2022,2022-01-16 02:00:00+00:00,LAL,DEN,96,133,https://a.espncdn.com/i/teamlogos/nba/500/scoreboard/lal.png,https://a.espncdn.com/i/teamlogos/nba/500/scoreboard/den.png,37,0,0,0,37,0
nba-401360469,2022,2022-01-16 02:30:00+00:00,ORL,DAL,92,108,https://a.espncdn.com/i/teamlogos/nba/500/scoreboard/orl.png,https://a.espncdn.com/i/teamlogos/nba/500/scoreboard/dal.png,16,0,0,0,17,0
nba-401584920,2024,2023-12-12 00:00:00+00:00,MIA,CHA,116,114,https://a.espncdn.com/i/teamlogos/nba/500/scoreboard/mia.png,https://a.espncdn.com/i/teamlogos/nba/500/scoreboard/cha.png,2,0,0,0,12,0
nba-401584921,2024,2023-12-12 00:00:00+00:00,IND,DET,131,123,https://a.espncdn.com/i/teamlogos/nba/500/scoreboard/ind.png,https://a.espncdn.com/i/teamlogos/nba/500/scoreboard/det.png,8,0,1,0,8,0
nba-401584922,2024,2023-12-12 00:00:00+00:00,CLE,ORL,94,104,https://a.espncdn.com/i/teamlogos/nba/500/scoreboard/cle.png,https://a.espncdn.com/i/teamlogos/nba/500/scoreboard/orl.png,10,0,1,0,12,0
nba-401584923,2024,2023-12-12 00:00:00+00:00,WSH,PHI,101,146,https://a.espncdn.com/i/teamlogos/nba/500/scoreboard/wsh.png,https://a.espncdn.com/i/teamlogos/nba/500/scoreboard/phi.png,45,0,0,0,45,0
nba-401584924,2024,2023-12-12 00:30:00+00:00,DEN,ATL,129,122,https://a.espncdn.com/i/teamlogos/nba/500/scoreboard/den.png,https://a.espncdn.com/i/teamlogos/nba/500/scoreboard/atl.png,7,0,1,0,17,0
nba-401584925,2024,2023-12-12 00:30:00+00:00,TOR,NY,130,136,https://a.espncdn.com/i/teamlogos/nba/500/scoreboard/tor.png,https://a.espncdn.com/i/teamlogos/nba/500/scoreboard/ny.png,6,0,0,0,6,0
nba-401584926,2024,2023-12-12 01:00:00+00:00,SA,HOU,82,93,https://a.espncdn.com/i/teamlogos/nba/500/scoreboard/sa.png,https://a.espncdn.com/i/teamlogos/nba/500/scoreboard/hou.png,11,0,1,0,11,0
nba-401584927,2024,2023-12-12 01:00:00+00:00,DAL,MEM,120,113,https://a.espncdn.com/i/teamlogos/nba/500/scoreboard/dal.png,https://a.espncdn.com/i/teamlogos/nba/500/scoreboard/mem.png,7,0,0,0,17,0
nba-401584928,2024,2023-12-12 01:00:00+00:00,CHI,MIL,129,133,https://a.espncdn.com/i/teamlogos/nba/500/scoreboard/chi.png,https://a.espncdn.com/i/teamlogos/nba/500/scoreboard/mil.png,4,1,0,0,9,0
nba-401584929,2024,2023-12-12 01:00:00+00:00,MIN,NO,107,121,https://a.espncdn.com/i/teamlogos/nba/500/scoreboard/min.png,https://a.espncdn.com/i/teamlogos/nba/500/scoreboard/no.png,14,0,0,0,14,0
nba-401584930,2024,2023-12-12 01:00:00+00:00,UTAH,OKC,120,134,https://a.espncdn.com/i/teamlogos/nba/500/scoreboard/utah.png,https://a.espncdn.com/i/teamlogos/nba/500/scoreboard/okc.png,14,0,0,0,36,0
nba-401584931,2024,2023-12-12 03:00:00+00:00,BKN,SAC,118,131,https://a.espncdn.com/i/teamlogos/nba/500/scoreboard/bkn.png,https://a.espncdn.com/i/teamlogos/nba/500/scoreboard/sac.png,13,0,0,0,13,0
nba-401584932,2024,2023-12-12 03:30:00+00:00,POR,LAC,127,132,https://a.espncdn.com/i/teamlogos/nba/500/scoreboard/por.png,https://a.espncdn.com/i/teamlogos/nba/500/scoreboard/lac.png,5,0,0,0,11,0
nba-401468550,2023,2022-12-11 20:30:00+00:00,PHX,NO,124,129,https://a.espncdn.com/i/teamlogos/nba/500/scoreboard/phx.png,https://a.espncdn.com/i/teamlogos/nba/500/scoreboard/no.png,5,1,1,0,7,0
nba-401468551,2023,2022-12-11 23:00:00+00:00,LAL,DET,124,117,https://a.espncdn.com/i/teamlogos/nba/500/scoreboard/lal.png,https://a.espncdn.com/i/teamlogos/nba/500/scoreboard/det.png,7,0,0,0,12,0
nba-401468552,2023,2022-12-11 23:00:00+00:00,SAC,NY,99,112,https://a.espncdn.com/i/teamlogos/nba/500/scoreboard/sac.png,https://a.espncdn.com/i/teamlogos/nba/500/scoreboard/ny.png,13,0,0,0,16,0
nba-401468553,2023,2022-12-11 23:00:00+00:00,TOR,ORL,99,111,https://a.espncdn.com/i/teamlogos/nba/500/scoreboard/tor.png,https://a.espncdn.com/i/teamlogos/nba/500/scoreboard/orl.png,12,0,1,0,12,0
nba-401468554,2023,2022-12-11 23:00:00+00:00,CHA,PHI,113,131,https://a.espncdn.com/i/teamlogos/nba/500/scoreboard/cha.png,https://a.espncdn.com/i/teamlogos/nba/500/scoreboard/phi.png,18,0,1,0,18,0
nba-401468555,2023,2022-12-11 23:30:00+00:00,CHI,ATL,122,123,https://a.espncdn.com/i/teamlogos/nba/500/scoreboard/chi.png,https://a.espncdn.com/i/teamlogos/nba/500/scoreboard/atl.png,1,1,1,0,8,0
nba-401468556,2023,2022-12-12 00:00:00+00:00,MIL,HOU,92,97,https://a.espncdn.com/i/teamlogos/nba/500/scoreboard/mil.png,https://a.espncdn.com/i/teamlogos/nba/500/scoreboard/hou.png,5,0,3,1,6,0
