item_id,league,season,date,away,home,away_score,home_score,away_logo,home_logo,final_margin,total_goals,red_cards,lead_changes,came_from_behind,late_drama,is_knockout
soccer-671031,eng.1,2024,2023-08-11 19:00:00+00:00,MNC,BUR,3,0,https://a.espncdn.com/i/teamlogos/soccer/500/382.png,https://a.espncdn.com/i/teamlogos/soccer/500/379.png,3,3,1,0,0,0,0
soccer-671032,eng.1,2024,2023-08-12 12:00:00+00:00,NFO,ARS,1,2,https://a.espncdn.com/i/teamlogos/soccer/500/393.png,https://a.espncdn.com/i/teamlogos/soccer/500/359.png,1,3,0,0,0,1,0
soccer-671033,eng.1,2024,2023-08-12 14:00:00+00:00,WHU,BOU,1,1,https://a.espncdn.com/i/teamlogos/soccer/500/371.png,https://a.espncdn.com/i/teamlogos/soccer/500/349.png,0,2,0,0,1,1,0
soccer-671034,eng.1,2024,2023-08-12 14:00:00+00:00,LTN,BHA,1,4,https://a.espncdn.com/i/teamlogos/soccer/500/301.png,https://a.espncdn.com/i/teamlogos/soccer/500/331.png,3,5,0,0,0,1,0
soccer-671035,eng.1,2024,2023-08-12 14:00:00+00:00,FUL,EVE,1,0,https://a.espncdn.com/i/teamlogos/soccer/500/370.png,https://a.espncdn.com/i/teamlogos/soccer/500/368.png,1,1,0,0,0,0,0
soccer-671036,eng.1,2024,2023-08-12 14:00:00+00:00,CRY,SHU,1,0,https://a.espncdn.com/i/teamlogos/soccer/500/384.png,https://a.espncdn.com/i/teamlogos/soccer/500/398.png,1,1,0,0,0,0,0
soccer-671037,eng.1,2024,2023-08-12 16:30:00+00:00,AVL,NEW,1,5,https://a.espncdn.com/i/teamlogos/soccer/500/362.png,https://a.espncdn.com/i/teamlogos/soccer/500/361.png,4,6,0,0,0,1,0
soccer-671038,eng.1,2024,2023-08-13 13:00:00+00:00,TOT,BRE,2,2,https://a.espncdn.com/i/teamlogos/soccer/500/367.png,https://a.espncdn.com/i/teamlogos/soccer/500/337.png,0,4,0,1,1,0,0
soccer-671039,eng.1,2024,2023-08-13 15:30:00+00:00,LIV,CHE,1,1,https://a.espncdn.com/i/teamlogos/soccer/500/364.png,https://a.espncdn.com/i/teamlogos/soccer/500/363.png,0,2,0,0,1,0,0
soccer-671040,eng.1,2024,2023-08-14 19:00:00+00:00,WOL,MAN,0,1,https://a.espncdn.com/i/teamlogos/soccer/500/380.png,https://a.espncdn.com/i/teamlogos/soccer/500/360.png,1,1,0,0,0,0,0
soccer-671047,eng.1,2024,2023-08-18 18:45:00+00:00,SHU,NFO,1,2,https://a.espncdn.com/i/teamlogos/soccer/500/398.png,https://a.espncdn.com/i/teamlogos/soccer/500/393.png,1,3,0,0,0,1,0
soccer-671043,eng.1,2024,2023-08-19 14:00:00+00:00,BRE,FUL,3,0,https://a.espncdn.com/i/teamlogos/soccer/500/337.png,https://a.espncdn.com/i/teamlogos/soccer/500/370.png,3,3,1,0,0,1,0
soccer-671044,eng.1,2024,2023-08-19 14:00:00+00:00,BOU,LIV,1,3,https://a.espncdn.com/i/teamlogos/soccer/500/349.png,https://a.espncdn.com/i/teamlogos/soccer/500/364.png,2,4,1,1,1,0,0
soccer-671050,eng.1,2024,2023-08-19 14:00:00+00:00,BHA,WOL,4,1,https://a.espncdn.com/i/teamlogos/soccer/500/331.png,https://a.espncdn.com/i/teamlogos/soccer/500/380.png,3,5,1,0,0,0,0
soccer-671048,eng.1,2024,2023-08-19 16:30:00+00:00,MAN,TOT,0,2,https://a.espncdn.com/i/teamlogos/soccer/500/360.png,https://a.espncdn.com/i/teamlogos/soccer/500/367.png,2,2,0,0,0,1,0
soccer-671046,eng.1,2024,2023-08-19 19:00:00+00:00,NEW,MNC,0,1,https://a.espncdn.com/i/teamlogos/soccer/500/361.png,https://a.espncdn.com/i/teamlogos/soccer/500/382.png,1,1,0,0,0,0,0
soccer-671041,eng.1,2024,2023-08-20 13:00:00+00:00,EVE,AVL,0,4,https://a.espncdn.com/i/teamlogos/soccer/500/368.png,https://a.espncdn.com/i/teamlogos/soccer/500/362.png,4,4,0,0,0,0,0
soccer-671049,eng.1,2024,2023-08-20 15:30:00+00:00,CHE,WHU,1,3,https://a.espncdn.com/i/teamlogos/soccer/500/363.png,https://a.espncdn.com/i/teamlogos/soccer/500/371.png,2,4,1,0,0,1,0
soccer-671042,eng.1,2024,2023-08-21 19:00:00+00:00,ARS,CRY,1,0,https://a.espncdn.com/i/teamlogos/soccer/500/359.png,https://a.espncdn.com/i/teamlogos/soccer/500/384.png,1,1,1,0,0,0,0
soccer-671056,eng.1,2024,2023-08-25 19:00:00+00:00,LTN,CHE,0,3,https://a.espncdn.com/i/teamlogos/soccer/500/301.png,https://a.espncdn.com/i/teamlogos/soccer/500/363.png,3,3,0,0,0,0,0
soccer-671052,eng.1,2024,2023-08-26 11:30:00+00:00,TOT,BOU,2,0,https://a.espncdn.com/i/teamlogos/soccer/500/367.png,https://a.espncdn.com/i/teamlogos/soccer/500/349.png,2,2,0,0,0,0,0
soccer-671051,eng.1,2024,2023-08-26 14:00:00+00:00,FUL,ARS,2,2,https://a.espncdn.com/i/teamlogos/soccer/500/370.png,https://a.espncdn.com/i/teamlogos/soccer/500/359.png,0,4,1,1,1,1,0
soccer-671053,eng.1,2024,2023-08-26 14:00:00+00:00,CRY,BRE,1,1,https://a.espncdn.com/i/teamlogos/soccer/500/384.png,https://a.espncdn.com/i/teamlogos/soccer/500/337.png,0,2,0,0,1,0,0
soccer-671057,eng.1,2024,2023-08-26 14:00:00+00:00,WOL,EVE,1,0,https://a.espncdn.com/i/teamlogos/soccer/500/380.png,https://a.espncdn.com/i/teamlogos/soccer/500/368.png,1,1,0,0,0,1,0
soccer-671058,eng.1,2024,2023-08-26 14:00:00+00:00,NFO,MAN,2,3,https://a.espncdn.com/i/teamlogos/soccer/500/393.png,https://a.espncdn.com/i/teamlogos/soccer/500/360.png,1,5,1,1,1,0,0
soccer-671054,eng.1,2024,2023-08-26 16:30:00+00:00,WHU,BHA,3,1,https://a.espncdn.com/i/teamlogos/soccer/500/371.png,https://a.espncdn.com/i/teamlogos/soccer/500/331.png,2,4,0,0,0,1,0
soccer-671060,eng.1,2024,2023-08-27 13:00:00+00:00,AVL,BUR,3,1,https://a.espncdn.com/i/teamlogos/soccer/500/362.png,https://a.espncdn.com/i/teamlogos/soccer/500/379.png,2,4,0,0,0,0,0
soccer-671059,eng.1,2024,2023-08-27 13:00:00+00:00,MNC,SHU,2,1,https://a.espncdn.com/i/teamlogos/soccer/500/382.png,https://a.espncdn.com/i/teamlogos/soccer/500/398.png,1,3,0,0,0,1,0
soccer-671055,eng.1,2024,2023-08-27 15:30:00+00:00,LIV,NEW,2,1,https://a.espncdn.com/i/teamlogos/soccer/500/364.png,https://a.espncdn.com/i/teamlogos/soccer/500/361.png,1,3,1,1,1,1,0
soccer-671070,eng.1,2024,2023-09-01 19:00:00+00:00,WHU,LTN,2,1,https://a.espncdn.com/i/teamlogos/soccer/500/371.png,https://a.espncdn.com/i/teamlogos/soccer/500/301.png,1,3,0,0,0,1,0
soccer-671067,eng.1,2024,2023-09-02 11:30:00+00:00,EVE,SHU,2,2,https://a.espncdn.com/i/teamlogos/soccer/500/368.png,https://a.espncdn.com/i/teamlogos/soccer/500/398.png,0,4,0,1,1,0,0
soccer-671068,eng.1,2024,2023-09-02 14:00:00+00:00,BOU,BRE,2,2,https://a.espncdn.com/i/teamlogos/soccer/500/349.png,https://a.espncdn.com/i/teamlogos/soccer/500/337.png,0,4,0,1,1,1,0
soccer-671061,eng.1,2024,2023-09-02 14:00:00+00:00,TOT,BUR,5,2,https://a.espncdn.com/i/teamlogos/soccer/500/367.png,https://a.espncdn.com/i/teamlogos/soccer/500/379.png,3,7,0,1,1,1,0
soccer-671062,eng.1,2024,2023-09-02 14:00:00+00:00,NFO,CHE,1,0,https://a.espncdn.com/i/teamlogos/soccer/500/393.png,https://a.espncdn.com/i/teamlogos/soccer/500/363.png,1,1,0,0,0,0,0
soccer-671066,eng.1,2024,2023-09-02 14:00:00+00:00,FUL,MNC,1,5,https://a.espncdn.com/i/teamlogos/soccer/500/370.png,https://a.espncdn.com/i/teamlogos/soccer/500/382.png,4,6,0,0,0,1,0
soccer-671069,eng.1,2024,2023-09-02 16:30:00+00:00,NEW,BHA,1,3,https://a.espncdn.com/i/teamlogos/soccer/500/361.png,https://a.espncdn.com/i/teamlogos/soccer/500/331.png,2,4,0,0,0,1,0
soccer-671063,eng.1,2024,2023-09-03 13:00:00+00:00,WOL,CRY,2,3,https://a.espncdn.com/i/teamlogos/soccer/500/380.png,https://a.espncdn.com/i/teamlogos/soccer/500/384.png,1,5,0,0,0,1,0
soccer-671064,eng.1,2024,2023-09-03 13:00:00+00:00,AVL,LIV,0,3,https://a.espncdn.com/i/teamlogos/soccer/500/362.png,https://a.espncdn.com/i/teamlogos/soccer/500/364.png,3,3,0,0,0,0,0
soccer-671065,eng.1,2024,2023-09-03 15:30:00+00:00,MAN,ARS,1,3,https://a.espncdn.com/i/teamlogos/soccer/500/360.png,https://a.espncdn.com/i/teamlogos/soccer/500/359.png,2,4,0,1,1,1,0
soccer-671080,eng.1,2024,2023-09-16 11:30:00+00:00,LIV,WOL,3,1,https://a.espncdn.com/i/teamlogos/soccer/500/364.png,https://a.espncdn.com/i/teamlogos/soccer/500/380.png,2,4,0,1,1,1,0
soccer-671071,eng.1,2024,2023-09-16 14:00:00+00:00,CRY,AVL,1,3,https://a.espncdn.com/i/teamlogos/soccer/500/384.png,https://a.espncdn.com/i/teamlogos/soccer/500/362.png,2,4,0,1,1,1,0
soccer-671074,eng.1,2024,2023-09-16 14:00:00+00:00,LTN,FUL,0,1,https://a.espncdn.com/i/teamlogos/soccer/500/301.png,https://a.espncdn.com/i/teamlogos/soccer/500/370.png,1,1,0,0,0,0,0
soccer-671075,eng.1,2024,2023-09-16 14:00:00+00:00,BHA,MAN,3,1,https://a.espncdn.com/i/teamlogos/soccer/500/331.png,https://a.espncdn.com/i/teamlogos/soccer/500/360.png,2,4,0,0,0,0,0
soccer-671079,eng.1,2024,2023-09-16 14:00:00+00:00,SHU,TOT,1,2,https://a.espncdn.com/i/teamlogos/soccer/500/398.png,https://a.espncdn.com/i/teamlogos/soccer/500/367.png,1,3,1,1,1,1,0
soccer-671078,eng.1,2024,2023-09-16 14:00:00+00:00,MNC,WHU,3,1,https://a.espncdn.com/i/teamlogos/soccer/500/382.png,https://a.espncdn.com/i/teamlogos/soccer/500/371.png,2,4,0,1,1,1,0
soccer-671077,eng.1,2024,2023-09-16 16:30:00+00:00,BRE,NEW,0,1,https://a.espncdn.com/i/teamlogos/soccer/500/337.png,https://a.espncdn.com/i/teamlogos/soccer/500/361.png,1,1,0,0,0,0,0
soccer-671072,eng.1,2024,2023-09-17 13:00:00+00:00,CHE,BOU,0,0,https://a.espncdn.com/i/teamlogos/soccer/500/363.png,https://a.espncdn.com/i/teamlogos/soccer/500/349.png,0,0,0,0,0,0,0
soccer-671073,eng.1,2024,2023-09-17 15:30:00+00:00,ARS,EVE,1,0,https://a.espncdn.com/i/teamlogos/soccer/500/359.png,https://a.espncdn.com/i/teamlogos/soccer/500/368.png,1,1,0,0,0,0,0
soccer-671076,eng.1,2024,2023-09-18 18:45:00+00:00,BUR,NFO,1,1,https://a.espncdn.com/i/teamlogos/soccer/500/379.png,https://a.espncdn.com/i/teamlogos/soccer/500/393.png,0,2,1,0,1,0,0
soccer-671089,eng.1,2024,2023-09-23 14:00:00+00:00,FUL,CRY,0,0,https://a.espncdn.com/i/teamlogos/soccer/500/370.png,https://a.espncdn.com/i/teamlogos/soccer/500/384.png,0,0,0,0,0,0,0
soccer-671082,eng.1,2024,2023-09-23 14:00:00+00:00,WOL,LTN,1,1,https://a.espncdn.com/i/teamlogos/soccer/500/380.png,https://a.espncdn.com/i/teamlogos/soccer/500/301.png,0,2,1,0,1,0,0
soccer-671081,eng.1,2024,2023-09-23 14:00:00+00:00,NFO,MNC,0,2,https://a.espncdn.com/i/teamlogos/soccer/500/393.png,https://a.espncdn.com/i/teamlogos/soccer/500/382.png,2,2,1,0,0,0,0
soccer-671086,eng.1,2024,2023-09-23 16:30:00+00:00,EVE,BRE,3,1,https://a.espncdn.com/i/teamlogos/soccer/500/368.png,https://a.espncdn.com/i/teamlogos/soccer/500/337.png,2,4,0,0,0,0,0
soccer-671088,eng.1,2024,2023-09-23 19:00:00+00:00,MAN,BUR,1,0,https://a.espncdn.com/i/teamlogos/soccer/500/360.png,https://a.espncdn.com/i/teamlogos/soccer/500/379.png,1,1,0,0,0,0,0
soccer-671085,eng.1,2024,2023-09-24 13:00:00+00:00,TOT,ARS,2,2,https://a.espncdn.com/i/teamlogos/soccer/500/367.png,https://a.espncdn.com/i/teamlogos/soccer/500/359.png,0,4,0,0,1,0,0
soccer-671087,eng.1,2024,2023-09-24 13:00:00+00:00,BOU,BHA,1,3,https://a.espncdn.com/i/teamlogos/soccer/500/349.png,https://a.espncdn.com/i/teamlogos/soccer/500/331.png,2,4,0,1,1,0,0
soccer-671083,eng.1,2024,2023-09-24 13:00:00+00:00,AVL,CHE,1,0,https://a.espncdn.com/i/teamlogos/soccer/500/362.png,https://a.espncdn.com/i/teamlogos/soccer/500/363.png,1,1,1,0,0,0,0
soccer-671090,eng.1,2024,2023-09-24 13:00:00+00:00,WHU,LIV,1,3,https://a.espncdn.com/i/teamlogos/soccer/500/371.png,https://a.espncdn.com/i/teamlogos/soccer/500/364.png,2,4,0,0,0,1,0
soccer-671084,eng.1,2024,2023-09-24 15:30:00+00:00,NEW,SHU,8,0,https://a.espncdn.com/i/teamlogos/soccer/500/361.png,https://a.espncdn.com/i/teamlogos/soccer/500/398.png,8,8,0,0,0,1,0
soccer-671098,eng.1,2024,2023-09-30 11:30:00+00:00,BHA,AVL,1,6,https://a.espncdn.com/i/teamlogos/soccer/500/331.png,https://a.espncdn.com/i/teamlogos/soccer/500/362.png,5,7,0,0,0,1,0
soccer-671099,eng.1,2024,2023-09-30 14:00:00+00:00,ARS,BOU,4,0,https://a.espncdn.com/i/teamlogos/soccer/500/359.png,https://a.espncdn.com/i/teamlogos/soccer/500/349.png,4,4,0,0,0,1,0
soccer-671091,eng.1,2024,2023-09-30 14:00:00+00:00,LTN,EVE,2,1,https://a.espncdn.com/i/teamlogos/soccer/500/301.png,https://a.espncdn.com/i/teamlogos/soccer/500/368.png,1,3,0,0,0,0,0
soccer-671092,eng.1,2024,2023-09-30 14:00:00+00:00,CRY,MAN,1,0,https://a.espncdn.com/i/teamlogos/soccer/500/384.png,https://a.espncdn.com/i/teamlogos/soccer/500/360.png,1,1,0,0,0,0,0
soccer-671095,eng.1,2024,2023-09-30 14:00:00+00:00,BUR,NEW,0,2,https://a.espncdn.com/i/teamlogos/soccer/500/379.png,https://a.espncdn.com/i/teamlogos/soccer/500/361.png,2,2,0,0,0,0,0
soccer-671096,eng.1,2024,2023-09-30 14:00:00+00:00,SHU,WHU,0,2,https://a.espncdn.com/i/teamlogos/soccer/500/398.png,https://a.espncdn.com/i/teamlogos/soccer/500/371.png,2,2,0,0,0,0,0
soccer-671097,eng.1,2024,2023-09-30 14:00:00+00:00,MNC,WOL,1,2,https://a.espncdn.com/i/teamlogos/soccer/500/382.png,https://a.espncdn.com/i/teamlogos/soccer/500/380.png,1,3,0,0,0,0,0
soccer-671100,eng.1,2024,2023-09-30 16:30:00+00:00,LIV,TOT,1,2,https://a.espncdn.com/i/teamlogos/soccer/500/364.png,https://a.espncdn.com/i/teamlogos/soccer/500/367.png,1,3,2,0,0,1,0
soccer-671094,eng.1,2024,2023-10-01 13:00:00+00:00,BRE,NFO,1,1,https://a.espncdn.com/i/teamlogos/soccer/500/337.png,https://a.espncdn.com/i/teamlogos/soccer/500/393.png,0,2,1,0,1,0,0
soccer-671093,eng.1,2024,2023-10-02 19:00:00+00:00,CHE,FUL,2,0,https://a.espncdn.com/i/teamlogos/soccer/500/363.png,https://a.espncdn.com/i/teamlogos/soccer/500/370.png,2,2,0,0,0,0,0
soccer-671045,eng.1,2024,2023-10-03 18:30:00+00:00,BUR,LTN,2,1,https://a.espncdn.com/i/teamlogos/soccer/500/379.png,https://a.espncdn.com/i/teamlogos/soccer/500/301.png,1,3,0,0,0,1,0
soccer-671107,eng.1,2024,2023-10-07 11:30:00+00:00,TOT,LTN,1,0,https://a.espncdn.com/i/teamlogos/soccer/500/367.png,https://a.espncdn.com/i/teamlogos/soccer/500/301.png,1,1,1,0,0,0,0
soccer-671103,eng.1,2024,2023-10-07 14:00:00+00:00,CHE,BUR,4,1,https://a.espncdn.com/i/teamlogos/soccer/500/363.png,https://a.espncdn.com/i/teamlogos/soccer/500/379.png,3,5,0,1,1,0,0
soccer-671110,eng.1,2024,2023-10-07 14:00:00+00:00,BOU,EVE,0,3,https://a.espncdn.com/i/teamlogos/soccer/500/349.png,https://a.espncdn.com/i/teamlogos/soccer/500/368.png,3,3,0,0,0,0,0
soccer-671106,eng.1,2024,2023-10-07 14:00:00+00:00,SHU,FUL,1,3,https://a.espncdn.com/i/teamlogos/soccer/500/398.png,https://a.espncdn.com/i/teamlogos/soccer/500/370.png,2,4,0,0,0,1,0
soccer-671108,eng.1,2024,2023-10-07 14:00:00+00:00,BRE,MAN,1,2,https://a.espncdn.com/i/teamlogos/soccer/500/337.png,https://a.espncdn.com/i/teamlogos/soccer/500/360.png,1,3,0,1,1,1,0
soccer-671104,eng.1,2024,2023-10-07 16:30:00+00:00,NFO,CRY,0,0,https://a.espncdn.com/i/teamlogos/soccer/500/393.png,https://a.espncdn.com/i/teamlogos/soccer/500/384.png,0,0,0,0,0,0,0
soccer-671102,eng.1,2024,2023-10-08 13:00:00+00:00,LIV,BHA,2,2,https://a.espncdn.com/i/teamlogos/soccer/500/364.png,https://a.espncdn.com/i/teamlogos/soccer/500/331.png,0,4,0,1,1,0,0
soccer-671109,eng.1,2024,2023-10-08 13:00:00+00:00,NEW,WHU,2,2,https://a.espncdn.com/i/teamlogos/soccer/500/361.png,https://a.espncdn.com/i/teamlogos/soccer/500/371.png,0,4,0,1,1,1,0
soccer-671105,eng.1,2024,2023-10-08 13:00:00+00:00,AVL,WOL,1,1,https://a.espncdn.com/i/teamlogos/soccer/500/362.png,https://a.espncdn.com/i/teamlogos/soccer/500/380.png,0,2,1,0,1,0,0
soccer-671101,eng.1,2024,2023-10-08 15:30:00+00:00,MNC,ARS,0,1,https://a.espncdn.com/i/teamlogos/soccer/500/382.png,https://a.espncdn.com/i/teamlogos/soccer/500/359.png,1,1,0,0,0,1,0
soccer-671115,eng.1,2024,2023-10-21 11:30:00+00:00,EVE,LIV,0,2,https://a.espncdn.com/i/teamlogos/soccer/500/368.png,https://a.espncdn.com/i/teamlogos/soccer/500/364.png,2,2,1,0,0,1,0
soccer-671112,eng.1,2024,2023-10-21 14:00:00+00:00,WOL,BOU,2,1,https://a.espncdn.com/i/teamlogos/soccer/500/380.png,https://a.espncdn.com/i/teamlogos/soccer/500/349.png,1,3,1,1,1,1,0
soccer-671111,eng.1,2024,2023-10-21 14:00:00+00:00,BUR,BRE,0,3,https://a.espncdn.com/i/teamlogos/soccer/500/379.png,https://a.espncdn.com/i/teamlogos/soccer/500/337.png,3,3,1,0,0,1,0
soccer-671113,eng.1,2024,2023-10-21 14:00:00+00:00,BHA,MNC,1,2,https://a.espncdn.com/i/teamlogos/soccer/500/331.png,https://a.espncdn.com/i/teamlogos/soccer/500/382.png,1,3,1,0,0,0,0
soccer-671117,eng.1,2024,2023-10-21 14:00:00+00:00,CRY,NEW,0,4,https://a.espncdn.com/i/teamlogos/soccer/500/384.png,https://a.espncdn.com/i/teamlogos/soccer/500/361.png,4,4,0,0,0,0,0
soccer-671118,eng.1,2024,2023-10-21 14:00:00+00:00,LTN,NFO,2,2,https://a.espncdn.com/i/teamlogos/soccer/500/301.png,https://a.espncdn.com/i/teamlogos/soccer/500/393.png,0,4,0,0,1,1,0
soccer-671114,eng.1,2024,2023-10-21 16:30:00+00:00,ARS,CHE,2,2,https://a.espncdn.com/i/teamlogos/soccer/500/359.png,https://a.espncdn.com/i/teamlogos/soccer/500/363.png,0,4,0,0,1,1,0
soccer-671119,eng.1,2024,2023-10-21 19:00:00+00:00,MAN,SHU,2,1,https://a.espncdn.com/i/teamlogos/soccer/500/360.png,https://a.espncdn.com/i/teamlogos/soccer/500/398.png,1,3,0,0,0,0,0
soccer-671120,eng.1,2024,2023-10-22 15:30:00+00:00,WHU,AVL,1,4,https://a.espncdn.com/i/teamlogos/soccer/500/371.png,https://a.espncdn.com/i/teamlogos/soccer/500/362.png,3,5,0,0,0,1,0
soccer-671116,eng.1,2024,2023-10-23 19:00:00+00:00,FUL,TOT,0,2,https://a.espncdn.com/i/teamlogos/soccer/500/370.png,https://a.espncdn.com/i/teamlogos/soccer/500/367.png,2,2,0,0,0,0,0
soccer-671126,eng.1,2024,2023-10-27 19:00:00+00:00,TOT,CRY,2,1,https://a.espncdn.com/i/teamlogos/soccer/500/367.png,https://a.espncdn.com/i/teamlogos/soccer/500/384.png,1,3,0,0,0,1,0
soccer-671130,eng.1,2024,2023-10-28 11:30:00+00:00,BRE,CHE,2,0,https://a.espncdn.com/i/teamlogos/soccer/500/337.png,https://a.espncdn.com/i/teamlogos/soccer/500/363.png,2,2,0,0,0,1,0
soccer-671123,eng.1,2024,2023-10-28 14:00:00+00:00,BUR,BOU,1,2,https://a.espncdn.com/i/teamlogos/soccer/500/379.png,https://a.espncdn.com/i/teamlogos/soccer/500/349.png,1,3,0,1,1,0,0
soccer-671122,eng.1,2024,2023-10-28 14:00:00+00:00,SHU,ARS,0,5,https://a.espncdn.com/i/teamlogos/soccer/500/398.png,https://a.espncdn.com/i/teamlogos/soccer/500/359.png,5,5,0,0,0,1,0
soccer-671125,eng.1,2024,2023-10-28 16:30:00+00:00,NEW,WOL,2,2,https://a.espncdn.com/i/teamlogos/soccer/500/361.png,https://a.espncdn.com/i/teamlogos/soccer/500/380.png,0,4,0,0,1,0,0
soccer-671129,eng.1,2024,2023-10-29 13:00:00+00:00,EVE,WHU,1,0,https://a.espncdn.com/i/teamlogos/soccer/500/368.png,https://a.espncdn.com/i/teamlogos/soccer/500/371.png,1,1,0,0,0,0,0
soccer-671121,eng.1,2024,2023-10-29 14:00:00+00:00,LTN,AVL,1,3,https://a.espncdn.com/i/teamlogos/soccer/500/301.png,https://a.espncdn.com/i/teamlogos/soccer/500/362.png,2,4,0,0,0,1,0
soccer-671124,eng.1,2024,2023-10-29 14:00:00+00:00,FUL,BHA,1,1,https://a.espncdn.com/i/teamlogos/soccer/500/370.png,https://a.espncdn.com/i/teamlogos/soccer/500/331.png,0,2,0,0,1,0,0
soccer-671127,eng.1,2024,2023-10-29 14:00:00+00:00,NFO,LIV,0,3,https://a.espncdn.com/i/teamlogos/soccer/500/393.png,https://a.espncdn.com/i/teamlogos/soccer/500/364.png,3,3,0,0,0,0,0
soccer-671128,eng.1,2024,2023-10-29 15:30:00+00:00,MNC,MAN,3,0,https://a.espncdn.com/i/teamlogos/soccer/500/382.png,https://a.espncdn.com/i/teamlogos/soccer/500/360.png,3,3,0,0,0,1,0
soccer-671131,eng.1,2024,2023-11-04 12:30:00+00:00,MAN,FUL,1,0,https://a.espncdn.com/i/teamlogos/soccer/500/360.png,https://a.espncdn.com/i/teamlogos/soccer/500/370.png,1,1,0,0,0,1,0
soccer-671134,eng.1,2024,2023-11-04 15:00:00+00:00,WHU,BRE,2,3,https://a.espncdn.com/i/teamlogos/soccer/500/371.png,https://a.espncdn.com/i/teamlogos/soccer/500/337.png,1,5,0,2,1,0,0
soccer-671133,eng.1,2024,2023-11-04 15:00:00+00:00,CRY,BUR,2,0,https://a.espncdn.com/i/teamlogos/soccer/500/384.png,https://a.espncdn.com/i/teamlogos/soccer/500/379.png,2,2,0,0,0,1,0
soccer-671132,eng.1,2024,2023-11-04 15:00:00+00:00,BHA,EVE,1,1,https://a.espncdn.com/i/teamlogos/soccer/500/331.png,https://a.espncdn.com/i/teamlogos/soccer/500/368.png,0,2,0,0,1,1,0
soccer-671136,eng.1,2024,2023-11-04 15:00:00+00:00,BOU,MNC,1,6,https://a.espncdn.com/i/teamlogos/soccer/500/349.png,https://a.espncdn.com/i/teamlogos/soccer/500/382.png,5,7,0,0,0,1,0
soccer-671140,eng.1,2024,2023-11-04 15:00:00+00:00,WOL,SHU,1,2,https://a.espncdn.com/i/teamlogos/soccer/500/380.png,https://a.espncdn.com/i/teamlogos/soccer/500/398.png,1,3,0,0,0,1,0
soccer-671137,eng.1,2024,2023-11-04 17:30:00+00:00,ARS,NEW,0,1,https://a.espncdn.com/i/teamlogos/soccer/500/359.png,https://a.espncdn.com/i/teamlogos/soccer/500/361.png,1,1,0,0,0,0,0
soccer-671138,eng.1,2024,2023-11-05 14:00:00+00:00,AVL,NFO,0,2,https://a.espncdn.com/i/teamlogos/soccer/500/362.png,https://a.espncdn.com/i/teamlogos/soccer/500/393.png,2,2,0,0,0,0,0
soccer-671135,eng.1,2024,2023-11-05 16:30:00+00:00,LIV,LTN,1,1,https://a.espncdn.com/i/teamlogos/soccer/500/364.png,https://a.espncdn.com/i/teamlogos/soccer/500/301.png,0,2,0,0,1,1,0
soccer-671139,eng.1,2024,2023-11-06 20:00:00+00:00,CHE,TOT,4,1,https://a.espncdn.com/i/teamlogos/soccer/500/363.png,https://a.espncdn.com/i/teamlogos/soccer/500/367.png,3,5,2,1,1,1,0
soccer-671144,eng.1,2024,2023-11-11 12:30:00+00:00,TOT,WOL,1,2,https://a.espncdn.com/i/teamlogos/soccer/500/367.png,https://a.espncdn.com/i/teamlogos/soccer/500/380.png,1,3,0,1,1,1,0
soccer-671146,eng.1,2024,2023-11-11 15:00:00+00:00,BUR,ARS,1,3,https://a.espncdn.com/i/teamlogos/soccer/500/379.png,https://a.espncdn.com/i/teamlogos/soccer/500/359.png,2,4,1,0,0,0,0
soccer-671145,eng.1,2024,2023-11-11 15:00:00+00:00,EVE,CRY,3,2,https://a.espncdn.com/i/teamlogos/soccer/500/368.png,https://a.espncdn.com/i/teamlogos/soccer/500/384.png,1,5,0,0,0,1,0
soccer-671142,eng.1,2024,2023-11-11 15:00:00+00:00,LTN,MAN,0,1,https://a.espncdn.com/i/teamlogos/soccer/500/301.png,https://a.espncdn.com/i/teamlogos/soccer/500/360.png,1,1,0,0,0,0,0
soccer-671148,eng.1,2024,2023-11-11 17:30:00+00:00,NEW,BOU,0,2,https://a.espncdn.com/i/teamlogos/soccer/500/361.png,https://a.espncdn.com/i/teamlogos/soccer/500/349.png,2,2,0,0,0,0,0
soccer-671147,eng.1,2024,2023-11-12 14:00:00+00:00,FUL,AVL,1,3,https://a.espncdn.com/i/teamlogos/soccer/500/370.png,https://a.espncdn.com/i/teamlogos/soccer/500/362.png,2,4,0,0,0,0,0
soccer-671149,eng.1,2024,2023-11-12 14:00:00+00:00,SHU,BHA,1,1,https://a.espncdn.com/i/teamlogos/soccer/500/398.png,https://a.espncdn.com/i/teamlogos/soccer/500/331.png,0,2,1,0,1,0,0
soccer-671141,eng.1,2024,2023-11-12 14:00:00+00:00,BRE,LIV,0,3,https://a.espncdn.com/i/teamlogos/soccer/500/337.png,https://a.espncdn.com/i/teamlogos/soccer/500/364.png,3,3,0,0,0,0,0
soccer-671143,eng.1,2024,2023-11-12 14:00:00+00:00,NFO,WHU,2,3,https://a.espncdn.com/i/teamlogos/soccer/500/393.png,https://a.espncdn.com/i/teamlogos/soccer/500/371.png,1,5,0,2,1,1,0
soccer-671150,eng.1,2024,2023-11-12 16:30:00+00:00,MNC,CHE,4,4,https://a.espncdn.com/i/teamlogos/soccer/500/382.png,https://a.espncdn.com/i/teamlogos/soccer/500/363.png,0,8,0,2,1,1,0
soccer-671154,eng.1,2024,2023-11-25 12:30:00+00:00,LIV,MNC,1,1,https://a.espncdn.com/i/teamlogos/soccer/500/364.png,https://a.espncdn.com/i/teamlogos/soccer/500/382.png,0,2,0,0,1,1,0
soccer-671156,eng.1,2024,2023-11-25 15:00:00+00:00,WHU,BUR,2,1,https://a.espncdn.com/i/teamlogos/soccer/500/371.png,https://a.espncdn.com/i/teamlogos/soccer/500/379.png,1,3,0,1,1,1,0
soccer-671155,eng.1,2024,2023-11-25 15:00:00+00:00,CRY,LTN,1,2,https://a.espncdn.com/i/teamlogos/soccer/500/384.png,https://a.espncdn.com/i/teamlogos/soccer/500/301.png,1,3,0,0,0,1,0
soccer-671153,eng.1,2024,2023-11-25 15:00:00+00:00,CHE,NEW,1,4,https://a.espncdn.com/i/teamlogos/soccer/500/363.png,https://a.espncdn.com/i/teamlogos/soccer/500/361.png,3,5,1,0,0,1,0
soccer-671152,eng.1,2024,2023-11-25 15:00:00+00:00,BHA,NFO,3,2,https://a.espncdn.com/i/teamlogos/soccer/500/331.png,https://a.espncdn.com/i/teamlogos/soccer/500/393.png,1,5,1,1,1,0,0
soccer-671159,eng.1,2024,2023-11-25 15:00:00+00:00,BOU,SHU,3,1,https://a.espncdn.com/i/teamlogos/soccer/500/349.png,https://a.espncdn.com/i/teamlogos/soccer/500/398.png,2,4,0,0,0,1,0
soccer-671160,eng.1,2024,2023-11-25 17:30:00+00:00,ARS,BRE,1,0,https://a.espncdn.com/i/teamlogos/soccer/500/359.png,https://a.espncdn.com/i/teamlogos/soccer/500/337.png,1,1,0,0,0,1,0
soccer-671151,eng.1,2024,2023-11-26 14:00:00+00:00,AVL,TOT,2,1,https://a.espncdn.com/i/teamlogos/soccer/500/362.png,https://a.espncdn.com/i/teamlogos/soccer/500/367.png,1,3,0,1,1,0,0
soccer-671157,eng.1,2024,2023-11-26 16:30:00+00:00,MAN,EVE,3,0,https://a.espncdn.com/i/teamlogos/soccer/500/360.png,https://a.espncdn.com/i/teamlogos/soccer/500/368.png,3,3,0,0,0,0,0
soccer-671158,eng.1,2024,2023-11-27 20:00:00+00:00,WOL,FUL,2,3,https://a.espncdn.com/i/teamlogos/soccer/500/380.png,https://a.espncdn.com/i/teamlogos/soccer/500/370.png,1,5,0,0,0,1,0
soccer-671162,eng.1,2024,2023-12-02 15:00:00+00:00,WOL,ARS,1,2,https://a.espncdn.com/i/teamlogos/soccer/500/380.png,https://a.espncdn.com/i/teamlogos/soccer/500/359.png,1,3,0,0,0,1,0
soccer-671170,eng.1,2024,2023-12-02 15:00:00+00:00,LTN,BRE,1,3,https://a.espncdn.com/i/teamlogos/soccer/500/301.png,https://a.espncdn.com/i/teamlogos/soccer/500/337.png,2,4,0,0,0,1,0
soccer-671169,eng.1,2024,2023-12-02 15:00:00+00:00,SHU,BUR,0,5,https://a.espncdn.com/i/teamlogos/soccer/500/398.png,https://a.espncdn.com/i/teamlogos/soccer/500/379.png,5,5,1,0,0,1,0
soccer-671164,eng.1,2024,2023-12-02 17:30:00+00:00,EVE,NFO,1,0,https://a.espncdn.com/i/teamlogos/soccer/500/368.png,https://a.espncdn.com/i/teamlogos/soccer/500/393.png,1,1,0,0,0,0,0
soccer-671165,eng.1,2024,2023-12-02 20:00:00+00:00,MAN,NEW,0,1,https://a.espncdn.com/i/teamlogos/soccer/500/360.png,https://a.espncdn.com/i/teamlogos/soccer/500/361.png,1,1,0,0,0,0,0
soccer-671161,eng.1,2024,2023-12-03 14:00:00+00:00,AVL,BOU,2,2,https://a.espncdn.com/i/teamlogos/soccer/500/362.png,https://a.espncdn.com/i/teamlogos/soccer/500/349.png,0,4,0,0,1,1,0
soccer-671163,eng.1,2024,2023-12-03 14:00:00+00:00,BHA,CHE,2,3,https://a.espncdn.com/i/teamlogos/soccer/500/331.png,https://a.espncdn.com/i/teamlogos/soccer/500/363.png,1,5,1,0,0,1,0
soccer-671167,eng.1,2024,2023-12-03 14:00:00+00:00,FUL,LIV,3,4,https://a.espncdn.com/i/teamlogos/soccer/500/370.png,https://a.espncdn.com/i/teamlogos/soccer/500/364.png,1,7,0,2,1,1,0
soccer-671168,eng.1,2024,2023-12-03 14:00:00+00:00,CRY,WHU,1,1,https://a.espncdn.com/i/teamlogos/soccer/500/384.png,https://a.espncdn.com/i/teamlogos/soccer/500/371.png,0,2,0,0,1,0,0
soccer-671166,eng.1,2024,2023-12-03 16:30:00+00:00,TOT,MNC,3,3,https://a.espncdn.com/i/teamlogos/soccer/500/367.png,https://a.espncdn.com/i/teamlogos/soccer/500/382.png,0,6,0,1,1,1,0
soccer-671177,eng.1,2024,2023-12-05 19:30:00+00:00,BUR,WOL,0,1,https://a.espncdn.com/i/teamlogos/soccer/500/379.png,https://a.espncdn.com/i/teamlogos/soccer/500/380.png,1,1,0,0,0,0,0
soccer-671175,eng.1,2024,2023-12-05 20:15:00+00:00,ARS,LTN,4,3,https://a.espncdn.com/i/teamlogos/soccer/500/359.png,https://a.espncdn.com/i/teamlogos/soccer/500/301.png,1,7,0,2,1,1,0
soccer-671171,eng.1,2024,2023-12-06 19:30:00+00:00,BRE,BHA,1,2,https://a.espncdn.com/i/teamlogos/soccer/500/337.png,https://a.espncdn.com/i/teamlogos/soccer/500/331.png,1,3,0,1,1,0,0
soccer-671179,eng.1,2024,2023-12-06 19:30:00+00:00,BOU,CRY,2,0,https://a.espncdn.com/i/teamlogos/soccer/500/349.png,https://a.espncdn.com/i/teamlogos/soccer/500/384.png,2,2,0,0,0,1,0
soccer-671178,eng.1,2024,2023-12-06 19:30:00+00:00,NFO,FUL,0,5,https://a.espncdn.com/i/teamlogos/soccer/500/393.png,https://a.espncdn.com/i/teamlogos/soccer/500/370.png,5,5,0,0,0,1,0
soccer-671172,eng.1,2024,2023-12-06 19:30:00+00:00,LIV,SHU,2,0,https://a.espncdn.com/i/teamlogos/soccer/500/364.png,https://a.espncdn.com/i/teamlogos/soccer/500/398.png,2,2,0,0,0,1,0
soccer-671173,eng.1,2024,2023-12-06 20:15:00+00:00,MNC,AVL,0,1,https://a.espncdn.com/i/teamlogos/soccer/500/382.png,https://a.espncdn.com/i/teamlogos/soccer/500/362.png,1,1,0,0,0,0,0
soccer-671180,eng.1,2024,2023-12-06 20:15:00+00:00,CHE,MAN,1,2,https://a.espncdn.com/i/teamlogos/soccer/500/363.png,https://a.espncdn.com/i/teamlogos/soccer/500/360.png,1,3,0,0,0,0,0
soccer-671174,eng.1,2024,2023-12-07 19:30:00+00:00,NEW,EVE,0,3,https://a.espncdn.com/i/teamlogos/soccer/500/361.png,https://a.espncdn.com/i/teamlogos/soccer/500/368.png,3,3,0,0,0,1,0
soccer-671176,eng.1,2024,2023-12-07 20:15:00+00:00,WHU,TOT,2,1,https://a.espncdn.com/i/teamlogos/soccer/500/371.png,https://a.espncdn.com/i/teamlogos/soccer/500/367.png,1,3,0,1,1,0,0
soccer-671182,eng.1,2024,2023-12-09 12:30:00+00:00,LIV,CRY,2,1,https://a.espncdn.com/i/teamlogos/soccer/500/364.png,https://a.espncdn.com/i/teamlogos/soccer/500/384.png,1,3,1,1,1,1,0
soccer-671181,eng.1,2024,2023-12-09 15:00:00+00:00,BUR,BHA,1,1,https://a.espncdn.com/i/teamlogos/soccer/500/379.png,https://a.espncdn.com/i/teamlogos/soccer/500/331.png,0,2,0,0,1,0,0
soccer-671184,eng.1,2024,2023-12-09 15:00:00+00:00,BOU,MAN,3,0,https://a.espncdn.com/i/teamlogos/soccer/500/349.png,https://a.espncdn.com/i/teamlogos/soccer/500/360.png,3,3,0,0,0,0,0
soccer-671183,eng.1,2024,2023-12-09 15:00:00+00:00,BRE,SHU,0,1,https://a.espncdn.com/i/teamlogos/soccer/500/337.png,https://a.espncdn.com/i/teamlogos/soccer/500/398.png,1,1,0,0,0,0,0
soccer-671186,eng.1,2024,2023-12-09 15:00:00+00:00,NFO,WOL,1,1,https://a.espncdn.com/i/teamlogos/soccer/500/393.png,https://a.espncdn.com/i/teamlogos/soccer/500/380.png,0,2,0,0,1,0,0
soccer-671188,eng.1,2024,2023-12-09 17:30:00+00:00,ARS,AVL,0,1,https://a.espncdn.com/i/teamlogos/soccer/500/359.png,https://a.espncdn.com/i/teamlogos/soccer/500/362.png,1,1,0,0,0,0,0
soccer-671190,eng.1,2024,2023-12-10 14:00:00+00:00,CHE,EVE,0,2,https://a.espncdn.com/i/teamlogos/soccer/500/363.png,https://a.espncdn.com/i/teamlogos/soccer/500/368.png,2,2,0,0,0,1,0
soccer-671187,eng.1,2024,2023-12-10 14:00:00+00:00,WHU,FUL,0,5,https://a.espncdn.com/i/teamlogos/soccer/500/371.png,https://a.espncdn.com/i/teamlogos/soccer/500/370.png,5,5,0,0,0,1,0
soccer-671185,eng.1,2024,2023-12-10 14:00:00+00:00,MNC,LTN,2,1,https://a.espncdn.com/i/teamlogos/soccer/500/382.png,https://a.espncdn.com/i/teamlogos/soccer/500/301.png,1,3,0,1,1,0,0
soccer-671189,eng.1,2024,2023-12-10 16:30:00+00:00,NEW,TOT,1,4,https://a.espncdn.com/i/teamlogos/soccer/500/361.png,https://a.espncdn.com/i/teamlogos/soccer/500/367.png,3,5,0,0,0,1,0
soccer-671197,eng.1,2024,2023-12-15 20:00:00+00:00,TOT,NFO,2,0,https://a.espncdn.com/i/teamlogos/soccer/500/367.png,https://a.espncdn.com/i/teamlogos/soccer/500/393.png,2,2,1,0,0,0,0
soccer-671191,eng.1,2024,2023-12-16 15:00:00+00:00,SHU,CHE,0,2,https://a.espncdn.com/i/teamlogos/soccer/500/398.png,https://a.espncdn.com/i/teamlogos/soccer/500/363.png,2,2,0,0,0,0,0
soccer-671199,eng.1,2024,2023-12-16 15:00:00+00:00,CRY,MNC,2,2,https://a.espncdn.com/i/teamlogos/soccer/500/384.png,https://a.espncdn.com/i/teamlogos/soccer/500/382.png,0,4,0,0,1,1,0
soccer-671198,eng.1,2024,2023-12-16 15:00:00+00:00,FUL,NEW,0,3,https://a.espncdn.com/i/teamlogos/soccer/500/370.png,https://a.espncdn.com/i/teamlogos/soccer/500/361.png,3,3,1,0,0,1,0
soccer-671192,eng.1,2024,2023-12-16 17:30:00+00:00,EVE,BUR,2,0,https://a.espncdn.com/i/teamlogos/soccer/500/368.png,https://a.espncdn.com/i/teamlogos/soccer/500/379.png,2,2,0,0,0,0,0
soccer-671200,eng.1,2024,2023-12-17 14:00:00+00:00,BHA,ARS,0,2,https://a.espncdn.com/i/teamlogos/soccer/500/331.png,https://a.espncdn.com/i/teamlogos/soccer/500/359.png,2,2,0,0,0,1,0
soccer-671193,eng.1,2024,2023-12-17 14:00:00+00:00,AVL,BRE,2,1,https://a.espncdn.com/i/teamlogos/soccer/500/362.png,https://a.espncdn.com/i/teamlogos/soccer/500/337.png,1,3,2,1,1,1,0
soccer-671196,eng.1,2024,2023-12-17 14:00:00+00:00,WOL,WHU,0,3,https://a.espncdn.com/i/teamlogos/soccer/500/380.png,https://a.espncdn.com/i/teamlogos/soccer/500/371.png,3,3,0,0,0,0,0
soccer-671195,eng.1,2024,2023-12-17 16:30:00+00:00,MAN,LIV,0,0,https://a.espncdn.com/i/teamlogos/soccer/500/360.png,https://a.espncdn.com/i/teamlogos/soccer/500/364.png,0,0,1,0,0,0,0
soccer-671208,eng.1,2024,2023-12-21 20:00:00+00:00,BHA,CRY,1,1,https://a.espncdn.com/i/teamlogos/soccer/500/331.png,https://a.espncdn.com/i/teamlogos/soccer/500/384.png,0,2,0,0,1,1,0
soccer-671209,eng.1,2024,2023-12-22 20:00:00+00:00,SHU,AVL,1,1,https://a.espncdn.com/i/teamlogos/soccer/500/398.png,https://a.espncdn.com/i/teamlogos/soccer/500/362.png,0,2,0,0,1,1,0
soccer-671206,eng.1,2024,2023-12-23 12:30:00+00:00,MAN,WHU,0,2,https://a.espncdn.com/i/teamlogos/soccer/500/360.png,https://a.espncdn.com/i/teamlogos/soccer/500/371.png,2,2,0,0,0,0,0
soccer-671210,eng.1,2024,2023-12-23 15:00:00+00:00,BUR,FUL,2,0,https://a.espncdn.com/i/teamlogos/soccer/500/379.png,https://a.espncdn.com/i/teamlogos/soccer/500/370.png,2,2,0,0,0,0,0
soccer-671202,eng.1,2024,2023-12-23 15:00:00+00:00,NEW,LTN,0,1,https://a.espncdn.com/i/teamlogos/soccer/500/361.png,https://a.espncdn.com/i/teamlogos/soccer/500/301.png,1,1,0,0,0,0,0
soccer-671204,eng.1,2024,2023-12-23 15:00:00+00:00,BOU,NFO,3,2,https://a.espncdn.com/i/teamlogos/soccer/500/349.png,https://a.espncdn.com/i/teamlogos/soccer/500/393.png,1,5,1,1,1,1,0
soccer-671205,eng.1,2024,2023-12-23 15:00:00+00:00,EVE,TOT,1,2,https://a.espncdn.com/i/teamlogos/soccer/500/368.png,https://a.espncdn.com/i/teamlogos/soccer/500/367.png,1,3,0,0,0,1,0
soccer-671201,eng.1,2024,2023-12-23 17:30:00+00:00,ARS,LIV,1,1,https://a.espncdn.com/i/teamlogos/soccer/500/359.png,https://a.espncdn.com/i/teamlogos/soccer/500/364.png,0,2,0,0,1,0,0
soccer-671207,eng.1,2024,2023-12-24 13:00:00+00:00,CHE,WOL,1,2,https://a.espncdn.com/i/teamlogos/soccer/500/363.png,https://a.espncdn.com/i/teamlogos/soccer/500/380.png,1,3,0,0,0,1,0
soccer-671216,eng.1,2024,2023-12-26 12:30:00+00:00,NFO,NEW,3,1,https://a.espncdn.com/i/teamlogos/soccer/500/393.png,https://a.espncdn.com/i/teamlogos/soccer/500/361.png,2,4,0,1,1,0,0
soccer-671219,eng.1,2024,2023-12-26 15:00:00+00:00,FUL,BOU,0,3,https://a.espncdn.com/i/teamlogos/soccer/500/370.png,https://a.espncdn.com/i/teamlogos/soccer/500/349.png,3,3,0,0,0,1,0
soccer-671217,eng.1,2024,2023-12-26 15:00:00+00:00,LTN,SHU,3,2,https://a.espncdn.com/i/teamlogos/soccer/500/301.png,https://a.espncdn.com/i/teamlogos/soccer/500/398.png,1,5,0,2,1,1,0
soccer-671212,eng.1,2024,2023-12-26 17:30:00+00:00,LIV,BUR,2,0,https://a.espncdn.com/i/teamlogos/soccer/500/364.png,https://a.espncdn.com/i/teamlogos/soccer/500/379.png,2,2,0,0,0,1,0
soccer-671215,eng.1,2024,2023-12-26 20:00:00+00:00,AVL,MAN,2,3,https://a.espncdn.com/i/teamlogos/soccer/500/362.png,https://a.espncdn.com/i/teamlogos/soccer/500/360.png,1,5,0,1,1,1,0
soccer-671220,eng.1,2024,2023-12-27 19:30:00+00:00,WOL,BRE,4,1,https://a.espncdn.com/i/teamlogos/soccer/500/380.png,https://a.espncdn.com/i/teamlogos/soccer/500/337.png,3,5,0,0,0,0,0
soccer-671213,eng.1,2024,2023-12-27 19:30:00+00:00,CRY,CHE,1,2,https://a.espncdn.com/i/teamlogos/soccer/500/384.png,https://a.espncdn.com/i/teamlogos/soccer/500/363.png,1,3,0,0,0,1,0
soccer-671214,eng.1,2024,2023-12-27 20:15:00+00:00,MNC,EVE,3,1,https://a.espncdn.com/i/teamlogos/soccer/500/382.png,https://a.espncdn.com/i/teamlogos/soccer/500/368.png,2,4,0,1,1,1,0
soccer-671211,eng.1,2024,2023-12-28 19:30:00+00:00,TOT,BHA,2,4,https://a.espncdn.com/i/teamlogos/soccer/500/367.png,https://a.espncdn.com/i/teamlogos/soccer/500/331.png,2,6,0,0,0,1,0
soccer-671218,eng.1,2024,2023-12-28 20:15:00+00:00,WHU,ARS,2,0,https://a.espncdn.com/i/teamlogos/soccer/500/371.png,https://a.espncdn.com/i/teamlogos/soccer/500/359.png,2,2,0,0,0,0,0
soccer-671228,eng.1,2024,2023-12-30 12:30:00+00:00,CHE,LTN,3,2,https://a.espncdn.com/i/teamlogos/soccer/500/363.png,https://a.espncdn.com/i/teamlogos/soccer/500/301.png,1,5,0,0,0,1,0
soccer-671227,eng.1,2024,2023-12-30 15:00:00+00:00,BUR,AVL,2,3,https://a.espncdn.com/i/teamlogos/soccer/500/379.png,https://a.espncdn.com/i/teamlogos/soccer/500/362.png,1,5,1,0,0,1,0
soccer-671226,eng.1,2024,2023-12-30 15:00:00+00:00,BRE,CRY,1,3,https://a.espncdn.com/i/teamlogos/soccer/500/337.png,https://a.espncdn.com/i/teamlogos/soccer/500/384.png,2,4,0,1,1,0,0
soccer-671225,eng.1,2024,2023-12-30 15:00:00+00:00,SHU,MNC,0,2,https://a.espncdn.com/i/teamlogos/soccer/500/398.png,https://a.espncdn.com/i/teamlogos/soccer/500/382.png,2,2,0,0,0,0,0
soccer-671222,eng.1,2024,2023-12-30 15:00:00+00:00,EVE,WOL,0,3,https://a.espncdn.com/i/teamlogos/soccer/500/368.png,https://a.espncdn.com/i/teamlogos/soccer/500/380.png,3,3,0,0,0,0,0
soccer-671230,eng.1,2024,2023-12-30 17:30:00+00:00,MAN,NFO,1,2,https://a.espncdn.com/i/teamlogos/soccer/500/360.png,https://a.espncdn.com/i/teamlogos/soccer/500/393.png,1,3,0,0,0,1,0
soccer-671221,eng.1,2024,2023-12-31 14:00:00+00:00,ARS,FUL,1,2,https://a.espncdn.com/i/teamlogos/soccer/500/359.png,https://a.espncdn.com/i/teamlogos/soccer/500/370.png,1,3,0,1,1,0,0
soccer-671224,eng.1,2024,2023-12-31 14:00:00+00:00,BOU,TOT,1,3,https://a.espncdn.com/i/teamlogos/soccer/500/349.png,https://a.espncdn.com/i/teamlogos/soccer/500/367.png,2,4,0,0,0,1,0
soccer-671229,eng.1,2024,2024-01-01 20:00:00+00:00,NEW,LIV,2,4,https://a.espncdn.com/i/teamlogos/soccer/500/361.png,https://a.espncdn.com/i/teamlogos/soccer/500/364.png,2,6,0,0,0,1,0
soccer-671223,eng.1,2024,2024-01-02 19:30:00+00:00,BHA,WHU,0,0,https://a.espncdn.com/i/teamlogos/soccer/500/331.png,https://a.espncdn.com/i/teamlogos/soccer/500/371.png,0,0,0,0,0,0,0
soccer-671235,eng.1,2024,2024-01-12 19:45:00+00:00,LTN,BUR,1,1,https://a.espncdn.com/i/teamlogos/soccer/500/301.png,https://a.espncdn.com/i/teamlogos/soccer/500/379.png,0,2,0,0,1,1,0
soccer-671236,eng.1,2024,2024-01-13 12:30:00+00:00,FUL,CHE,0,1,https://a.espncdn.com/i/teamlogos/soccer/500/370.png,https://a.espncdn.com/i/teamlogos/soccer/500/363.png,1,1,0,0,0,0,0
soccer-671239,eng.1,2024,2024-01-13 17:30:00+00:00,MNC,NEW,3,2,https://a.espncdn.com/i/teamlogos/soccer/500/382.png,https://a.espncdn.com/i/teamlogos/soccer/500/361.png,1,5,0,2,1,1,0
soccer-671237,eng.1,2024,2024-01-14 14:00:00+00:00,AVL,EVE,0,0,https://a.espncdn.com/i/teamlogos/soccer/500/362.png,https://a.espncdn.com/i/teamlogos/soccer/500/368.png,0,0,0,0,0,0,0
soccer-671238,eng.1,2024,2024-01-14 16:30:00+00:00,TOT,MAN,2,2,https://a.espncdn.com/i/teamlogos/soccer/500/367.png,https://a.espncdn.com/i/teamlogos/soccer/500/360.png,0,4,0,0,1,0,0
soccer-671231,eng.1,2024,2024-01-20 12:30:00+00:00,CRY,ARS,0,5,https://a.espncdn.com/i/teamlogos/soccer/500/384.png,https://a.espncdn.com/i/teamlogos/soccer/500/359.png,5,5,0,0,0,1,0
soccer-671233,eng.1,2024,2024-01-20 17:30:00+00:00,NFO,BRE,2,3,https://a.espncdn.com/i/teamlogos/soccer/500/393.png,https://a.espncdn.com/i/teamlogos/soccer/500/337.png,1,5,0,1,1,0,0
soccer-671240,eng.1,2024,2024-01-21 14:00:00+00:00,WHU,SHU,2,2,https://a.espncdn.com/i/teamlogos/soccer/500/371.png,https://a.espncdn.com/i/teamlogos/soccer/500/398.png,0,4,2,0,1,1,0
soccer-671232,eng.1,2024,2024-01-21 16:30:00+00:00,LIV,BOU,4,0,https://a.espncdn.com/i/teamlogos/soccer/500/364.png,https://a.espncdn.com/i/teamlogos/soccer/500/349.png,4,4,0,0,0,1,0
soccer-671234,eng.1,2024,2024-01-22 19:45:00+00:00,WOL,BHA,0,0,https://a.espncdn.com/i/teamlogos/soccer/500/380.png,https://a.espncdn.com/i/teamlogos/soccer/500/331.png,0,0,0,0,0,0,0
soccer-671245,eng.1,2024,2024-01-30 19:30:00+00:00,ARS,NFO,2,1,https://a.espncdn.com/i/teamlogos/soccer/500/359.png,https://a.espncdn.com/i/teamlogos/soccer/500/393.png,1,3,0,0,0,1,0
soccer-671244,eng.1,2024,2024-01-30 19:45:00+00:00,EVE,FUL,0,0,https://a.espncdn.com/i/teamlogos/soccer/500/368.png,https://a.espncdn.com/i/teamlogos/soccer/500/370.png,0,0,0,0,0,0,0
soccer-671247,eng.1,2024,2024-01-30 19:45:00+00:00,BHA,LTN,0,4,https://a.espncdn.com/i/teamlogos/soccer/500/331.png,https://a.espncdn.com/i/teamlogos/soccer/500/301.png,4,4,0,0,0,0,0
soccer-671248,eng.1,2024,2024-01-30 20:00:00+00:00,SHU,CRY,2,3,https://a.espncdn.com/i/teamlogos/soccer/500/398.png,https://a.espncdn.com/i/teamlogos/soccer/500/384.png,1,5,0,1,1,0,0
soccer-671241,eng.1,2024,2024-01-30 20:15:00+00:00,NEW,AVL,3,1,https://a.espncdn.com/i/teamlogos/soccer/500/361.png,https://a.espncdn.com/i/teamlogos/soccer/500/362.png,2,4,0,0,0,0,0
soccer-671250,eng.1,2024,2024-01-31 19:30:00+00:00,BUR,MNC,1,3,https://a.espncdn.com/i/teamlogos/soccer/500/379.png,https://a.espncdn.com/i/teamlogos/soccer/500/382.png,2,4,0,0,0,1,0
soccer-671243,eng.1,2024,2024-01-31 19:30:00+00:00,BRE,TOT,2,3,https://a.espncdn.com/i/teamlogos/soccer/500/337.png,https://a.espncdn.com/i/teamlogos/soccer/500/367.png,1,5,0,1,1,0,0
soccer-671249,eng.1,2024,2024-01-31 20:15:00+00:00,CHE,LIV,1,4,https://a.espncdn.com/i/teamlogos/soccer/500/363.png,https://a.espncdn.com/i/teamlogos/soccer/500/364.png,3,5,0,0,0,0,0
soccer-671242,eng.1,2024,2024-02-01 19:30:00+00:00,BOU,WHU,1,1,https://a.espncdn.com/i/teamlogos/soccer/500/349.png,https://a.espncdn.com/i/teamlogos/soccer/500/371.png,0,2,0,0,1,0,0
soccer-671246,eng.1,2024,2024-02-01 20:15:00+00:00,MAN,WOL,4,3,https://a.espncdn.com/i/teamlogos/soccer/500/360.png,https://a.espncdn.com/i/teamlogos/soccer/500/380.png,1,7,0,0,0,1,0
soccer-671253,eng.1,2024,2024-02-03 12:30:00+00:00,TOT,EVE,2,2,https://a.espncdn.com/i/teamlogos/soccer/500/367.png,https://a.espncdn.com/i/teamlogos/soccer/500/368.png,0,4,0,0,1,1,0
soccer-671256,eng.1,2024,2024-02-03 15:00:00+00:00,CRY,BHA,1,4,https://a.espncdn.com/i/teamlogos/soccer/500/384.png,https://a.espncdn.com/i/teamlogos/soccer/500/331.png,3,5,0,0,0,1,0
soccer-671260,eng.1,2024,2024-02-03 15:00:00+00:00,FUL,BUR,2,2,https://a.espncdn.com/i/teamlogos/soccer/500/370.png,https://a.espncdn.com/i/teamlogos/soccer/500/379.png,0,4,0,0,1,1,0
soccer-671251,eng.1,2024,2024-02-03 15:00:00+00:00,LTN,NEW,4,4,https://a.espncdn.com/i/teamlogos/soccer/500/301.png,https://a.espncdn.com/i/teamlogos/soccer/500/361.png,0,8,0,1,1,0,0
soccer-671255,eng.1,2024,2024-02-03 17:30:00+00:00,AVL,SHU,5,0,https://a.espncdn.com/i/teamlogos/soccer/500/362.png,https://a.espncdn.com/i/teamlogos/soccer/500/398.png,5,5,0,0,0,0,0
soccer-671258,eng.1,2024,2024-02-04 14:00:00+00:00,NFO,BOU,1,1,https://a.espncdn.com/i/teamlogos/soccer/500/393.png,https://a.espncdn.com/i/teamlogos/soccer/500/349.png,0,2,1,0,1,0,0
soccer-671254,eng.1,2024,2024-02-04 14:00:00+00:00,WOL,CHE,4,2,https://a.espncdn.com/i/teamlogos/soccer/500/380.png,https://a.espncdn.com/i/teamlogos/soccer/500/363.png,2,6,0,1,1,1,0
soccer-671252,eng.1,2024,2024-02-04 14:00:00+00:00,WHU,MAN,0,3,https://a.espncdn.com/i/teamlogos/soccer/500/371.png,https://a.espncdn.com/i/teamlogos/soccer/500/360.png,3,3,0,0,0,1,0
soccer-671259,eng.1,2024,2024-02-04 16:30:00+00:00,LIV,ARS,1,3,https://a.espncdn.com/i/teamlogos/soccer/500/364.png,https://a.espncdn.com/i/teamlogos/soccer/500/359.png,2,4,1,0,0,1,0
soccer-671257,eng.1,2024,2024-02-05 20:00:00+00:00,MNC,BRE,3,1,https://a.espncdn.com/i/teamlogos/soccer/500/382.png,https://a.espncdn.com/i/teamlogos/soccer/500/337.png,2,4,0,1,1,0,0
soccer-671264,eng.1,2024,2024-02-10 12:30:00+00:00,EVE,MNC,0,2,https://a.espncdn.com/i/teamlogos/soccer/500/368.png,https://a.espncdn.com/i/teamlogos/soccer/500/382.png,2,2,0,0,0,1,0
soccer-671268,eng.1,2024,2024-02-10 15:00:00+00:00,BOU,FUL,1,3,https://a.espncdn.com/i/teamlogos/soccer/500/349.png,https://a.espncdn.com/i/teamlogos/soccer/500/370.png,2,4,0,0,0,0,0
soccer-671269,eng.1,2024,2024-02-10 15:00:00+00:00,BUR,LIV,1,3,https://a.espncdn.com/i/teamlogos/soccer/500/379.png,https://a.espncdn.com/i/teamlogos/soccer/500/364.png,2,4,0,0,0,0,0
soccer-671270,eng.1,2024,2024-02-10 15:00:00+00:00,SHU,LTN,3,1,https://a.espncdn.com/i/teamlogos/soccer/500/398.png,https://a.espncdn.com/i/teamlogos/soccer/500/301.png,2,4,0,0,0,0,0
soccer-671262,eng.1,2024,2024-02-10 15:00:00+00:00,BHA,TOT,1,2,https://a.espncdn.com/i/teamlogos/soccer/500/331.png,https://a.espncdn.com/i/teamlogos/soccer/500/367.png,1,3,0,1,1,1,0
soccer-671265,eng.1,2024,2024-02-10 15:00:00+00:00,BRE,WOL,2,0,https://a.espncdn.com/i/teamlogos/soccer/500/337.png,https://a.espncdn.com/i/teamlogos/soccer/500/380.png,2,2,0,0,0,0,0
soccer-671263,eng.1,2024,2024-02-10 17:30:00+00:00,NEW,NFO,3,2,https://a.espncdn.com/i/teamlogos/soccer/500/361.png,https://a.espncdn.com/i/teamlogos/soccer/500/393.png,1,5,0,0,0,0,0
soccer-671261,eng.1,2024,2024-02-11 14:00:00+00:00,ARS,WHU,6,0,https://a.espncdn.com/i/teamlogos/soccer/500/359.png,https://a.espncdn.com/i/teamlogos/soccer/500/371.png,6,6,0,0,0,0,0
soccer-671266,eng.1,2024,2024-02-11 16:30:00+00:00,MAN,AVL,2,1,https://a.espncdn.com/i/teamlogos/soccer/500/360.png,https://a.espncdn.com/i/teamlogos/soccer/500/362.png,1,3,0,0,0,1,0
soccer-671267,eng.1,2024,2024-02-12 20:00:00+00:00,CHE,CRY,3,1,https://a.espncdn.com/i/teamlogos/soccer/500/363.png,https://a.espncdn.com/i/teamlogos/soccer/500/384.png,2,4,0,1,1,1,0
soccer-671279,eng.1,2024,2024-02-17 12:30:00+00:00,LIV,BRE,4,1,https://a.espncdn.com/i/teamlogos/soccer/500/364.png,https://a.espncdn.com/i/teamlogos/soccer/500/337.png,3,5,0,0,0,1,0
soccer-671280,eng.1,2024,2024-02-17 15:00:00+00:00,ARS,BUR,5,0,https://a.espncdn.com/i/teamlogos/soccer/500/359.png,https://a.espncdn.com/i/teamlogos/soccer/500/379.png,5,5,0,0,0,0,0
soccer-671271,eng.1,2024,2024-02-17 15:00:00+00:00,AVL,FUL,2,1,https://a.espncdn.com/i/teamlogos/soccer/500/362.png,https://a.espncdn.com/i/teamlogos/soccer/500/370.png,1,3,0,0,0,0,0
soccer-671274,eng.1,2024,2024-02-17 15:00:00+00:00,BOU,NEW,2,2,https://a.espncdn.com/i/teamlogos/soccer/500/349.png,https://a.espncdn.com/i/teamlogos/soccer/500/361.png,0,4,0,0,1,1,0
soccer-671275,eng.1,2024,2024-02-17 15:00:00+00:00,WHU,NFO,0,2,https://a.espncdn.com/i/teamlogos/soccer/500/371.png,https://a.espncdn.com/i/teamlogos/soccer/500/393.png,2,2,1,0,0,1,0
soccer-671277,eng.1,2024,2024-02-17 15:00:00+00:00,WOL,TOT,2,1,https://a.espncdn.com/i/teamlogos/soccer/500/380.png,https://a.espncdn.com/i/teamlogos/soccer/500/367.png,1,3,0,0,0,0,0
soccer-671273,eng.1,2024,2024-02-17 17:30:00+00:00,CHE,MNC,1,1,https://a.espncdn.com/i/teamlogos/soccer/500/363.png,https://a.espncdn.com/i/teamlogos/soccer/500/382.png,0,2,0,0,1,1,0
soccer-671276,eng.1,2024,2024-02-18 14:00:00+00:00,BHA,SHU,5,0,https://a.espncdn.com/i/teamlogos/soccer/500/331.png,https://a.espncdn.com/i/teamlogos/soccer/500/398.png,5,5,1,0,0,1,0
soccer-671278,eng.1,2024,2024-02-18 16:30:00+00:00,MAN,LTN,2,1,https://a.espncdn.com/i/teamlogos/soccer/500/360.png,https://a.espncdn.com/i/teamlogos/soccer/500/301.png,1,3,0,0,0,0,0
soccer-671272,eng.1,2024,2024-02-19 20:00:00+00:00,CRY,EVE,1,1,https://a.espncdn.com/i/teamlogos/soccer/500/384.png,https://a.espncdn.com/i/teamlogos/soccer/500/368.png,0,2,0,0,1,1,0
soccer-671203,eng.1,2024,2024-02-20 19:30:00+00:00,BRE,MNC,0,1,https://a.espncdn.com/i/teamlogos/soccer/500/337.png,https://a.espncdn.com/i/teamlogos/soccer/500/382.png,1,1,0,0,0,0,0
soccer-671284,eng.1,2024,2024-02-21 19:30:00+00:00,LTN,LIV,1,4,https://a.espncdn.com/i/teamlogos/soccer/500/301.png,https://a.espncdn.com/i/teamlogos/soccer/500/364.png,3,5,0,1,1,1,0
soccer-671289,eng.1,2024,2024-02-24 15:00:00+00:00,NFO,AVL,2,4,https://a.espncdn.com/i/teamlogos/soccer/500/393.png,https://a.espncdn.com/i/teamlogos/soccer/500/362.png,2,6,0,0,0,0,0
soccer-671287,eng.1,2024,2024-02-24 15:00:00+00:00,EVE,BHA,1,1,https://a.espncdn.com/i/teamlogos/soccer/500/368.png,https://a.espncdn.com/i/teamlogos/soccer/500/331.png,0,2,1,0,1,1,0
soccer-671283,eng.1,2024,2024-02-24 15:00:00+00:00,BUR,CRY,0,3,https://a.espncdn.com/i/teamlogos/soccer/500/379.png,https://a.espncdn.com/i/teamlogos/soccer/500/384.png,3,3,1,0,0,0,0
soccer-671290,eng.1,2024,2024-02-24 15:00:00+00:00,FUL,MAN,2,1,https://a.espncdn.com/i/teamlogos/soccer/500/370.png,https://a.espncdn.com/i/teamlogos/soccer/500/360.png,1,3,0,0,0,1,0
soccer-671288,eng.1,2024,2024-02-24 17:30:00+00:00,MNC,BOU,1,0,https://a.espncdn.com/i/teamlogos/soccer/500/382.png,https://a.espncdn.com/i/teamlogos/soccer/500/349.png,1,1,0,0,0,0,0
soccer-671281,eng.1,2024,2024-02-24 20:00:00+00:00,NEW,ARS,1,4,https://a.espncdn.com/i/teamlogos/soccer/500/361.png,https://a.espncdn.com/i/teamlogos/soccer/500/359.png,3,5,0,0,0,1,0
soccer-671286,eng.1,2024,2024-02-25 13:30:00+00:00,SHU,WOL,0,1,https://a.espncdn.com/i/teamlogos/soccer/500/398.png,https://a.espncdn.com/i/teamlogos/soccer/500/380.png,1,1,0,0,0,0,0
soccer-671285,eng.1,2024,2024-02-26 20:00:00+00:00,BRE,WHU,2,4,https://a.espncdn.com/i/teamlogos/soccer/500/337.png,https://a.espncdn.com/i/teamlogos/soccer/500/371.png,2,6,0,0,0,1,0
soccer-671295,eng.1,2024,2024-03-02 15:00:00+00:00,CHE,BRE,2,2,https://a.espncdn.com/i/teamlogos/soccer/500/363.png,https://a.espncdn.com/i/teamlogos/soccer/500/337.png,0,4,0,1,1,1,0
soccer-671293,eng.1,2024,2024-03-02 15:00:00+00:00,WHU,EVE,3,1,https://a.espncdn.com/i/teamlogos/soccer/500/371.png,https://a.espncdn.com/i/teamlogos/soccer/500/368.png,2,4,0,1,1,1,0
soccer-671297,eng.1,2024,2024-03-02 15:00:00+00:00,BHA,FUL,0,3,https://a.espncdn.com/i/teamlogos/soccer/500/331.png,https://a.espncdn.com/i/teamlogos/soccer/500/370.png,3,3,0,0,0,1,0
soccer-671298,eng.1,2024,2024-03-02 15:00:00+00:00,WOL,NEW,0,3,https://a.espncdn.com/i/teamlogos/soccer/500/380.png,https://a.espncdn.com/i/teamlogos/soccer/500/361.png,3,3,0,0,0,1,0
soccer-671299,eng.1,2024,2024-03-02 15:00:00+00:00,LIV,NFO,1,0,https://a.espncdn.com/i/teamlogos/soccer/500/364.png,https://a.espncdn.com/i/teamlogos/soccer/500/393.png,1,1,0,0,0,1,0
soccer-671291,eng.1,2024,2024-03-02 15:00:00+00:00,CRY,TOT,1,3,https://a.espncdn.com/i/teamlogos/soccer/500/384.png,https://a.espncdn.com/i/teamlogos/soccer/500/367.png,2,4,0,1,1,1,0
soccer-671296,eng.1,2024,2024-03-02 17:30:00+00:00,AVL,LTN,3,2,https://a.espncdn.com/i/teamlogos/soccer/500/362.png,https://a.espncdn.com/i/teamlogos/soccer/500/301.png,1,5,0,0,0,1,0
soccer-671294,eng.1,2024,2024-03-03 13:00:00+00:00,BOU,BUR,2,0,https://a.espncdn.com/i/teamlogos/soccer/500/349.png,https://a.espncdn.com/i/teamlogos/soccer/500/379.png,2,2,0,0,0,1,0
soccer-671292,eng.1,2024,2024-03-03 15:30:00+00:00,MAN,MNC,1,3,https://a.espncdn.com/i/teamlogos/soccer/500/360.png,https://a.espncdn.com/i/teamlogos/soccer/500/382.png,2,4,0,1,1,1,0
soccer-671300,eng.1,2024,2024-03-04 20:00:00+00:00,ARS,SHU,6,0,https://a.espncdn.com/i/teamlogos/soccer/500/359.png,https://a.espncdn.com/i/teamlogos/soccer/500/398.png,6,6,0,0,0,0,0
soccer-671308,eng.1,2024,2024-03-09 12:30:00+00:00,EVE,MAN,0,2,https://a.espncdn.com/i/teamlogos/soccer/500/368.png,https://a.espncdn.com/i/teamlogos/soccer/500/360.png,2,2,0,0,0,0,0
soccer-671303,eng.1,2024,2024-03-09 15:00:00+00:00,SHU,BOU,2,2,https://a.espncdn.com/i/teamlogos/soccer/500/398.png,https://a.espncdn.com/i/teamlogos/soccer/500/349.png,0,4,0,0,1,1,0
soccer-671310,eng.1,2024,2024-03-09 15:00:00+00:00,LTN,CRY,1,1,https://a.espncdn.com/i/teamlogos/soccer/500/301.png,https://a.espncdn.com/i/teamlogos/soccer/500/384.png,0,2,0,0,1,1,0
soccer-671306,eng.1,2024,2024-03-09 15:00:00+00:00,FUL,WOL,1,2,https://a.espncdn.com/i/teamlogos/soccer/500/370.png,https://a.espncdn.com/i/teamlogos/soccer/500/380.png,1,3,0,0,0,1,0
soccer-671305,eng.1,2024,2024-03-09 17:30:00+00:00,BRE,ARS,1,2,https://a.espncdn.com/i/teamlogos/soccer/500/337.png,https://a.espncdn.com/i/teamlogos/soccer/500/359.png,1,3,0,0,0,1,0
soccer-671304,eng.1,2024,2024-03-10 13:00:00+00:00,TOT,AVL,4,0,https://a.espncdn.com/i/teamlogos/soccer/500/367.png,https://a.espncdn.com/i/teamlogos/soccer/500/362.png,4,4,1,0,0,1,0
soccer-671307,eng.1,2024,2024-03-10 14:00:00+00:00,NFO,BHA,0,1,https://a.espncdn.com/i/teamlogos/soccer/500/393.png,https://a.espncdn.com/i/teamlogos/soccer/500/331.png,1,1,0,0,0,0,0
soccer-671302,eng.1,2024,2024-03-10 14:00:00+00:00,BUR,WHU,2,2,https://a.espncdn.com/i/teamlogos/soccer/500/379.png,https://a.espncdn.com/i/teamlogos/soccer/500/371.png,0,4,0,0,1,1,0
soccer-671309,eng.1,2024,2024-03-10 15:45:00+00:00,MNC,LIV,1,1,https://a.espncdn.com/i/teamlogos/soccer/500/382.png,https://a.espncdn.com/i/teamlogos/soccer/500/364.png,0,2,0,0,1,0,0
soccer-671301,eng.1,2024,2024-03-11 20:00:00+00:00,NEW,CHE,2,3,https://a.espncdn.com/i/teamlogos/soccer/500/361.png,https://a.espncdn.com/i/teamlogos/soccer/500/363.png,1,5,0,0,0,1,0
soccer-671194,eng.1,2024,2024-03-13 19:30:00+00:00,LTN,BOU,3,4,https://a.espncdn.com/i/teamlogos/soccer/500/301.png,https://a.espncdn.com/i/teamlogos/soccer/500/349.png,1,7,0,1,1,1,0
soccer-671316,eng.1,2024,2024-03-16 15:00:00+00:00,BRE,BUR,1,2,https://a.espncdn.com/i/teamlogos/soccer/500/337.png,https://a.espncdn.com/i/teamlogos/soccer/500/379.png,1,3,1,0,0,1,0
soccer-671317,eng.1,2024,2024-03-16 15:00:00+00:00,NFO,LTN,1,1,https://a.espncdn.com/i/teamlogos/soccer/500/393.png,https://a.espncdn.com/i/teamlogos/soccer/500/301.png,0,2,0,0,1,1,0
soccer-671313,eng.1,2024,2024-03-16 17:30:00+00:00,TOT,FUL,0,3,https://a.espncdn.com/i/teamlogos/soccer/500/367.png,https://a.espncdn.com/i/teamlogos/soccer/500/370.png,3,3,0,0,0,0,0
soccer-671320,eng.1,2024,2024-03-17 14:00:00+00:00,AVL,WHU,1,1,https://a.espncdn.com/i/teamlogos/soccer/500/362.png,https://a.espncdn.com/i/teamlogos/soccer/500/371.png,0,2,0,0,1,0,0
soccer-671327,eng.1,2024,2024-03-30 12:30:00+00:00,WHU,NEW,3,4,https://a.espncdn.com/i/teamlogos/soccer/500/371.png,https://a.espncdn.com/i/teamlogos/soccer/500/361.png,1,7,1,2,1,1,0
soccer-671330,eng.1,2024,2024-03-30 15:00:00+00:00,EVE,BOU,1,2,https://a.espncdn.com/i/teamlogos/soccer/500/368.png,https://a.espncdn.com/i/teamlogos/soccer/500/349.png,1,3,0,0,0,1,0
soccer-671323,eng.1,2024,2024-03-30 15:00:00+00:00,BUR,CHE,2,2,https://a.espncdn.com/i/teamlogos/soccer/500/379.png,https://a.espncdn.com/i/teamlogos/soccer/500/363.png,0,4,2,0,1,1,0
soccer-671328,eng.1,2024,2024-03-30 15:00:00+00:00,CRY,NFO,1,1,https://a.espncdn.com/i/teamlogos/soccer/500/384.png,https://a.espncdn.com/i/teamlogos/soccer/500/393.png,0,2,0,0,1,0,0
soccer-671329,eng.1,2024,2024-03-30 15:00:00+00:00,FUL,SHU,3,3,https://a.espncdn.com/i/teamlogos/soccer/500/370.png,https://a.espncdn.com/i/teamlogos/soccer/500/398.png,0,6,0,0,1,1,0
soccer-671321,eng.1,2024,2024-03-30 15:00:00+00:00,LTN,TOT,1,2,https://a.espncdn.com/i/teamlogos/soccer/500/301.png,https://a.espncdn.com/i/teamlogos/soccer/500/367.png,1,3,0,1,1,1,0
soccer-671325,eng.1,2024,2024-03-30 17:30:00+00:00,WOL,AVL,0,2,https://a.espncdn.com/i/teamlogos/soccer/500/380.png,https://a.espncdn.com/i/teamlogos/soccer/500/362.png,2,2,0,0,0,0,0
soccer-671324,eng.1,2024,2024-03-30 20:00:00+00:00,MAN,BRE,1,1,https://a.espncdn.com/i/teamlogos/soccer/500/360.png,https://a.espncdn.com/i/teamlogos/soccer/500/337.png,0,2,0,0,1,1,0
soccer-671322,eng.1,2024,2024-03-31 13:00:00+00:00,BHA,LIV,1,2,https://a.espncdn.com/i/teamlogos/soccer/500/331.png,https://a.espncdn.com/i/teamlogos/soccer/500/364.png,1,3,0,1,1,0,0
soccer-671326,eng.1,2024,2024-03-31 15:30:00+00:00,ARS,MNC,0,0,https://a.espncdn.com/i/teamlogos/soccer/500/359.png,https://a.espncdn.com/i/teamlogos/soccer/500/382.png,0,0,0,0,0,0,0
soccer-671338,eng.1,2024,2024-04-02 18:30:00+00:00,EVE,NEW,1,1,https://a.espncdn.com/i/teamlogos/soccer/500/368.png,https://a.espncdn.com/i/teamlogos/soccer/500/361.png,0,2,0,0,1,1,0
soccer-671335,eng.1,2024,2024-04-02 18:30:00+00:00,FUL,NFO,1,3,https://a.espncdn.com/i/teamlogos/soccer/500/370.png,https://a.espncdn.com/i/teamlogos/soccer/500/393.png,2,4,0,0,0,0,0
soccer-671332,eng.1,2024,2024-04-02 18:45:00+00:00,CRY,BOU,0,1,https://a.espncdn.com/i/teamlogos/soccer/500/384.png,https://a.espncdn.com/i/teamlogos/soccer/500/349.png,1,1,0,0,0,0,0
soccer-671334,eng.1,2024,2024-04-02 18:45:00+00:00,WOL,BUR,1,1,https://a.espncdn.com/i/teamlogos/soccer/500/380.png,https://a.espncdn.com/i/teamlogos/soccer/500/379.png,0,2,0,0,1,0,0
soccer-671336,eng.1,2024,2024-04-02 19:15:00+00:00,TOT,WHU,1,1,https://a.espncdn.com/i/teamlogos/soccer/500/367.png,https://a.espncdn.com/i/teamlogos/soccer/500/371.png,0,2,0,0,1,0,0
soccer-671331,eng.1,2024,2024-04-03 18:30:00+00:00,LTN,ARS,0,2,https://a.espncdn.com/i/teamlogos/soccer/500/301.png,https://a.espncdn.com/i/teamlogos/soccer/500/359.png,2,2,0,0,0,0,0
soccer-671333,eng.1,2024,2024-04-03 18:30:00+00:00,BHA,BRE,0,0,https://a.espncdn.com/i/teamlogos/soccer/500/331.png,https://a.espncdn.com/i/teamlogos/soccer/500/337.png,0,0,0,0,0,0,0
soccer-671339,eng.1,2024,2024-04-03 19:15:00+00:00,AVL,MNC,1,4,https://a.espncdn.com/i/teamlogos/soccer/500/362.png,https://a.espncdn.com/i/teamlogos/soccer/500/382.png,3,5,0,0,0,0,0
soccer-671340,eng.1,2024,2024-04-04 18:30:00+00:00,SHU,LIV,1,3,https://a.espncdn.com/i/teamlogos/soccer/500/398.png,https://a.espncdn.com/i/teamlogos/soccer/500/364.png,2,4,0,0,0,1,0
soccer-671337,eng.1,2024,2024-04-04 19:15:00+00:00,MAN,CHE,3,4,https://a.espncdn.com/i/teamlogos/soccer/500/360.png,https://a.espncdn.com/i/teamlogos/soccer/500/363.png,1,7,0,2,1,1,0
soccer-671342,eng.1,2024,2024-04-06 11:30:00+00:00,MNC,CRY,4,2,https://a.espncdn.com/i/teamlogos/soccer/500/382.png,https://a.espncdn.com/i/teamlogos/soccer/500/384.png,2,6,0,1,1,1,0
soccer-671344,eng.1,2024,2024-04-06 14:00:00+00:00,BRE,AVL,3,3,https://a.espncdn.com/i/teamlogos/soccer/500/337.png,https://a.espncdn.com/i/teamlogos/soccer/500/362.png,0,6,0,1,1,1,0
soccer-671349,eng.1,2024,2024-04-06 14:00:00+00:00,BUR,EVE,0,1,https://a.espncdn.com/i/teamlogos/soccer/500/379.png,https://a.espncdn.com/i/teamlogos/soccer/500/368.png,1,1,1,0,0,0,0
soccer-671350,eng.1,2024,2024-04-06 14:00:00+00:00,NEW,FUL,1,0,https://a.espncdn.com/i/teamlogos/soccer/500/361.png,https://a.espncdn.com/i/teamlogos/soccer/500/370.png,1,1,0,0,0,1,0
soccer-671346,eng.1,2024,2024-04-06 14:00:00+00:00,BOU,LTN,1,2,https://a.espncdn.com/i/teamlogos/soccer/500/349.png,https://a.espncdn.com/i/teamlogos/soccer/500/301.png,1,3,0,1,1,1,0
soccer-671345,eng.1,2024,2024-04-06 14:00:00+00:00,WHU,WOL,2,1,https://a.espncdn.com/i/teamlogos/soccer/500/371.png,https://a.espncdn.com/i/teamlogos/soccer/500/380.png,1,3,0,1,1,1,0
soccer-671343,eng.1,2024,2024-04-06 16:30:00+00:00,ARS,BHA,3,0,https://a.espncdn.com/i/teamlogos/soccer/500/359.png,https://a.espncdn.com/i/teamlogos/soccer/500/331.png,3,3,0,0,0,1,0
soccer-671347,eng.1,2024,2024-04-07 14:30:00+00:00,LIV,MAN,2,2,https://a.espncdn.com/i/teamlogos/soccer/500/364.png,https://a.espncdn.com/i/teamlogos/soccer/500/360.png,0,4,0,1,1,1,0
soccer-671348,eng.1,2024,2024-04-07 16:30:00+00:00,CHE,SHU,2,2,https://a.espncdn.com/i/teamlogos/soccer/500/363.png,https://a.espncdn.com/i/teamlogos/soccer/500/398.png,0,4,0,0,1,1,0
soccer-671341,eng.1,2024,2024-04-07 17:00:00+00:00,NFO,TOT,1,3,https://a.espncdn.com/i/teamlogos/soccer/500/393.png,https://a.espncdn.com/i/teamlogos/soccer/500/367.png,2,4,0,0,0,0,0
soccer-671357,eng.1,2024,2024-04-13 11:30:00+00:00,TOT,NEW,0,4,https://a.espncdn.com/i/teamlogos/soccer/500/367.png,https://a.espncdn.com/i/teamlogos/soccer/500/361.png,4,4,0,0,0,1,0
soccer-671351,eng.1,2024,2024-04-13 14:00:00+00:00,SHU,BRE,0,2,https://a.espncdn.com/i/teamlogos/soccer/500/398.png,https://a.espncdn.com/i/teamlogos/soccer/500/337.png,2,2,0,0,0,1,0
soccer-671360,eng.1,2024,2024-04-13 14:00:00+00:00,BHA,BUR,1,1,https://a.espncdn.com/i/teamlogos/soccer/500/331.png,https://a.espncdn.com/i/teamlogos/soccer/500/379.png,0,2,0,0,1,0,0
soccer-671356,eng.1,2024,2024-04-13 14:00:00+00:00,LTN,MNC,1,5,https://a.espncdn.com/i/teamlogos/soccer/500/301.png,https://a.espncdn.com/i/teamlogos/soccer/500/382.png,4,6,0,0,0,1,0
soccer-671358,eng.1,2024,2024-04-13 14:00:00+00:00,WOL,NFO,2,2,https://a.espncdn.com/i/teamlogos/soccer/500/380.png,https://a.espncdn.com/i/teamlogos/soccer/500/393.png,0,4,0,1,1,0,0
soccer-671352,eng.1,2024,2024-04-13 16:30:00+00:00,MAN,BOU,2,2,https://a.espncdn.com/i/teamlogos/soccer/500/360.png,https://a.espncdn.com/i/teamlogos/soccer/500/349.png,0,4,0,0,1,0,0
soccer-671355,eng.1,2024,2024-04-14 13:00:00+00:00,CRY,LIV,1,0,https://a.espncdn.com/i/teamlogos/soccer/500/384.png,https://a.espncdn.com/i/teamlogos/soccer/500/364.png,1,1,0,0,0,0,0
soccer-671359,eng.1,2024,2024-04-14 13:00:00+00:00,FUL,WHU,2,0,https://a.espncdn.com/i/teamlogos/soccer/500/370.png,https://a.espncdn.com/i/teamlogos/soccer/500/371.png,2,2,0,0,0,0,0
soccer-671353,eng.1,2024,2024-04-14 15:30:00+00:00,AVL,ARS,2,0,https://a.espncdn.com/i/teamlogos/soccer/500/362.png,https://a.espncdn.com/i/teamlogos/soccer/500/359.png,2,2,0,0,0,1,0
soccer-671354,eng.1,2024,2024-04-15 19:00:00+00:00,EVE,CHE,0,6,https://a.espncdn.com/i/teamlogos/soccer/500/368.png,https://a.espncdn.com/i/teamlogos/soccer/500/363.png,6,6,0,0,0,1,0
soccer-671363,eng.1,2024,2024-04-20 14:00:00+00:00,BRE,LTN,5,1,https://a.espncdn.com/i/teamlogos/soccer/500/337.png,https://a.espncdn.com/i/teamlogos/soccer/500/301.png,4,6,0,0,0,1,0
soccer-671361,eng.1,2024,2024-04-20 14:00:00+00:00,BUR,SHU,4,1,https://a.espncdn.com/i/teamlogos/soccer/500/379.png,https://a.espncdn.com/i/teamlogos/soccer/500/398.png,3,5,0,0,0,0,0
soccer-671369,eng.1,2024,2024-04-20 18:30:00+00:00,ARS,WOL,2,0,https://a.espncdn.com/i/teamlogos/soccer/500/359.png,https://a.espncdn.com/i/teamlogos/soccer/500/380.png,2,2,0,0,0,1,0
soccer-671370,eng.1,2024,2024-04-21 12:30:00+00:00,NFO,EVE,0,2,https://a.espncdn.com/i/teamlogos/soccer/500/393.png,https://a.espncdn.com/i/teamlogos/soccer/500/368.png,2,2,0,0,0,0,0
soccer-671368,eng.1,2024,2024-04-21 14:00:00+00:00,BOU,AVL,1,3,https://a.espncdn.com/i/teamlogos/soccer/500/349.png,https://a.espncdn.com/i/teamlogos/soccer/500/362.png,2,4,0,1,1,0,0
soccer-671366,eng.1,2024,2024-04-21 14:00:00+00:00,WHU,CRY,2,5,https://a.espncdn.com/i/teamlogos/soccer/500/371.png,https://a.espncdn.com/i/teamlogos/soccer/500/384.png,3,7,0,0,0,1,0
soccer-671364,eng.1,2024,2024-04-21 15:30:00+00:00,LIV,FUL,3,1,https://a.espncdn.com/i/teamlogos/soccer/500/364.png,https://a.espncdn.com/i/teamlogos/soccer/500/370.png,2,4,0,0,0,0,0
soccer-671312,eng.1,2024,2024-04-23 19:00:00+00:00,CHE,ARS,0,5,https://a.espncdn.com/i/teamlogos/soccer/500/363.png,https://a.espncdn.com/i/teamlogos/soccer/500/359.png,5,5,0,0,0,0,0
soccer-671319,eng.1,2024,2024-04-24 18:45:00+00:00,BOU,WOL,1,0,https://a.espncdn.com/i/teamlogos/soccer/500/349.png,https://a.espncdn.com/i/teamlogos/soccer/500/380.png,1,1,1,0,0,0,0
soccer-671315,eng.1,2024,2024-04-24 19:00:00+00:00,NEW,CRY,0,2,https://a.espncdn.com/i/teamlogos/soccer/500/361.png,https://a.espncdn.com/i/teamlogos/soccer/500/384.png,2,2,0,0,0,1,0
soccer-671314,eng.1,2024,2024-04-24 19:00:00+00:00,LIV,EVE,0,2,https://a.espncdn.com/i/teamlogos/soccer/500/364.png,https://a.espncdn.com/i/teamlogos/soccer/500/368.png,2,2,0,0,0,0,0
soccer-671311,eng.1,2024,2024-04-24 19:00:00+00:00,SHU,MAN,2,4,https://a.espncdn.com/i/teamlogos/soccer/500/398.png,https://a.espncdn.com/i/teamlogos/soccer/500/360.png,2,6,0,1,1,1,0
soccer-671318,eng.1,2024,2024-04-25 19:00:00+00:00,MNC,BHA,4,0,https://a.espncdn.com/i/teamlogos/soccer/500/382.png,https://a.espncdn.com/i/teamlogos/soccer/500/331.png,4,4,0,0,0,0,0
soccer-671377,eng.1,2024,2024-04-27 11:30:00+00:00,LIV,WHU,2,2,https://a.espncdn.com/i/teamlogos/soccer/500/364.png,https://a.espncdn.com/i/teamlogos/soccer/500/371.png,0,4,0,1,1,0,0
soccer-671375,eng.1,2024,2024-04-27 14:00:00+00:00,CRY,FUL,1,1,https://a.espncdn.com/i/teamlogos/soccer/500/384.png,https://a.espncdn.com/i/teamlogos/soccer/500/370.png,0,2,0,0,1,1,0
soccer-671371,eng.1,2024,2024-04-27 14:00:00+00:00,BUR,MAN,1,1,https://a.espncdn.com/i/teamlogos/soccer/500/379.png,https://a.espncdn.com/i/teamlogos/soccer/500/360.png,0,2,0,0,1,1,0
soccer-671372,eng.1,2024,2024-04-27 14:00:00+00:00,SHU,NEW,1,5,https://a.espncdn.com/i/teamlogos/soccer/500/398.png,https://a.espncdn.com/i/teamlogos/soccer/500/361.png,4,6,0,1,1,0,0
soccer-671374,eng.1,2024,2024-04-27 14:00:00+00:00,LTN,WOL,1,2,https://a.espncdn.com/i/teamlogos/soccer/500/301.png,https://a.espncdn.com/i/teamlogos/soccer/500/380.png,1,3,0,0,0,1,0
soccer-671376,eng.1,2024,2024-04-27 16:30:00+00:00,BRE,EVE,0,1,https://a.espncdn.com/i/teamlogos/soccer/500/337.png,https://a.espncdn.com/i/teamlogos/soccer/500/368.png,1,1,0,0,0,0,0
soccer-671380,eng.1,2024,2024-04-27 19:00:00+00:00,CHE,AVL,2,2,https://a.espncdn.com/i/teamlogos/soccer/500/363.png,https://a.espncdn.com/i/teamlogos/soccer/500/362.png,0,4,0,0,1,1,0
soccer-671379,eng.1,2024,2024-04-28 13:00:00+00:00,BHA,BOU,0,3,https://a.espncdn.com/i/teamlogos/soccer/500/331.png,https://a.espncdn.com/i/teamlogos/soccer/500/349.png,3,3,0,0,0,1,0
soccer-671378,eng.1,2024,2024-04-28 13:00:00+00:00,ARS,TOT,3,2,https://a.espncdn.com/i/teamlogos/soccer/500/359.png,https://a.espncdn.com/i/teamlogos/soccer/500/367.png,1,5,0,0,0,1,0
soccer-671373,eng.1,2024,2024-04-28 15:30:00+00:00,MNC,NFO,2,0,https://a.espncdn.com/i/teamlogos/soccer/500/382.png,https://a.espncdn.com/i/teamlogos/soccer/500/393.png,2,2,0,0,0,0,0
soccer-671282,eng.1,2024,2024-05-02 18:30:00+00:00,TOT,CHE,0,2,https://a.espncdn.com/i/teamlogos/soccer/500/367.png,https://a.espncdn.com/i/teamlogos/soccer/500/363.png,2,2,0,0,0,0,0
soccer-671388,eng.1,2024,2024-05-03 19:00:00+00:00,EVE,LTN,1,1,https://a.espncdn.com/i/teamlogos/soccer/500/368.png,https://a.espncdn.com/i/teamlogos/soccer/500/301.png,0,2,0,0,1,0,0
soccer-671381,eng.1,2024,2024-05-04 11:30:00+00:00,BOU,ARS,0,3,https://a.espncdn.com/i/teamlogos/soccer/500/349.png,https://a.espncdn.com/i/teamlogos/soccer/500/359.png,3,3,0,0,0,1,0
soccer-671382,eng.1,2024,2024-05-04 14:00:00+00:00,FUL,BRE,0,0,https://a.espncdn.com/i/teamlogos/soccer/500/370.png,https://a.espncdn.com/i/teamlogos/soccer/500/337.png,0,0,0,0,0,0,0
soccer-671384,eng.1,2024,2024-05-04 14:00:00+00:00,NEW,BUR,4,1,https://a.espncdn.com/i/teamlogos/soccer/500/361.png,https://a.espncdn.com/i/teamlogos/soccer/500/379.png,3,5,0,0,0,1,0
soccer-671390,eng.1,2024,2024-05-04 14:00:00+00:00,NFO,SHU,3,1,https://a.espncdn.com/i/teamlogos/soccer/500/393.png,https://a.espncdn.com/i/teamlogos/soccer/500/398.png,2,4,1,1,1,0,0
soccer-671389,eng.1,2024,2024-05-04 16:30:00+00:00,WOL,MNC,1,5,https://a.espncdn.com/i/teamlogos/soccer/500/380.png,https://a.espncdn.com/i/teamlogos/soccer/500/382.png,4,6,0,0,0,1,0
soccer-671383,eng.1,2024,2024-05-05 13:00:00+00:00,AVL,BHA,0,1,https://a.espncdn.com/i/teamlogos/soccer/500/362.png,https://a.espncdn.com/i/teamlogos/soccer/500/331.png,1,1,0,0,0,1,0
soccer-671385,eng.1,2024,2024-05-05 13:00:00+00:00,WHU,CHE,0,5,https://a.espncdn.com/i/teamlogos/soccer/500/371.png,https://a.espncdn.com/i/teamlogos/soccer/500/363.png,5,5,0,0,0,1,0
soccer-671387,eng.1,2024,2024-05-05 15:30:00+00:00,TOT,LIV,2,4,https://a.espncdn.com/i/teamlogos/soccer/500/367.png,https://a.espncdn.com/i/teamlogos/soccer/500/364.png,2,6,0,0,0,0,0
soccer-671386,eng.1,2024,2024-05-06 19:00:00+00:00,MAN,CRY,0,4,https://a.espncdn.com/i/teamlogos/soccer/500/360.png,https://a.espncdn.com/i/teamlogos/soccer/500/384.png,4,4,0,0,0,0,0
soccer-671394,eng.1,2024,2024-05-11 11:30:00+00:00,MNC,FUL,4,0,https://a.espncdn.com/i/teamlogos/soccer/500/382.png,https://a.espncdn.com/i/teamlogos/soccer/500/370.png,4,4,1,0,0,1,0
soccer-671392,eng.1,2024,2024-05-11 14:00:00+00:00,BRE,BOU,2,1,https://a.espncdn.com/i/teamlogos/soccer/500/337.png,https://a.espncdn.com/i/teamlogos/soccer/500/349.png,1,3,0,0,0,1,0
soccer-671393,eng.1,2024,2024-05-11 14:00:00+00:00,SHU,EVE,0,1,https://a.espncdn.com/i/teamlogos/soccer/500/398.png,https://a.espncdn.com/i/teamlogos/soccer/500/368.png,1,1,0,0,0,0,0
soccer-671396,eng.1,2024,2024-05-11 14:00:00+00:00,BHA,NEW,1,1,https://a.espncdn.com/i/teamlogos/soccer/500/331.png,https://a.espncdn.com/i/teamlogos/soccer/500/361.png,0,2,0,0,1,0,0
soccer-671398,eng.1,2024,2024-05-11 14:00:00+00:00,BUR,TOT,1,2,https://a.espncdn.com/i/teamlogos/soccer/500/379.png,https://a.espncdn.com/i/teamlogos/soccer/500/367.png,1,3,0,1,1,1,0
soccer-671399,eng.1,2024,2024-05-11 14:00:00+00:00,LTN,WHU,1,3,https://a.espncdn.com/i/teamlogos/soccer/500/301.png,https://a.espncdn.com/i/teamlogos/soccer/500/371.png,2,4,0,1,1,0,0
soccer-671400,eng.1,2024,2024-05-11 14:00:00+00:00,CRY,WOL,3,1,https://a.espncdn.com/i/teamlogos/soccer/500/384.png,https://a.espncdn.com/i/teamlogos/soccer/500/380.png,2,4,1,0,0,0,0
soccer-671397,eng.1,2024,2024-05-11 16:30:00+00:00,CHE,NFO,3,2,https://a.espncdn.com/i/teamlogos/soccer/500/363.png,https://a.espncdn.com/i/teamlogos/soccer/500/393.png,1,5,0,2,1,1,0
soccer-671395,eng.1,2024,2024-05-12 15:30:00+00:00,ARS,MAN,1,0,https://a.espncdn.com/i/teamlogos/soccer/500/359.png,https://a.espncdn.com/i/teamlogos/soccer/500/360.png,1,1,0,0,0,0,0
soccer-671391,eng.1,2024,2024-05-13 19:00:00+00:00,LIV,AVL,3,3,https://a.espncdn.com/i/teamlogos/soccer/500/364.png,https://a.espncdn.com/i/teamlogos/soccer/500/362.png,0,6,0,0,1,1,0
soccer-671365,eng.1,2024,2024-05-14 19:00:00+00:00,MNC,TOT,2,0,https://a.espncdn.com/i/teamlogos/soccer/500/382.png,https://a.espncdn.com/i/teamlogos/soccer/500/367.png,2,2,0,0,0,1,0
soccer-671367,eng.1,2024,2024-05-15 18:45:00+00:00,CHE,BHA,2,1,https://a.espncdn.com/i/teamlogos/soccer/500/363.png,https://a.espncdn.com/i/teamlogos/soccer/500/331.png,1,3,1,0,0,1,0
soccer-671362,eng.1,2024,2024-05-15 19:00:00+00:00,NEW,MAN,2,3,https://a.espncdn.com/i/teamlogos/soccer/500/361.png,https://a.espncdn.com/i/teamlogos/soccer/500/360.png,1,5,0,0,0,1,0
soccer-671401,eng.1,2024,2024-05-19 15:00:00+00:00,EVE,ARS,1,2,https://a.espncdn.com/i/teamlogos/soccer/500/368.png,https://a.espncdn.com/i/teamlogos/soccer/500/359.png,1,3,0,1,1,1,0
soccer-671402,eng.1,2024,2024-05-19 15:00:00+00:00,NEW,BRE,4,2,https://a.espncdn.com/i/teamlogos/soccer/500/361.png,https://a.espncdn.com/i/teamlogos/soccer/500/337.png,2,6,0,0,0,0,0
soccer-671403,eng.1,2024,2024-05-19 15:00:00+00:00,MAN,BHA,2,0,https://a.espncdn.com/i/teamlogos/soccer/500/360.png,https://a.espncdn.com/i/teamlogos/soccer/500/331.png,2,2,0,0,0,1,0
soccer-671404,eng.1,2024,2024-05-19 15:00:00+00:00,NFO,BUR,2,1,https://a.espncdn.com/i/teamlogos/soccer/500/393.png,https://a.espncdn.com/i/teamlogos/soccer/500/379.png,1,3,0,0,0,0,0
soccer-671410,eng.1,2024,2024-05-19 15:00:00+00:00,BOU,CHE,1,2,https://a.espncdn.com/i/teamlogos/soccer/500/349.png,https://a.espncdn.com/i/teamlogos/soccer/500/363.png,1,3,0,0,0,0,0
soccer-671406,eng.1,2024,2024-05-19 15:00:00+00:00,AVL,CRY,0,5,https://a.espncdn.com/i/teamlogos/soccer/500/362.png,https://a.espncdn.com/i/teamlogos/soccer/500/384.png,5,5,0,0,0,0,0
soccer-671407,eng.1,2024,2024-05-19 15:00:00+00:00,WOL,LIV,0,2,https://a.espncdn.com/i/teamlogos/soccer/500/380.png,https://a.espncdn.com/i/teamlogos/soccer/500/364.png,2,2,1,0,0,0,0
soccer-671408,eng.1,2024,2024-05-19 15:00:00+00:00,FUL,LTN,4,2,https://a.espncdn.com/i/teamlogos/soccer/500/370.png,https://a.espncdn.com/i/teamlogos/soccer/500/301.png,2,6,0,0,0,0,0
soccer-671405,eng.1,2024,2024-05-19 15:00:00+00:00,WHU,MNC,1,3,https://a.espncdn.com/i/teamlogos/soccer/500/371.png,https://a.espncdn.com/i/teamlogos/soccer/500/382.png,2,4,0,0,0,0,0
soccer-671409,eng.1,2024,2024-05-19 15:00:00+00:00,TOT,SHU,3,0,https://a.espncdn.com/i/teamlogos/soccer/500/367.png,https://a.espncdn.com/i/teamlogos/soccer/500/398.png,3,3,0,0,0,0,0
soccer-704279,eng.1,2025,2024-08-16 19:00:00+00:00,FUL,MAN,0,1,https://a.espncdn.com/i/teamlogos/soccer/500/370.png,https://a.espncdn.com/i/teamlogos/soccer/500/360.png,1,1,0,0,0,1,0
soccer-704280,eng.1,2025,2024-08-17 11:30:00+00:00,LIV,IPS,2,0,https://a.espncdn.com/i/teamlogos/soccer/500/364.png,https://a.espncdn.com/i/teamlogos/soccer/500/373.png,2,2,0,0,0,0,0
soccer-704281,eng.1,2025,2024-08-17 14:00:00+00:00,WOL,ARS,0,2,https://a.espncdn.com/i/teamlogos/soccer/500/380.png,https://a.espncdn.com/i/teamlogos/soccer/500/359.png,2,2,0,0,0,0,0
soccer-704282,eng.1,2025,2024-08-17 14:00:00+00:00,BHA,EVE,3,0,https://a.espncdn.com/i/teamlogos/soccer/500/331.png,https://a.espncdn.com/i/teamlogos/soccer/500/368.png,3,3,1,0,0,1,0
soccer-704283,eng.1,2025,2024-08-17 14:00:00+00:00,SOU,NEW,0,1,https://a.espncdn.com/i/teamlogos/soccer/500/376.png,https://a.espncdn.com/i/teamlogos/soccer/500/361.png,1,1,1,0,0,0,0
soccer-704284,eng.1,2025,2024-08-17 14:00:00+00:00,BOU,NFO,1,1,https://a.espncdn.com/i/teamlogos/soccer/500/349.png,https://a.espncdn.com/i/teamlogos/soccer/500/393.png,0,2,0,0,1,1,0
soccer-704285,eng.1,2025,2024-08-17 16:30:00+00:00,AVL,WHU,2,1,https://a.espncdn.com/i/teamlogos/soccer/500/362.png,https://a.espncdn.com/i/teamlogos/soccer/500/371.png,1,3,0,0,0,0,0
soccer-704286,eng.1,2025,2024-08-18 13:00:00+00:00,CRY,BRE,1,2,https://a.espncdn.com/i/teamlogos/soccer/500/384.png,https://a.espncdn.com/i/teamlogos/soccer/500/337.png,1,3,0,0,0,0,0
soccer-704287,eng.1,2025,2024-08-18 15:30:00+00:00,MNC,CHE,2,0,https://a.espncdn.com/i/teamlogos/soccer/500/382.png,https://a.espncdn.com/i/teamlogos/soccer/500/363.png,2,2,0,0,0,1,0
soccer-704288,eng.1,2025,2024-08-19 19:00:00+00:00,TOT,LEI,1,1,https://a.espncdn.com/i/teamlogos/soccer/500/367.png,https://a.espncdn.com/i/teamlogos/soccer/500/375.png,0,2,0,0,1,0,0
soccer-704291,eng.1,2025,2024-08-24 11:30:00+00:00,MAN,BHA,1,2,https://a.espncdn.com/i/teamlogos/soccer/500/360.png,https://a.espncdn.com/i/teamlogos/soccer/500/331.png,1,3,0,0,0,1,0
soccer-704292,eng.1,2025,2024-08-24 14:00:00+00:00,WHU,CRY,2,0,https://a.espncdn.com/i/teamlogos/soccer/500/371.png,https://a.espncdn.com/i/teamlogos/soccer/500/384.png,2,2,0,0,0,0,0
soccer-704293,eng.1,2025,2024-08-24 14:00:00+00:00,LEI,FUL,1,2,https://a.espncdn.com/i/teamlogos/soccer/500/375.png,https://a.espncdn.com/i/teamlogos/soccer/500/370.png,1,3,0,0,0,0,0
soccer-704295,eng.1,2025,2024-08-24 14:00:00+00:00,IPS,MNC,1,4,https://a.espncdn.com/i/teamlogos/soccer/500/373.png,https://a.espncdn.com/i/teamlogos/soccer/500/382.png,3,5,0,1,1,1,0
soccer-704296,eng.1,2025,2024-08-24 14:00:00+00:00,NFO,SOU,1,0,https://a.espncdn.com/i/teamlogos/soccer/500/393.png,https://a.espncdn.com/i/teamlogos/soccer/500/376.png,1,1,0,0,0,0,0
soccer-704297,eng.1,2025,2024-08-24 14:00:00+00:00,EVE,TOT,0,4,https://a.espncdn.com/i/teamlogos/soccer/500/368.png,https://a.espncdn.com/i/teamlogos/soccer/500/367.png,4,4,0,0,0,0,0
soccer-704289,eng.1,2025,2024-08-24 16:30:00+00:00,ARS,AVL,2,0,https://a.espncdn.com/i/teamlogos/soccer/500/359.png,https://a.espncdn.com/i/teamlogos/soccer/500/362.png,2,2,0,0,0,0,0
soccer-704290,eng.1,2025,2024-08-25 13:00:00+00:00,NEW,BOU,1,1,https://a.espncdn.com/i/teamlogos/soccer/500/361.png,https://a.espncdn.com/i/teamlogos/soccer/500/349.png,0,2,0,0,1,0,0
soccer-704298,eng.1,2025,2024-08-25 13:00:00+00:00,CHE,WOL,6,2,https://a.espncdn.com/i/teamlogos/soccer/500/363.png,https://a.espncdn.com/i/teamlogos/soccer/500/380.png,4,8,0,0,0,1,0
soccer-704294,eng.1,2025,2024-08-25 15:30:00+00:00,BRE,LIV,0,2,https://a.espncdn.com/i/teamlogos/soccer/500/337.png,https://a.espncdn.com/i/teamlogos/soccer/500/364.png,2,2,0,0,0,0,0
soccer-704299,eng.1,2025,2024-08-31 11:30:00+00:00,BHA,ARS,1,1,https://a.espncdn.com/i/teamlogos/soccer/500/331.png,https://a.espncdn.com/i/teamlogos/soccer/500/359.png,0,2,1,0,1,0,0
soccer-704300,eng.1,2025,2024-08-31 14:00:00+00:00,SOU,BRE,1,3,https://a.espncdn.com/i/teamlogos/soccer/500/376.png,https://a.espncdn.com/i/teamlogos/soccer/500/337.png,2,4,0,0,0,1,0
soccer-704302,eng.1,2025,2024-08-31 14:00:00+00:00,BOU,EVE,3,2,https://a.espncdn.com/i/teamlogos/soccer/500/349.png,https://a.espncdn.com/i/teamlogos/soccer/500/368.png,1,5,0,1,1,1,0
soccer-704308,eng.1,2025,2024-08-31 14:00:00+00:00,FUL,IPS,1,1,https://a.espncdn.com/i/teamlogos/soccer/500/370.png,https://a.espncdn.com/i/teamlogos/soccer/500/373.png,0,2,0,0,1,0,0
soccer-704304,eng.1,2025,2024-08-31 14:00:00+00:00,AVL,LEI,2,1,https://a.espncdn.com/i/teamlogos/soccer/500/362.png,https://a.espncdn.com/i/teamlogos/soccer/500/375.png,1,3,0,0,0,0,0
soccer-704303,eng.1,2025,2024-08-31 14:00:00+00:00,WOL,NFO,1,1,https://a.espncdn.com/i/teamlogos/soccer/500/380.png,https://a.espncdn.com/i/teamlogos/soccer/500/393.png,0,2,0,0,1,0,0
soccer-704307,eng.1,2025,2024-08-31 16:30:00+00:00,MNC,WHU,3,1,https://a.espncdn.com/i/teamlogos/soccer/500/382.png,https://a.espncdn.com/i/teamlogos/soccer/500/371.png,2,4,0,0,0,1,0
soccer-704301,eng.1,2025,2024-09-01 12:30:00+00:00,CRY,CHE,1,1,https://a.espncdn.com/i/teamlogos/soccer/500/384.png,https://a.espncdn.com/i/teamlogos/soccer/500/363.png,0,2,0,0,1,0,0
soccer-704306,eng.1,2025,2024-09-01 12:30:00+00:00,TOT,NEW,1,2,https://a.espncdn.com/i/teamlogos/soccer/500/367.png,https://a.espncdn.com/i/teamlogos/soccer/500/361.png,1,3,0,0,0,0,0
soccer-704305,eng.1,2025,2024-09-01 15:00:00+00:00,LIV,MAN,3,0,https://a.espncdn.com/i/teamlogos/soccer/500/364.png,https://a.espncdn.com/i/teamlogos/soccer/500/360.png,3,3,0,0,0,0,0
soccer-704316,eng.1,2025,2024-09-14 11:30:00+00:00,MAN,SOU,3,0,https://a.espncdn.com/i/teamlogos/soccer/500/360.png,https://a.espncdn.com/i/teamlogos/soccer/500/376.png,3,3,1,0,0,1,0
soccer-704311,eng.1,2025,2024-09-14 14:00:00+00:00,IPS,BHA,0,0,https://a.espncdn.com/i/teamlogos/soccer/500/373.png,https://a.espncdn.com/i/teamlogos/soccer/500/331.png,0,0,0,0,0,0,0
soccer-704312,eng.1,2025,2024-09-14 14:00:00+00:00,LEI,CRY,2,2,https://a.espncdn.com/i/teamlogos/soccer/500/375.png,https://a.espncdn.com/i/teamlogos/soccer/500/384.png,0,4,0,0,1,1,0
soccer-704313,eng.1,2025,2024-09-14 14:00:00+00:00,WHU,FUL,1,1,https://a.espncdn.com/i/teamlogos/soccer/500/371.png,https://a.espncdn.com/i/teamlogos/soccer/500/370.png,0,2,0,0,1,1,0
soccer-704314,eng.1,2025,2024-09-14 14:00:00+00:00,NFO,LIV,1,0,https://a.espncdn.com/i/teamlogos/soccer/500/393.png,https://a.espncdn.com/i/teamlogos/soccer/500/364.png,1,1,0,0,0,0,0
soccer-704315,eng.1,2025,2024-09-14 14:00:00+00:00,BRE,MNC,1,2,https://a.espncdn.com/i/teamlogos/soccer/500/337.png,https://a.espncdn.com/i/teamlogos/soccer/500/382.png,1,3,0,1,1,0,0
soccer-704309,eng.1,2025,2024-09-14 16:30:00+00:00,EVE,AVL,2,3,https://a.espncdn.com/i/teamlogos/soccer/500/368.png,https://a.espncdn.com/i/teamlogos/soccer/500/362.png,1,5,0,1,1,0,0
soccer-704310,eng.1,2025,2024-09-14 19:00:00+00:00,CHE,BOU,1,0,https://a.espncdn.com/i/teamlogos/soccer/500/363.png,https://a.espncdn.com/i/teamlogos/soccer/500/349.png,1,1,0,0,0,1,0
soccer-704317,eng.1,2025,2024-09-15 13:00:00+00:00,ARS,TOT,1,0,https://a.espncdn.com/i/teamlogos/soccer/500/359.png,https://a.espncdn.com/i/teamlogos/soccer/500/367.png,1,1,0,0,0,0,0
soccer-704318,eng.1,2025,2024-09-15 15:30:00+00:00,NEW,WOL,2,1,https://a.espncdn.com/i/teamlogos/soccer/500/361.png,https://a.espncdn.com/i/teamlogos/soccer/500/380.png,1,3,0,1,1,1,0
soccer-704328,eng.1,2025,2024-09-21 11:30:00+00:00,CHE,WHU,3,0,https://a.espncdn.com/i/teamlogos/soccer/500/363.png,https://a.espncdn.com/i/teamlogos/soccer/500/371.png,3,3,0,0,0,0,0
soccer-704319,eng.1,2025,2024-09-21 14:00:00+00:00,WOL,AVL,1,3,https://a.espncdn.com/i/teamlogos/soccer/500/380.png,https://a.espncdn.com/i/teamlogos/soccer/500/362.png,2,4,0,1,1,1,0
soccer-704322,eng.1,2025,2024-09-21 14:00:00+00:00,NEW,FUL,1,3,https://a.espncdn.com/i/teamlogos/soccer/500/361.png,https://a.espncdn.com/i/teamlogos/soccer/500/370.png,2,4,0,0,0,1,0
soccer-704323,eng.1,2025,2024-09-21 14:00:00+00:00,EVE,LEI,1,1,https://a.espncdn.com/i/teamlogos/soccer/500/368.png,https://a.espncdn.com/i/teamlogos/soccer/500/375.png,0,2,0,0,1,0,0
soccer-704324,eng.1,2025,2024-09-21 14:00:00+00:00,BOU,LIV,0,3,https://a.espncdn.com/i/teamlogos/soccer/500/349.png,https://a.espncdn.com/i/teamlogos/soccer/500/364.png,3,3,0,0,0,0,0
soccer-704326,eng.1,2025,2024-09-21 14:00:00+00:00,IPS,SOU,1,1,https://a.espncdn.com/i/teamlogos/soccer/500/373.png,https://a.espncdn.com/i/teamlogos/soccer/500/376.png,0,2,0,0,1,1,0
soccer-704327,eng.1,2025,2024-09-21 14:00:00+00:00,BRE,TOT,1,3,https://a.espncdn.com/i/teamlogos/soccer/500/337.png,https://a.espncdn.com/i/teamlogos/soccer/500/367.png,2,4,0,1,1,1,0
soccer-704321,eng.1,2025,2024-09-21 16:30:00+00:00,MAN,CRY,0,0,https://a.espncdn.com/i/teamlogos/soccer/500/360.png,https://a.espncdn.com/i/teamlogos/soccer/500/384.png,0,0,0,0,0,0,0
soccer-704320,eng.1,2025,2024-09-22 13:00:00+00:00,NFO,BHA,2,2,https://a.espncdn.com/i/teamlogos/soccer/500/393.png,https://a.espncdn.com/i/teamlogos/soccer/500/331.png,0,4,3,1,1,0,0
soccer-704325,eng.1,2025,2024-09-22 15:30:00+00:00,ARS,MNC,2,2,https://a.espncdn.com/i/teamlogos/soccer/500/359.png,https://a.espncdn.com/i/teamlogos/soccer/500/382.png,0,4,1,1,1,1,0
soccer-704336,eng.1,2025,2024-09-28 11:30:00+00:00,MNC,NEW,1,1,https://a.espncdn.com/i/teamlogos/soccer/500/382.png,https://a.espncdn.com/i/teamlogos/soccer/500/361.png,0,2,0,0,1,0,0
soccer-704329,eng.1,2025,2024-09-28 14:00:00+00:00,LEI,ARS,2,4,https://a.espncdn.com/i/teamlogos/soccer/500/375.png,https://a.espncdn.com/i/teamlogos/soccer/500/359.png,2,6,0,0,0,1,0
soccer-704331,eng.1,2025,2024-09-28 14:00:00+00:00,WHU,BRE,1,1,https://a.espncdn.com/i/teamlogos/soccer/500/371.png,https://a.espncdn.com/i/teamlogos/soccer/500/337.png,0,2,0,0,1,0,0
soccer-704332,eng.1,2025,2024-09-28 14:00:00+00:00,BHA,CHE,2,4,https://a.espncdn.com/i/teamlogos/soccer/500/331.png,https://a.espncdn.com/i/teamlogos/soccer/500/363.png,2,6,0,1,1,0,0
soccer-704338,eng.1,2025,2024-09-28 14:00:00+00:00,CRY,EVE,1,2,https://a.espncdn.com/i/teamlogos/soccer/500/384.png,https://a.espncdn.com/i/teamlogos/soccer/500/368.png,1,3,0,1,1,0,0
soccer-704333,eng.1,2025,2024-09-28 14:00:00+00:00,FUL,NFO,1,0,https://a.espncdn.com/i/teamlogos/soccer/500/370.png,https://a.espncdn.com/i/teamlogos/soccer/500/393.png,1,1,0,0,0,0,0
soccer-704337,eng.1,2025,2024-09-28 16:30:00+00:00,LIV,WOL,2,1,https://a.espncdn.com/i/teamlogos/soccer/500/364.png,https://a.espncdn.com/i/teamlogos/soccer/500/380.png,1,3,0,0,0,0,0
soccer-704334,eng.1,2025,2024-09-29 13:00:00+00:00,AVL,IPS,2,2,https://a.espncdn.com/i/teamlogos/soccer/500/362.png,https://a.espncdn.com/i/teamlogos/soccer/500/373.png,0,4,0,1,1,0,0
soccer-704335,eng.1,2025,2024-09-29 15:30:00+00:00,TOT,MAN,3,0,https://a.espncdn.com/i/teamlogos/soccer/500/367.png,https://a.espncdn.com/i/teamlogos/soccer/500/360.png,3,3,1,0,0,0,0
soccer-704330,eng.1,2025,2024-09-30 19:00:00+00:00,SOU,BOU,1,3,https://a.espncdn.com/i/teamlogos/soccer/500/376.png,https://a.espncdn.com/i/teamlogos/soccer/500/349.png,2,4,0,0,0,0,0
soccer-704345,eng.1,2025,2024-10-05 11:30:00+00:00,LIV,CRY,1,0,https://a.espncdn.com/i/teamlogos/soccer/500/364.png,https://a.espncdn.com/i/teamlogos/soccer/500/384.png,1,1,0,0,0,0,0
soccer-704343,eng.1,2025,2024-10-05 14:00:00+00:00,SOU,ARS,1,3,https://a.espncdn.com/i/teamlogos/soccer/500/376.png,https://a.espncdn.com/i/teamlogos/soccer/500/359.png,2,4,0,1,1,1,0
soccer-704346,eng.1,2025,2024-10-05 14:00:00+00:00,WOL,BRE,3,5,https://a.espncdn.com/i/teamlogos/soccer/500/380.png,https://a.espncdn.com/i/teamlogos/soccer/500/337.png,2,8,0,0,0,1,0
soccer-704339,eng.1,2025,2024-10-05 14:00:00+00:00,BOU,LEI,0,1,https://a.espncdn.com/i/teamlogos/soccer/500/349.png,https://a.espncdn.com/i/teamlogos/soccer/500/375.png,1,1,0,0,0,0,0
soccer-704348,eng.1,2025,2024-10-05 14:00:00+00:00,FUL,MNC,2,3,https://a.espncdn.com/i/teamlogos/soccer/500/370.png,https://a.espncdn.com/i/teamlogos/soccer/500/382.png,1,5,0,1,1,1,0
soccer-704344,eng.1,2025,2024-10-05 14:00:00+00:00,IPS,WHU,1,4,https://a.espncdn.com/i/teamlogos/soccer/500/373.png,https://a.espncdn.com/i/teamlogos/soccer/500/371.png,3,5,0,0,0,0,0
soccer-704340,eng.1,2025,2024-10-05 16:30:00+00:00,NEW,EVE,0,0,https://a.espncdn.com/i/teamlogos/soccer/500/361.png,https://a.espncdn.com/i/teamlogos/soccer/500/368.png,0,0,0,0,0,0,0
soccer-704347,eng.1,2025,2024-10-06 13:00:00+00:00,MAN,AVL,0,0,https://a.espncdn.com/i/teamlogos/soccer/500/360.png,https://a.espncdn.com/i/teamlogos/soccer/500/362.png,0,0,0,0,0,0,0
soccer-704342,eng.1,2025,2024-10-06 13:00:00+00:00,NFO,CHE,1,1,https://a.espncdn.com/i/teamlogos/soccer/500/393.png,https://a.espncdn.com/i/teamlogos/soccer/500/363.png,0,2,1,0,1,0,0
soccer-704341,eng.1,2025,2024-10-06 15:30:00+00:00,TOT,BHA,2,3,https://a.espncdn.com/i/teamlogos/soccer/500/367.png,https://a.espncdn.com/i/teamlogos/soccer/500/331.png,1,5,0,1,1,0,0
soccer-704353,eng.1,2025,2024-10-19 11:30:00+00:00,WHU,TOT,1,4,https://a.espncdn.com/i/teamlogos/soccer/500/371.png,https://a.espncdn.com/i/teamlogos/soccer/500/367.png,3,5,1,1,1,0,0
soccer-704356,eng.1,2025,2024-10-19 14:00:00+00:00,AVL,FUL,3,1,https://a.espncdn.com/i/teamlogos/soccer/500/362.png,https://a.espncdn.com/i/teamlogos/soccer/500/370.png,2,4,2,1,1,0,0
soccer-704352,eng.1,2025,2024-10-19 14:00:00+00:00,BRE,MAN,1,2,https://a.espncdn.com/i/teamlogos/soccer/500/337.png,https://a.espncdn.com/i/teamlogos/soccer/500/360.png,1,3,0,1,1,0,0
soccer-704357,eng.1,2025,2024-10-19 14:00:00+00:00,BHA,NEW,1,0,https://a.espncdn.com/i/teamlogos/soccer/500/331.png,https://a.espncdn.com/i/teamlogos/soccer/500/361.png,1,1,0,0,0,0,0
soccer-704349,eng.1,2025,2024-10-19 14:00:00+00:00,LEI,SOU,3,2,https://a.espncdn.com/i/teamlogos/soccer/500/375.png,https://a.espncdn.com/i/teamlogos/soccer/500/376.png,1,5,1,1,1,1,0
soccer-704355,eng.1,2025,2024-10-19 14:15:00+00:00,EVE,IPS,2,0,https://a.espncdn.com/i/teamlogos/soccer/500/368.png,https://a.espncdn.com/i/teamlogos/soccer/500/373.png,2,2,0,0,0,0,0
soccer-704351,eng.1,2025,2024-10-19 16:30:00+00:00,ARS,BOU,0,2,https://a.espncdn.com/i/teamlogos/soccer/500/359.png,https://a.espncdn.com/i/teamlogos/soccer/500/349.png,2,2,1,0,0,0,0
soccer-704358,eng.1,2025,2024-10-20 13:00:00+00:00,MNC,WOL,2,1,https://a.espncdn.com/i/teamlogos/soccer/500/382.png,https://a.espncdn.com/i/teamlogos/soccer/500/380.png,1,3,0,1,1,1,0
soccer-704354,eng.1,2025,2024-10-20 15:30:00+00:00,CHE,LIV,1,2,https://a.espncdn.com/i/teamlogos/soccer/500/363.png,https://a.espncdn.com/i/teamlogos/soccer/500/364.png,1,3,0,0,0,0,0
soccer-704350,eng.1,2025,2024-10-21 19:00:00+00:00,CRY,NFO,0,1,https://a.espncdn.com/i/teamlogos/soccer/500/384.png,https://a.espncdn.com/i/teamlogos/soccer/500/393.png,1,1,0,0,0,0,0
soccer-704362,eng.1,2025,2024-10-25 19:00:00+00:00,NFO,LEI,3,1,https://a.espncdn.com/i/teamlogos/soccer/500/393.png,https://a.espncdn.com/i/teamlogos/soccer/500/375.png,2,4,0,0,0,0,0
soccer-704368,eng.1,2025,2024-10-26 14:00:00+00:00,BOU,AVL,1,1,https://a.espncdn.com/i/teamlogos/soccer/500/349.png,https://a.espncdn.com/i/teamlogos/soccer/500/362.png,0,2,0,0,1,1,0
soccer-704364,eng.1,2025,2024-10-26 14:00:00+00:00,IPS,BRE,3,4,https://a.espncdn.com/i/teamlogos/soccer/500/373.png,https://a.espncdn.com/i/teamlogos/soccer/500/337.png,1,7,1,1,1,1,0
soccer-704365,eng.1,2025,2024-10-26 14:00:00+00:00,WOL,BHA,2,2,https://a.espncdn.com/i/teamlogos/soccer/500/380.png,https://a.espncdn.com/i/teamlogos/soccer/500/331.png,0,4,0,0,1,1,0
soccer-704363,eng.1,2025,2024-10-26 14:00:00+00:00,SOU,MNC,0,1,https://a.espncdn.com/i/teamlogos/soccer/500/376.png,https://a.espncdn.com/i/teamlogos/soccer/500/382.png,1,1,0,0,0,0,0
soccer-704361,eng.1,2025,2024-10-26 16:30:00+00:00,FUL,EVE,1,1,https://a.espncdn.com/i/teamlogos/soccer/500/370.png,https://a.espncdn.com/i/teamlogos/soccer/500/368.png,0,2,0,0,1,1,0
soccer-704359,eng.1,2025,2024-10-27 14:00:00+00:00,NEW,CHE,1,2,https://a.espncdn.com/i/teamlogos/soccer/500/361.png,https://a.espncdn.com/i/teamlogos/soccer/500/363.png,1,3,0,0,0,0,0
soccer-704360,eng.1,2025,2024-10-27 14:00:00+00:00,TOT,CRY,0,1,https://a.espncdn.com/i/teamlogos/soccer/500/367.png,https://a.espncdn.com/i/teamlogos/soccer/500/384.png,1,1,0,0,0,0,0
soccer-704366,eng.1,2025,2024-10-27 14:00:00+00:00,MAN,WHU,1,2,https://a.espncdn.com/i/teamlogos/soccer/500/360.png,https://a.espncdn.com/i/teamlogos/soccer/500/371.png,1,3,0,0,0,1,0
soccer-704367,eng.1,2025,2024-10-27 16:30:00+00:00,LIV,ARS,2,2,https://a.espncdn.com/i/teamlogos/soccer/500/364.png,https://a.espncdn.com/i/teamlogos/soccer/500/359.png,0,4,0,0,1,1,0
soccer-704372,eng.1,2025,2024-11-02 12:30:00+00:00,ARS,NEW,0,1,https://a.espncdn.com/i/teamlogos/soccer/500/359.png,https://a.espncdn.com/i/teamlogos/soccer/500/361.png,1,1,0,0,0,0,0
soccer-704377,eng.1,2025,2024-11-02 15:00:00+00:00,MNC,BOU,1,2,https://a.espncdn.com/i/teamlogos/soccer/500/382.png,https://a.espncdn.com/i/teamlogos/soccer/500/349.png,1,3,0,0,0,1,0
soccer-704375,eng.1,2025,2024-11-02 15:00:00+00:00,LEI,IPS,1,1,https://a.espncdn.com/i/teamlogos/soccer/500/375.png,https://a.espncdn.com/i/teamlogos/soccer/500/373.png,0,2,1,0,1,1,0
soccer-704374,eng.1,2025,2024-11-02 15:00:00+00:00,BHA,LIV,1,2,https://a.espncdn.com/i/teamlogos/soccer/500/331.png,https://a.espncdn.com/i/teamlogos/soccer/500/364.png,1,3,0,1,1,0,0
soccer-704371,eng.1,2025,2024-11-02 15:00:00+00:00,WHU,NFO,0,3,https://a.espncdn.com/i/teamlogos/soccer/500/371.png,https://a.espncdn.com/i/teamlogos/soccer/500/393.png,3,3,1,0,0,0,0
soccer-704370,eng.1,2025,2024-11-02 15:00:00+00:00,EVE,SOU,0,1,https://a.espncdn.com/i/teamlogos/soccer/500/368.png,https://a.espncdn.com/i/teamlogos/soccer/500/376.png,1,1,0,0,0,1,0
soccer-704373,eng.1,2025,2024-11-02 17:30:00+00:00,CRY,WOL,2,2,https://a.espncdn.com/i/teamlogos/soccer/500/384.png,https://a.espncdn.com/i/teamlogos/soccer/500/380.png,0,4,0,1,1,0,0
soccer-704369,eng.1,2025,2024-11-03 14:00:00+00:00,AVL,TOT,1,4,https://a.espncdn.com/i/teamlogos/soccer/500/362.png,https://a.espncdn.com/i/teamlogos/soccer/500/367.png,3,5,0,1,1,1,0
soccer-704378,eng.1,2025,2024-11-03 16:30:00+00:00,CHE,MAN,1,1,https://a.espncdn.com/i/teamlogos/soccer/500/363.png,https://a.espncdn.com/i/teamlogos/soccer/500/360.png,0,2,0,0,1,0,0
soccer-704376,eng.1,2025,2024-11-04 20:00:00+00:00,BRE,FUL,1,2,https://a.espncdn.com/i/teamlogos/soccer/500/337.png,https://a.espncdn.com/i/teamlogos/soccer/500/370.png,1,3,0,1,1,1,0
soccer-704382,eng.1,2025,2024-11-09 15:00:00+00:00,BOU,BRE,2,3,https://a.espncdn.com/i/teamlogos/soccer/500/349.png,https://a.espncdn.com/i/teamlogos/soccer/500/337.png,1,5,0,1,1,0,0
soccer-704379,eng.1,2025,2024-11-09 15:00:00+00:00,FUL,CRY,2,0,https://a.espncdn.com/i/teamlogos/soccer/500/370.png,https://a.espncdn.com/i/teamlogos/soccer/500/384.png,2,2,1,0,0,1,0
soccer-704384,eng.1,2025,2024-11-09 15:00:00+00:00,EVE,WHU,0,0,https://a.espncdn.com/i/teamlogos/soccer/500/368.png,https://a.espncdn.com/i/teamlogos/soccer/500/371.png,0,0,0,0,0,0,0
soccer-704385,eng.1,2025,2024-11-09 15:00:00+00:00,SOU,WOL,0,2,https://a.espncdn.com/i/teamlogos/soccer/500/376.png,https://a.espncdn.com/i/teamlogos/soccer/500/380.png,2,2,0,0,0,0,0
soccer-704381,eng.1,2025,2024-11-09 17:30:00+00:00,MNC,BHA,1,2,https://a.espncdn.com/i/teamlogos/soccer/500/382.png,https://a.espncdn.com/i/teamlogos/soccer/500/331.png,1,3,0,1,1,1,0
soccer-704388,eng.1,2025,2024-11-09 20:00:00+00:00,AVL,LIV,0,2,https://a.espncdn.com/i/teamlogos/soccer/500/362.png,https://a.espncdn.com/i/teamlogos/soccer/500/364.png,2,2,0,0,0,1,0
soccer-704386,eng.1,2025,2024-11-10 14:00:00+00:00,LEI,MAN,0,3,https://a.espncdn.com/i/teamlogos/soccer/500/375.png,https://a.espncdn.com/i/teamlogos/soccer/500/360.png,3,3,0,0,0,1,0
soccer-704387,eng.1,2025,2024-11-10 14:00:00+00:00,NEW,NFO,3,1,https://a.espncdn.com/i/teamlogos/soccer/500/361.png,https://a.espncdn.com/i/teamlogos/soccer/500/393.png,2,4,0,1,1,1,0
soccer-704383,eng.1,2025,2024-11-10 14:00:00+00:00,IPS,TOT,2,1,https://a.espncdn.com/i/teamlogos/soccer/500/373.png,https://a.espncdn.com/i/teamlogos/soccer/500/367.png,1,3,0,0,0,0,0
soccer-704380,eng.1,2025,2024-11-10 16:30:00+00:00,ARS,CHE,1,1,https://a.espncdn.com/i/teamlogos/soccer/500/359.png,https://a.espncdn.com/i/teamlogos/soccer/500/363.png,0,2,0,0,1,0,0
soccer-704392,eng.1,2025,2024-11-23 12:30:00+00:00,CHE,LEI,2,1,https://a.espncdn.com/i/teamlogos/soccer/500/363.png,https://a.espncdn.com/i/teamlogos/soccer/500/375.png,1,3,0,0,0,1,0
soccer-704395,eng.1,2025,2024-11-23 15:00:00+00:00,BHA,BOU,2,1,https://a.espncdn.com/i/teamlogos/soccer/500/331.png,https://a.espncdn.com/i/teamlogos/soccer/500/349.png,1,3,1,0,0,1,0
soccer-704393,eng.1,2025,2024-11-23 15:00:00+00:00,NFO,ARS,0,3,https://a.espncdn.com/i/teamlogos/soccer/500/393.png,https://a.espncdn.com/i/teamlogos/soccer/500/359.png,3,3,0,0,0,1,0
soccer-704394,eng.1,2025,2024-11-23 15:00:00+00:00,CRY,AVL,2,2,https://a.espncdn.com/i/teamlogos/soccer/500/384.png,https://a.espncdn.com/i/teamlogos/soccer/500/362.png,0,4,0,0,1,0,0
soccer-704391,eng.1,2025,2024-11-23 15:00:00+00:00,BRE,EVE,0,0,https://a.espncdn.com/i/teamlogos/soccer/500/337.png,https://a.espncdn.com/i/teamlogos/soccer/500/368.png,0,0,1,0,0,0,0
soccer-704390,eng.1,2025,2024-11-23 15:00:00+00:00,WOL,FUL,4,1,https://a.espncdn.com/i/teamlogos/soccer/500/380.png,https://a.espncdn.com/i/teamlogos/soccer/500/370.png,3,5,0,1,1,1,0
soccer-704396,eng.1,2025,2024-11-23 17:30:00+00:00,TOT,MNC,4,0,https://a.espncdn.com/i/teamlogos/soccer/500/367.png,https://a.espncdn.com/i/teamlogos/soccer/500/382.png,4,4,0,0,0,1,0
soccer-704397,eng.1,2025,2024-11-24 14:00:00+00:00,LIV,SOU,3,2,https://a.espncdn.com/i/teamlogos/soccer/500/364.png,https://a.espncdn.com/i/teamlogos/soccer/500/376.png,1,5,0,2,1,1,0
soccer-704389,eng.1,2025,2024-11-24 16:30:00+00:00,MAN,IPS,1,1,https://a.espncdn.com/i/teamlogos/soccer/500/360.png,https://a.espncdn.com/i/teamlogos/soccer/500/373.png,0,2,0,0,1,0,0
soccer-704398,eng.1,2025,2024-11-25 20:00:00+00:00,WHU,NEW,2,0,https://a.espncdn.com/i/teamlogos/soccer/500/371.png,https://a.espncdn.com/i/teamlogos/soccer/500/361.png,2,2,0,0,0,0,0
soccer-704408,eng.1,2025,2024-11-29 20:00:00+00:00,SOU,BHA,1,1,https://a.espncdn.com/i/teamlogos/soccer/500/376.png,https://a.espncdn.com/i/teamlogos/soccer/500/331.png,0,2,0,0,1,0,0
soccer-704402,eng.1,2025,2024-11-30 15:00:00+00:00,LEI,BRE,1,4,https://a.espncdn.com/i/teamlogos/soccer/500/375.png,https://a.espncdn.com/i/teamlogos/soccer/500/337.png,3,5,0,1,1,0,0
soccer-704405,eng.1,2025,2024-11-30 15:00:00+00:00,NEW,CRY,1,1,https://a.espncdn.com/i/teamlogos/soccer/500/361.png,https://a.espncdn.com/i/teamlogos/soccer/500/384.png,0,2,0,0,1,1,0
soccer-704399,eng.1,2025,2024-11-30 15:00:00+00:00,IPS,NFO,0,1,https://a.espncdn.com/i/teamlogos/soccer/500/373.png,https://a.espncdn.com/i/teamlogos/soccer/500/393.png,1,1,0,0,0,0,0
soccer-704403,eng.1,2025,2024-11-30 15:00:00+00:00,BOU,WOL,4,2,https://a.espncdn.com/i/teamlogos/soccer/500/349.png,https://a.espncdn.com/i/teamlogos/soccer/500/380.png,2,6,0,0,0,0,0
soccer-704400,eng.1,2025,2024-11-30 17:30:00+00:00,ARS,WHU,5,2,https://a.espncdn.com/i/teamlogos/soccer/500/359.png,https://a.espncdn.com/i/teamlogos/soccer/500/371.png,3,7,0,0,0,0,0
soccer-704404,eng.1,2025,2024-12-01 13:30:00+00:00,AVL,CHE,0,3,https://a.espncdn.com/i/teamlogos/soccer/500/362.png,https://a.espncdn.com/i/teamlogos/soccer/500/363.png,3,3,0,0,0,1,0
soccer-704407,eng.1,2025,2024-12-01 13:30:00+00:00,EVE,MAN,0,4,https://a.espncdn.com/i/teamlogos/soccer/500/368.png,https://a.espncdn.com/i/teamlogos/soccer/500/360.png,4,4,0,0,0,0,0
soccer-704401,eng.1,2025,2024-12-01 13:30:00+00:00,FUL,TOT,1,1,https://a.espncdn.com/i/teamlogos/soccer/500/370.png,https://a.espncdn.com/i/teamlogos/soccer/500/367.png,0,2,1,0,1,0,0
soccer-704406,eng.1,2025,2024-12-01 16:00:00+00:00,MNC,LIV,0,2,https://a.espncdn.com/i/teamlogos/soccer/500/382.png,https://a.espncdn.com/i/teamlogos/soccer/500/364.png,2,2,0,0,0,0,0
soccer-704412,eng.1,2025,2024-12-03 19:30:00+00:00,CRY,IPS,1,0,https://a.espncdn.com/i/teamlogos/soccer/500/384.png,https://a.espncdn.com/i/teamlogos/soccer/500/373.png,1,1,0,0,0,0,0
soccer-704411,eng.1,2025,2024-12-03 20:15:00+00:00,WHU,LEI,1,3,https://a.espncdn.com/i/teamlogos/soccer/500/371.png,https://a.espncdn.com/i/teamlogos/soccer/500/375.png,2,4,0,0,0,1,0
soccer-704415,eng.1,2025,2024-12-04 19:30:00+00:00,WOL,EVE,0,4,https://a.espncdn.com/i/teamlogos/soccer/500/380.png,https://a.espncdn.com/i/teamlogos/soccer/500/368.png,4,4,0,0,0,0,0
soccer-704416,eng.1,2025,2024-12-04 19:30:00+00:00,NFO,MNC,0,3,https://a.espncdn.com/i/teamlogos/soccer/500/393.png,https://a.espncdn.com/i/teamlogos/soccer/500/382.png,3,3,0,0,0,0,0
soccer-704417,eng.1,2025,2024-12-04 19:30:00+00:00,LIV,NEW,3,3,https://a.espncdn.com/i/teamlogos/soccer/500/364.png,https://a.espncdn.com/i/teamlogos/soccer/500/361.png,0,6,0,1,1,1,0
soccer-704418,eng.1,2025,2024-12-04 19:30:00+00:00,CHE,SOU,5,1,https://a.espncdn.com/i/teamlogos/soccer/500/363.png,https://a.espncdn.com/i/teamlogos/soccer/500/376.png,4,6,1,0,0,1,0
soccer-704410,eng.1,2025,2024-12-04 20:15:00+00:00,MAN,ARS,0,2,https://a.espncdn.com/i/teamlogos/soccer/500/360.png,https://a.espncdn.com/i/teamlogos/soccer/500/359.png,2,2,0,0,0,0,0
soccer-704409,eng.1,2025,2024-12-04 20:15:00+00:00,BRE,AVL,1,3,https://a.espncdn.com/i/teamlogos/soccer/500/337.png,https://a.espncdn.com/i/teamlogos/soccer/500/362.png,2,4,0,0,0,0,0
soccer-704413,eng.1,2025,2024-12-05 19:30:00+00:00,BHA,FUL,1,3,https://a.espncdn.com/i/teamlogos/soccer/500/331.png,https://a.espncdn.com/i/teamlogos/soccer/500/370.png,2,4,0,0,0,1,0
soccer-704414,eng.1,2025,2024-12-05 20:15:00+00:00,TOT,BOU,0,1,https://a.espncdn.com/i/teamlogos/soccer/500/367.png,https://a.espncdn.com/i/teamlogos/soccer/500/349.png,1,1,0,0,0,0,0
soccer-704422,eng.1,2025,2024-12-07 15:00:00+00:00,SOU,AVL,0,1,https://a.espncdn.com/i/teamlogos/soccer/500/376.png,https://a.espncdn.com/i/teamlogos/soccer/500/362.png,1,1,0,0,0,0,0
soccer-704423,eng.1,2025,2024-12-07 15:00:00+00:00,NEW,BRE,2,4,https://a.espncdn.com/i/teamlogos/soccer/500/361.png,https://a.espncdn.com/i/teamlogos/soccer/500/337.png,2,6,0,0,0,1,0
soccer-704424,eng.1,2025,2024-12-07 15:00:00+00:00,MNC,CRY,2,2,https://a.espncdn.com/i/teamlogos/soccer/500/382.png,https://a.espncdn.com/i/teamlogos/soccer/500/384.png,0,4,1,0,1,0,0
soccer-704419,eng.1,2025,2024-12-07 17:30:00+00:00,NFO,MAN,3,2,https://a.espncdn.com/i/teamlogos/soccer/500/393.png,https://a.espncdn.com/i/teamlogos/soccer/500/360.png,1,5,0,0,0,0,0
soccer-704421,eng.1,2025,2024-12-08 14:00:00+00:00,ARS,FUL,1,1,https://a.espncdn.com/i/teamlogos/soccer/500/359.png,https://a.espncdn.com/i/teamlogos/soccer/500/370.png,0,2,0,0,1,0,0
soccer-704427,eng.1,2025,2024-12-08 14:00:00+00:00,BOU,IPS,2,1,https://a.espncdn.com/i/teamlogos/soccer/500/349.png,https://a.espncdn.com/i/teamlogos/soccer/500/373.png,1,3,0,1,1,1,0
soccer-704428,eng.1,2025,2024-12-08 14:00:00+00:00,BHA,LEI,2,2,https://a.espncdn.com/i/teamlogos/soccer/500/331.png,https://a.espncdn.com/i/teamlogos/soccer/500/375.png,0,4,0,0,1,1,0
soccer-704420,eng.1,2025,2024-12-08 16:30:00+00:00,CHE,TOT,4,3,https://a.espncdn.com/i/teamlogos/soccer/500/363.png,https://a.espncdn.com/i/teamlogos/soccer/500/367.png,1,7,0,1,1,1,0
soccer-704426,eng.1,2025,2024-12-09 20:00:00+00:00,WOL,WHU,1,2,https://a.espncdn.com/i/teamlogos/soccer/500/380.png,https://a.espncdn.com/i/teamlogos/soccer/500/371.png,1,3,0,0,0,0,0
soccer-704429,eng.1,2025,2024-12-14 15:00:00+00:00,EVE,ARS,0,0,https://a.espncdn.com/i/teamlogos/soccer/500/368.png,https://a.espncdn.com/i/teamlogos/soccer/500/359.png,0,0,0,0,0,0,0
soccer-704438,eng.1,2025,2024-12-14 15:00:00+00:00,FUL,LIV,2,2,https://a.espncdn.com/i/teamlogos/soccer/500/370.png,https://a.espncdn.com/i/teamlogos/soccer/500/364.png,0,4,1,0,1,1,0
soccer-704435,eng.1,2025,2024-12-14 15:00:00+00:00,LEI,NEW,0,4,https://a.espncdn.com/i/teamlogos/soccer/500/375.png,https://a.espncdn.com/i/teamlogos/soccer/500/361.png,4,4,0,0,0,0,0
soccer-704433,eng.1,2025,2024-12-14 15:00:00+00:00,IPS,WOL,2,1,https://a.espncdn.com/i/teamlogos/soccer/500/373.png,https://a.espncdn.com/i/teamlogos/soccer/500/380.png,1,3,1,0,0,1,0
soccer-704436,eng.1,2025,2024-12-14 17:30:00+00:00,AVL,NFO,1,2,https://a.espncdn.com/i/teamlogos/soccer/500/362.png,https://a.espncdn.com/i/teamlogos/soccer/500/393.png,1,3,0,1,1,1,0
soccer-704431,eng.1,2025,2024-12-15 14:00:00+00:00,CRY,BHA,3,1,https://a.espncdn.com/i/teamlogos/soccer/500/384.png,https://a.espncdn.com/i/teamlogos/soccer/500/331.png,2,4,0,0,0,1,0
soccer-704434,eng.1,2025,2024-12-15 16:30:00+00:00,MAN,MNC,2,1,https://a.espncdn.com/i/teamlogos/soccer/500/360.png,https://a.espncdn.com/i/teamlogos/soccer/500/382.png,1,3,0,1,1,1,0
soccer-704432,eng.1,2025,2024-12-15 19:00:00+00:00,BRE,CHE,1,2,https://a.espncdn.com/i/teamlogos/soccer/500/337.png,https://a.espncdn.com/i/teamlogos/soccer/500/363.png,1,3,1,0,0,1,0
soccer-704437,eng.1,2025,2024-12-15 19:00:00+00:00,TOT,SOU,5,0,https://a.espncdn.com/i/teamlogos/soccer/500/367.png,https://a.espncdn.com/i/teamlogos/soccer/500/376.png,5,5,0,0,0,0,0
soccer-704430,eng.1,2025,2024-12-16 20:00:00+00:00,WHU,BOU,1,1,https://a.espncdn.com/i/teamlogos/soccer/500/371.png,https://a.espncdn.com/i/teamlogos/soccer/500/349.png,0,2,0,0,1,1,0
soccer-704444,eng.1,2025,2024-12-21 12:30:00+00:00,MNC,AVL,1,2,https://a.espncdn.com/i/teamlogos/soccer/500/382.png,https://a.espncdn.com/i/teamlogos/soccer/500/362.png,1,3,0,0,0,1,0
soccer-704445,eng.1,2025,2024-12-21 15:00:00+00:00,NFO,BRE,2,0,https://a.espncdn.com/i/teamlogos/soccer/500/393.png,https://a.espncdn.com/i/teamlogos/soccer/500/337.png,2,2,0,0,0,0,0
soccer-704442,eng.1,2025,2024-12-21 15:00:00+00:00,NEW,IPS,4,0,https://a.espncdn.com/i/teamlogos/soccer/500/361.png,https://a.espncdn.com/i/teamlogos/soccer/500/373.png,4,4,0,0,0,0,0
soccer-704443,eng.1,2025,2024-12-21 15:00:00+00:00,BHA,WHU,1,1,https://a.espncdn.com/i/teamlogos/soccer/500/331.png,https://a.espncdn.com/i/teamlogos/soccer/500/371.png,0,2,0,0,1,0,0
soccer-704446,eng.1,2025,2024-12-21 17:30:00+00:00,ARS,CRY,5,1,https://a.espncdn.com/i/teamlogos/soccer/500/359.png,https://a.espncdn.com/i/teamlogos/soccer/500/384.png,4,6,0,0,0,1,0
soccer-704447,eng.1,2025,2024-12-22 14:00:00+00:00,CHE,EVE,0,0,https://a.espncdn.com/i/teamlogos/soccer/500/363.png,https://a.espncdn.com/i/teamlogos/soccer/500/368.png,0,0,0,0,0,0,0
soccer-704448,eng.1,2025,2024-12-22 14:00:00+00:00,SOU,FUL,0,0,https://a.espncdn.com/i/teamlogos/soccer/500/376.png,https://a.espncdn.com/i/teamlogos/soccer/500/370.png,0,0,0,0,0,0,0
soccer-704441,eng.1,2025,2024-12-22 14:00:00+00:00,WOL,LEI,3,0,https://a.espncdn.com/i/teamlogos/soccer/500/380.png,https://a.espncdn.com/i/teamlogos/soccer/500/375.png,3,3,0,0,0,0,0
soccer-704440,eng.1,2025,2024-12-22 14:00:00+00:00,BOU,MAN,3,0,https://a.espncdn.com/i/teamlogos/soccer/500/349.png,https://a.espncdn.com/i/teamlogos/soccer/500/360.png,3,3,0,0,0,0,0
soccer-704439,eng.1,2025,2024-12-22 16:30:00+00:00,LIV,TOT,6,3,https://a.espncdn.com/i/teamlogos/soccer/500/364.png,https://a.espncdn.com/i/teamlogos/soccer/500/367.png,3,9,0,0,0,1,0
soccer-704451,eng.1,2025,2024-12-26 12:30:00+00:00,EVE,MNC,1,1,https://a.espncdn.com/i/teamlogos/soccer/500/368.png,https://a.espncdn.com/i/teamlogos/soccer/500/382.png,0,2,0,0,1,0,0
soccer-704458,eng.1,2025,2024-12-26 15:00:00+00:00,CRY,BOU,0,0,https://a.espncdn.com/i/teamlogos/soccer/500/384.png,https://a.espncdn.com/i/teamlogos/soccer/500/349.png,0,0,0,0,0,0,0
soccer-704449,eng.1,2025,2024-12-26 15:00:00+00:00,FUL,CHE,2,1,https://a.espncdn.com/i/teamlogos/soccer/500/370.png,https://a.espncdn.com/i/teamlogos/soccer/500/363.png,1,3,0,1,1,1,0
soccer-704452,eng.1,2025,2024-12-26 15:00:00+00:00,AVL,NEW,0,3,https://a.espncdn.com/i/teamlogos/soccer/500/362.png,https://a.espncdn.com/i/teamlogos/soccer/500/361.png,3,3,1,0,0,1,0
soccer-704453,eng.1,2025,2024-12-26 15:00:00+00:00,TOT,NFO,0,1,https://a.espncdn.com/i/teamlogos/soccer/500/367.png,https://a.espncdn.com/i/teamlogos/soccer/500/393.png,1,1,1,0,0,0,0
soccer-704454,eng.1,2025,2024-12-26 15:00:00+00:00,WHU,SOU,1,0,https://a.espncdn.com/i/teamlogos/soccer/500/371.png,https://a.espncdn.com/i/teamlogos/soccer/500/376.png,1,1,0,0,0,0,0
soccer-704455,eng.1,2025,2024-12-26 17:30:00+00:00,MAN,WOL,0,2,https://a.espncdn.com/i/teamlogos/soccer/500/360.png,https://a.espncdn.com/i/teamlogos/soccer/500/380.png,2,2,1,0,0,1,0
soccer-704456,eng.1,2025,2024-12-26 20:00:00+00:00,LEI,LIV,1,3,https://a.espncdn.com/i/teamlogos/soccer/500/375.png,https://a.espncdn.com/i/teamlogos/soccer/500/364.png,2,4,0,1,1,1,0
soccer-704450,eng.1,2025,2024-12-27 19:30:00+00:00,BRE,BHA,0,0,https://a.espncdn.com/i/teamlogos/soccer/500/337.png,https://a.espncdn.com/i/teamlogos/soccer/500/331.png,0,0,0,0,0,0,0
soccer-704457,eng.1,2025,2024-12-27 20:15:00+00:00,IPS,ARS,0,1,https://a.espncdn.com/i/teamlogos/soccer/500/373.png,https://a.espncdn.com/i/teamlogos/soccer/500/359.png,1,1,0,0,0,0,0
soccer-704462,eng.1,2025,2024-12-29 14:30:00+00:00,MNC,LEI,2,0,https://a.espncdn.com/i/teamlogos/soccer/500/382.png,https://a.espncdn.com/i/teamlogos/soccer/500/375.png,2,2,0,0,0,0,0
soccer-704466,eng.1,2025,2024-12-29 15:00:00+00:00,SOU,CRY,1,2,https://a.espncdn.com/i/teamlogos/soccer/500/376.png,https://a.espncdn.com/i/teamlogos/soccer/500/384.png,1,3,0,1,1,0,0
soccer-704465,eng.1,2025,2024-12-29 15:00:00+00:00,NFO,EVE,2,0,https://a.espncdn.com/i/teamlogos/soccer/500/393.png,https://a.espncdn.com/i/teamlogos/soccer/500/368.png,2,2,0,0,0,0,0
soccer-704460,eng.1,2025,2024-12-29 15:00:00+00:00,BOU,FUL,2,2,https://a.espncdn.com/i/teamlogos/soccer/500/349.png,https://a.espncdn.com/i/teamlogos/soccer/500/370.png,0,4,0,0,1,1,0
soccer-704463,eng.1,2025,2024-12-29 15:00:00+00:00,WOL,TOT,2,2,https://a.espncdn.com/i/teamlogos/soccer/500/380.png,https://a.espncdn.com/i/teamlogos/soccer/500/367.png,0,4,0,1,1,1,0
soccer-704464,eng.1,2025,2024-12-29 17:15:00+00:00,LIV,WHU,5,0,https://a.espncdn.com/i/teamlogos/soccer/500/364.png,https://a.espncdn.com/i/teamlogos/soccer/500/371.png,5,5,0,0,0,1,0
soccer-704459,eng.1,2025,2024-12-30 19:45:00+00:00,BHA,AVL,2,2,https://a.espncdn.com/i/teamlogos/soccer/500/331.png,https://a.espncdn.com/i/teamlogos/soccer/500/362.png,0,4,0,1,1,1,0
soccer-704461,eng.1,2025,2024-12-30 19:45:00+00:00,CHE,IPS,0,2,https://a.espncdn.com/i/teamlogos/soccer/500/363.png,https://a.espncdn.com/i/teamlogos/soccer/500/373.png,2,2,0,0,0,0,0
soccer-704468,eng.1,2025,2024-12-30 20:00:00+00:00,NEW,MAN,2,0,https://a.espncdn.com/i/teamlogos/soccer/500/361.png,https://a.espncdn.com/i/teamlogos/soccer/500/360.png,2,2,0,0,0,0,0
soccer-704467,eng.1,2025,2025-01-01 17:30:00+00:00,ARS,BRE,3,1,https://a.espncdn.com/i/teamlogos/soccer/500/359.png,https://a.espncdn.com/i/teamlogos/soccer/500/337.png,2,4,0,1,1,0,0
soccer-704472,eng.1,2025,2025-01-04 12:30:00+00:00,NEW,TOT,2,1,https://a.espncdn.com/i/teamlogos/soccer/500/361.png,https://a.espncdn.com/i/teamlogos/soccer/500/367.png,1,3,0,1,1,0,0
soccer-704469,eng.1,2025,2025-01-04 15:00:00+00:00,EVE,BOU,0,1,https://a.espncdn.com/i/teamlogos/soccer/500/368.png,https://a.espncdn.com/i/teamlogos/soccer/500/349.png,1,1,0,0,0,0,0
soccer-704470,eng.1,2025,2025-01-04 15:00:00+00:00,LEI,AVL,1,2,https://a.espncdn.com/i/teamlogos/soccer/500/375.png,https://a.espncdn.com/i/teamlogos/soccer/500/362.png,1,3,0,0,0,0,0
soccer-704478,eng.1,2025,2025-01-04 15:00:00+00:00,CHE,CRY,1,1,https://a.espncdn.com/i/teamlogos/soccer/500/363.png,https://a.espncdn.com/i/teamlogos/soccer/500/384.png,0,2,0,0,1,1,0
soccer-704474,eng.1,2025,2025-01-04 15:00:00+00:00,WHU,MNC,1,4,https://a.espncdn.com/i/teamlogos/soccer/500/371.png,https://a.espncdn.com/i/teamlogos/soccer/500/382.png,3,5,0,0,0,0,0
soccer-704473,eng.1,2025,2025-01-04 15:00:00+00:00,BRE,SOU,5,0,https://a.espncdn.com/i/teamlogos/soccer/500/337.png,https://a.espncdn.com/i/teamlogos/soccer/500/376.png,5,5,0,0,0,1,0
soccer-704477,eng.1,2025,2025-01-04 17:30:00+00:00,ARS,BHA,1,1,https://a.espncdn.com/i/teamlogos/soccer/500/359.png,https://a.espncdn.com/i/teamlogos/soccer/500/331.png,0,2,0,0,1,0,0
soccer-704471,eng.1,2025,2025-01-05 14:00:00+00:00,IPS,FUL,2,2,https://a.espncdn.com/i/teamlogos/soccer/500/373.png,https://a.espncdn.com/i/teamlogos/soccer/500/370.png,0,4,0,0,1,1,0
soccer-704475,eng.1,2025,2025-01-05 16:30:00+00:00,MAN,LIV,2,2,https://a.espncdn.com/i/teamlogos/soccer/500/360.png,https://a.espncdn.com/i/teamlogos/soccer/500/364.png,0,4,0,1,1,1,0
soccer-704476,eng.1,2025,2025-01-06 20:00:00+00:00,NFO,WOL,3,0,https://a.espncdn.com/i/teamlogos/soccer/500/393.png,https://a.espncdn.com/i/teamlogos/soccer/500/380.png,3,3,0,0,0,1,0
soccer-704482,eng.1,2025,2025-01-14 19:30:00+00:00,MNC,BRE,2,2,https://a.espncdn.com/i/teamlogos/soccer/500/382.png,https://a.espncdn.com/i/teamlogos/soccer/500/337.png,0,4,0,0,1,1,0
soccer-704487,eng.1,2025,2025-01-14 19:30:00+00:00,BOU,CHE,2,2,https://a.espncdn.com/i/teamlogos/soccer/500/349.png,https://a.espncdn.com/i/teamlogos/soccer/500/363.png,0,4,0,1,1,1,0
soccer-704483,eng.1,2025,2025-01-14 19:30:00+00:00,FUL,WHU,2,3,https://a.espncdn.com/i/teamlogos/soccer/500/370.png,https://a.espncdn.com/i/teamlogos/soccer/500/371.png,1,5,0,0,0,0,0
soccer-704484,eng.1,2025,2025-01-14 20:00:00+00:00,LIV,NFO,1,1,https://a.espncdn.com/i/teamlogos/soccer/500/364.png,https://a.espncdn.com/i/teamlogos/soccer/500/393.png,0,2,0,0,1,0,0
soccer-704481,eng.1,2025,2025-01-15 19:30:00+00:00,AVL,EVE,1,0,https://a.espncdn.com/i/teamlogos/soccer/500/362.png,https://a.espncdn.com/i/teamlogos/soccer/500/368.png,1,1,0,0,0,0,0
soccer-704479,eng.1,2025,2025-01-15 19:30:00+00:00,CRY,LEI,2,0,https://a.espncdn.com/i/teamlogos/soccer/500/384.png,https://a.espncdn.com/i/teamlogos/soccer/500/375.png,2,2,0,0,0,0,0
soccer-704486,eng.1,2025,2025-01-15 19:30:00+00:00,WOL,NEW,0,3,https://a.espncdn.com/i/teamlogos/soccer/500/380.png,https://a.espncdn.com/i/teamlogos/soccer/500/361.png,3,3,0,0,0,0,0
soccer-704485,eng.1,2025,2025-01-15 20:00:00+00:00,TOT,ARS,1,2,https://a.espncdn.com/i/teamlogos/soccer/500/367.png,https://a.espncdn.com/i/teamlogos/soccer/500/359.png,1,3,0,1,1,0,0
soccer-704480,eng.1,2025,2025-01-16 19:30:00+00:00,BHA,IPS,2,0,https://a.espncdn.com/i/teamlogos/soccer/500/331.png,https://a.espncdn.com/i/teamlogos/soccer/500/373.png,2,2,0,0,0,1,0
soccer-704488,eng.1,2025,2025-01-16 20:00:00+00:00,SOU,MAN,1,3,https://a.espncdn.com/i/teamlogos/soccer/500/376.png,https://a.espncdn.com/i/teamlogos/soccer/500/360.png,2,4,0,1,1,1,0
soccer-704496,eng.1,2025,2025-01-18 12:30:00+00:00,BOU,NEW,4,1,https://a.espncdn.com/i/teamlogos/soccer/500/349.png,https://a.espncdn.com/i/teamlogos/soccer/500/361.png,3,5,0,0,0,1,0
soccer-704494,eng.1,2025,2025-01-18 15:00:00+00:00,LIV,BRE,2,0,https://a.espncdn.com/i/teamlogos/soccer/500/364.png,https://a.espncdn.com/i/teamlogos/soccer/500/337.png,2,2,0,0,0,1,0
soccer-704498,eng.1,2025,2025-01-18 15:00:00+00:00,FUL,LEI,2,0,https://a.espncdn.com/i/teamlogos/soccer/500/370.png,https://a.espncdn.com/i/teamlogos/soccer/500/375.png,2,2,0,0,0,0,0
soccer-704491,eng.1,2025,2025-01-18 15:00:00+00:00,CRY,WHU,2,0,https://a.espncdn.com/i/teamlogos/soccer/500/384.png,https://a.espncdn.com/i/teamlogos/soccer/500/371.png,2,2,1,0,0,1,0
soccer-704493,eng.1,2025,2025-01-18 17:30:00+00:00,AVL,ARS,2,2,https://a.espncdn.com/i/teamlogos/soccer/500/362.png,https://a.espncdn.com/i/teamlogos/soccer/500/359.png,0,4,0,0,1,0,0
soccer-704489,eng.1,2025,2025-01-19 14:00:00+00:00,TOT,EVE,2,3,https://a.espncdn.com/i/teamlogos/soccer/500/367.png,https://a.espncdn.com/i/teamlogos/soccer/500/368.png,1,5,0,0,0,1,0
soccer-704497,eng.1,2025,2025-01-19 14:00:00+00:00,BHA,MAN,3,1,https://a.espncdn.com/i/teamlogos/soccer/500/331.png,https://a.espncdn.com/i/teamlogos/soccer/500/360.png,2,4,0,0,0,0,0
soccer-704492,eng.1,2025,2025-01-19 14:00:00+00:00,SOU,NFO,2,3,https://a.espncdn.com/i/teamlogos/soccer/500/376.png,https://a.espncdn.com/i/teamlogos/soccer/500/393.png,1,5,0,0,0,1,0
soccer-704490,eng.1,2025,2025-01-19 16:30:00+00:00,MNC,IPS,6,0,https://a.espncdn.com/i/teamlogos/soccer/500/382.png,https://a.espncdn.com/i/teamlogos/soccer/500/373.png,6,6,0,0,0,0,0
soccer-704495,eng.1,2025,2025-01-20 20:00:00+00:00,WOL,CHE,1,3,https://a.espncdn.com/i/teamlogos/soccer/500/380.png,https://a.espncdn.com/i/teamlogos/soccer/500/363.png,2,4,0,0,0,0,0
soccer-704507,eng.1,2025,2025-01-25 15:00:00+00:00,NFO,BOU,0,5,https://a.espncdn.com/i/teamlogos/soccer/500/393.png,https://a.espncdn.com/i/teamlogos/soccer/500/349.png,5,5,0,0,0,1,0
soccer-704506,eng.1,2025,2025-01-25 15:00:00+00:00,EVE,BHA,1,0,https://a.espncdn.com/i/teamlogos/soccer/500/368.png,https://a.espncdn.com/i/teamlogos/soccer/500/331.png,1,1,0,0,0,0,0
soccer-704508,eng.1,2025,2025-01-25 15:00:00+00:00,IPS,LIV,1,4,https://a.espncdn.com/i/teamlogos/soccer/500/373.png,https://a.espncdn.com/i/teamlogos/soccer/500/364.png,3,5,0,0,0,1,0
soccer-704501,eng.1,2025,2025-01-25 15:00:00+00:00,NEW,SOU,3,1,https://a.espncdn.com/i/teamlogos/soccer/500/361.png,https://a.espncdn.com/i/teamlogos/soccer/500/376.png,2,4,0,1,1,0,0
soccer-704504,eng.1,2025,2025-01-25 15:00:00+00:00,ARS,WOL,1,0,https://a.espncdn.com/i/teamlogos/soccer/500/359.png,https://a.espncdn.com/i/teamlogos/soccer/500/380.png,1,1,2,0,0,0,0
soccer-704502,eng.1,2025,2025-01-25 17:30:00+00:00,CHE,MNC,1,3,https://a.espncdn.com/i/teamlogos/soccer/500/363.png,https://a.espncdn.com/i/teamlogos/soccer/500/382.png,2,4,0,1,1,1,0
soccer-704505,eng.1,2025,2025-01-26 14:00:00+00:00,BRE,CRY,2,1,https://a.espncdn.com/i/teamlogos/soccer/500/337.png,https://a.espncdn.com/i/teamlogos/soccer/500/384.png,1,3,0,0,0,1,0
soccer-704500,eng.1,2025,2025-01-26 14:00:00+00:00,LEI,TOT,2,1,https://a.espncdn.com/i/teamlogos/soccer/500/375.png,https://a.espncdn.com/i/teamlogos/soccer/500/367.png,1,3,0,1,1,0,0
soccer-704499,eng.1,2025,2025-01-26 16:30:00+00:00,WHU,AVL,1,1,https://a.espncdn.com/i/teamlogos/soccer/500/371.png,https://a.espncdn.com/i/teamlogos/soccer/500/362.png,0,2,0,0,1,0,0
soccer-704503,eng.1,2025,2025-01-26 19:00:00+00:00,MAN,FUL,1,0,https://a.espncdn.com/i/teamlogos/soccer/500/360.png,https://a.espncdn.com/i/teamlogos/soccer/500/370.png,1,1,0,0,0,0,0
soccer-704518,eng.1,2025,2025-02-01 12:30:00+00:00,BHA,NFO,0,7,https://a.espncdn.com/i/teamlogos/soccer/500/331.png,https://a.espncdn.com/i/teamlogos/soccer/500/393.png,7,7,0,0,0,1,0
soccer-704511,eng.1,2025,2025-02-01 15:00:00+00:00,LIV,BOU,2,0,https://a.espncdn.com/i/teamlogos/soccer/500/364.png,https://a.espncdn.com/i/teamlogos/soccer/500/349.png,2,2,0,0,0,0,0
soccer-704509,eng.1,2025,2025-02-01 15:00:00+00:00,LEI,EVE,0,4,https://a.espncdn.com/i/teamlogos/soccer/500/375.png,https://a.espncdn.com/i/teamlogos/soccer/500/368.png,4,4,0,0,0,1,0
soccer-704510,eng.1,2025,2025-02-01 15:00:00+00:00,SOU,IPS,2,1,https://a.espncdn.com/i/teamlogos/soccer/500/376.png,https://a.espncdn.com/i/teamlogos/soccer/500/373.png,1,3,0,0,0,1,0
soccer-704517,eng.1,2025,2025-02-01 15:00:00+00:00,FUL,NEW,2,1,https://a.espncdn.com/i/teamlogos/soccer/500/370.png,https://a.espncdn.com/i/teamlogos/soccer/500/361.png,1,3,0,1,1,1,0
soccer-704514,eng.1,2025,2025-02-01 17:30:00+00:00,AVL,WOL,0,2,https://a.espncdn.com/i/teamlogos/soccer/500/362.png,https://a.espncdn.com/i/teamlogos/soccer/500/380.png,2,2,0,0,0,1,0
soccer-704512,eng.1,2025,2025-02-02 14:00:00+00:00,TOT,BRE,2,0,https://a.espncdn.com/i/teamlogos/soccer/500/367.png,https://a.espncdn.com/i/teamlogos/soccer/500/337.png,2,2,0,0,0,1,0
soccer-704516,eng.1,2025,2025-02-02 14:00:00+00:00,CRY,MAN,2,0,https://a.espncdn.com/i/teamlogos/soccer/500/384.png,https://a.espncdn.com/i/teamlogos/soccer/500/360.png,2,2,0,0,0,1,0
soccer-704515,eng.1,2025,2025-02-02 16:30:00+00:00,MNC,ARS,1,5,https://a.espncdn.com/i/teamlogos/soccer/500/382.png,https://a.espncdn.com/i/teamlogos/soccer/500/359.png,4,6,0,0,0,1,0
soccer-704513,eng.1,2025,2025-02-03 20:00:00+00:00,WHU,CHE,1,2,https://a.espncdn.com/i/teamlogos/soccer/500/371.png,https://a.espncdn.com/i/teamlogos/soccer/500/363.png,1,3,0,1,1,0,0
soccer-704425,eng.1,2025,2025-02-12 19:30:00+00:00,LIV,EVE,2,2,https://a.espncdn.com/i/teamlogos/soccer/500/364.png,https://a.espncdn.com/i/teamlogos/soccer/500/368.png,0,4,3,1,1,1,0
soccer-704526,eng.1,2025,2025-02-14 20:00:00+00:00,CHE,BHA,0,3,https://a.espncdn.com/i/teamlogos/soccer/500/363.png,https://a.espncdn.com/i/teamlogos/soccer/500/331.png,3,3,0,0,0,0,0
soccer-704520,eng.1,2025,2025-02-15 12:30:00+00:00,ARS,LEI,2,0,https://a.espncdn.com/i/teamlogos/soccer/500/359.png,https://a.espncdn.com/i/teamlogos/soccer/500/375.png,2,2,0,0,0,1,0
soccer-704527,eng.1,2025,2025-02-15 15:00:00+00:00,IPS,AVL,1,1,https://a.espncdn.com/i/teamlogos/soccer/500/373.png,https://a.espncdn.com/i/teamlogos/soccer/500/362.png,0,2,1,0,1,0,0
soccer-704519,eng.1,2025,2025-02-15 15:00:00+00:00,NFO,FUL,1,2,https://a.espncdn.com/i/teamlogos/soccer/500/393.png,https://a.espncdn.com/i/teamlogos/soccer/500/370.png,1,3,0,0,0,0,0
soccer-704522,eng.1,2025,2025-02-15 15:00:00+00:00,NEW,MNC,0,4,https://a.espncdn.com/i/teamlogos/soccer/500/361.png,https://a.espncdn.com/i/teamlogos/soccer/500/382.png,4,4,0,0,0,1,0
soccer-704528,eng.1,2025,2025-02-15 15:00:00+00:00,BOU,SOU,3,1,https://a.espncdn.com/i/teamlogos/soccer/500/349.png,https://a.espncdn.com/i/teamlogos/soccer/500/376.png,2,4,0,0,0,1,0
soccer-704523,eng.1,2025,2025-02-15 15:00:00+00:00,BRE,WHU,1,0,https://a.espncdn.com/i/teamlogos/soccer/500/337.png,https://a.espncdn.com/i/teamlogos/soccer/500/371.png,1,1,0,0,0,0,0
soccer-704525,eng.1,2025,2025-02-15 17:30:00+00:00,EVE,CRY,2,1,https://a.espncdn.com/i/teamlogos/soccer/500/368.png,https://a.espncdn.com/i/teamlogos/soccer/500/384.png,1,3,0,0,0,1,0
soccer-704521,eng.1,2025,2025-02-16 14:00:00+00:00,WOL,LIV,1,2,https://a.espncdn.com/i/teamlogos/soccer/500/380.png,https://a.espncdn.com/i/teamlogos/soccer/500/364.png,1,3,0,0,0,0,0
soccer-704524,eng.1,2025,2025-02-16 16:30:00+00:00,MAN,TOT,0,1,https://a.espncdn.com/i/teamlogos/soccer/500/360.png,https://a.espncdn.com/i/teamlogos/soccer/500/367.png,1,1,0,0,0,0,0
soccer-704567,eng.1,2025,2025-02-19 19:30:00+00:00,LIV,AVL,2,2,https://a.espncdn.com/i/teamlogos/soccer/500/364.png,https://a.espncdn.com/i/teamlogos/soccer/500/362.png,0,4,0,1,1,0,0
soccer-704535,eng.1,2025,2025-02-21 20:00:00+00:00,BRE,LEI,4,0,https://a.espncdn.com/i/teamlogos/soccer/500/337.png,https://a.espncdn.com/i/teamlogos/soccer/500/375.png,4,4,0,0,0,1,0
soccer-704530,eng.1,2025,2025-02-22 12:30:00+00:00,MAN,EVE,2,2,https://a.espncdn.com/i/teamlogos/soccer/500/360.png,https://a.espncdn.com/i/teamlogos/soccer/500/368.png,0,4,0,0,1,1,0
soccer-704529,eng.1,2025,2025-02-22 15:00:00+00:00,WOL,BOU,1,0,https://a.espncdn.com/i/teamlogos/soccer/500/380.png,https://a.espncdn.com/i/teamlogos/soccer/500/349.png,1,1,1,0,0,0,0
soccer-704538,eng.1,2025,2025-02-22 15:00:00+00:00,WHU,ARS,1,0,https://a.espncdn.com/i/teamlogos/soccer/500/371.png,https://a.espncdn.com/i/teamlogos/soccer/500/359.png,1,1,1,0,0,0,0
soccer-704531,eng.1,2025,2025-02-22 15:00:00+00:00,CRY,FUL,2,0,https://a.espncdn.com/i/teamlogos/soccer/500/384.png,https://a.espncdn.com/i/teamlogos/soccer/500/370.png,2,2,0,0,0,0,0
soccer-704532,eng.1,2025,2025-02-22 15:00:00+00:00,TOT,IPS,4,1,https://a.espncdn.com/i/teamlogos/soccer/500/367.png,https://a.espncdn.com/i/teamlogos/soccer/500/373.png,3,5,0,0,0,1,0
soccer-704536,eng.1,2025,2025-02-22 15:00:00+00:00,BHA,SOU,4,0,https://a.espncdn.com/i/teamlogos/soccer/500/331.png,https://a.espncdn.com/i/teamlogos/soccer/500/376.png,4,4,0,0,0,1,0
soccer-704537,eng.1,2025,2025-02-22 17:30:00+00:00,CHE,AVL,1,2,https://a.espncdn.com/i/teamlogos/soccer/500/363.png,https://a.espncdn.com/i/teamlogos/soccer/500/362.png,1,3,0,1,1,1,0
soccer-704533,eng.1,2025,2025-02-23 14:00:00+00:00,NFO,NEW,3,4,https://a.espncdn.com/i/teamlogos/soccer/500/393.png,https://a.espncdn.com/i/teamlogos/soccer/500/361.png,1,7,0,1,1,1,0
soccer-704534,eng.1,2025,2025-02-23 16:30:00+00:00,LIV,MNC,2,0,https://a.espncdn.com/i/teamlogos/soccer/500/364.png,https://a.espncdn.com/i/teamlogos/soccer/500/382.png,2,2,0,0,0,0,0
soccer-704542,eng.1,2025,2025-02-25 19:30:00+00:00,BOU,BHA,1,2,https://a.espncdn.com/i/teamlogos/soccer/500/349.png,https://a.espncdn.com/i/teamlogos/soccer/500/331.png,1,3,0,0,0,0,0
soccer-704544,eng.1,2025,2025-02-25 19:30:00+00:00,AVL,CRY,1,4,https://a.espncdn.com/i/teamlogos/soccer/500/362.png,https://a.espncdn.com/i/teamlogos/soccer/500/384.png,3,5,0,0,0,1,0
soccer-704539,eng.1,2025,2025-02-25 19:30:00+00:00,FUL,WOL,2,1,https://a.espncdn.com/i/teamlogos/soccer/500/370.png,https://a.espncdn.com/i/teamlogos/soccer/500/380.png,1,3,0,0,0,0,0
soccer-704547,eng.1,2025,2025-02-25 20:15:00+00:00,SOU,CHE,0,4,https://a.espncdn.com/i/teamlogos/soccer/500/376.png,https://a.espncdn.com/i/teamlogos/soccer/500/363.png,4,4,0,0,0,0,0
soccer-704545,eng.1,2025,2025-02-26 19:30:00+00:00,EVE,BRE,1,1,https://a.espncdn.com/i/teamlogos/soccer/500/368.png,https://a.espncdn.com/i/teamlogos/soccer/500/337.png,0,2,0,0,1,0,0
soccer-704546,eng.1,2025,2025-02-26 19:30:00+00:00,IPS,MAN,2,3,https://a.espncdn.com/i/teamlogos/soccer/500/373.png,https://a.espncdn.com/i/teamlogos/soccer/500/360.png,1,5,1,1,1,0,0
soccer-704541,eng.1,2025,2025-02-26 19:30:00+00:00,ARS,NFO,0,0,https://a.espncdn.com/i/teamlogos/soccer/500/359.png,https://a.espncdn.com/i/teamlogos/soccer/500/393.png,0,0,0,0,0,0,0
soccer-704540,eng.1,2025,2025-02-26 19:30:00+00:00,MNC,TOT,1,0,https://a.espncdn.com/i/teamlogos/soccer/500/382.png,https://a.espncdn.com/i/teamlogos/soccer/500/367.png,1,1,0,0,0,0,0
soccer-704548,eng.1,2025,2025-02-26 20:15:00+00:00,NEW,LIV,0,2,https://a.espncdn.com/i/teamlogos/soccer/500/361.png,https://a.espncdn.com/i/teamlogos/soccer/500/364.png,2,2,0,0,0,0,0
soccer-704543,eng.1,2025,2025-02-27 20:00:00+00:00,LEI,WHU,0,2,https://a.espncdn.com/i/teamlogos/soccer/500/375.png,https://a.espncdn.com/i/teamlogos/soccer/500/371.png,2,2,0,0,0,0,0
soccer-704554,eng.1,2025,2025-03-08 12:30:00+00:00,MNC,NFO,0,1,https://a.espncdn.com/i/teamlogos/soccer/500/382.png,https://a.espncdn.com/i/teamlogos/soccer/500/393.png,1,1,0,0,0,1,0
soccer-704550,eng.1,2025,2025-03-08 15:00:00+00:00,FUL,BHA,1,2,https://a.espncdn.com/i/teamlogos/soccer/500/370.png,https://a.espncdn.com/i/teamlogos/soccer/500/331.png,1,3,0,1,1,1,0
soccer-704557,eng.1,2025,2025-03-08 15:00:00+00:00,IPS,CRY,0,1,https://a.espncdn.com/i/teamlogos/soccer/500/373.png,https://a.espncdn.com/i/teamlogos/soccer/500/384.png,1,1,0,0,0,1,0
soccer-704556,eng.1,2025,2025-03-08 15:00:00+00:00,SOU,LIV,1,3,https://a.espncdn.com/i/teamlogos/soccer/500/376.png,https://a.espncdn.com/i/teamlogos/soccer/500/364.png,2,4,0,1,1,1,0
soccer-704549,eng.1,2025,2025-03-08 17:30:00+00:00,AVL,BRE,1,0,https://a.espncdn.com/i/teamlogos/soccer/500/362.png,https://a.espncdn.com/i/teamlogos/soccer/500/337.png,1,1,0,0,0,0,0
soccer-704551,eng.1,2025,2025-03-08 20:00:00+00:00,EVE,WOL,1,1,https://a.espncdn.com/i/teamlogos/soccer/500/368.png,https://a.espncdn.com/i/teamlogos/soccer/500/380.png,0,2,0,0,1,0,0
soccer-704553,eng.1,2025,2025-03-09 14:00:00+00:00,LEI,CHE,0,1,https://a.espncdn.com/i/teamlogos/soccer/500/375.png,https://a.espncdn.com/i/teamlogos/soccer/500/363.png,1,1,0,0,0,0,0
soccer-704558,eng.1,2025,2025-03-09 14:00:00+00:00,BOU,TOT,2,2,https://a.espncdn.com/i/teamlogos/soccer/500/349.png,https://a.espncdn.com/i/teamlogos/soccer/500/367.png,0,4,0,0,1,1,0
soccer-704555,eng.1,2025,2025-03-09 16:30:00+00:00,ARS,MAN,1,1,https://a.espncdn.com/i/teamlogos/soccer/500/359.png,https://a.espncdn.com/i/teamlogos/soccer/500/360.png,0,2,0,0,1,0,0
soccer-704552,eng.1,2025,2025-03-10 20:00:00+00:00,NEW,WHU,1,0,https://a.espncdn.com/i/teamlogos/soccer/500/361.png,https://a.espncdn.com/i/teamlogos/soccer/500/371.png,1,1,0,0,0,0,0
soccer-704565,eng.1,2025,2025-03-15 15:00:00+00:00,WHU,EVE,1,1,https://a.espncdn.com/i/teamlogos/soccer/500/371.png,https://a.espncdn.com/i/teamlogos/soccer/500/368.png,0,2,0,0,1,1,0
soccer-704568,eng.1,2025,2025-03-15 15:00:00+00:00,NFO,IPS,4,2,https://a.espncdn.com/i/teamlogos/soccer/500/393.png,https://a.espncdn.com/i/teamlogos/soccer/500/373.png,2,6,0,0,0,1,0
soccer-704561,eng.1,2025,2025-03-15 15:00:00+00:00,BHA,MNC,2,2,https://a.espncdn.com/i/teamlogos/soccer/500/331.png,https://a.espncdn.com/i/teamlogos/soccer/500/382.png,0,4,0,0,1,0,0
soccer-704563,eng.1,2025,2025-03-15 15:00:00+00:00,WOL,SOU,2,1,https://a.espncdn.com/i/teamlogos/soccer/500/380.png,https://a.espncdn.com/i/teamlogos/soccer/500/376.png,1,3,0,0,0,0,0
soccer-704566,eng.1,2025,2025-03-15 17:30:00+00:00,BRE,BOU,2,1,https://a.espncdn.com/i/teamlogos/soccer/500/337.png,https://a.espncdn.com/i/teamlogos/soccer/500/349.png,1,3,0,1,1,0,0
soccer-704559,eng.1,2025,2025-03-16 13:30:00+00:00,CHE,ARS,0,1,https://a.espncdn.com/i/teamlogos/soccer/500/363.png,https://a.espncdn.com/i/teamlogos/soccer/500/359.png,1,1,0,0,0,0,0
soccer-704564,eng.1,2025,2025-03-16 13:30:00+00:00,TOT,FUL,0,2,https://a.espncdn.com/i/teamlogos/soccer/500/367.png,https://a.espncdn.com/i/teamlogos/soccer/500/370.png,2,2,0,0,0,1,0
soccer-704562,eng.1,2025,2025-03-16 19:00:00+00:00,MAN,LEI,3,0,https://a.espncdn.com/i/teamlogos/soccer/500/360.png,https://a.espncdn.com/i/teamlogos/soccer/500/375.png,3,3,0,0,0,1,0
soccer-704572,eng.1,2025,2025-04-01 18:45:00+00:00,FUL,ARS,1,2,https://a.espncdn.com/i/teamlogos/soccer/500/370.png,https://a.espncdn.com/i/teamlogos/soccer/500/359.png,1,3,0,0,0,1,0
soccer-704573,eng.1,2025,2025-04-01 18:45:00+00:00,WHU,WOL,0,1,https://a.espncdn.com/i/teamlogos/soccer/500/371.png,https://a.espncdn.com/i/teamlogos/soccer/500/380.png,1,1,0,0,0,0,0
soccer-704569,eng.1,2025,2025-04-01 19:00:00+00:00,MAN,NFO,0,1,https://a.espncdn.com/i/teamlogos/soccer/500/360.png,https://a.espncdn.com/i/teamlogos/soccer/500/393.png,1,1,0,0,0,0,0
soccer-704570,eng.1,2025,2025-04-02 18:45:00+00:00,IPS,BOU,2,1,https://a.espncdn.com/i/teamlogos/soccer/500/373.png,https://a.espncdn.com/i/teamlogos/soccer/500/349.png,1,3,0,0,0,0,0
soccer-704571,eng.1,2025,2025-04-02 18:45:00+00:00,AVL,BHA,3,0,https://a.espncdn.com/i/teamlogos/soccer/500/362.png,https://a.espncdn.com/i/teamlogos/soccer/500/331.png,3,3,0,0,0,1,0
soccer-704574,eng.1,2025,2025-04-02 18:45:00+00:00,LEI,MNC,0,2,https://a.espncdn.com/i/teamlogos/soccer/500/375.png,https://a.espncdn.com/i/teamlogos/soccer/500/382.png,2,2,0,0,0,0,0
soccer-704578,eng.1,2025,2025-04-02 18:45:00+00:00,BRE,NEW,1,2,https://a.espncdn.com/i/teamlogos/soccer/500/337.png,https://a.espncdn.com/i/teamlogos/soccer/500/361.png,1,3,0,0,0,0,0
soccer-704577,eng.1,2025,2025-04-02 18:45:00+00:00,CRY,SOU,1,1,https://a.espncdn.com/i/teamlogos/soccer/500/384.png,https://a.espncdn.com/i/teamlogos/soccer/500/376.png,0,2,0,0,1,1,0
soccer-704575,eng.1,2025,2025-04-02 19:00:00+00:00,EVE,LIV,0,1,https://a.espncdn.com/i/teamlogos/soccer/500/368.png,https://a.espncdn.com/i/teamlogos/soccer/500/364.png,1,1,0,0,0,0,0
soccer-704576,eng.1,2025,2025-04-03 19:00:00+00:00,TOT,CHE,0,1,https://a.espncdn.com/i/teamlogos/soccer/500/367.png,https://a.espncdn.com/i/teamlogos/soccer/500/363.png,1,1,0,0,0,0,0
soccer-704584,eng.1,2025,2025-04-05 11:30:00+00:00,ARS,EVE,1,1,https://a.espncdn.com/i/teamlogos/soccer/500/359.png,https://a.espncdn.com/i/teamlogos/soccer/500/368.png,0,2,0,0,1,0,0
soccer-704583,eng.1,2025,2025-04-05 14:00:00+00:00,BHA,CRY,1,2,https://a.espncdn.com/i/teamlogos/soccer/500/331.png,https://a.espncdn.com/i/teamlogos/soccer/500/384.png,1,3,3,0,0,0,0
soccer-704585,eng.1,2025,2025-04-05 14:00:00+00:00,WOL,IPS,2,1,https://a.espncdn.com/i/teamlogos/soccer/500/380.png,https://a.espncdn.com/i/teamlogos/soccer/500/373.png,1,3,0,1,1,1,0
soccer-704582,eng.1,2025,2025-04-05 14:00:00+00:00,BOU,WHU,2,2,https://a.espncdn.com/i/teamlogos/soccer/500/349.png,https://a.espncdn.com/i/teamlogos/soccer/500/371.png,0,4,0,1,1,0,0
soccer-704580,eng.1,2025,2025-04-05 16:30:00+00:00,NFO,AVL,1,2,https://a.espncdn.com/i/teamlogos/soccer/500/393.png,https://a.espncdn.com/i/teamlogos/soccer/500/362.png,1,3,0,0,0,0,0
soccer-704579,eng.1,2025,2025-04-06 13:00:00+00:00,CHE,BRE,0,0,https://a.espncdn.com/i/teamlogos/soccer/500/363.png,https://a.espncdn.com/i/teamlogos/soccer/500/337.png,0,0,0,0,0,0,0
soccer-704586,eng.1,2025,2025-04-06 13:00:00+00:00,LIV,FUL,2,3,https://a.espncdn.com/i/teamlogos/soccer/500/364.png,https://a.espncdn.com/i/teamlogos/soccer/500/370.png,1,5,0,1,1,0,0
soccer-704587,eng.1,2025,2025-04-06 13:00:00+00:00,SOU,TOT,1,3,https://a.espncdn.com/i/teamlogos/soccer/500/376.png,https://a.espncdn.com/i/teamlogos/soccer/500/367.png,2,4,0,0,0,1,0
soccer-704581,eng.1,2025,2025-04-06 15:30:00+00:00,MNC,MAN,0,0,https://a.espncdn.com/i/teamlogos/soccer/500/382.png,https://a.espncdn.com/i/teamlogos/soccer/500/360.png,0,0,0,0,0,0,0
soccer-704588,eng.1,2025,2025-04-07 19:00:00+00:00,NEW,LEI,3,0,https://a.espncdn.com/i/teamlogos/soccer/500/361.png,https://a.espncdn.com/i/teamlogos/soccer/500/375.png,3,3,0,0,0,0,0
soccer-704591,eng.1,2025,2025-04-12 11:30:00+00:00,CRY,MNC,2,5,https://a.espncdn.com/i/teamlogos/soccer/500/384.png,https://a.espncdn.com/i/teamlogos/soccer/500/382.png,3,7,0,1,1,0,0
soccer-704597,eng.1,2025,2025-04-12 14:00:00+00:00,LEI,BHA,2,2,https://a.espncdn.com/i/teamlogos/soccer/500/375.png,https://a.espncdn.com/i/teamlogos/soccer/500/331.png,0,4,0,0,1,0,0
soccer-704589,eng.1,2025,2025-04-12 14:00:00+00:00,EVE,NFO,1,0,https://a.espncdn.com/i/teamlogos/soccer/500/368.png,https://a.espncdn.com/i/teamlogos/soccer/500/393.png,1,1,0,0,0,1,0
soccer-704592,eng.1,2025,2025-04-12 14:00:00+00:00,AVL,SOU,3,0,https://a.espncdn.com/i/teamlogos/soccer/500/362.png,https://a.espncdn.com/i/teamlogos/soccer/500/376.png,3,3,0,0,0,1,0
soccer-704595,eng.1,2025,2025-04-12 16:30:00+00:00,BRE,ARS,1,1,https://a.espncdn.com/i/teamlogos/soccer/500/337.png,https://a.espncdn.com/i/teamlogos/soccer/500/359.png,0,2,0,0,1,0,0
soccer-704598,eng.1,2025,2025-04-13 13:00:00+00:00,IPS,CHE,2,2,https://a.espncdn.com/i/teamlogos/soccer/500/373.png,https://a.espncdn.com/i/teamlogos/soccer/500/363.png,0,4,0,0,1,0,0
soccer-704594,eng.1,2025,2025-04-13 13:00:00+00:00,WHU,LIV,1,2,https://a.espncdn.com/i/teamlogos/soccer/500/371.png,https://a.espncdn.com/i/teamlogos/soccer/500/364.png,1,3,0,0,0,1,0
soccer-704593,eng.1,2025,2025-04-13 13:00:00+00:00,TOT,WOL,2,4,https://a.espncdn.com/i/teamlogos/soccer/500/367.png,https://a.espncdn.com/i/teamlogos/soccer/500/380.png,2,6,0,0,0,1,0
soccer-704590,eng.1,2025,2025-04-13 15:30:00+00:00,MAN,NEW,1,4,https://a.espncdn.com/i/teamlogos/soccer/500/360.png,https://a.espncdn.com/i/teamlogos/soccer/500/361.png,3,5,0,0,0,0,0
soccer-704596,eng.1,2025,2025-04-14 19:00:00+00:00,FUL,BOU,0,1,https://a.espncdn.com/i/teamlogos/soccer/500/370.png,https://a.espncdn.com/i/teamlogos/soccer/500/349.png,1,1,0,0,0,0,0
soccer-704560,eng.1,2025,2025-04-16 18:30:00+00:00,CRY,NEW,0,5,https://a.espncdn.com/i/teamlogos/soccer/500/384.png,https://a.espncdn.com/i/teamlogos/soccer/500/361.png,5,5,0,0,0,0,0
soccer-704607,eng.1,2025,2025-04-19 14:00:00+00:00,BHA,BRE,2,4,https://a.espncdn.com/i/teamlogos/soccer/500/331.png,https://a.espncdn.com/i/teamlogos/soccer/500/337.png,2,6,1,0,0,1,0
soccer-704605,eng.1,2025,2025-04-19 14:00:00+00:00,BOU,CRY,0,0,https://a.espncdn.com/i/teamlogos/soccer/500/349.png,https://a.espncdn.com/i/teamlogos/soccer/500/384.png,0,0,1,0,0,0,0
soccer-704604,eng.1,2025,2025-04-19 14:00:00+00:00,MNC,EVE,2,0,https://a.espncdn.com/i/teamlogos/soccer/500/382.png,https://a.espncdn.com/i/teamlogos/soccer/500/368.png,2,2,0,0,0,1,0
soccer-704603,eng.1,2025,2025-04-19 14:00:00+00:00,SOU,WHU,1,1,https://a.espncdn.com/i/teamlogos/soccer/500/376.png,https://a.espncdn.com/i/teamlogos/soccer/500/371.png,0,2,0,0,1,1,0
soccer-704606,eng.1,2025,2025-04-19 16:30:00+00:00,NEW,AVL,1,4,https://a.espncdn.com/i/teamlogos/soccer/500/361.png,https://a.espncdn.com/i/teamlogos/soccer/500/362.png,3,5,0,0,0,0,0
soccer-704608,eng.1,2025,2025-04-20 13:00:00+00:00,CHE,FUL,2,1,https://a.espncdn.com/i/teamlogos/soccer/500/363.png,https://a.espncdn.com/i/teamlogos/soccer/500/370.png,1,3,0,1,1,1,0
soccer-704602,eng.1,2025,2025-04-20 13:00:00+00:00,ARS,IPS,4,0,https://a.espncdn.com/i/teamlogos/soccer/500/359.png,https://a.espncdn.com/i/teamlogos/soccer/500/373.png,4,4,1,0,0,1,0
soccer-704600,eng.1,2025,2025-04-20 13:00:00+00:00,WOL,MAN,1,0,https://a.espncdn.com/i/teamlogos/soccer/500/380.png,https://a.espncdn.com/i/teamlogos/soccer/500/360.png,1,1,0,0,0,0,0
soccer-704601,eng.1,2025,2025-04-20 15:30:00+00:00,LIV,LEI,1,0,https://a.espncdn.com/i/teamlogos/soccer/500/364.png,https://a.espncdn.com/i/teamlogos/soccer/500/375.png,1,1,0,0,0,0,0
soccer-704599,eng.1,2025,2025-04-21 19:00:00+00:00,NFO,TOT,2,1,https://a.espncdn.com/i/teamlogos/soccer/500/393.png,https://a.espncdn.com/i/teamlogos/soccer/500/367.png,1,3,0,0,0,1,0
soccer-704615,eng.1,2025,2025-04-22 19:00:00+00:00,AVL,MNC,1,2,https://a.espncdn.com/i/teamlogos/soccer/500/362.png,https://a.espncdn.com/i/teamlogos/soccer/500/382.png,1,3,0,0,0,1,0
soccer-704618,eng.1,2025,2025-04-23 19:00:00+00:00,CRY,ARS,2,2,https://a.espncdn.com/i/teamlogos/soccer/500/384.png,https://a.espncdn.com/i/teamlogos/soccer/500/359.png,0,4,0,0,1,1,0
soccer-704611,eng.1,2025,2025-04-26 11:30:00+00:00,EVE,CHE,0,1,https://a.espncdn.com/i/teamlogos/soccer/500/368.png,https://a.espncdn.com/i/teamlogos/soccer/500/363.png,1,1,0,0,0,0,0
soccer-704610,eng.1,2025,2025-04-26 14:00:00+00:00,WHU,BHA,2,3,https://a.espncdn.com/i/teamlogos/soccer/500/371.png,https://a.espncdn.com/i/teamlogos/soccer/500/331.png,1,5,0,2,1,1,0
soccer-704614,eng.1,2025,2025-04-26 14:00:00+00:00,IPS,NEW,0,3,https://a.espncdn.com/i/teamlogos/soccer/500/373.png,https://a.espncdn.com/i/teamlogos/soccer/500/361.png,3,3,1,0,0,1,0
soccer-704612,eng.1,2025,2025-04-26 14:00:00+00:00,FUL,SOU,2,1,https://a.espncdn.com/i/teamlogos/soccer/500/370.png,https://a.espncdn.com/i/teamlogos/soccer/500/376.png,1,3,0,1,1,1,0
soccer-704613,eng.1,2025,2025-04-26 14:00:00+00:00,LEI,WOL,0,3,https://a.espncdn.com/i/teamlogos/soccer/500/375.png,https://a.espncdn.com/i/teamlogos/soccer/500/380.png,3,3,0,0,0,1,0
soccer-704609,eng.1,2025,2025-04-27 13:00:00+00:00,MAN,BOU,1,1,https://a.espncdn.com/i/teamlogos/soccer/500/360.png,https://a.espncdn.com/i/teamlogos/soccer/500/349.png,0,2,1,0,1,1,0
soccer-704617,eng.1,2025,2025-04-27 15:30:00+00:00,TOT,LIV,1,5,https://a.espncdn.com/i/teamlogos/soccer/500/367.png,https://a.espncdn.com/i/teamlogos/soccer/500/364.png,4,6,0,1,1,0,0
soccer-704616,eng.1,2025,2025-05-01 18:30:00+00:00,BRE,NFO,2,0,https://a.espncdn.com/i/teamlogos/soccer/500/337.png,https://a.espncdn.com/i/teamlogos/soccer/500/393.png,2,2,0,0,0,0,0
soccer-704627,eng.1,2025,2025-05-02 19:00:00+00:00,WOL,MNC,0,1,https://a.espncdn.com/i/teamlogos/soccer/500/380.png,https://a.espncdn.com/i/teamlogos/soccer/500/382.png,1,1,0,0,0,0,0
soccer-704620,eng.1,2025,2025-05-03 11:30:00+00:00,FUL,AVL,0,1,https://a.espncdn.com/i/teamlogos/soccer/500/370.png,https://a.espncdn.com/i/teamlogos/soccer/500/362.png,1,1,0,0,0,0,0
soccer-704625,eng.1,2025,2025-05-03 14:00:00+00:00,IPS,EVE,2,2,https://a.espncdn.com/i/teamlogos/soccer/500/373.png,https://a.espncdn.com/i/teamlogos/soccer/500/368.png,0,4,0,0,1,0,0
soccer-704626,eng.1,2025,2025-05-03 14:00:00+00:00,SOU,LEI,0,2,https://a.espncdn.com/i/teamlogos/soccer/500/376.png,https://a.espncdn.com/i/teamlogos/soccer/500/375.png,2,2,0,0,0,0,0
soccer-704619,eng.1,2025,2025-05-03 16:30:00+00:00,BOU,ARS,2,1,https://a.espncdn.com/i/teamlogos/soccer/500/349.png,https://a.espncdn.com/i/teamlogos/soccer/500/359.png,1,3,0,1,1,0,0
soccer-704621,eng.1,2025,2025-05-04 13:00:00+00:00,MAN,BRE,3,4,https://a.espncdn.com/i/teamlogos/soccer/500/360.png,https://a.espncdn.com/i/teamlogos/soccer/500/337.png,1,7,0,1,1,1,0
soccer-704622,eng.1,2025,2025-05-04 13:00:00+00:00,NEW,BHA,1,1,https://a.espncdn.com/i/teamlogos/soccer/500/361.png,https://a.espncdn.com/i/teamlogos/soccer/500/331.png,0,2,0,0,1,1,0
soccer-704628,eng.1,2025,2025-05-04 13:00:00+00:00,TOT,WHU,1,1,https://a.espncdn.com/i/teamlogos/soccer/500/367.png,https://a.espncdn.com/i/teamlogos/soccer/500/371.png,0,2,0,0,1,0,0
soccer-704623,eng.1,2025,2025-05-04 15:30:00+00:00,LIV,CHE,1,3,https://a.espncdn.com/i/teamlogos/soccer/500/364.png,https://a.espncdn.com/i/teamlogos/soccer/500/363.png,2,4,0,0,0,1,0
soccer-704624,eng.1,2025,2025-05-05 19:00:00+00:00,NFO,CRY,1,1,https://a.espncdn.com/i/teamlogos/soccer/500/393.png,https://a.espncdn.com/i/teamlogos/soccer/500/384.png,0,2,0,0,1,0,0
soccer-704630,eng.1,2025,2025-05-10 14:00:00+00:00,EVE,FUL,3,1,https://a.espncdn.com/i/teamlogos/soccer/500/368.png,https://a.espncdn.com/i/teamlogos/soccer/500/370.png,2,4,0,1,1,0,0
soccer-704631,eng.1,2025,2025-05-10 14:00:00+00:00,BRE,IPS,1,0,https://a.espncdn.com/i/teamlogos/soccer/500/337.png,https://a.espncdn.com/i/teamlogos/soccer/500/373.png,1,1,0,0,0,0,0
soccer-704636,eng.1,2025,2025-05-10 14:00:00+00:00,MNC,SOU,0,0,https://a.espncdn.com/i/teamlogos/soccer/500/382.png,https://a.espncdn.com/i/teamlogos/soccer/500/376.png,0,0,0,0,0,0,0
soccer-704638,eng.1,2025,2025-05-10 14:00:00+00:00,BHA,WOL,2,0,https://a.espncdn.com/i/teamlogos/soccer/500/331.png,https://a.espncdn.com/i/teamlogos/soccer/500/380.png,2,2,0,0,0,1,0
soccer-704629,eng.1,2025,2025-05-10 16:30:00+00:00,AVL,BOU,1,0,https://a.espncdn.com/i/teamlogos/soccer/500/362.png,https://a.espncdn.com/i/teamlogos/soccer/500/349.png,1,1,1,0,0,0,0
soccer-704634,eng.1,2025,2025-05-11 11:00:00+00:00,CHE,NEW,0,2,https://a.espncdn.com/i/teamlogos/soccer/500/363.png,https://a.espncdn.com/i/teamlogos/soccer/500/361.png,2,2,1,0,0,1,0
soccer-704633,eng.1,2025,2025-05-11 13:15:00+00:00,WHU,MAN,2,0,https://a.espncdn.com/i/teamlogos/soccer/500/371.png,https://a.espncdn.com/i/teamlogos/soccer/500/360.png,2,2,0,0,0,0,0
soccer-704635,eng.1,2025,2025-05-11 13:15:00+00:00,LEI,NFO,2,2,https://a.espncdn.com/i/teamlogos/soccer/500/375.png,https://a.espncdn.com/i/teamlogos/soccer/500/393.png,0,4,0,1,1,1,0
soccer-704637,eng.1,2025,2025-05-11 13:15:00+00:00,CRY,TOT,2,0,https://a.espncdn.com/i/teamlogos/soccer/500/384.png,https://a.espncdn.com/i/teamlogos/soccer/500/367.png,2,2,0,0,0,0,0
soccer-704632,eng.1,2025,2025-05-11 15:30:00+00:00,ARS,LIV,2,2,https://a.espncdn.com/i/teamlogos/soccer/500/359.png,https://a.espncdn.com/i/teamlogos/soccer/500/364.png,0,4,1,0,1,0,0
soccer-704640,eng.1,2025,2025-05-16 18:30:00+00:00,TOT,AVL,0,2,https://a.espncdn.com/i/teamlogos/soccer/500/367.png,https://a.espncdn.com/i/teamlogos/soccer/500/362.png,2,2,0,0,0,0,0
soccer-704643,eng.1,2025,2025-05-16 19:15:00+00:00,MAN,CHE,0,1,https://a.espncdn.com/i/teamlogos/soccer/500/360.png,https://a.espncdn.com/i/teamlogos/soccer/500/363.png,1,1,0,0,0,0,0
soccer-704645,eng.1,2025,2025-05-18 11:00:00+00:00,SOU,EVE,0,2,https://a.espncdn.com/i/teamlogos/soccer/500/376.png,https://a.espncdn.com/i/teamlogos/soccer/500/368.png,2,2,0,0,0,0,0
soccer-704648,eng.1,2025,2025-05-18 13:15:00+00:00,NFO,WHU,2,1,https://a.espncdn.com/i/teamlogos/soccer/500/393.png,https://a.espncdn.com/i/teamlogos/soccer/500/371.png,1,3,0,0,0,1,0
soccer-704641,eng.1,2025,2025-05-18 14:00:00+00:00,FUL,BRE,3,2,https://a.espncdn.com/i/teamlogos/soccer/500/370.png,https://a.espncdn.com/i/teamlogos/soccer/500/337.png,1,5,0,2,1,0,0
soccer-704646,eng.1,2025,2025-05-18 14:00:00+00:00,IPS,LEI,0,2,https://a.espncdn.com/i/teamlogos/soccer/500/373.png,https://a.espncdn.com/i/teamlogos/soccer/500/375.png,2,2,0,0,0,0,0
soccer-704639,eng.1,2025,2025-05-18 15:30:00+00:00,NEW,ARS,0,1,https://a.espncdn.com/i/teamlogos/soccer/500/361.png,https://a.espncdn.com/i/teamlogos/soccer/500/359.png,1,1,0,0,0,0,0
soccer-704642,eng.1,2025,2025-05-19 19:00:00+00:00,LIV,BHA,2,3,https://a.espncdn.com/i/teamlogos/soccer/500/364.png,https://a.espncdn.com/i/teamlogos/soccer/500/331.png,1,5,0,1,1,1,0
soccer-704644,eng.1,2025,2025-05-20 19:00:00+00:00,WOL,CRY,2,4,https://a.espncdn.com/i/teamlogos/soccer/500/380.png,https://a.espncdn.com/i/teamlogos/soccer/500/384.png,2,6,0,1,1,1,0
soccer-704647,eng.1,2025,2025-05-20 19:00:00+00:00,BOU,MNC,1,3,https://a.espncdn.com/i/teamlogos/soccer/500/349.png,https://a.espncdn.com/i/teamlogos/soccer/500/382.png,2,4,2,0,0,1,0
soccer-704649,eng.1,2025,2025-05-25 15:00:00+00:00,LEI,BOU,0,2,https://a.espncdn.com/i/teamlogos/soccer/500/375.png,https://a.espncdn.com/i/teamlogos/soccer/500/349.png,2,2,0,0,0,1,0
soccer-704650,eng.1,2025,2025-05-25 15:00:00+00:00,MNC,FUL,2,0,https://a.espncdn.com/i/teamlogos/soccer/500/382.png,https://a.espncdn.com/i/teamlogos/soccer/500/370.png,2,2,0,0,0,0,0
soccer-704651,eng.1,2025,2025-05-25 15:00:00+00:00,WHU,IPS,3,1,https://a.espncdn.com/i/teamlogos/soccer/500/371.png,https://a.espncdn.com/i/teamlogos/soccer/500/373.png,2,4,0,0,0,1,0
soccer-704652,eng.1,2025,2025-05-25 15:00:00+00:00,CRY,LIV,1,1,https://a.espncdn.com/i/teamlogos/soccer/500/384.png,https://a.espncdn.com/i/teamlogos/soccer/500/364.png,0,2,1,0,1,1,0
soccer-704658,eng.1,2025,2025-05-25 15:00:00+00:00,AVL,MAN,0,2,https://a.espncdn.com/i/teamlogos/soccer/500/362.png,https://a.espncdn.com/i/teamlogos/soccer/500/360.png,2,2,1,0,0,1,0
soccer-704653,eng.1,2025,2025-05-25 15:00:00+00:00,EVE,NEW,1,0,https://a.espncdn.com/i/teamlogos/soccer/500/368.png,https://a.espncdn.com/i/teamlogos/soccer/500/361.png,1,1,0,0,0,0,0
soccer-704655,eng.1,2025,2025-05-25 15:00:00+00:00,CHE,NFO,1,0,https://a.espncdn.com/i/teamlogos/soccer/500/363.png,https://a.espncdn.com/i/teamlogos/soccer/500/393.png,1,1,0,0,0,0,0
soccer-704656,eng.1,2025,2025-05-25 15:00:00+00:00,ARS,SOU,2,1,https://a.espncdn.com/i/teamlogos/soccer/500/359.png,https://a.espncdn.com/i/teamlogos/soccer/500/376.png,1,3,0,0,0,1,0
soccer-704657,eng.1,2025,2025-05-25 15:00:00+00:00,BHA,TOT,4,1,https://a.espncdn.com/i/teamlogos/soccer/500/331.png,https://a.espncdn.com/i/teamlogos/soccer/500/367.png,3,5,0,1,1,1,0
soccer-704654,eng.1,2025,2025-05-25 15:00:00+00:00,BRE,WOL,1,1,https://a.espncdn.com/i/teamlogos/soccer/500/337.png,https://a.espncdn.com/i/teamlogos/soccer/500/380.png,0,2,0,0,1,0,0
soccer-740596,eng.1,2026,2025-08-15 19:00:00+00:00,BOU,LIV,2,4,https://a.espncdn.com/i/teamlogos/soccer/500/349.png,https://a.espncdn.com/i/teamlogos/soccer/500/364.png,2,6,0,0,0,1,0
soccer-740597,eng.1,2026,2025-08-16 11:30:00+00:00,NEW,AVL,0,0,https://a.espncdn.com/i/teamlogos/soccer/500/361.png,https://a.espncdn.com/i/teamlogos/soccer/500/362.png,0,0,1,0,0,0,0
soccer-740598,eng.1,2026,2025-08-16 14:00:00+00:00,FUL,BHA,1,1,https://a.espncdn.com/i/teamlogos/soccer/500/370.png,https://a.espncdn.com/i/teamlogos/soccer/500/331.png,0,2,0,0,1,1,0
soccer-740600,eng.1,2026,2025-08-16 14:00:00+00:00,WHU,SUN,0,3,https://a.espncdn.com/i/teamlogos/soccer/500/371.png,https://a.espncdn.com/i/teamlogos/soccer/500/366.png,3,3,0,0,0,1,0
soccer-740601,eng.1,2026,2025-08-16 14:00:00+00:00,BUR,TOT,0,3,https://a.espncdn.com/i/teamlogos/soccer/500/379.png,https://a.espncdn.com/i/teamlogos/soccer/500/367.png,3,3,0,0,0,0,0
soccer-740602,eng.1,2026,2025-08-16 16:30:00+00:00,MNC,WOL,4,0,https://a.espncdn.com/i/teamlogos/soccer/500/382.png,https://a.espncdn.com/i/teamlogos/soccer/500/380.png,4,4,0,0,0,1,0
soccer-740603,eng.1,2026,2025-08-17 13:00:00+00:00,CRY,CHE,0,0,https://a.espncdn.com/i/teamlogos/soccer/500/384.png,https://a.espncdn.com/i/teamlogos/soccer/500/363.png,0,0,0,0,0,0,0
soccer-740599,eng.1,2026,2025-08-17 13:00:00+00:00,BRE,NFO,1,3,https://a.espncdn.com/i/teamlogos/soccer/500/337.png,https://a.espncdn.com/i/teamlogos/soccer/500/393.png,2,4,0,0,0,0,0
soccer-740604,eng.1,2026,2025-08-17 15:30:00+00:00,ARS,MAN,1,0,https://a.espncdn.com/i/teamlogos/soccer/500/359.png,https://a.espncdn.com/i/teamlogos/soccer/500/360.png,1,1,0,0,0,0,0
soccer-740605,eng.1,2026,2025-08-18 19:00:00+00:00,EVE,LEE,0,1,https://a.espncdn.com/i/teamlogos/soccer/500/368.png,https://a.espncdn.com/i/teamlogos/soccer/500/357.png,1,1,0,0,0,1,0
soccer-740615,eng.1,2026,2025-08-22 19:00:00+00:00,CHE,WHU,5,1,https://a.espncdn.com/i/teamlogos/soccer/500/363.png,https://a.espncdn.com/i/teamlogos/soccer/500/371.png,4,6,0,1,1,0,0
soccer-740613,eng.1,2026,2025-08-23 11:30:00+00:00,TOT,MNC,2,0,https://a.espncdn.com/i/teamlogos/soccer/500/367.png,https://a.espncdn.com/i/teamlogos/soccer/500/382.png,2,2,0,0,0,0,0
soccer-740607,eng.1,2026,2025-08-23 14:00:00+00:00,WOL,BOU,0,1,https://a.espncdn.com/i/teamlogos/soccer/500/380.png,https://a.espncdn.com/i/teamlogos/soccer/500/349.png,1,1,1,0,0,0,0
soccer-740608,eng.1,2026,2025-08-23 14:00:00+00:00,AVL,BRE,0,1,https://a.espncdn.com/i/teamlogos/soccer/500/362.png,https://a.espncdn.com/i/teamlogos/soccer/500/337.png,1,1,0,0,0,0,0
soccer-740609,eng.1,2026,2025-08-23 14:00:00+00:00,SUN,BUR,0,2,https://a.espncdn.com/i/teamlogos/soccer/500/366.png,https://a.espncdn.com/i/teamlogos/soccer/500/379.png,2,2,0,0,0,1,0
soccer-740606,eng.1,2026,2025-08-23 16:30:00+00:00,LEE,ARS,0,5,https://a.espncdn.com/i/teamlogos/soccer/500/357.png,https://a.espncdn.com/i/teamlogos/soccer/500/359.png,5,5,0,0,0,1,0
soccer-740610,eng.1,2026,2025-08-24 13:00:00+00:00,NFO,CRY,1,1,https://a.espncdn.com/i/teamlogos/soccer/500/393.png,https://a.espncdn.com/i/teamlogos/soccer/500/384.png,0,2,0,0,1,0,0
soccer-740611,eng.1,2026,2025-08-24 13:00:00+00:00,BHA,EVE,0,2,https://a.espncdn.com/i/teamlogos/soccer/500/331.png,https://a.espncdn.com/i/teamlogos/soccer/500/368.png,2,2,0,0,0,0,0
soccer-740612,eng.1,2026,2025-08-24 15:30:00+00:00,MAN,FUL,1,1,https://a.espncdn.com/i/teamlogos/soccer/500/360.png,https://a.espncdn.com/i/teamlogos/soccer/500/370.png,0,2,0,0,1,0,0
soccer-740614,eng.1,2026,2025-08-25 19:00:00+00:00,LIV,NEW,3,2,https://a.espncdn.com/i/teamlogos/soccer/500/364.png,https://a.espncdn.com/i/teamlogos/soccer/500/361.png,1,5,1,0,0,1,0
soccer-740618,eng.1,2026,2025-08-30 11:30:00+00:00,FUL,CHE,0,2,https://a.espncdn.com/i/teamlogos/soccer/500/370.png,https://a.espncdn.com/i/teamlogos/soccer/500/363.png,2,2,0,0,0,0,0
soccer-740621,eng.1,2026,2025-08-30 14:00:00+00:00,BUR,MAN,2,3,https://a.espncdn.com/i/teamlogos/soccer/500/379.png,https://a.espncdn.com/i/teamlogos/soccer/500/360.png,1,5,0,0,0,1,0
soccer-740623,eng.1,2026,2025-08-30 14:00:00+00:00,BRE,SUN,1,2,https://a.espncdn.com/i/teamlogos/soccer/500/337.png,https://a.espncdn.com/i/teamlogos/soccer/500/366.png,1,3,0,1,1,1,0
soccer-740620,eng.1,2026,2025-08-30 14:00:00+00:00,BOU,TOT,1,0,https://a.espncdn.com/i/teamlogos/soccer/500/349.png,https://a.espncdn.com/i/teamlogos/soccer/500/367.png,1,1,0,0,0,0,0
soccer-740624,eng.1,2026,2025-08-30 14:00:00+00:00,EVE,WOL,3,2,https://a.espncdn.com/i/teamlogos/soccer/500/368.png,https://a.espncdn.com/i/teamlogos/soccer/500/380.png,1,5,0,0,0,0,0
soccer-740619,eng.1,2026,2025-08-30 16:30:00+00:00,NEW,LEE,0,0,https://a.espncdn.com/i/teamlogos/soccer/500/361.png,https://a.espncdn.com/i/teamlogos/soccer/500/357.png,0,0,0,0,0,0,0
soccer-740617,eng.1,2026,2025-08-31 13:00:00+00:00,MNC,BHA,1,2,https://a.espncdn.com/i/teamlogos/soccer/500/382.png,https://a.espncdn.com/i/teamlogos/soccer/500/331.png,1,3,0,1,1,1,0
soccer-740622,eng.1,2026,2025-08-31 13:00:00+00:00,WHU,NFO,3,0,https://a.espncdn.com/i/teamlogos/soccer/500/371.png,https://a.espncdn.com/i/teamlogos/soccer/500/393.png,3,3,0,0,0,1,0
soccer-740625,eng.1,2026,2025-08-31 15:30:00+00:00,ARS,LIV,0,1,https://a.espncdn.com/i/teamlogos/soccer/500/359.png,https://a.espncdn.com/i/teamlogos/soccer/500/364.png,1,1,0,0,0,1,0
soccer-740616,eng.1,2026,2025-08-31 18:00:00+00:00,CRY,AVL,3,0,https://a.espncdn.com/i/teamlogos/soccer/500/384.png,https://a.espncdn.com/i/teamlogos/soccer/500/362.png,3,3,0,0,0,0,0
soccer-740627,eng.1,2026,2025-09-13 11:30:00+00:00,NFO,ARS,0,3,https://a.espncdn.com/i/teamlogos/soccer/500/393.png,https://a.espncdn.com/i/teamlogos/soccer/500/359.png,3,3,0,0,0,0,0
soccer-740635,eng.1,2026,2025-09-13 14:00:00+00:00,BHA,BOU,1,2,https://a.espncdn.com/i/teamlogos/soccer/500/331.png,https://a.espncdn.com/i/teamlogos/soccer/500/349.png,1,3,0,0,0,0,0
soccer-740628,eng.1,2026,2025-09-13 14:00:00+00:00,SUN,CRY,0,0,https://a.espncdn.com/i/teamlogos/soccer/500/366.png,https://a.espncdn.com/i/teamlogos/soccer/500/384.png,0,0,0,0,0,0,0
soccer-740632,eng.1,2026,2025-09-13 14:00:00+00:00,AVL,EVE,0,0,https://a.espncdn.com/i/teamlogos/soccer/500/362.png,https://a.espncdn.com/i/teamlogos/soccer/500/368.png,0,0,0,0,0,0,0
soccer-740631,eng.1,2026,2025-09-13 14:00:00+00:00,LEE,FUL,0,1,https://a.espncdn.com/i/teamlogos/soccer/500/357.png,https://a.espncdn.com/i/teamlogos/soccer/500/370.png,1,1,0,0,0,1,0
soccer-740629,eng.1,2026,2025-09-13 14:00:00+00:00,WOL,NEW,0,1,https://a.espncdn.com/i/teamlogos/soccer/500/380.png,https://a.espncdn.com/i/teamlogos/soccer/500/361.png,1,1,0,0,0,0,0
soccer-740626,eng.1,2026,2025-09-13 16:30:00+00:00,TOT,WHU,3,0,https://a.espncdn.com/i/teamlogos/soccer/500/367.png,https://a.espncdn.com/i/teamlogos/soccer/500/371.png,3,3,1,0,0,0,0
soccer-740634,eng.1,2026,2025-09-13 19:00:00+00:00,CHE,BRE,2,2,https://a.espncdn.com/i/teamlogos/soccer/500/363.png,https://a.espncdn.com/i/teamlogos/soccer/500/337.png,0,4,0,1,1,1,0
soccer-740633,eng.1,2026,2025-09-14 13:00:00+00:00,LIV,BUR,1,0,https://a.espncdn.com/i/teamlogos/soccer/500/364.png,https://a.espncdn.com/i/teamlogos/soccer/500/379.png,1,1,1,0,0,1,0
soccer-740630,eng.1,2026,2025-09-14 15:30:00+00:00,MAN,MNC,0,3,https://a.espncdn.com/i/teamlogos/soccer/500/360.png,https://a.espncdn.com/i/teamlogos/soccer/500/382.png,3,3,0,0,0,0,0
soccer-740641,eng.1,2026,2025-09-20 11:30:00+00:00,EVE,LIV,1,2,https://a.espncdn.com/i/teamlogos/soccer/500/368.png,https://a.espncdn.com/i/teamlogos/soccer/500/364.png,1,3,0,0,0,0,0
soccer-740636,eng.1,2026,2025-09-20 14:00:00+00:00,TOT,BHA,2,2,https://a.espncdn.com/i/teamlogos/soccer/500/367.png,https://a.espncdn.com/i/teamlogos/soccer/500/331.png,0,4,0,0,1,1,0
soccer-740637,eng.1,2026,2025-09-20 14:00:00+00:00,NFO,BUR,1,1,https://a.espncdn.com/i/teamlogos/soccer/500/393.png,https://a.espncdn.com/i/teamlogos/soccer/500/379.png,0,2,0,0,1,0,0
soccer-740638,eng.1,2026,2025-09-20 14:00:00+00:00,CRY,WHU,2,1,https://a.espncdn.com/i/teamlogos/soccer/500/384.png,https://a.espncdn.com/i/teamlogos/soccer/500/371.png,1,3,0,0,0,0,0
soccer-740640,eng.1,2026,2025-09-20 14:00:00+00:00,LEE,WOL,3,1,https://a.espncdn.com/i/teamlogos/soccer/500/357.png,https://a.espncdn.com/i/teamlogos/soccer/500/380.png,2,4,0,1,1,0,0
soccer-740645,eng.1,2026,2025-09-20 16:30:00+00:00,CHE,MAN,1,2,https://a.espncdn.com/i/teamlogos/soccer/500/363.png,https://a.espncdn.com/i/teamlogos/soccer/500/360.png,1,3,2,0,0,1,0
soccer-740642,eng.1,2026,2025-09-20 19:00:00+00:00,BRE,FUL,1,3,https://a.espncdn.com/i/teamlogos/soccer/500/337.png,https://a.espncdn.com/i/teamlogos/soccer/500/370.png,2,4,0,1,1,0,0
soccer-740644,eng.1,2026,2025-09-21 13:00:00+00:00,NEW,BOU,0,0,https://a.espncdn.com/i/teamlogos/soccer/500/361.png,https://a.espncdn.com/i/teamlogos/soccer/500/349.png,0,0,0,0,0,0,0
soccer-740639,eng.1,2026,2025-09-21 13:00:00+00:00,AVL,SUN,1,1,https://a.espncdn.com/i/teamlogos/soccer/500/362.png,https://a.espncdn.com/i/teamlogos/soccer/500/366.png,0,2,1,0,1,0,0
soccer-740643,eng.1,2026,2025-09-21 15:30:00+00:00,MNC,ARS,1,1,https://a.espncdn.com/i/teamlogos/soccer/500/382.png,https://a.espncdn.com/i/teamlogos/soccer/500/359.png,0,2,0,0,1,1,0
soccer-740649,eng.1,2026,2025-09-27 11:30:00+00:00,MAN,BRE,1,3,https://a.espncdn.com/i/teamlogos/soccer/500/360.png,https://a.espncdn.com/i/teamlogos/soccer/500/337.png,2,4,0,0,0,1,0
soccer-740648,eng.1,2026,2025-09-27 14:00:00+00:00,BHA,CHE,3,1,https://a.espncdn.com/i/teamlogos/soccer/500/331.png,https://a.espncdn.com/i/teamlogos/soccer/500/363.png,2,4,1,1,1,1,0
soccer-740647,eng.1,2026,2025-09-27 14:00:00+00:00,LIV,CRY,1,2,https://a.espncdn.com/i/teamlogos/soccer/500/364.png,https://a.espncdn.com/i/teamlogos/soccer/500/384.png,1,3,0,0,0,1,0
soccer-740655,eng.1,2026,2025-09-27 14:00:00+00:00,BOU,LEE,2,2,https://a.espncdn.com/i/teamlogos/soccer/500/349.png,https://a.espncdn.com/i/teamlogos/soccer/500/357.png,0,4,0,1,1,1,0
soccer-740654,eng.1,2026,2025-09-27 14:00:00+00:00,BUR,MNC,1,5,https://a.espncdn.com/i/teamlogos/soccer/500/379.png,https://a.espncdn.com/i/teamlogos/soccer/500/382.png,4,6,0,0,0,1,0
soccer-740651,eng.1,2026,2025-09-27 16:30:00+00:00,SUN,NFO,1,0,https://a.espncdn.com/i/teamlogos/soccer/500/366.png,https://a.espncdn.com/i/teamlogos/soccer/500/393.png,1,1,0,0,0,0,0
soccer-740646,eng.1,2026,2025-09-27 19:00:00+00:00,WOL,TOT,1,1,https://a.espncdn.com/i/teamlogos/soccer/500/380.png,https://a.espncdn.com/i/teamlogos/soccer/500/367.png,0,2,0,0,1,1,0
soccer-740650,eng.1,2026,2025-09-28 13:00:00+00:00,FUL,AVL,1,3,https://a.espncdn.com/i/teamlogos/soccer/500/370.png,https://a.espncdn.com/i/teamlogos/soccer/500/362.png,2,4,0,1,1,0,0
soccer-740653,eng.1,2026,2025-09-28 15:30:00+00:00,ARS,NEW,2,1,https://a.espncdn.com/i/teamlogos/soccer/500/359.png,https://a.espncdn.com/i/teamlogos/soccer/500/361.png,1,3,0,1,1,1,0
soccer-740652,eng.1,2026,2025-09-29 19:00:00+00:00,WHU,EVE,1,1,https://a.espncdn.com/i/teamlogos/soccer/500/371.png,https://a.espncdn.com/i/teamlogos/soccer/500/368.png,0,2,0,0,1,0,0
soccer-740658,eng.1,2026,2025-10-03 19:00:00+00:00,FUL,BOU,1,3,https://a.espncdn.com/i/teamlogos/soccer/500/370.png,https://a.espncdn.com/i/teamlogos/soccer/500/349.png,2,4,0,1,1,1,0
soccer-740662,eng.1,2026,2025-10-04 11:30:00+00:00,TOT,LEE,2,1,https://a.espncdn.com/i/teamlogos/soccer/500/367.png,https://a.espncdn.com/i/teamlogos/soccer/500/357.png,1,3,0,0,0,0,0
soccer-740656,eng.1,2026,2025-10-04 14:00:00+00:00,WHU,ARS,0,2,https://a.espncdn.com/i/teamlogos/soccer/500/371.png,https://a.espncdn.com/i/teamlogos/soccer/500/359.png,2,2,0,0,0,0,0
soccer-740663,eng.1,2026,2025-10-04 14:00:00+00:00,SUN,MAN,0,2,https://a.espncdn.com/i/teamlogos/soccer/500/366.png,https://a.espncdn.com/i/teamlogos/soccer/500/360.png,2,2,0,0,0,0,0
soccer-740660,eng.1,2026,2025-10-04 16:30:00+00:00,LIV,CHE,1,2,https://a.espncdn.com/i/teamlogos/soccer/500/364.png,https://a.espncdn.com/i/teamlogos/soccer/500/363.png,1,3,1,0,0,1,0
soccer-740657,eng.1,2026,2025-10-05 13:00:00+00:00,BUR,AVL,1,2,https://a.espncdn.com/i/teamlogos/soccer/500/379.png,https://a.espncdn.com/i/teamlogos/soccer/500/362.png,1,3,0,0,0,0,0
soccer-740661,eng.1,2026,2025-10-05 13:00:00+00:00,CRY,EVE,1,2,https://a.espncdn.com/i/teamlogos/soccer/500/384.png,https://a.espncdn.com/i/teamlogos/soccer/500/368.png,1,3,0,1,1,1,0
soccer-740664,eng.1,2026,2025-10-05 13:00:00+00:00,NFO,NEW,0,2,https://a.espncdn.com/i/teamlogos/soccer/500/393.png,https://a.espncdn.com/i/teamlogos/soccer/500/361.png,2,2,0,0,0,1,0
soccer-740665,eng.1,2026,2025-10-05 13:00:00+00:00,BHA,WOL,1,1,https://a.espncdn.com/i/teamlogos/soccer/500/331.png,https://a.espncdn.com/i/teamlogos/soccer/500/380.png,0,2,1,0,1,1,0
soccer-740659,eng.1,2026,2025-10-05 15:30:00+00:00,MNC,BRE,1,0,https://a.espncdn.com/i/teamlogos/soccer/500/382.png,https://a.espncdn.com/i/teamlogos/soccer/500/337.png,1,1,0,0,0,0,0
soccer-740672,eng.1,2026,2025-10-18 11:30:00+00:00,CHE,NFO,3,0,https://a.espncdn.com/i/teamlogos/soccer/500/363.png,https://a.espncdn.com/i/teamlogos/soccer/500/393.png,3,3,1,0,0,1,0
soccer-740666,eng.1,2026,2025-10-18 14:00:00+00:00,NEW,BHA,1,2,https://a.espncdn.com/i/teamlogos/soccer/500/361.png,https://a.espncdn.com/i/teamlogos/soccer/500/331.png,1,3,0,0,0,1,0
soccer-740667,eng.1,2026,2025-10-18 14:00:00+00:00,LEE,BUR,0,2,https://a.espncdn.com/i/teamlogos/soccer/500/357.png,https://a.espncdn.com/i/teamlogos/soccer/500/379.png,2,2,0,0,0,0,0
soccer-740668,eng.1,2026,2025-10-18 14:00:00+00:00,BOU,CRY,3,3,https://a.espncdn.com/i/teamlogos/soccer/500/349.png,https://a.espncdn.com/i/teamlogos/soccer/500/384.png,0,6,0,0,1,1,0
soccer-740671,eng.1,2026,2025-10-18 14:00:00+00:00,EVE,MNC,0,2,https://a.espncdn.com/i/teamlogos/soccer/500/368.png,https://a.espncdn.com/i/teamlogos/soccer/500/382.png,2,2,0,0,0,0,0
soccer-740673,eng.1,2026,2025-10-18 14:00:00+00:00,WOL,SUN,0,2,https://a.espncdn.com/i/teamlogos/soccer/500/380.png,https://a.espncdn.com/i/teamlogos/soccer/500/366.png,2,2,0,0,0,1,0
soccer-740669,eng.1,2026,2025-10-18 16:30:00+00:00,ARS,FUL,1,0,https://a.espncdn.com/i/teamlogos/soccer/500/359.png,https://a.espncdn.com/i/teamlogos/soccer/500/370.png,1,1,0,0,0,0,0
soccer-740674,eng.1,2026,2025-10-19 13:00:00+00:00,AVL,TOT,2,1,https://a.espncdn.com/i/teamlogos/soccer/500/362.png,https://a.espncdn.com/i/teamlogos/soccer/500/367.png,1,3,0,1,1,0,0
soccer-740670,eng.1,2026,2025-10-19 15:30:00+00:00,MAN,LIV,2,1,https://a.espncdn.com/i/teamlogos/soccer/500/360.png,https://a.espncdn.com/i/teamlogos/soccer/500/364.png,1,3,0,0,0,1,0
soccer-740675,eng.1,2026,2025-10-20 19:00:00+00:00,BRE,WHU,2,0,https://a.espncdn.com/i/teamlogos/soccer/500/337.png,https://a.espncdn.com/i/teamlogos/soccer/500/371.png,2,2,0,0,0,1,0
soccer-740682,eng.1,2026,2025-10-24 19:00:00+00:00,WHU,LEE,1,2,https://a.espncdn.com/i/teamlogos/soccer/500/371.png,https://a.espncdn.com/i/teamlogos/soccer/500/357.png,1,3,0,0,0,1,0
soccer-740685,eng.1,2026,2025-10-25 14:00:00+00:00,SUN,CHE,2,1,https://a.espncdn.com/i/teamlogos/soccer/500/366.png,https://a.espncdn.com/i/teamlogos/soccer/500/363.png,1,3,0,1,1,1,0
soccer-740680,eng.1,2026,2025-10-25 14:00:00+00:00,FUL,NEW,1,2,https://a.espncdn.com/i/teamlogos/soccer/500/370.png,https://a.espncdn.com/i/teamlogos/soccer/500/361.png,1,3,0,0,0,1,0
soccer-740683,eng.1,2026,2025-10-25 16:30:00+00:00,BHA,MAN,2,4,https://a.espncdn.com/i/teamlogos/soccer/500/331.png,https://a.espncdn.com/i/teamlogos/soccer/500/360.png,2,6,0,0,0,1,0
soccer-740679,eng.1,2026,2025-10-25 19:00:00+00:00,LIV,BRE,2,3,https://a.espncdn.com/i/teamlogos/soccer/500/364.png,https://a.espncdn.com/i/teamlogos/soccer/500/337.png,1,5,0,0,0,1,0
soccer-740678,eng.1,2026,2025-10-26 14:00:00+00:00,NFO,BOU,0,2,https://a.espncdn.com/i/teamlogos/soccer/500/393.png,https://a.espncdn.com/i/teamlogos/soccer/500/349.png,2,2,0,0,0,0,0
soccer-740676,eng.1,2026,2025-10-26 14:00:00+00:00,CRY,ARS,0,1,https://a.espncdn.com/i/teamlogos/soccer/500/384.png,https://a.espncdn.com/i/teamlogos/soccer/500/359.png,1,1,0,0,0,0,0
soccer-740677,eng.1,2026,2025-10-26 14:00:00+00:00,MNC,AVL,0,1,https://a.espncdn.com/i/teamlogos/soccer/500/382.png,https://a.espncdn.com/i/teamlogos/soccer/500/362.png,1,1,0,0,0,0,0
soccer-740684,eng.1,2026,2025-10-26 14:00:00+00:00,BUR,WOL,3,2,https://a.espncdn.com/i/teamlogos/soccer/500/379.png,https://a.espncdn.com/i/teamlogos/soccer/500/380.png,1,5,0,0,0,1,0
soccer-740681,eng.1,2026,2025-10-26 16:30:00+00:00,TOT,EVE,3,0,https://a.espncdn.com/i/teamlogos/soccer/500/367.png,https://a.espncdn.com/i/teamlogos/soccer/500/368.png,3,3,0,0,0,1,0
soccer-740686,eng.1,2026,2025-11-01 15:00:00+00:00,LEE,BHA,0,3,https://a.espncdn.com/i/teamlogos/soccer/500/357.png,https://a.espncdn.com/i/teamlogos/soccer/500/331.png,3,3,0,0,0,0,0
soccer-740687,eng.1,2026,2025-11-01 15:00:00+00:00,ARS,BUR,2,0,https://a.espncdn.com/i/teamlogos/soccer/500/359.png,https://a.espncdn.com/i/teamlogos/soccer/500/379.png,2,2,0,0,0,0,0
soccer-740688,eng.1,2026,2025-11-01 15:00:00+00:00,BRE,CRY,0,2,https://a.espncdn.com/i/teamlogos/soccer/500/337.png,https://a.espncdn.com/i/teamlogos/soccer/500/384.png,2,2,0,0,0,0,0
soccer-740689,eng.1,2026,2025-11-01 15:00:00+00:00,WOL,FUL,0,3,https://a.espncdn.com/i/teamlogos/soccer/500/380.png,https://a.espncdn.com/i/teamlogos/soccer/500/370.png,3,3,1,0,0,0,0
soccer-740692,eng.1,2026,2025-11-01 15:00:00+00:00,MAN,NFO,2,2,https://a.espncdn.com/i/teamlogos/soccer/500/360.png,https://a.espncdn.com/i/teamlogos/soccer/500/393.png,0,4,0,1,1,1,0
soccer-740690,eng.1,2026,2025-11-01 17:30:00+00:00,CHE,TOT,1,0,https://a.espncdn.com/i/teamlogos/soccer/500/363.png,https://a.espncdn.com/i/teamlogos/soccer/500/367.png,1,1,0,0,0,0,0
soccer-740694,eng.1,2026,2025-11-01 20:00:00+00:00,AVL,LIV,0,2,https://a.espncdn.com/i/teamlogos/soccer/500/362.png,https://a.espncdn.com/i/teamlogos/soccer/500/364.png,2,2,0,0,0,0,0
soccer-740695,eng.1,2026,2025-11-02 14:00:00+00:00,NEW,WHU,1,3,https://a.espncdn.com/i/teamlogos/soccer/500/361.png,https://a.espncdn.com/i/teamlogos/soccer/500/371.png,2,4,0,1,1,1,0
soccer-740691,eng.1,2026,2025-11-02 16:30:00+00:00,BOU,MNC,1,3,https://a.espncdn.com/i/teamlogos/soccer/500/349.png,https://a.espncdn.com/i/teamlogos/soccer/500/382.png,2,4,0,0,0,0,0
soccer-740693,eng.1,2026,2025-11-03 20:00:00+00:00,EVE,SUN,1,1,https://a.espncdn.com/i/teamlogos/soccer/500/368.png,https://a.espncdn.com/i/teamlogos/soccer/500/366.png,0,2,0,0,1,0,0
soccer-740705,eng.1,2026,2025-11-08 12:30:00+00:00,MAN,TOT,2,2,https://a.espncdn.com/i/teamlogos/soccer/500/360.png,https://a.espncdn.com/i/teamlogos/soccer/500/367.png,0,4,0,1,1,1,0
soccer-740701,eng.1,2026,2025-11-08 15:00:00+00:00,FUL,EVE,0,2,https://a.espncdn.com/i/teamlogos/soccer/500/370.png,https://a.espncdn.com/i/teamlogos/soccer/500/368.png,2,2,0,0,0,1,0
soccer-740696,eng.1,2026,2025-11-08 15:00:00+00:00,BUR,WHU,2,3,https://a.espncdn.com/i/teamlogos/soccer/500/379.png,https://a.espncdn.com/i/teamlogos/soccer/500/371.png,1,5,0,1,1,1,0
soccer-740704,eng.1,2026,2025-11-08 17:30:00+00:00,ARS,SUN,2,2,https://a.espncdn.com/i/teamlogos/soccer/500/359.png,https://a.espncdn.com/i/teamlogos/soccer/500/366.png,0,4,0,1,1,1,0
soccer-740699,eng.1,2026,2025-11-08 20:00:00+00:00,WOL,CHE,0,3,https://a.espncdn.com/i/teamlogos/soccer/500/380.png,https://a.espncdn.com/i/teamlogos/soccer/500/363.png,3,3,0,0,0,0,0
soccer-740697,eng.1,2026,2025-11-09 14:00:00+00:00,BOU,AVL,0,4,https://a.espncdn.com/i/teamlogos/soccer/500/349.png,https://a.espncdn.com/i/teamlogos/soccer/500/362.png,4,4,0,0,0,1,0
soccer-740698,eng.1,2026,2025-11-09 14:00:00+00:00,NEW,BRE,1,3,https://a.espncdn.com/i/teamlogos/soccer/500/361.png,https://a.espncdn.com/i/teamlogos/soccer/500/337.png,2,4,1,1,1,1,0
soccer-740700,eng.1,2026,2025-11-09 14:00:00+00:00,BHA,CRY,0,0,https://a.espncdn.com/i/teamlogos/soccer/500/331.png,https://a.espncdn.com/i/teamlogos/soccer/500/384.png,0,0,0,0,0,0,0
soccer-740703,eng.1,2026,2025-11-09 14:00:00+00:00,LEE,NFO,1,3,https://a.espncdn.com/i/teamlogos/soccer/500/357.png,https://a.espncdn.com/i/teamlogos/soccer/500/393.png,2,4,0,1,1,1,0
soccer-740702,eng.1,2026,2025-11-09 16:30:00+00:00,LIV,MNC,0,3,https://a.espncdn.com/i/teamlogos/soccer/500/364.png,https://a.espncdn.com/i/teamlogos/soccer/500/382.png,3,3,0,0,0,0,0
soccer-740707,eng.1,2026,2025-11-22 12:30:00+00:00,CHE,BUR,2,0,https://a.espncdn.com/i/teamlogos/soccer/500/363.png,https://a.espncdn.com/i/teamlogos/soccer/500/379.png,2,2,0,0,0,1,0
soccer-740715,eng.1,2026,2025-11-22 15:00:00+00:00,WHU,BOU,2,2,https://a.espncdn.com/i/teamlogos/soccer/500/371.png,https://a.espncdn.com/i/teamlogos/soccer/500/349.png,0,4,0,0,1,1,0
soccer-740706,eng.1,2026,2025-11-22 15:00:00+00:00,BRE,BHA,1,2,https://a.espncdn.com/i/teamlogos/soccer/500/337.png,https://a.espncdn.com/i/teamlogos/soccer/500/331.png,1,3,0,1,1,1,0
soccer-740708,eng.1,2026,2025-11-22 15:00:00+00:00,SUN,FUL,0,1,https://a.espncdn.com/i/teamlogos/soccer/500/366.png,https://a.espncdn.com/i/teamlogos/soccer/500/370.png,1,1,0,0,0,1,0
soccer-740710,eng.1,2026,2025-11-22 15:00:00+00:00,NFO,LIV,3,0,https://a.espncdn.com/i/teamlogos/soccer/500/393.png,https://a.espncdn.com/i/teamlogos/soccer/500/364.png,3,3,0,0,0,0,0
soccer-740713,eng.1,2026,2025-11-22 15:00:00+00:00,CRY,WOL,2,0,https://a.espncdn.com/i/teamlogos/soccer/500/384.png,https://a.espncdn.com/i/teamlogos/soccer/500/380.png,2,2,0,0,0,0,0
soccer-740712,eng.1,2026,2025-11-22 17:30:00+00:00,MNC,NEW,1,2,https://a.espncdn.com/i/teamlogos/soccer/500/382.png,https://a.espncdn.com/i/teamlogos/soccer/500/361.png,1,3,0,0,0,0,0
soccer-740709,eng.1,2026,2025-11-23 14:00:00+00:00,AVL,LEE,2,1,https://a.espncdn.com/i/teamlogos/soccer/500/362.png,https://a.espncdn.com/i/teamlogos/soccer/500/357.png,1,3,0,1,1,0,0
soccer-740714,eng.1,2026,2025-11-23 16:30:00+00:00,TOT,ARS,1,4,https://a.espncdn.com/i/teamlogos/soccer/500/367.png,https://a.espncdn.com/i/teamlogos/soccer/500/359.png,3,5,0,0,0,0,0
soccer-740711,eng.1,2026,2025-11-24 20:00:00+00:00,EVE,MAN,1,0,https://a.espncdn.com/i/teamlogos/soccer/500/368.png,https://a.espncdn.com/i/teamlogos/soccer/500/360.png,1,1,1,0,0,0,0
soccer-740718,eng.1,2026,2025-11-29 15:00:00+00:00,BUR,BRE,1,3,https://a.espncdn.com/i/teamlogos/soccer/500/379.png,https://a.espncdn.com/i/teamlogos/soccer/500/337.png,2,4,0,0,0,1,0
soccer-740717,eng.1,2026,2025-11-29 15:00:00+00:00,LEE,MNC,2,3,https://a.espncdn.com/i/teamlogos/soccer/500/357.png,https://a.espncdn.com/i/teamlogos/soccer/500/382.png,1,5,0,0,0,1,0
soccer-740724,eng.1,2026,2025-11-29 15:00:00+00:00,BOU,SUN,2,3,https://a.espncdn.com/i/teamlogos/soccer/500/349.png,https://a.espncdn.com/i/teamlogos/soccer/500/366.png,1,5,1,1,1,0,0
soccer-740721,eng.1,2026,2025-11-29 17:30:00+00:00,NEW,EVE,4,1,https://a.espncdn.com/i/teamlogos/soccer/500/361.png,https://a.espncdn.com/i/teamlogos/soccer/500/368.png,3,5,0,0,0,0,0
soccer-740720,eng.1,2026,2025-11-29 20:00:00+00:00,FUL,TOT,2,1,https://a.espncdn.com/i/teamlogos/soccer/500/370.png,https://a.espncdn.com/i/teamlogos/soccer/500/367.png,1,3,0,0,0,0,0
soccer-740725,eng.1,2026,2025-11-30 12:00:00+00:00,MAN,CRY,2,1,https://a.espncdn.com/i/teamlogos/soccer/500/360.png,https://a.espncdn.com/i/teamlogos/soccer/500/384.png,1,3,0,1,1,0,0
soccer-740716,eng.1,2026,2025-11-30 14:05:00+00:00,WOL,AVL,0,1,https://a.espncdn.com/i/teamlogos/soccer/500/380.png,https://a.espncdn.com/i/teamlogos/soccer/500/362.png,1,1,0,0,0,0,0
soccer-740723,eng.1,2026,2025-11-30 14:05:00+00:00,BHA,NFO,2,0,https://a.espncdn.com/i/teamlogos/soccer/500/331.png,https://a.espncdn.com/i/teamlogos/soccer/500/393.png,2,2,0,0,0,1,0
soccer-740722,eng.1,2026,2025-11-30 14:05:00+00:00,LIV,WHU,2,0,https://a.espncdn.com/i/teamlogos/soccer/500/364.png,https://a.espncdn.com/i/teamlogos/soccer/500/371.png,2,2,1,0,0,1,0
soccer-740719,eng.1,2026,2025-11-30 16:30:00+00:00,ARS,CHE,1,1,https://a.espncdn.com/i/teamlogos/soccer/500/359.png,https://a.espncdn.com/i/teamlogos/soccer/500/363.png,0,2,1,0,1,0,0
soccer-740733,eng.1,2026,2025-12-02 19:30:00+00:00,EVE,BOU,1,0,https://a.espncdn.com/i/teamlogos/soccer/500/368.png,https://a.espncdn.com/i/teamlogos/soccer/500/349.png,1,1,0,0,0,0,0
soccer-740730,eng.1,2026,2025-12-02 19:30:00+00:00,MNC,FUL,5,4,https://a.espncdn.com/i/teamlogos/soccer/500/382.png,https://a.espncdn.com/i/teamlogos/soccer/500/370.png,1,9,0,0,0,0,0
soccer-740729,eng.1,2026,2025-12-02 20:15:00+00:00,TOT,NEW,2,2,https://a.espncdn.com/i/teamlogos/soccer/500/367.png,https://a.espncdn.com/i/teamlogos/soccer/500/361.png,0,4,0,0,1,1,0
soccer-740734,eng.1,2026,2025-12-03 19:30:00+00:00,BRE,ARS,0,2,https://a.espncdn.com/i/teamlogos/soccer/500/337.png,https://a.espncdn.com/i/teamlogos/soccer/500/359.png,2,2,0,0,0,1,0
soccer-740727,eng.1,2026,2025-12-03 19:30:00+00:00,AVL,BHA,4,3,https://a.espncdn.com/i/teamlogos/soccer/500/362.png,https://a.espncdn.com/i/teamlogos/soccer/500/331.png,1,7,0,1,1,1,0
soccer-740726,eng.1,2026,2025-12-03 19:30:00+00:00,CRY,BUR,1,0,https://a.espncdn.com/i/teamlogos/soccer/500/384.png,https://a.espncdn.com/i/teamlogos/soccer/500/379.png,1,1,0,0,0,0,0
soccer-740728,eng.1,2026,2025-12-03 19:30:00+00:00,NFO,WOL,1,0,https://a.espncdn.com/i/teamlogos/soccer/500/393.png,https://a.espncdn.com/i/teamlogos/soccer/500/380.png,1,1,0,0,0,0,0
soccer-740732,eng.1,2026,2025-12-03 20:15:00+00:00,CHE,LEE,1,3,https://a.espncdn.com/i/teamlogos/soccer/500/363.png,https://a.espncdn.com/i/teamlogos/soccer/500/357.png,2,4,0,0,0,0,0
soccer-740731,eng.1,2026,2025-12-03 20:15:00+00:00,SUN,LIV,1,1,https://a.espncdn.com/i/teamlogos/soccer/500/366.png,https://a.espncdn.com/i/teamlogos/soccer/500/364.png,0,2,0,0,1,1,0
soccer-740735,eng.1,2026,2025-12-04 20:00:00+00:00,WHU,MAN,1,1,https://a.espncdn.com/i/teamlogos/soccer/500/371.png,https://a.espncdn.com/i/teamlogos/soccer/500/360.png,0,2,0,0,1,1,0
soccer-740745,eng.1,2026,2025-12-06 12:30:00+00:00,ARS,AVL,1,2,https://a.espncdn.com/i/teamlogos/soccer/500/359.png,https://a.espncdn.com/i/teamlogos/soccer/500/362.png,1,3,0,0,0,1,0
soccer-740743,eng.1,2026,2025-12-06 15:00:00+00:00,CHE,BOU,0,0,https://a.espncdn.com/i/teamlogos/soccer/500/363.png,https://a.espncdn.com/i/teamlogos/soccer/500/349.png,0,0,0,0,0,0,0
soccer-740739,eng.1,2026,2025-12-06 15:00:00+00:00,NFO,EVE,0,3,https://a.espncdn.com/i/teamlogos/soccer/500/393.png,https://a.espncdn.com/i/teamlogos/soccer/500/368.png,3,3,0,0,0,1,0
soccer-740736,eng.1,2026,2025-12-06 15:00:00+00:00,SUN,MNC,0,3,https://a.espncdn.com/i/teamlogos/soccer/500/366.png,https://a.espncdn.com/i/teamlogos/soccer/500/382.png,3,3,1,0,0,0,0
soccer-740741,eng.1,2026,2025-12-06 15:00:00+00:00,BUR,NEW,1,2,https://a.espncdn.com/i/teamlogos/soccer/500/379.png,https://a.espncdn.com/i/teamlogos/soccer/500/361.png,1,3,1,0,0,1,0
soccer-740744,eng.1,2026,2025-12-06 15:00:00+00:00,BRE,TOT,0,2,https://a.espncdn.com/i/teamlogos/soccer/500/337.png,https://a.espncdn.com/i/teamlogos/soccer/500/367.png,2,2,0,0,0,0,0
soccer-740742,eng.1,2026,2025-12-06 17:30:00+00:00,LIV,LEE,3,3,https://a.espncdn.com/i/teamlogos/soccer/500/364.png,https://a.espncdn.com/i/teamlogos/soccer/500/357.png,0,6,0,0,1,1,0
soccer-740740,eng.1,2026,2025-12-07 14:00:00+00:00,WHU,BHA,1,1,https://a.espncdn.com/i/teamlogos/soccer/500/371.png,https://a.espncdn.com/i/teamlogos/soccer/500/331.png,0,2,0,0,1,1,0
soccer-740738,eng.1,2026,2025-12-07 16:30:00+00:00,CRY,FUL,2,1,https://a.espncdn.com/i/teamlogos/soccer/500/384.png,https://a.espncdn.com/i/teamlogos/soccer/500/370.png,1,3,0,0,0,1,0
soccer-740737,eng.1,2026,2025-12-08 20:00:00+00:00,MAN,WOL,4,1,https://a.espncdn.com/i/teamlogos/soccer/500/360.png,https://a.espncdn.com/i/teamlogos/soccer/500/380.png,3,5,0,0,0,1,0
soccer-740750,eng.1,2026,2025-12-13 15:00:00+00:00,EVE,CHE,0,2,https://a.espncdn.com/i/teamlogos/soccer/500/368.png,https://a.espncdn.com/i/teamlogos/soccer/500/363.png,2,2,0,0,0,0,0
soccer-740752,eng.1,2026,2025-12-13 15:00:00+00:00,BHA,LIV,0,2,https://a.espncdn.com/i/teamlogos/soccer/500/331.png,https://a.espncdn.com/i/teamlogos/soccer/500/364.png,2,2,0,0,0,0,0
soccer-740754,eng.1,2026,2025-12-13 17:30:00+00:00,FUL,BUR,3,2,https://a.espncdn.com/i/teamlogos/soccer/500/370.png,https://a.espncdn.com/i/teamlogos/soccer/500/379.png,1,5,0,0,0,1,0
soccer-740746,eng.1,2026,2025-12-13 20:00:00+00:00,WOL,ARS,1,2,https://a.espncdn.com/i/teamlogos/soccer/500/380.png,https://a.espncdn.com/i/teamlogos/soccer/500/359.png,1,3,0,0,0,1,0
soccer-740747,eng.1,2026,2025-12-14 14:00:00+00:00,MNC,CRY,3,0,https://a.espncdn.com/i/teamlogos/soccer/500/382.png,https://a.espncdn.com/i/teamlogos/soccer/500/384.png,3,3,0,0,0,1,0
soccer-740755,eng.1,2026,2025-12-14 14:00:00+00:00,TOT,NFO,0,3,https://a.espncdn.com/i/teamlogos/soccer/500/367.png,https://a.espncdn.com/i/teamlogos/soccer/500/393.png,3,3,0,0,0,0,0
soccer-740749,eng.1,2026,2025-12-14 14:00:00+00:00,NEW,SUN,0,1,https://a.espncdn.com/i/teamlogos/soccer/500/361.png,https://a.espncdn.com/i/teamlogos/soccer/500/366.png,1,1,0,0,0,0,0
soccer-740748,eng.1,2026,2025-12-14 14:00:00+00:00,AVL,WHU,3,2,https://a.espncdn.com/i/teamlogos/soccer/500/362.png,https://a.espncdn.com/i/teamlogos/soccer/500/371.png,1,5,0,1,1,0,0
soccer-740753,eng.1,2026,2025-12-14 16:30:00+00:00,LEE,BRE,1,1,https://a.espncdn.com/i/teamlogos/soccer/500/357.png,https://a.espncdn.com/i/teamlogos/soccer/500/337.png,0,2,0,0,1,1,0
soccer-740751,eng.1,2026,2025-12-15 20:00:00+00:00,BOU,MAN,4,4,https://a.espncdn.com/i/teamlogos/soccer/500/349.png,https://a.espncdn.com/i/teamlogos/soccer/500/360.png,0,8,0,2,1,1,0
soccer-740763,eng.1,2026,2025-12-20 12:30:00+00:00,CHE,NEW,2,2,https://a.espncdn.com/i/teamlogos/soccer/500/363.png,https://a.espncdn.com/i/teamlogos/soccer/500/361.png,0,4,0,0,1,0,0
soccer-740764,eng.1,2026,2025-12-20 15:00:00+00:00,BUR,BOU,1,1,https://a.espncdn.com/i/teamlogos/soccer/500/379.png,https://a.espncdn.com/i/teamlogos/soccer/500/349.png,0,2,0,0,1,1,0
soccer-740756,eng.1,2026,2025-12-20 15:00:00+00:00,SUN,BHA,0,0,https://a.espncdn.com/i/teamlogos/soccer/500/366.png,https://a.espncdn.com/i/teamlogos/soccer/500/331.png,0,0,0,0,0,0,0
soccer-740760,eng.1,2026,2025-12-20 15:00:00+00:00,WHU,MNC,0,3,https://a.espncdn.com/i/teamlogos/soccer/500/371.png,https://a.espncdn.com/i/teamlogos/soccer/500/382.png,3,3,0,0,0,0,0
soccer-740761,eng.1,2026,2025-12-20 15:00:00+00:00,BRE,WOL,2,0,https://a.espncdn.com/i/teamlogos/soccer/500/337.png,https://a.espncdn.com/i/teamlogos/soccer/500/380.png,2,2,0,0,0,1,0
soccer-740762,eng.1,2026,2025-12-20 17:30:00+00:00,LIV,TOT,2,1,https://a.espncdn.com/i/teamlogos/soccer/500/364.png,https://a.espncdn.com/i/teamlogos/soccer/500/367.png,1,3,2,0,0,1,0
soccer-740757,eng.1,2026,2025-12-20 20:00:00+00:00,ARS,EVE,1,0,https://a.espncdn.com/i/teamlogos/soccer/500/359.png,https://a.espncdn.com/i/teamlogos/soccer/500/368.png,1,1,0,0,0,0,0
soccer-740759,eng.1,2026,2025-12-20 20:00:00+00:00,CRY,LEE,1,4,https://a.espncdn.com/i/teamlogos/soccer/500/384.png,https://a.espncdn.com/i/teamlogos/soccer/500/357.png,3,5,0,0,0,1,0
soccer-740765,eng.1,2026,2025-12-21 16:30:00+00:00,MAN,AVL,1,2,https://a.espncdn.com/i/teamlogos/soccer/500/360.png,https://a.espncdn.com/i/teamlogos/soccer/500/362.png,1,3,0,0,0,0,0
soccer-740758,eng.1,2026,2025-12-22 20:00:00+00:00,NFO,FUL,0,1,https://a.espncdn.com/i/teamlogos/soccer/500/393.png,https://a.espncdn.com/i/teamlogos/soccer/500/370.png,1,1,0,0,0,0,0
soccer-740769,eng.1,2026,2025-12-26 20:00:00+00:00,NEW,MAN,0,1,https://a.espncdn.com/i/teamlogos/soccer/500/361.png,https://a.espncdn.com/i/teamlogos/soccer/500/360.png,1,1,0,0,0,0,0
soccer-740770,eng.1,2026,2025-12-27 12:30:00+00:00,MNC,NFO,2,1,https://a.espncdn.com/i/teamlogos/soccer/500/382.png,https://a.espncdn.com/i/teamlogos/soccer/500/393.png,1,3,0,0,0,1,0
soccer-740772,eng.1,2026,2025-12-27 15:00:00+00:00,BHA,ARS,1,2,https://a.espncdn.com/i/teamlogos/soccer/500/331.png,https://a.espncdn.com/i/teamlogos/soccer/500/359.png,1,3,0,0,0,0,0
soccer-740774,eng.1,2026,2025-12-27 15:00:00+00:00,BOU,BRE,1,4,https://a.espncdn.com/i/teamlogos/soccer/500/349.png,https://a.espncdn.com/i/teamlogos/soccer/500/337.png,3,5,0,0,0,1,0
soccer-740773,eng.1,2026,2025-12-27 15:00:00+00:00,EVE,BUR,0,0,https://a.espncdn.com/i/teamlogos/soccer/500/368.png,https://a.espncdn.com/i/teamlogos/soccer/500/379.png,0,0,0,0,0,0,0
soccer-740775,eng.1,2026,2025-12-27 15:00:00+00:00,WOL,LIV,1,2,https://a.espncdn.com/i/teamlogos/soccer/500/380.png,https://a.espncdn.com/i/teamlogos/soccer/500/364.png,1,3,0,0,0,0,0
soccer-740768,eng.1,2026,2025-12-27 15:00:00+00:00,FUL,WHU,1,0,https://a.espncdn.com/i/teamlogos/soccer/500/370.png,https://a.espncdn.com/i/teamlogos/soccer/500/371.png,1,1,0,0,0,1,0
soccer-740766,eng.1,2026,2025-12-27 17:30:00+00:00,AVL,CHE,2,1,https://a.espncdn.com/i/teamlogos/soccer/500/362.png,https://a.espncdn.com/i/teamlogos/soccer/500/363.png,1,3,0,1,1,1,0
soccer-740767,eng.1,2026,2025-12-28 14:00:00+00:00,LEE,SUN,1,1,https://a.espncdn.com/i/teamlogos/soccer/500/357.png,https://a.espncdn.com/i/teamlogos/soccer/500/366.png,0,2,0,0,1,0,0
soccer-740771,eng.1,2026,2025-12-28 16:30:00+00:00,TOT,CRY,1,0,https://a.espncdn.com/i/teamlogos/soccer/500/367.png,https://a.espncdn.com/i/teamlogos/soccer/500/384.png,1,1,0,0,0,0,0
soccer-740778,eng.1,2026,2025-12-30 19:30:00+00:00,NEW,BUR,3,1,https://a.espncdn.com/i/teamlogos/soccer/500/361.png,https://a.espncdn.com/i/teamlogos/soccer/500/379.png,2,4,0,0,0,1,0
soccer-740779,eng.1,2026,2025-12-30 19:30:00+00:00,BOU,CHE,2,2,https://a.espncdn.com/i/teamlogos/soccer/500/349.png,https://a.espncdn.com/i/teamlogos/soccer/500/363.png,0,4,0,1,1,0,0
soccer-740783,eng.1,2026,2025-12-30 19:30:00+00:00,EVE,NFO,2,0,https://a.espncdn.com/i/teamlogos/soccer/500/368.png,https://a.espncdn.com/i/teamlogos/soccer/500/393.png,2,2,0,0,0,0,0
soccer-740785,eng.1,2026,2025-12-30 19:30:00+00:00,BHA,WHU,2,2,https://a.espncdn.com/i/teamlogos/soccer/500/331.png,https://a.espncdn.com/i/teamlogos/soccer/500/371.png,0,4,0,0,1,0,0
soccer-740776,eng.1,2026,2025-12-30 20:15:00+00:00,AVL,ARS,1,4,https://a.espncdn.com/i/teamlogos/soccer/500/362.png,https://a.espncdn.com/i/teamlogos/soccer/500/359.png,3,5,0,0,0,1,0
soccer-740782,eng.1,2026,2025-12-30 20:15:00+00:00,WOL,MAN,1,1,https://a.espncdn.com/i/teamlogos/soccer/500/380.png,https://a.espncdn.com/i/teamlogos/soccer/500/360.png,0,2,0,0,1,0,0
soccer-740780,eng.1,2026,2026-01-01 17:30:00+00:00,FUL,CRY,1,1,https://a.espncdn.com/i/teamlogos/soccer/500/370.png,https://a.espncdn.com/i/teamlogos/soccer/500/384.png,0,2,0,0,1,1,0
soccer-740781,eng.1,2026,2026-01-01 17:30:00+00:00,LEE,LIV,0,0,https://a.espncdn.com/i/teamlogos/soccer/500/357.png,https://a.espncdn.com/i/teamlogos/soccer/500/364.png,0,0,0,0,0,0,0
soccer-740777,eng.1,2026,2026-01-01 20:00:00+00:00,TOT,BRE,0,0,https://a.espncdn.com/i/teamlogos/soccer/500/367.png,https://a.espncdn.com/i/teamlogos/soccer/500/337.png,0,0,0,0,0,0,0
soccer-740784,eng.1,2026,2026-01-01 20:00:00+00:00,MNC,SUN,0,0,https://a.espncdn.com/i/teamlogos/soccer/500/382.png,https://a.espncdn.com/i/teamlogos/soccer/500/366.png,0,0,0,0,0,0,0
soccer-740789,eng.1,2026,2026-01-03 12:30:00+00:00,NFO,AVL,1,3,https://a.espncdn.com/i/teamlogos/soccer/500/393.png,https://a.espncdn.com/i/teamlogos/soccer/500/362.png,2,4,0,0,0,0,0
soccer-740795,eng.1,2026,2026-01-03 15:00:00+00:00,BUR,BHA,0,2,https://a.espncdn.com/i/teamlogos/soccer/500/379.png,https://a.espncdn.com/i/teamlogos/soccer/500/331.png,2,2,0,0,0,0,0
soccer-740787,eng.1,2026,2026-01-03 15:00:00+00:00,WHU,WOL,0,3,https://a.espncdn.com/i/teamlogos/soccer/500/371.png,https://a.espncdn.com/i/teamlogos/soccer/500/380.png,3,3,0,0,0,0,0
soccer-740788,eng.1,2026,2026-01-03 17:30:00+00:00,ARS,BOU,3,2,https://a.espncdn.com/i/teamlogos/soccer/500/359.png,https://a.espncdn.com/i/teamlogos/soccer/500/349.png,1,5,0,1,1,0,0
soccer-740791,eng.1,2026,2026-01-04 12:30:00+00:00,MAN,LEE,1,1,https://a.espncdn.com/i/teamlogos/soccer/500/360.png,https://a.espncdn.com/i/teamlogos/soccer/500/357.png,0,2,0,0,1,0,0
soccer-740794,eng.1,2026,2026-01-04 15:00:00+00:00,BRE,EVE,4,2,https://a.espncdn.com/i/teamlogos/soccer/500/337.png,https://a.espncdn.com/i/teamlogos/soccer/500/368.png,2,6,0,0,0,1,0
soccer-740793,eng.1,2026,2026-01-04 15:00:00+00:00,CRY,NEW,0,2,https://a.espncdn.com/i/teamlogos/soccer/500/384.png,https://a.espncdn.com/i/teamlogos/soccer/500/361.png,2,2,0,0,0,0,0
soccer-740786,eng.1,2026,2026-01-04 15:00:00+00:00,SUN,TOT,1,1,https://a.espncdn.com/i/teamlogos/soccer/500/366.png,https://a.espncdn.com/i/teamlogos/soccer/500/367.png,0,2,0,0,1,1,0
soccer-740790,eng.1,2026,2026-01-04 15:15:00+00:00,LIV,FUL,2,2,https://a.espncdn.com/i/teamlogos/soccer/500/364.png,https://a.espncdn.com/i/teamlogos/soccer/500/370.png,0,4,0,1,1,1,0
soccer-740792,eng.1,2026,2026-01-04 17:30:00+00:00,CHE,MNC,1,1,https://a.espncdn.com/i/teamlogos/soccer/500/363.png,https://a.espncdn.com/i/teamlogos/soccer/500/382.png,0,2,0,0,1,1,0
soccer-740801,eng.1,2026,2026-01-06 20:00:00+00:00,NFO,WHU,2,1,https://a.espncdn.com/i/teamlogos/soccer/500/393.png,https://a.espncdn.com/i/teamlogos/soccer/500/371.png,1,3,0,1,1,1,0
soccer-740797,eng.1,2026,2026-01-07 19:30:00+00:00,TOT,BOU,2,3,https://a.espncdn.com/i/teamlogos/soccer/500/367.png,https://a.espncdn.com/i/teamlogos/soccer/500/349.png,1,5,0,1,1,1,0
soccer-740798,eng.1,2026,2026-01-07 19:30:00+00:00,SUN,BRE,0,3,https://a.espncdn.com/i/teamlogos/soccer/500/366.png,https://a.espncdn.com/i/teamlogos/soccer/500/337.png,3,3,0,0,0,0,0
soccer-740805,eng.1,2026,2026-01-07 19:30:00+00:00,AVL,CRY,0,0,https://a.espncdn.com/i/teamlogos/soccer/500/362.png,https://a.espncdn.com/i/teamlogos/soccer/500/384.png,0,0,0,0,0,0,0
soccer-740800,eng.1,2026,2026-01-07 19:30:00+00:00,WOL,EVE,1,1,https://a.espncdn.com/i/teamlogos/soccer/500/380.png,https://a.espncdn.com/i/teamlogos/soccer/500/368.png,0,2,2,0,1,0,0
soccer-740802,eng.1,2026,2026-01-07 19:30:00+00:00,CHE,FUL,1,2,https://a.espncdn.com/i/teamlogos/soccer/500/363.png,https://a.espncdn.com/i/teamlogos/soccer/500/370.png,1,3,1,0,0,1,0
soccer-740803,eng.1,2026,2026-01-07 19:30:00+00:00,BHA,MNC,1,1,https://a.espncdn.com/i/teamlogos/soccer/500/331.png,https://a.espncdn.com/i/teamlogos/soccer/500/382.png,0,2,0,0,1,0,0
soccer-740799,eng.1,2026,2026-01-07 20:15:00+00:00,MAN,BUR,2,2,https://a.espncdn.com/i/teamlogos/soccer/500/360.png,https://a.espncdn.com/i/teamlogos/soccer/500/379.png,0,4,0,1,1,0,0
soccer-740804,eng.1,2026,2026-01-07 20:15:00+00:00,LEE,NEW,3,4,https://a.espncdn.com/i/teamlogos/soccer/500/357.png,https://a.espncdn.com/i/teamlogos/soccer/500/361.png,1,7,0,1,1,1,0
soccer-740796,eng.1,2026,2026-01-08 20:00:00+00:00,LIV,ARS,0,0,https://a.espncdn.com/i/teamlogos/soccer/500/364.png,https://a.espncdn.com/i/teamlogos/soccer/500/359.png,0,0,0,0,0,0,0
soccer-740811,eng.1,2026,2026-01-17 12:30:00+00:00,MNC,MAN,0,2,https://a.espncdn.com/i/teamlogos/soccer/500/382.png,https://a.espncdn.com/i/teamlogos/soccer/500/360.png,2,2,0,0,0,0,0
soccer-740808,eng.1,2026,2026-01-17 15:00:00+00:00,BRE,CHE,0,2,https://a.espncdn.com/i/teamlogos/soccer/500/337.png,https://a.espncdn.com/i/teamlogos/soccer/500/363.png,2,2,0,0,0,0,0
soccer-740809,eng.1,2026,2026-01-17 15:00:00+00:00,FUL,LEE,0,1,https://a.espncdn.com/i/teamlogos/soccer/500/370.png,https://a.espncdn.com/i/teamlogos/soccer/500/357.png,1,1,0,0,0,1,0
soccer-740810,eng.1,2026,2026-01-17 15:00:00+00:00,BUR,LIV,1,1,https://a.espncdn.com/i/teamlogos/soccer/500/379.png,https://a.espncdn.com/i/teamlogos/soccer/500/364.png,0,2,0,0,1,0,0
soccer-740813,eng.1,2026,2026-01-17 15:00:00+00:00,CRY,SUN,1,2,https://a.espncdn.com/i/teamlogos/soccer/500/384.png,https://a.espncdn.com/i/teamlogos/soccer/500/366.png,1,3,0,1,1,0,0
soccer-740814,eng.1,2026,2026-01-17 15:00:00+00:00,WHU,TOT,2,1,https://a.espncdn.com/i/teamlogos/soccer/500/371.png,https://a.espncdn.com/i/teamlogos/soccer/500/367.png,1,3,0,0,0,1,0
soccer-740812,eng.1,2026,2026-01-17 17:30:00+00:00,ARS,NFO,0,0,https://a.espncdn.com/i/teamlogos/soccer/500/359.png,https://a.espncdn.com/i/teamlogos/soccer/500/393.png,0,0,0,0,0,0,0
soccer-740815,eng.1,2026,2026-01-18 14:00:00+00:00,NEW,WOL,0,0,https://a.espncdn.com/i/teamlogos/soccer/500/361.png,https://a.espncdn.com/i/teamlogos/soccer/500/380.png,0,0,0,0,0,0,0
soccer-740806,eng.1,2026,2026-01-18 16:30:00+00:00,EVE,AVL,1,0,https://a.espncdn.com/i/teamlogos/soccer/500/368.png,https://a.espncdn.com/i/teamlogos/soccer/500/362.png,1,1,0,0,0,0,0
soccer-740807,eng.1,2026,2026-01-19 20:00:00+00:00,BOU,BHA,1,1,https://a.espncdn.com/i/teamlogos/soccer/500/349.png,https://a.espncdn.com/i/teamlogos/soccer/500/331.png,0,2,0,0,1,1,0
soccer-740825,eng.1,2026,2026-01-24 12:30:00+00:00,SUN,WHU,1,3,https://a.espncdn.com/i/teamlogos/soccer/500/366.png,https://a.espncdn.com/i/teamlogos/soccer/500/371.png,2,4,0,0,0,0,0
soccer-740819,eng.1,2026,2026-01-24 15:00:00+00:00,TOT,BUR,2,2,https://a.espncdn.com/i/teamlogos/soccer/500/367.png,https://a.espncdn.com/i/teamlogos/soccer/500/379.png,0,4,0,1,1,1,0
soccer-740822,eng.1,2026,2026-01-24 15:00:00+00:00,BHA,FUL,1,2,https://a.espncdn.com/i/teamlogos/soccer/500/331.png,https://a.espncdn.com/i/teamlogos/soccer/500/370.png,1,3,0,1,1,1,0
soccer-740823,eng.1,2026,2026-01-24 15:00:00+00:00,WOL,MNC,0,2,https://a.espncdn.com/i/teamlogos/soccer/500/380.png,https://a.espncdn.com/i/teamlogos/soccer/500/382.png,2,2,0,0,0,0,0
soccer-740817,eng.1,2026,2026-01-24 17:30:00+00:00,LIV,BOU,2,3,https://a.espncdn.com/i/teamlogos/soccer/500/364.png,https://a.espncdn.com/i/teamlogos/soccer/500/349.png,1,5,0,0,0,1,0
soccer-740818,eng.1,2026,2026-01-25 14:00:00+00:00,NFO,BRE,2,0,https://a.espncdn.com/i/teamlogos/soccer/500/393.png,https://a.espncdn.com/i/teamlogos/soccer/500/337.png,2,2,0,0,0,0,0
soccer-740820,eng.1,2026,2026-01-25 14:00:00+00:00,CHE,CRY,3,1,https://a.espncdn.com/i/teamlogos/soccer/500/363.png,https://a.espncdn.com/i/teamlogos/soccer/500/384.png,2,4,1,0,0,1,0
soccer-740824,eng.1,2026,2026-01-25 14:00:00+00:00,AVL,NEW,2,0,https://a.espncdn.com/i/teamlogos/soccer/500/362.png,https://a.espncdn.com/i/teamlogos/soccer/500/361.png,2,2,0,0,0,1,0
soccer-740816,eng.1,2026,2026-01-25 16:30:00+00:00,MAN,ARS,3,2,https://a.espncdn.com/i/teamlogos/soccer/500/360.png,https://a.espncdn.com/i/teamlogos/soccer/500/359.png,1,5,0,1,1,1,0
soccer-740821,eng.1,2026,2026-01-26 20:00:00+00:00,LEE,EVE,1,1,https://a.espncdn.com/i/teamlogos/soccer/500/357.png,https://a.espncdn.com/i/teamlogos/soccer/500/368.png,0,2,0,0,1,0,0
soccer-740831,eng.1,2026,2026-01-31 15:00:00+00:00,EVE,BHA,1,1,https://a.espncdn.com/i/teamlogos/soccer/500/368.png,https://a.espncdn.com/i/teamlogos/soccer/500/331.png,0,2,0,0,1,1,0
soccer-740829,eng.1,2026,2026-01-31 15:00:00+00:00,ARS,LEE,4,0,https://a.espncdn.com/i/teamlogos/soccer/500/359.png,https://a.espncdn.com/i/teamlogos/soccer/500/357.png,4,4,0,0,0,1,0
soccer-740827,eng.1,2026,2026-01-31 15:00:00+00:00,BOU,WOL,2,0,https://a.espncdn.com/i/teamlogos/soccer/500/349.png,https://a.espncdn.com/i/teamlogos/soccer/500/380.png,2,2,0,0,0,1,0
soccer-740835,eng.1,2026,2026-01-31 17:30:00+00:00,WHU,CHE,2,3,https://a.espncdn.com/i/teamlogos/soccer/500/371.png,https://a.espncdn.com/i/teamlogos/soccer/500/363.png,1,5,1,1,1,1,0
soccer-740834,eng.1,2026,2026-01-31 20:00:00+00:00,NEW,LIV,1,4,https://a.espncdn.com/i/teamlogos/soccer/500/361.png,https://a.espncdn.com/i/teamlogos/soccer/500/364.png,3,5,0,1,1,1,0
soccer-740826,eng.1,2026,2026-02-01 14:00:00+00:00,BRE,AVL,1,0,https://a.espncdn.com/i/teamlogos/soccer/500/337.png,https://a.espncdn.com/i/teamlogos/soccer/500/362.png,1,1,1,0,0,0,0
soccer-740833,eng.1,2026,2026-02-01 14:00:00+00:00,FUL,MAN,2,3,https://a.espncdn.com/i/teamlogos/soccer/500/370.png,https://a.espncdn.com/i/teamlogos/soccer/500/360.png,1,5,0,0,0,1,0
soccer-740832,eng.1,2026,2026-02-01 14:00:00+00:00,CRY,NFO,1,1,https://a.espncdn.com/i/teamlogos/soccer/500/384.png,https://a.espncdn.com/i/teamlogos/soccer/500/393.png,0,2,1,0,1,0,0
soccer-740828,eng.1,2026,2026-02-01 16:30:00+00:00,MNC,TOT,2,2,https://a.espncdn.com/i/teamlogos/soccer/500/382.png,https://a.espncdn.com/i/teamlogos/soccer/500/367.png,0,4,0,0,1,0,0
soccer-740830,eng.1,2026,2026-02-02 20:00:00+00:00,BUR,SUN,0,3,https://a.espncdn.com/i/teamlogos/soccer/500/379.png,https://a.espncdn.com/i/teamlogos/soccer/500/366.png,3,3,0,0,0,0,0
soccer-740841,eng.1,2026,2026-02-06 20:00:00+00:00,NFO,LEE,1,3,https://a.espncdn.com/i/teamlogos/soccer/500/393.png,https://a.espncdn.com/i/teamlogos/soccer/500/357.png,2,4,0,0,0,1,0
soccer-740843,eng.1,2026,2026-02-07 12:30:00+00:00,TOT,MAN,0,2,https://a.espncdn.com/i/teamlogos/soccer/500/367.png,https://a.espncdn.com/i/teamlogos/soccer/500/360.png,2,2,1,0,0,1,0
soccer-740837,eng.1,2026,2026-02-07 15:00:00+00:00,AVL,BOU,1,1,https://a.espncdn.com/i/teamlogos/soccer/500/362.png,https://a.espncdn.com/i/teamlogos/soccer/500/349.png,0,2,0,0,1,0,0
soccer-740836,eng.1,2026,2026-02-07 15:00:00+00:00,SUN,ARS,0,3,https://a.espncdn.com/i/teamlogos/soccer/500/366.png,https://a.espncdn.com/i/teamlogos/soccer/500/359.png,3,3,0,0,0,1,0
soccer-740839,eng.1,2026,2026-02-07 15:00:00+00:00,WHU,BUR,2,0,https://a.espncdn.com/i/teamlogos/soccer/500/371.png,https://a.espncdn.com/i/teamlogos/soccer/500/379.png,2,2,0,0,0,0,0
soccer-740842,eng.1,2026,2026-02-07 15:00:00+00:00,EVE,FUL,2,1,https://a.espncdn.com/i/teamlogos/soccer/500/368.png,https://a.espncdn.com/i/teamlogos/soccer/500/370.png,1,3,0,1,1,1,0
soccer-740840,eng.1,2026,2026-02-07 15:00:00+00:00,CHE,WOL,3,1,https://a.espncdn.com/i/teamlogos/soccer/500/363.png,https://a.espncdn.com/i/teamlogos/soccer/500/380.png,2,4,0,0,0,0,0
soccer-740844,eng.1,2026,2026-02-07 17:30:00+00:00,BRE,NEW,3,2,https://a.espncdn.com/i/teamlogos/soccer/500/337.png,https://a.espncdn.com/i/teamlogos/soccer/500/361.png,1,5,0,1,1,1,0
soccer-740838,eng.1,2026,2026-02-08 14:00:00+00:00,CRY,BHA,1,0,https://a.espncdn.com/i/teamlogos/soccer/500/384.png,https://a.espncdn.com/i/teamlogos/soccer/500/331.png,1,1,0,0,0,0,0
soccer-740845,eng.1,2026,2026-02-08 16:30:00+00:00,MNC,LIV,2,1,https://a.espncdn.com/i/teamlogos/soccer/500/382.png,https://a.espncdn.com/i/teamlogos/soccer/500/364.png,1,3,1,1,1,1,0
soccer-740848,eng.1,2026,2026-02-10 19:30:00+00:00,LEE,CHE,2,2,https://a.espncdn.com/i/teamlogos/soccer/500/357.png,https://a.espncdn.com/i/teamlogos/soccer/500/363.png,0,4,0,0,1,0,0
soccer-740852,eng.1,2026,2026-02-10 19:30:00+00:00,BOU,EVE,2,1,https://a.espncdn.com/i/teamlogos/soccer/500/349.png,https://a.espncdn.com/i/teamlogos/soccer/500/368.png,1,3,1,1,1,0,0
soccer-740854,eng.1,2026,2026-02-10 19:30:00+00:00,NEW,TOT,2,1,https://a.espncdn.com/i/teamlogos/soccer/500/361.png,https://a.espncdn.com/i/teamlogos/soccer/500/367.png,1,3,0,0,0,0,0
soccer-740855,eng.1,2026,2026-02-10 20:15:00+00:00,MAN,WHU,1,1,https://a.espncdn.com/i/teamlogos/soccer/500/360.png,https://a.espncdn.com/i/teamlogos/soccer/500/371.png,0,2,0,0,1,1,0
soccer-740846,eng.1,2026,2026-02-11 19:30:00+00:00,BHA,AVL,0,1,https://a.espncdn.com/i/teamlogos/soccer/500/331.png,https://a.espncdn.com/i/teamlogos/soccer/500/362.png,1,1,0,0,0,1,0
soccer-740849,eng.1,2026,2026-02-11 19:30:00+00:00,FUL,MNC,0,3,https://a.espncdn.com/i/teamlogos/soccer/500/370.png,https://a.espncdn.com/i/teamlogos/soccer/500/382.png,3,3,0,0,0,0,0
soccer-740850,eng.1,2026,2026-02-11 19:30:00+00:00,WOL,NFO,0,0,https://a.espncdn.com/i/teamlogos/soccer/500/380.png,https://a.espncdn.com/i/teamlogos/soccer/500/393.png,0,0,0,0,0,0,0
soccer-740851,eng.1,2026,2026-02-11 19:40:00+00:00,BUR,CRY,3,2,https://a.espncdn.com/i/teamlogos/soccer/500/379.png,https://a.espncdn.com/i/teamlogos/soccer/500/384.png,1,5,0,1,1,0,0
soccer-740853,eng.1,2026,2026-02-11 20:15:00+00:00,LIV,SUN,1,0,https://a.espncdn.com/i/teamlogos/soccer/500/364.png,https://a.espncdn.com/i/teamlogos/soccer/500/366.png,1,1,0,0,0,0,0
soccer-740847,eng.1,2026,2026-02-12 20:00:00+00:00,ARS,BRE,1,1,https://a.espncdn.com/i/teamlogos/soccer/500/359.png,https://a.espncdn.com/i/teamlogos/soccer/500/337.png,0,2,0,0,1,0,0
soccer-740901,eng.1,2026,2026-02-18 20:00:00+00:00,ARS,WOL,2,2,https://a.espncdn.com/i/teamlogos/soccer/500/359.png,https://a.espncdn.com/i/teamlogos/soccer/500/380.png,0,4,0,0,1,1,0
soccer-740862,eng.1,2026,2026-02-21 15:00:00+00:00,LEE,AVL,1,1,https://a.espncdn.com/i/teamlogos/soccer/500/357.png,https://a.espncdn.com/i/teamlogos/soccer/500/362.png,0,2,0,0,1,1,0
soccer-740858,eng.1,2026,2026-02-21 15:00:00+00:00,BHA,BRE,2,0,https://a.espncdn.com/i/teamlogos/soccer/500/331.png,https://a.espncdn.com/i/teamlogos/soccer/500/337.png,2,2,0,0,0,0,0
soccer-740864,eng.1,2026,2026-02-21 15:00:00+00:00,BUR,CHE,1,1,https://a.espncdn.com/i/teamlogos/soccer/500/379.png,https://a.espncdn.com/i/teamlogos/soccer/500/363.png,0,2,1,0,1,1,0
soccer-740861,eng.1,2026,2026-02-21 17:30:00+00:00,BOU,WHU,0,0,https://a.espncdn.com/i/teamlogos/soccer/500/349.png,https://a.espncdn.com/i/teamlogos/soccer/500/371.png,0,0,0,0,0,0,0
soccer-740857,eng.1,2026,2026-02-21 20:00:00+00:00,NEW,MNC,1,2,https://a.espncdn.com/i/teamlogos/soccer/500/361.png,https://a.espncdn.com/i/teamlogos/soccer/500/382.png,1,3,0,0,0,0,0
soccer-740860,eng.1,2026,2026-02-22 14:00:00+00:00,WOL,CRY,0,1,https://a.espncdn.com/i/teamlogos/soccer/500/380.png,https://a.espncdn.com/i/teamlogos/soccer/500/384.png,1,1,1,0,0,1,0
soccer-740863,eng.1,2026,2026-02-22 14:00:00+00:00,LIV,NFO,1,0,https://a.espncdn.com/i/teamlogos/soccer/500/364.png,https://a.espncdn.com/i/teamlogos/soccer/500/393.png,1,1,0,0,0,1,0
soccer-740859,eng.1,2026,2026-02-22 14:00:00+00:00,FUL,SUN,3,1,https://a.espncdn.com/i/teamlogos/soccer/500/370.png,https://a.espncdn.com/i/teamlogos/soccer/500/366.png,2,4,0,0,0,1,0
soccer-740865,eng.1,2026,2026-02-22 16:30:00+00:00,ARS,TOT,4,1,https://a.espncdn.com/i/teamlogos/soccer/500/359.png,https://a.espncdn.com/i/teamlogos/soccer/500/367.png,3,5,0,0,0,1,0
soccer-740856,eng.1,2026,2026-02-23 20:00:00+00:00,MAN,EVE,1,0,https://a.espncdn.com/i/teamlogos/soccer/500/360.png,https://a.espncdn.com/i/teamlogos/soccer/500/368.png,1,1,0,0,0,0,0
soccer-740868,eng.1,2026,2026-02-27 20:00:00+00:00,AVL,WOL,0,2,https://a.espncdn.com/i/teamlogos/soccer/500/362.png,https://a.espncdn.com/i/teamlogos/soccer/500/380.png,2,2,0,0,0,1,0
soccer-740873,eng.1,2026,2026-02-28 12:30:00+00:00,SUN,BOU,1,1,https://a.espncdn.com/i/teamlogos/soccer/500/366.png,https://a.espncdn.com/i/teamlogos/soccer/500/349.png,0,2,0,0,1,0,0
soccer-740867,eng.1,2026,2026-02-28 15:00:00+00:00,BRE,BUR,4,3,https://a.espncdn.com/i/teamlogos/soccer/500/337.png,https://a.espncdn.com/i/teamlogos/soccer/500/379.png,1,7,0,0,0,1,0
soccer-740872,eng.1,2026,2026-02-28 15:00:00+00:00,WHU,LIV,2,5,https://a.espncdn.com/i/teamlogos/soccer/500/371.png,https://a.espncdn.com/i/teamlogos/soccer/500/364.png,3,7,0,0,0,1,0
soccer-740874,eng.1,2026,2026-02-28 15:00:00+00:00,EVE,NEW,3,2,https://a.espncdn.com/i/teamlogos/soccer/500/368.png,https://a.espncdn.com/i/teamlogos/soccer/500/361.png,1,5,0,0,0,1,0
soccer-740869,eng.1,2026,2026-02-28 17:30:00+00:00,MNC,LEE,1,0,https://a.espncdn.com/i/teamlogos/soccer/500/382.png,https://a.espncdn.com/i/teamlogos/soccer/500/357.png,1,1,1,0,0,0,0
soccer-740866,eng.1,2026,2026-03-01 14:00:00+00:00,NFO,BHA,1,2,https://a.espncdn.com/i/teamlogos/soccer/500/393.png,https://a.espncdn.com/i/teamlogos/soccer/500/331.png,1,3,0,0,0,0,0
soccer-740870,eng.1,2026,2026-03-01 14:00:00+00:00,TOT,FUL,1,2,https://a.espncdn.com/i/teamlogos/soccer/500/367.png,https://a.espncdn.com/i/teamlogos/soccer/500/370.png,1,3,0,0,0,0,0
soccer-740875,eng.1,2026,2026-03-01 14:00:00+00:00,CRY,MAN,1,2,https://a.espncdn.com/i/teamlogos/soccer/500/384.png,https://a.espncdn.com/i/teamlogos/soccer/500/360.png,1,3,1,1,1,0,0
soccer-740871,eng.1,2026,2026-03-01 16:30:00+00:00,CHE,ARS,1,2,https://a.espncdn.com/i/teamlogos/soccer/500/363.png,https://a.espncdn.com/i/teamlogos/soccer/500/359.png,1,3,1,0,0,0,0
soccer-740877,eng.1,2026,2026-03-03 19:30:00+00:00,BRE,BOU,0,0,https://a.espncdn.com/i/teamlogos/soccer/500/337.png,https://a.espncdn.com/i/teamlogos/soccer/500/349.png,0,0,0,0,0,0,0
soccer-740879,eng.1,2026,2026-03-03 19:30:00+00:00,BUR,EVE,0,2,https://a.espncdn.com/i/teamlogos/soccer/500/379.png,https://a.espncdn.com/i/teamlogos/soccer/500/368.png,2,2,0,0,0,0,0
soccer-740881,eng.1,2026,2026-03-03 19:30:00+00:00,SUN,LEE,1,0,https://a.espncdn.com/i/teamlogos/soccer/500/366.png,https://a.espncdn.com/i/teamlogos/soccer/500/357.png,1,1,0,0,0,0,0
soccer-740885,eng.1,2026,2026-03-03 20:15:00+00:00,LIV,WOL,1,2,https://a.espncdn.com/i/teamlogos/soccer/500/364.png,https://a.espncdn.com/i/teamlogos/soccer/500/380.png,1,3,0,0,0,1,0
soccer-740876,eng.1,2026,2026-03-04 19:30:00+00:00,CHE,AVL,4,1,https://a.espncdn.com/i/teamlogos/soccer/500/363.png,https://a.espncdn.com/i/teamlogos/soccer/500/362.png,3,5,0,1,1,0,0
soccer-740878,eng.1,2026,2026-03-04 19:30:00+00:00,ARS,BHA,1,0,https://a.espncdn.com/i/teamlogos/soccer/500/359.png,https://a.espncdn.com/i/teamlogos/soccer/500/331.png,1,1,0,0,0,0,0
soccer-740880,eng.1,2026,2026-03-04 19:30:00+00:00,WHU,FUL,1,0,https://a.espncdn.com/i/teamlogos/soccer/500/371.png,https://a.espncdn.com/i/teamlogos/soccer/500/370.png,1,1,0,0,0,0,0
soccer-740882,eng.1,2026,2026-03-04 19:30:00+00:00,NFO,MNC,2,2,https://a.espncdn.com/i/teamlogos/soccer/500/393.png,https://a.espncdn.com/i/teamlogos/soccer/500/382.png,0,4,0,0,1,0,0
soccer-740883,eng.1,2026,2026-03-04 20:15:00+00:00,MAN,NEW,1,2,https://a.espncdn.com/i/teamlogos/soccer/500/360.png,https://a.espncdn.com/i/teamlogos/soccer/500/361.png,1,3,1,0,0,1,0
soccer-740884,eng.1,2026,2026-03-05 20:00:00+00:00,CRY,TOT,3,1,https://a.espncdn.com/i/teamlogos/soccer/500/384.png,https://a.espncdn.com/i/teamlogos/soccer/500/367.png,2,4,1,1,1,0,0
soccer-740888,eng.1,2026,2026-03-14 15:00:00+00:00,BOU,BUR,0,0,https://a.espncdn.com/i/teamlogos/soccer/500/349.png,https://a.espncdn.com/i/teamlogos/soccer/500/379.png,0,0,0,0,0,0,0
soccer-740894,eng.1,2026,2026-03-14 15:00:00+00:00,BHA,SUN,1,0,https://a.espncdn.com/i/teamlogos/soccer/500/331.png,https://a.espncdn.com/i/teamlogos/soccer/500/366.png,1,1,0,0,0,0,0
soccer-740886,eng.1,2026,2026-03-14 17:30:00+00:00,EVE,ARS,0,2,https://a.espncdn.com/i/teamlogos/soccer/500/368.png,https://a.espncdn.com/i/teamlogos/soccer/500/359.png,2,2,0,0,0,1,0
soccer-740889,eng.1,2026,2026-03-14 17:30:00+00:00,NEW,CHE,1,0,https://a.espncdn.com/i/teamlogos/soccer/500/361.png,https://a.espncdn.com/i/teamlogos/soccer/500/363.png,1,1,0,0,0,0,0
soccer-740895,eng.1,2026,2026-03-14 20:00:00+00:00,MNC,WHU,1,1,https://a.espncdn.com/i/teamlogos/soccer/500/382.png,https://a.espncdn.com/i/teamlogos/soccer/500/371.png,0,2,0,0,1,0,0
soccer-740890,eng.1,2026,2026-03-15 14:00:00+00:00,LEE,CRY,0,0,https://a.espncdn.com/i/teamlogos/soccer/500/357.png,https://a.espncdn.com/i/teamlogos/soccer/500/384.png,0,0,1,0,0,0,0
soccer-740892,eng.1,2026,2026-03-15 14:00:00+00:00,AVL,MAN,1,3,https://a.espncdn.com/i/teamlogos/soccer/500/362.png,https://a.espncdn.com/i/teamlogos/soccer/500/360.png,2,4,0,0,0,1,0
soccer-740893,eng.1,2026,2026-03-15 14:00:00+00:00,FUL,NFO,0,0,https://a.espncdn.com/i/teamlogos/soccer/500/370.png,https://a.espncdn.com/i/teamlogos/soccer/500/393.png,0,0,0,0,0,0,0
soccer-740891,eng.1,2026,2026-03-15 16:30:00+00:00,TOT,LIV,1,1,https://a.espncdn.com/i/teamlogos/soccer/500/367.png,https://a.espncdn.com/i/teamlogos/soccer/500/364.png,0,2,0,0,1,1,0
soccer-740887,eng.1,2026,2026-03-16 20:00:00+00:00,WOL,BRE,2,2,https://a.espncdn.com/i/teamlogos/soccer/500/380.png,https://a.espncdn.com/i/teamlogos/soccer/500/337.png,0,4,0,0,1,0,0
soccer-740897,eng.1,2026,2026-03-20 20:00:00+00:00,MAN,BOU,2,2,https://a.espncdn.com/i/teamlogos/soccer/500/360.png,https://a.espncdn.com/i/teamlogos/soccer/500/349.png,0,4,1,0,1,1,0
soccer-740898,eng.1,2026,2026-03-21 12:45:00+00:00,LIV,BHA,1,2,https://a.espncdn.com/i/teamlogos/soccer/500/364.png,https://a.espncdn.com/i/teamlogos/soccer/500/331.png,1,3,0,0,0,0,0
soccer-740905,eng.1,2026,2026-03-21 15:00:00+00:00,BUR,FUL,1,3,https://a.espncdn.com/i/teamlogos/soccer/500/379.png,https://a.espncdn.com/i/teamlogos/soccer/500/370.png,2,4,1,1,1,1,0
soccer-740899,eng.1,2026,2026-03-21 17:30:00+00:00,CHE,EVE,0,3,https://a.espncdn.com/i/teamlogos/soccer/500/363.png,https://a.espncdn.com/i/teamlogos/soccer/500/368.png,3,3,0,0,0,0,0
soccer-740900,eng.1,2026,2026-03-21 20:00:00+00:00,BRE,LEE,0,0,https://a.espncdn.com/i/teamlogos/soccer/500/337.png,https://a.espncdn.com/i/teamlogos/soccer/500/357.png,0,0,0,0,0,0,0
soccer-740903,eng.1,2026,2026-03-22 12:00:00+00:00,SUN,NEW,2,1,https://a.espncdn.com/i/teamlogos/soccer/500/366.png,https://a.espncdn.com/i/teamlogos/soccer/500/361.png,1,3,0,1,1,1,0
soccer-740896,eng.1,2026,2026-03-22 14:15:00+00:00,WHU,AVL,0,2,https://a.espncdn.com/i/teamlogos/soccer/500/371.png,https://a.espncdn.com/i/teamlogos/soccer/500/362.png,2,2,0,0,0,0,0
soccer-740904,eng.1,2026,2026-03-22 14:15:00+00:00,NFO,TOT,3,0,https://a.espncdn.com/i/teamlogos/soccer/500/393.png,https://a.espncdn.com/i/teamlogos/soccer/500/367.png,3,3,0,0,0,1,0
soccer-740913,eng.1,2026,2026-04-10 19:00:00+00:00,WOL,WHU,0,4,https://a.espncdn.com/i/teamlogos/soccer/500/380.png,https://a.espncdn.com/i/teamlogos/soccer/500/371.png,4,4,0,0,0,1,0
soccer-740908,eng.1,2026,2026-04-11 11:30:00+00:00,BOU,ARS,2,1,https://a.espncdn.com/i/teamlogos/soccer/500/349.png,https://a.espncdn.com/i/teamlogos/soccer/500/359.png,1,3,0,0,0,0,0
soccer-740906,eng.1,2026,2026-04-11 14:00:00+00:00,EVE,BRE,2,2,https://a.espncdn.com/i/teamlogos/soccer/500/368.png,https://a.espncdn.com/i/teamlogos/soccer/500/337.png,0,4,0,0,1,1,0
soccer-740907,eng.1,2026,2026-04-11 14:00:00+00:00,BHA,BUR,2,0,https://a.espncdn.com/i/teamlogos/soccer/500/331.png,https://a.espncdn.com/i/teamlogos/soccer/500/379.png,2,2,0,0,0,1,0
soccer-740911,eng.1,2026,2026-04-11 16:30:00+00:00,FUL,LIV,0,2,https://a.espncdn.com/i/teamlogos/soccer/500/370.png,https://a.espncdn.com/i/teamlogos/soccer/500/364.png,2,2,0,0,0,0,0
soccer-740910,eng.1,2026,2026-04-12 13:00:00+00:00,NEW,CRY,1,2,https://a.espncdn.com/i/teamlogos/soccer/500/361.png,https://a.espncdn.com/i/teamlogos/soccer/500/384.png,1,3,0,1,1,1,0
soccer-740914,eng.1,2026,2026-04-12 13:00:00+00:00,AVL,NFO,1,1,https://a.espncdn.com/i/teamlogos/soccer/500/362.png,https://a.espncdn.com/i/teamlogos/soccer/500/393.png,0,2,0,0,1,0,0
soccer-740915,eng.1,2026,2026-04-12 13:00:00+00:00,TOT,SUN,0,1,https://a.espncdn.com/i/teamlogos/soccer/500/367.png,https://a.espncdn.com/i/teamlogos/soccer/500/366.png,1,1,0,0,0,0,0
soccer-740909,eng.1,2026,2026-04-12 15:30:00+00:00,MNC,CHE,3,0,https://a.espncdn.com/i/teamlogos/soccer/500/382.png,https://a.espncdn.com/i/teamlogos/soccer/500/363.png,3,3,0,0,0,0,0
soccer-740912,eng.1,2026,2026-04-13 19:00:00+00:00,LEE,MAN,2,1,https://a.espncdn.com/i/teamlogos/soccer/500/357.png,https://a.espncdn.com/i/teamlogos/soccer/500/360.png,1,3,1,0,0,0,0
soccer-740921,eng.1,2026,2026-04-18 11:30:00+00:00,FUL,BRE,0,0,https://a.espncdn.com/i/teamlogos/soccer/500/370.png,https://a.espncdn.com/i/teamlogos/soccer/500/337.png,0,0,0,0,0,0,0
soccer-740924,eng.1,2026,2026-04-18 14:00:00+00:00,WOL,LEE,0,3,https://a.espncdn.com/i/teamlogos/soccer/500/380.png,https://a.espncdn.com/i/teamlogos/soccer/500/357.png,3,3,0,0,0,1,0
soccer-740918,eng.1,2026,2026-04-18 14:00:00+00:00,BOU,NEW,2,1,https://a.espncdn.com/i/teamlogos/soccer/500/349.png,https://a.espncdn.com/i/teamlogos/soccer/500/361.png,1,3,0,0,0,1,0
soccer-740920,eng.1,2026,2026-04-18 16:30:00+00:00,BHA,TOT,2,2,https://a.espncdn.com/i/teamlogos/soccer/500/331.png,https://a.espncdn.com/i/teamlogos/soccer/500/367.png,0,4,0,0,1,1,0
soccer-740922,eng.1,2026,2026-04-18 19:00:00+00:00,MAN,CHE,1,0,https://a.espncdn.com/i/teamlogos/soccer/500/360.png,https://a.espncdn.com/i/teamlogos/soccer/500/363.png,1,1,0,0,0,0,0
soccer-740919,eng.1,2026,2026-04-19 13:00:00+00:00,SUN,AVL,3,4,https://a.espncdn.com/i/teamlogos/soccer/500/366.png,https://a.espncdn.com/i/teamlogos/soccer/500/362.png,1,7,0,0,0,1,0
soccer-740925,eng.1,2026,2026-04-19 13:00:00+00:00,LIV,EVE,2,1,https://a.espncdn.com/i/teamlogos/soccer/500/364.png,https://a.espncdn.com/i/teamlogos/soccer/500/368.png,1,3,0,0,0,1,0
soccer-740917,eng.1,2026,2026-04-19 13:00:00+00:00,BUR,NFO,1,4,https://a.espncdn.com/i/teamlogos/soccer/500/379.png,https://a.espncdn.com/i/teamlogos/soccer/500/393.png,3,5,0,1,1,1,0
soccer-740916,eng.1,2026,2026-04-19 15:30:00+00:00,ARS,MNC,1,2,https://a.espncdn.com/i/teamlogos/soccer/500/359.png,https://a.espncdn.com/i/teamlogos/soccer/500/382.png,1,3,0,0,0,0,0
soccer-740923,eng.1,2026,2026-04-20 19:00:00+00:00,WHU,CRY,0,0,https://a.espncdn.com/i/teamlogos/soccer/500/371.png,https://a.espncdn.com/i/teamlogos/soccer/500/384.png,0,0,0,0,0,0,0
soccer-740928,eng.1,2026,2026-04-21 19:00:00+00:00,CHE,BHA,0,3,https://a.espncdn.com/i/teamlogos/soccer/500/363.png,https://a.espncdn.com/i/teamlogos/soccer/500/331.png,3,3,0,0,0,1,0
soccer-740926,eng.1,2026,2026-04-22 19:00:00+00:00,LEE,BOU,2,2,https://a.espncdn.com/i/teamlogos/soccer/500/357.png,https://a.espncdn.com/i/teamlogos/soccer/500/349.png,0,4,0,0,1,1,0
soccer-740929,eng.1,2026,2026-04-22 19:00:00+00:00,MNC,BUR,1,0,https://a.espncdn.com/i/teamlogos/soccer/500/382.png,https://a.espncdn.com/i/teamlogos/soccer/500/379.png,1,1,0,0,0,0,0
soccer-740933,eng.1,2026,2026-04-24 19:00:00+00:00,NFO,SUN,5,0,https://a.espncdn.com/i/teamlogos/soccer/500/393.png,https://a.espncdn.com/i/teamlogos/soccer/500/366.png,5,5,0,0,0,1,0
soccer-740935,eng.1,2026,2026-04-25 11:30:00+00:00,AVL,FUL,0,1,https://a.espncdn.com/i/teamlogos/soccer/500/362.png,https://a.espncdn.com/i/teamlogos/soccer/500/370.png,1,1,0,0,0,0,0
soccer-740927,eng.1,2026,2026-04-25 14:00:00+00:00,CRY,LIV,1,3,https://a.espncdn.com/i/teamlogos/soccer/500/384.png,https://a.espncdn.com/i/teamlogos/soccer/500/364.png,2,4,0,0,0,1,0
soccer-740930,eng.1,2026,2026-04-25 14:00:00+00:00,EVE,WHU,1,2,https://a.espncdn.com/i/teamlogos/soccer/500/368.png,https://a.espncdn.com/i/teamlogos/soccer/500/371.png,1,3,0,0,0,1,0
soccer-740934,eng.1,2026,2026-04-25 14:00:00+00:00,TOT,WOL,1,0,https://a.espncdn.com/i/teamlogos/soccer/500/367.png,https://a.espncdn.com/i/teamlogos/soccer/500/380.png,1,1,0,0,0,1,0
soccer-740931,eng.1,2026,2026-04-25 16:30:00+00:00,NEW,ARS,0,1,https://a.espncdn.com/i/teamlogos/soccer/500/361.png,https://a.espncdn.com/i/teamlogos/soccer/500/359.png,1,1,0,0,0,0,0
soccer-740932,eng.1,2026,2026-04-27 19:00:00+00:00,BRE,MAN,1,2,https://a.espncdn.com/i/teamlogos/soccer/500/337.png,https://a.espncdn.com/i/teamlogos/soccer/500/360.png,1,3,0,0,0,1,0
soccer-740942,eng.1,2026,2026-05-01 19:00:00+00:00,BUR,LEE,1,3,https://a.espncdn.com/i/teamlogos/soccer/500/379.png,https://a.espncdn.com/i/teamlogos/soccer/500/357.png,2,4,0,0,0,0,0
soccer-740939,eng.1,2026,2026-05-02 14:00:00+00:00,WHU,BRE,0,3,https://a.espncdn.com/i/teamlogos/soccer/500/371.png,https://a.espncdn.com/i/teamlogos/soccer/500/337.png,3,3,0,0,0,1,0
soccer-740944,eng.1,2026,2026-05-02 14:00:00+00:00,BHA,NEW,1,3,https://a.espncdn.com/i/teamlogos/soccer/500/331.png,https://a.espncdn.com/i/teamlogos/soccer/500/361.png,2,4,0,0,0,1,0
soccer-740945,eng.1,2026,2026-05-02 14:00:00+00:00,SUN,WOL,1,1,https://a.espncdn.com/i/teamlogos/soccer/500/366.png,https://a.espncdn.com/i/teamlogos/soccer/500/380.png,0,2,1,0,1,0,0
soccer-740936,eng.1,2026,2026-05-02 16:30:00+00:00,FUL,ARS,0,3,https://a.espncdn.com/i/teamlogos/soccer/500/370.png,https://a.espncdn.com/i/teamlogos/soccer/500/359.png,3,3,0,0,0,0,0
soccer-740938,eng.1,2026,2026-05-03 13:00:00+00:00,CRY,BOU,0,3,https://a.espncdn.com/i/teamlogos/soccer/500/384.png,https://a.espncdn.com/i/teamlogos/soccer/500/349.png,3,3,0,0,0,0,0
soccer-740943,eng.1,2026,2026-05-03 14:30:00+00:00,LIV,MAN,2,3,https://a.espncdn.com/i/teamlogos/soccer/500/364.png,https://a.espncdn.com/i/teamlogos/soccer/500/360.png,1,5,0,0,0,0,0
soccer-740937,eng.1,2026,2026-05-03 18:00:00+00:00,TOT,AVL,2,1,https://a.espncdn.com/i/teamlogos/soccer/500/367.png,https://a.espncdn.com/i/teamlogos/soccer/500/362.png,1,3,0,0,0,1,0
soccer-740940,eng.1,2026,2026-05-04 14:00:00+00:00,NFO,CHE,3,1,https://a.espncdn.com/i/teamlogos/soccer/500/393.png,https://a.espncdn.com/i/teamlogos/soccer/500/363.png,2,4,0,0,0,1,0
soccer-740941,eng.1,2026,2026-05-04 19:00:00+00:00,MNC,EVE,3,3,https://a.espncdn.com/i/teamlogos/soccer/500/382.png,https://a.espncdn.com/i/teamlogos/soccer/500/368.png,0,6,0,1,1,1,0
soccer-740950,eng.1,2026,2026-05-09 11:30:00+00:00,CHE,LIV,1,1,https://a.espncdn.com/i/teamlogos/soccer/500/363.png,https://a.espncdn.com/i/teamlogos/soccer/500/364.png,0,2,0,0,1,0,0
soccer-740946,eng.1,2026,2026-05-09 14:00:00+00:00,WOL,BHA,0,3,https://a.espncdn.com/i/teamlogos/soccer/500/380.png,https://a.espncdn.com/i/teamlogos/soccer/500/331.png,3,3,0,0,0,1,0
soccer-740949,eng.1,2026,2026-05-09 14:00:00+00:00,BOU,FUL,1,0,https://a.espncdn.com/i/teamlogos/soccer/500/349.png,https://a.espncdn.com/i/teamlogos/soccer/500/370.png,1,1,2,0,0,0,0
soccer-740953,eng.1,2026,2026-05-09 14:00:00+00:00,MAN,SUN,0,0,https://a.espncdn.com/i/teamlogos/soccer/500/360.png,https://a.espncdn.com/i/teamlogos/soccer/500/366.png,0,0,0,0,0,0,0
soccer-740951,eng.1,2026,2026-05-09 16:30:00+00:00,BRE,MNC,0,3,https://a.espncdn.com/i/teamlogos/soccer/500/337.png,https://a.espncdn.com/i/teamlogos/soccer/500/382.png,3,3,0,0,0,1,0
soccer-740947,eng.1,2026,2026-05-10 13:00:00+00:00,AVL,BUR,2,2,https://a.espncdn.com/i/teamlogos/soccer/500/362.png,https://a.espncdn.com/i/teamlogos/soccer/500/379.png,0,4,0,1,1,0,0
soccer-740948,eng.1,2026,2026-05-10 13:00:00+00:00,EVE,CRY,2,2,https://a.espncdn.com/i/teamlogos/soccer/500/368.png,https://a.espncdn.com/i/teamlogos/soccer/500/384.png,0,4,0,0,1,0,0
soccer-740952,eng.1,2026,2026-05-10 13:00:00+00:00,NEW,NFO,1,1,https://a.espncdn.com/i/teamlogos/soccer/500/361.png,https://a.espncdn.com/i/teamlogos/soccer/500/393.png,0,2,0,0,1,1,0
soccer-740955,eng.1,2026,2026-05-10 15:30:00+00:00,ARS,WHU,1,0,https://a.espncdn.com/i/teamlogos/soccer/500/359.png,https://a.espncdn.com/i/teamlogos/soccer/500/371.png,1,1,0,0,0,1,0
soccer-740954,eng.1,2026,2026-05-11 19:00:00+00:00,LEE,TOT,1,1,https://a.espncdn.com/i/teamlogos/soccer/500/357.png,https://a.espncdn.com/i/teamlogos/soccer/500/367.png,0,2,0,0,1,0,0
soccer-740902,eng.1,2026,2026-05-13 19:00:00+00:00,CRY,MNC,0,3,https://a.espncdn.com/i/teamlogos/soccer/500/384.png,https://a.espncdn.com/i/teamlogos/soccer/500/382.png,3,3,0,0,0,1,0
soccer-740957,eng.1,2026,2026-05-15 19:00:00+00:00,LIV,AVL,2,4,https://a.espncdn.com/i/teamlogos/soccer/500/364.png,https://a.espncdn.com/i/teamlogos/soccer/500/362.png,2,6,0,0,0,1,0
soccer-740963,eng.1,2026,2026-05-17 11:30:00+00:00,NFO,MAN,2,3,https://a.espncdn.com/i/teamlogos/soccer/500/393.png,https://a.espncdn.com/i/teamlogos/soccer/500/360.png,1,5,0,0,0,0,0
soccer-740959,eng.1,2026,2026-05-17 14:00:00+00:00,CRY,BRE,2,2,https://a.espncdn.com/i/teamlogos/soccer/500/384.png,https://a.espncdn.com/i/teamlogos/soccer/500/337.png,0,4,0,0,1,1,0
soccer-740961,eng.1,2026,2026-05-17 14:00:00+00:00,SUN,EVE,3,1,https://a.espncdn.com/i/teamlogos/soccer/500/366.png,https://a.espncdn.com/i/teamlogos/soccer/500/368.png,2,4,0,1,1,1,0
soccer-740962,eng.1,2026,2026-05-17 14:00:00+00:00,BHA,LEE,0,1,https://a.espncdn.com/i/teamlogos/soccer/500/331.png,https://a.espncdn.com/i/teamlogos/soccer/500/357.png,1,1,0,0,0,1,0
soccer-740965,eng.1,2026,2026-05-17 14:00:00+00:00,FUL,WOL,1,1,https://a.espncdn.com/i/teamlogos/soccer/500/370.png,https://a.espncdn.com/i/teamlogos/soccer/500/380.png,0,2,0,0,1,0,0
soccer-740964,eng.1,2026,2026-05-17 16:30:00+00:00,WHU,NEW,1,3,https://a.espncdn.com/i/teamlogos/soccer/500/371.png,https://a.espncdn.com/i/teamlogos/soccer/500/361.png,2,4,0,0,0,0,0
soccer-740956,eng.1,2026,2026-05-18 19:00:00+00:00,BUR,ARS,0,1,https://a.espncdn.com/i/teamlogos/soccer/500/379.png,https://a.espncdn.com/i/teamlogos/soccer/500/359.png,1,1,0,0,0,0,0
soccer-740958,eng.1,2026,2026-05-19 18:30:00+00:00,MNC,BOU,1,1,https://a.espncdn.com/i/teamlogos/soccer/500/382.png,https://a.espncdn.com/i/teamlogos/soccer/500/349.png,0,2,0,0,1,1,0
soccer-740960,eng.1,2026,2026-05-19 19:15:00+00:00,TOT,CHE,1,2,https://a.espncdn.com/i/teamlogos/soccer/500/367.png,https://a.espncdn.com/i/teamlogos/soccer/500/363.png,1,3,0,0,0,0,0
soccer-740966,eng.1,2026,2026-05-24 15:00:00+00:00,MAN,BHA,3,0,https://a.espncdn.com/i/teamlogos/soccer/500/360.png,https://a.espncdn.com/i/teamlogos/soccer/500/331.png,3,3,0,0,0,0,0
soccer-740967,eng.1,2026,2026-05-24 15:00:00+00:00,WOL,BUR,1,1,https://a.espncdn.com/i/teamlogos/soccer/500/380.png,https://a.espncdn.com/i/teamlogos/soccer/500/379.png,0,2,0,0,1,0,0
soccer-740968,eng.1,2026,2026-05-24 15:00:00+00:00,ARS,CRY,2,1,https://a.espncdn.com/i/teamlogos/soccer/500/359.png,https://a.espncdn.com/i/teamlogos/soccer/500/384.png,1,3,0,0,0,1,0
soccer-740969,eng.1,2026,2026-05-24 15:00:00+00:00,NEW,FUL,0,2,https://a.espncdn.com/i/teamlogos/soccer/500/361.png,https://a.espncdn.com/i/teamlogos/soccer/500/370.png,2,2,0,0,0,1,0
soccer-740975,eng.1,2026,2026-05-24 15:00:00+00:00,BRE,LIV,1,1,https://a.espncdn.com/i/teamlogos/soccer/500/337.png,https://a.espncdn.com/i/teamlogos/soccer/500/364.png,0,2,0,0,1,0,0
soccer-740970,eng.1,2026,2026-05-24 15:00:00+00:00,AVL,MNC,2,1,https://a.espncdn.com/i/teamlogos/soccer/500/362.png,https://a.espncdn.com/i/teamlogos/soccer/500/382.png,1,3,0,1,1,0,0
soccer-740972,eng.1,2026,2026-05-24 15:00:00+00:00,BOU,NFO,1,1,https://a.espncdn.com/i/teamlogos/soccer/500/349.png,https://a.espncdn.com/i/teamlogos/soccer/500/393.png,0,2,0,0,1,0,0
soccer-740973,eng.1,2026,2026-05-24 15:00:00+00:00,CHE,SUN,1,2,https://a.espncdn.com/i/teamlogos/soccer/500/363.png,https://a.espncdn.com/i/teamlogos/soccer/500/366.png,1,3,1,0,0,0,0
soccer-740974,eng.1,2026,2026-05-24 15:00:00+00:00,EVE,TOT,0,1,https://a.espncdn.com/i/teamlogos/soccer/500/368.png,https://a.espncdn.com/i/teamlogos/soccer/500/367.png,1,1,0,0,0,0,0
soccer-740971,eng.1,2026,2026-05-24 15:00:00+00:00,LEE,WHU,0,3,https://a.espncdn.com/i/teamlogos/soccer/500/357.png,https://a.espncdn.com/i/teamlogos/soccer/500/371.png,3,3,0,0,0,1,0
soccer-687537,uefa.champions,2024,2023-09-19 16:45:00+00:00,NEW,MIL,0,0,https://a.espncdn.com/i/teamlogos/soccer/500/361.png,https://a.espncdn.com/i/teamlogos/soccer/500/103.png,0,0,0,0,0,0,0
soccer-687536,uefa.champions,2024,2023-09-19 16:45:00+00:00,RBL,YB,3,1,https://a.espncdn.com/i/teamlogos/soccer/500/11420.png,https://a.espncdn.com/i/teamlogos/soccer/500/2722.png,2,4,0,0,0,1,0
soccer-687543,uefa.champions,2024,2023-09-19 19:00:00+00:00,ANT,BAR,0,5,https://a.espncdn.com/i/teamlogos/soccer/500/17544.png,https://a.espncdn.com/i/teamlogos/soccer/500/83.png,5,5,0,0,0,0,0
soccer-687542,uefa.champions,2024,2023-09-19 19:00:00+00:00,CEL,FEY,0,2,https://a.espncdn.com/i/teamlogos/soccer/500/256.png,https://a.espncdn.com/i/teamlogos/soccer/500/142.png,2,2,2,0,0,0,0
soccer-687541,uefa.champions,2024,2023-09-19 19:00:00+00:00,ATM,LAZ,1,1,https://a.espncdn.com/i/teamlogos/soccer/500/1068.png,https://a.espncdn.com/i/teamlogos/soccer/500/112.png,0,2,0,0,1,1,0
soccer-687540,uefa.champions,2024,2023-09-19 19:00:00+00:00,RSB,MNC,1,3,https://a.espncdn.com/i/teamlogos/soccer/500/2290.png,https://a.espncdn.com/i/teamlogos/soccer/500/382.png,2,4,0,1,1,0,0
soccer-687539,uefa.champions,2024,2023-09-19 19:00:00+00:00,DOR,PSG,0,2,https://a.espncdn.com/i/teamlogos/soccer/500/124.png,https://a.espncdn.com/i/teamlogos/soccer/500/160.png,2,2,0,0,0,0,0
soccer-687538,uefa.champions,2024,2023-09-19 19:00:00+00:00,FCP,SHK,3,1,https://a.espncdn.com/i/teamlogos/soccer/500/437.png,https://a.espncdn.com/i/teamlogos/soccer/500/493.png,2,4,0,0,0,0,0
soccer-687545,uefa.champions,2024,2023-09-20 16:45:00+00:00,KBH,GAL,2,2,https://a.espncdn.com/i/teamlogos/soccer/500/909.png,https://a.espncdn.com/i/teamlogos/soccer/500/432.png,0,4,1,0,1,1,0
soccer-687544,uefa.champions,2024,2023-09-20 16:45:00+00:00,FCU,RMA,0,1,https://a.espncdn.com/i/teamlogos/soccer/500/598.png,https://a.espncdn.com/i/teamlogos/soccer/500/86.png,1,1,0,0,0,1,0
soccer-687549,uefa.champions,2024,2023-09-20 19:00:00+00:00,PSV,ARS,0,4,https://a.espncdn.com/i/teamlogos/soccer/500/148.png,https://a.espncdn.com/i/teamlogos/soccer/500/359.png,4,4,0,0,0,0,0
soccer-687551,uefa.champions,2024,2023-09-20 19:00:00+00:00,MAN,MUN,3,4,https://a.espncdn.com/i/teamlogos/soccer/500/360.png,https://a.espncdn.com/i/teamlogos/soccer/500/132.png,1,7,0,0,0,1,0
soccer-687550,uefa.champions,2024,2023-09-20 19:00:00+00:00,SLZ,SLB,2,0,https://a.espncdn.com/i/teamlogos/soccer/500/2790.png,https://a.espncdn.com/i/teamlogos/soccer/500/1929.png,2,2,1,0,0,0,0
soccer-687546,uefa.champions,2024,2023-09-20 19:00:00+00:00,NAP,SCB,2,1,https://a.espncdn.com/i/teamlogos/soccer/500/114.png,https://a.espncdn.com/i/teamlogos/soccer/500/2994.png,1,3,0,0,0,1,0
soccer-687548,uefa.champions,2024,2023-09-20 19:00:00+00:00,INT,RSO,1,1,https://a.espncdn.com/i/teamlogos/soccer/500/110.png,https://a.espncdn.com/i/teamlogos/soccer/500/89.png,0,2,0,0,1,1,0
soccer-687547,uefa.champions,2024,2023-09-20 19:00:00+00:00,RCL,SEV,1,1,https://a.espncdn.com/i/teamlogos/soccer/500/175.png,https://a.espncdn.com/i/teamlogos/soccer/500/243.png,0,2,0,0,1,0,0
soccer-687553,uefa.champions,2024,2023-10-03 16:45:00+00:00,SCB,FCU,3,2,https://a.espncdn.com/i/teamlogos/soccer/500/2994.png,https://a.espncdn.com/i/teamlogos/soccer/500/598.png,1,5,0,1,1,1,0
soccer-687552,uefa.champions,2024,2023-10-03 16:45:00+00:00,RSO,SLZ,2,0,https://a.espncdn.com/i/teamlogos/soccer/500/89.png,https://a.espncdn.com/i/teamlogos/soccer/500/2790.png,2,2,0,0,0,0,0
soccer-687555,uefa.champions,2024,2023-10-03 19:00:00+00:00,MUN,KBH,2,1,https://a.espncdn.com/i/teamlogos/soccer/500/132.png,https://a.espncdn.com/i/teamlogos/soccer/500/909.png,1,3,0,1,1,1,0
soccer-687558,uefa.champions,2024,2023-10-03 19:00:00+00:00,SLB,INT,0,1,https://a.espncdn.com/i/teamlogos/soccer/500/1929.png,https://a.espncdn.com/i/teamlogos/soccer/500/110.png,1,1,0,0,0,0,0
soccer-687557,uefa.champions,2024,2023-10-03 19:00:00+00:00,ARS,RCL,1,2,https://a.espncdn.com/i/teamlogos/soccer/500/359.png,https://a.espncdn.com/i/teamlogos/soccer/500/175.png,1,3,0,1,1,0,0
soccer-687556,uefa.champions,2024,2023-10-03 19:00:00+00:00,GAL,MAN,3,2,https://a.espncdn.com/i/teamlogos/soccer/500/432.png,https://a.espncdn.com/i/teamlogos/soccer/500/360.png,1,5,1,1,1,1,0
soccer-687554,uefa.champions,2024,2023-10-03 19:00:00+00:00,RMA,NAP,3,2,https://a.espncdn.com/i/teamlogos/soccer/500/86.png,https://a.espncdn.com/i/teamlogos/soccer/500/114.png,1,5,0,1,1,0,0
soccer-687559,uefa.champions,2024,2023-10-03 19:00:00+00:00,SEV,PSV,2,2,https://a.espncdn.com/i/teamlogos/soccer/500/243.png,https://a.espncdn.com/i/teamlogos/soccer/500/148.png,0,4,0,0,1,1,0
soccer-687560,uefa.champions,2024,2023-10-04 16:45:00+00:00,SHK,ANT,3,2,https://a.espncdn.com/i/teamlogos/soccer/500/493.png,https://a.espncdn.com/i/teamlogos/soccer/500/17544.png,1,5,0,1,1,0,0
soccer-687561,uefa.champions,2024,2023-10-04 16:45:00+00:00,FEY,ATM,2,3,https://a.espncdn.com/i/teamlogos/soccer/500/142.png,https://a.espncdn.com/i/teamlogos/soccer/500/1068.png,1,5,0,1,1,0,0
soccer-687565,uefa.champions,2024,2023-10-04 19:00:00+00:00,MIL,DOR,0,0,https://a.espncdn.com/i/teamlogos/soccer/500/103.png,https://a.espncdn.com/i/teamlogos/soccer/500/124.png,0,0,0,0,0,0,0
soccer-687567,uefa.champions,2024,2023-10-04 19:00:00+00:00,LAZ,CEL,2,1,https://a.espncdn.com/i/teamlogos/soccer/500/112.png,https://a.espncdn.com/i/teamlogos/soccer/500/256.png,1,3,0,1,1,1,0
soccer-687562,uefa.champions,2024,2023-10-04 19:00:00+00:00,BAR,FCP,1,0,https://a.espncdn.com/i/teamlogos/soccer/500/83.png,https://a.espncdn.com/i/teamlogos/soccer/500/437.png,1,1,1,0,0,0,0
soccer-687563,uefa.champions,2024,2023-10-04 19:00:00+00:00,PSG,NEW,1,4,https://a.espncdn.com/i/teamlogos/soccer/500/160.png,https://a.espncdn.com/i/teamlogos/soccer/500/361.png,3,5,0,0,0,1,0
soccer-687564,uefa.champions,2024,2023-10-04 19:00:00+00:00,MNC,RBL,3,1,https://a.espncdn.com/i/teamlogos/soccer/500/382.png,https://a.espncdn.com/i/teamlogos/soccer/500/11420.png,2,4,0,0,0,1,0
soccer-687566,uefa.champions,2024,2023-10-04 19:00:00+00:00,YB,RSB,2,2,https://a.espncdn.com/i/teamlogos/soccer/500/2722.png,https://a.espncdn.com/i/teamlogos/soccer/500/2290.png,0,4,0,1,1,1,0
soccer-687569,uefa.champions,2024,2023-10-24 16:45:00+00:00,MUN,GAL,3,1,https://a.espncdn.com/i/teamlogos/soccer/500/132.png,https://a.espncdn.com/i/teamlogos/soccer/500/432.png,2,4,0,0,0,0,0
soccer-687568,uefa.champions,2024,2023-10-24 16:45:00+00:00,SLZ,INT,1,2,https://a.espncdn.com/i/teamlogos/soccer/500/2790.png,https://a.espncdn.com/i/teamlogos/soccer/500/110.png,1,3,0,0,0,0,0
soccer-687571,uefa.champions,2024,2023-10-24 19:00:00+00:00,NAP,FCU,1,0,https://a.espncdn.com/i/teamlogos/soccer/500/114.png,https://a.espncdn.com/i/teamlogos/soccer/500/598.png,1,1,0,0,0,0,0
soccer-687570,uefa.champions,2024,2023-10-24 19:00:00+00:00,RSO,SLB,1,0,https://a.espncdn.com/i/teamlogos/soccer/500/89.png,https://a.espncdn.com/i/teamlogos/soccer/500/1929.png,1,1,0,0,0,0,0
soccer-687572,uefa.champions,2024,2023-10-24 19:00:00+00:00,RMA,SCB,2,1,https://a.espncdn.com/i/teamlogos/soccer/500/86.png,https://a.espncdn.com/i/teamlogos/soccer/500/2994.png,1,3,0,0,0,0,0
soccer-687575,uefa.champions,2024,2023-10-24 19:00:00+00:00,PSV,RCL,1,1,https://a.espncdn.com/i/teamlogos/soccer/500/148.png,https://a.espncdn.com/i/teamlogos/soccer/500/175.png,0,2,0,0,1,0,0
soccer-687574,uefa.champions,2024,2023-10-24 19:00:00+00:00,KBH,MAN,0,1,https://a.espncdn.com/i/teamlogos/soccer/500/909.png,https://a.espncdn.com/i/teamlogos/soccer/500/360.png,1,1,0,0,0,0,0
soccer-687573,uefa.champions,2024,2023-10-24 19:00:00+00:00,ARS,SEV,2,1,https://a.espncdn.com/i/teamlogos/soccer/500/359.png,https://a.espncdn.com/i/teamlogos/soccer/500/243.png,1,3,0,0,0,0,0
soccer-687577,uefa.champions,2024,2023-10-25 16:45:00+00:00,SHK,BAR,1,2,https://a.espncdn.com/i/teamlogos/soccer/500/493.png,https://a.espncdn.com/i/teamlogos/soccer/500/83.png,1,3,0,0,0,0,0
soccer-687576,uefa.champions,2024,2023-10-25 16:45:00+00:00,LAZ,FEY,1,3,https://a.espncdn.com/i/teamlogos/soccer/500/112.png,https://a.espncdn.com/i/teamlogos/soccer/500/142.png,2,4,0,0,0,1,0
soccer-687579,uefa.champions,2024,2023-10-25 19:00:00+00:00,FCP,ANT,4,1,https://a.espncdn.com/i/teamlogos/soccer/500/437.png,https://a.espncdn.com/i/teamlogos/soccer/500/17544.png,3,5,0,1,1,1,0
soccer-687578,uefa.champions,2024,2023-10-25 19:00:00+00:00,ATM,CEL,2,2,https://a.espncdn.com/i/teamlogos/soccer/500/1068.png,https://a.espncdn.com/i/teamlogos/soccer/500/256.png,0,4,1,0,1,0,0
soccer-687582,uefa.champions,2024,2023-10-25 19:00:00+00:00,DOR,NEW,1,0,https://a.espncdn.com/i/teamlogos/soccer/500/124.png,https://a.espncdn.com/i/teamlogos/soccer/500/361.png,1,1,0,0,0,0,0
soccer-687581,uefa.champions,2024,2023-10-25 19:00:00+00:00,MIL,PSG,0,3,https://a.espncdn.com/i/teamlogos/soccer/500/103.png,https://a.espncdn.com/i/teamlogos/soccer/500/160.png,3,3,0,0,0,1,0
soccer-687583,uefa.champions,2024,2023-10-25 19:00:00+00:00,RSB,RBL,1,3,https://a.espncdn.com/i/teamlogos/soccer/500/2290.png,https://a.espncdn.com/i/teamlogos/soccer/500/11420.png,2,4,0,0,0,1,0
soccer-687580,uefa.champions,2024,2023-10-25 19:00:00+00:00,MNC,YB,3,1,https://a.espncdn.com/i/teamlogos/soccer/500/382.png,https://a.espncdn.com/i/teamlogos/soccer/500/2722.png,2,4,0,0,0,1,0
soccer-687585,uefa.champions,2024,2023-11-07 17:45:00+00:00,NEW,DOR,0,2,https://a.espncdn.com/i/teamlogos/soccer/500/361.png,https://a.espncdn.com/i/teamlogos/soccer/500/124.png,2,2,0,0,0,0,0
soccer-687584,uefa.champions,2024,2023-11-07 17:45:00+00:00,BAR,SHK,0,1,https://a.espncdn.com/i/teamlogos/soccer/500/83.png,https://a.espncdn.com/i/teamlogos/soccer/500/493.png,1,1,0,0,0,0,0
soccer-687586,uefa.champions,2024,2023-11-07 20:00:00+00:00,PSG,MIL,1,2,https://a.espncdn.com/i/teamlogos/soccer/500/160.png,https://a.espncdn.com/i/teamlogos/soccer/500/103.png,1,3,0,1,1,0,0
soccer-687591,uefa.champions,2024,2023-11-07 20:00:00+00:00,CEL,ATM,0,6,https://a.espncdn.com/i/teamlogos/soccer/500/256.png,https://a.espncdn.com/i/teamlogos/soccer/500/1068.png,6,6,1,0,0,1,0
soccer-687589,uefa.champions,2024,2023-11-07 20:00:00+00:00,ANT,FCP,0,2,https://a.espncdn.com/i/teamlogos/soccer/500/17544.png,https://a.espncdn.com/i/teamlogos/soccer/500/437.png,2,2,1,0,0,1,0
soccer-687588,uefa.champions,2024,2023-11-07 20:00:00+00:00,FEY,LAZ,0,1,https://a.espncdn.com/i/teamlogos/soccer/500/142.png,https://a.espncdn.com/i/teamlogos/soccer/500/112.png,1,1,0,0,0,0,0
soccer-687587,uefa.champions,2024,2023-11-07 20:00:00+00:00,YB,MNC,0,3,https://a.espncdn.com/i/teamlogos/soccer/500/2722.png,https://a.espncdn.com/i/teamlogos/soccer/500/382.png,3,3,1,0,0,0,0
soccer-687590,uefa.champions,2024,2023-11-07 20:00:00+00:00,RBL,RSB,2,1,https://a.espncdn.com/i/teamlogos/soccer/500/11420.png,https://a.espncdn.com/i/teamlogos/soccer/500/2290.png,1,3,0,0,0,1,0
soccer-687593,uefa.champions,2024,2023-11-08 17:45:00+00:00,FCU,NAP,1,1,https://a.espncdn.com/i/teamlogos/soccer/500/598.png,https://a.espncdn.com/i/teamlogos/soccer/500/114.png,0,2,0,0,1,0,0
soccer-687592,uefa.champions,2024,2023-11-08 17:45:00+00:00,SLB,RSO,1,3,https://a.espncdn.com/i/teamlogos/soccer/500/1929.png,https://a.espncdn.com/i/teamlogos/soccer/500/89.png,2,4,0,0,0,0,0
soccer-687595,uefa.champions,2024,2023-11-08 20:00:00+00:00,SEV,ARS,0,2,https://a.espncdn.com/i/teamlogos/soccer/500/243.png,https://a.espncdn.com/i/teamlogos/soccer/500/359.png,2,2,0,0,0,0,0
soccer-687594,uefa.champions,2024,2023-11-08 20:00:00+00:00,GAL,MUN,1,2,https://a.espncdn.com/i/teamlogos/soccer/500/432.png,https://a.espncdn.com/i/teamlogos/soccer/500/132.png,1,3,0,0,0,1,0
soccer-687596,uefa.champions,2024,2023-11-08 20:00:00+00:00,MAN,KBH,3,4,https://a.espncdn.com/i/teamlogos/soccer/500/360.png,https://a.espncdn.com/i/teamlogos/soccer/500/909.png,1,7,1,1,1,1,0
soccer-687598,uefa.champions,2024,2023-11-08 20:00:00+00:00,RCL,PSV,0,1,https://a.espncdn.com/i/teamlogos/soccer/500/175.png,https://a.espncdn.com/i/teamlogos/soccer/500/148.png,1,1,1,0,0,0,0
soccer-687599,uefa.champions,2024,2023-11-08 20:00:00+00:00,INT,SLZ,1,0,https://a.espncdn.com/i/teamlogos/soccer/500/110.png,https://a.espncdn.com/i/teamlogos/soccer/500/2790.png,1,1,0,0,0,1,0
soccer-687597,uefa.champions,2024,2023-11-08 20:00:00+00:00,SCB,RMA,0,3,https://a.espncdn.com/i/teamlogos/soccer/500/2994.png,https://a.espncdn.com/i/teamlogos/soccer/500/86.png,3,3,0,0,0,0,0
soccer-687601,uefa.champions,2024,2023-11-28 17:45:00+00:00,CEL,LAZ,0,2,https://a.espncdn.com/i/teamlogos/soccer/500/256.png,https://a.espncdn.com/i/teamlogos/soccer/500/112.png,2,2,0,0,0,1,0
soccer-687600,uefa.champions,2024,2023-11-28 17:45:00+00:00,ANT,SHK,0,1,https://a.espncdn.com/i/teamlogos/soccer/500/17544.png,https://a.espncdn.com/i/teamlogos/soccer/500/493.png,1,1,1,0,0,0,0
soccer-687604,uefa.champions,2024,2023-11-28 20:00:00+00:00,DOR,MIL,3,1,https://a.espncdn.com/i/teamlogos/soccer/500/124.png,https://a.espncdn.com/i/teamlogos/soccer/500/103.png,2,4,0,0,0,0,0
soccer-687607,uefa.champions,2024,2023-11-28 20:00:00+00:00,FCP,BAR,1,2,https://a.espncdn.com/i/teamlogos/soccer/500/437.png,https://a.espncdn.com/i/teamlogos/soccer/500/83.png,1,3,0,1,1,0,0
soccer-687606,uefa.champions,2024,2023-11-28 20:00:00+00:00,ATM,FEY,3,1,https://a.espncdn.com/i/teamlogos/soccer/500/1068.png,https://a.espncdn.com/i/teamlogos/soccer/500/142.png,2,4,0,0,0,1,0
soccer-687605,uefa.champions,2024,2023-11-28 20:00:00+00:00,RBL,MNC,2,3,https://a.espncdn.com/i/teamlogos/soccer/500/11420.png,https://a.espncdn.com/i/teamlogos/soccer/500/382.png,1,5,0,1,1,1,0
soccer-687603,uefa.champions,2024,2023-11-28 20:00:00+00:00,NEW,PSG,1,1,https://a.espncdn.com/i/teamlogos/soccer/500/361.png,https://a.espncdn.com/i/teamlogos/soccer/500/160.png,0,2,0,0,1,1,0
soccer-687602,uefa.champions,2024,2023-11-28 20:00:00+00:00,RSB,YB,0,2,https://a.espncdn.com/i/teamlogos/soccer/500/2290.png,https://a.espncdn.com/i/teamlogos/soccer/500/2722.png,2,2,0,0,0,0,0
soccer-687609,uefa.champions,2024,2023-11-29 17:45:00+00:00,MAN,GAL,3,3,https://a.espncdn.com/i/teamlogos/soccer/500/360.png,https://a.espncdn.com/i/teamlogos/soccer/500/432.png,0,6,0,0,1,0,0
soccer-687608,uefa.champions,2024,2023-11-29 17:45:00+00:00,PSV,SEV,3,2,https://a.espncdn.com/i/teamlogos/soccer/500/148.png,https://a.espncdn.com/i/teamlogos/soccer/500/243.png,1,5,2,1,1,1,0
soccer-687611,uefa.champions,2024,2023-11-29 20:00:00+00:00,RCL,ARS,0,6,https://a.espncdn.com/i/teamlogos/soccer/500/175.png,https://a.espncdn.com/i/teamlogos/soccer/500/359.png,6,6,0,0,0,1,0
soccer-687615,uefa.champions,2024,2023-11-29 20:00:00+00:00,KBH,MUN,0,0,https://a.espncdn.com/i/teamlogos/soccer/500/909.png,https://a.espncdn.com/i/teamlogos/soccer/500/132.png,0,0,0,0,0,0,0
soccer-687614,uefa.champions,2024,2023-11-29 20:00:00+00:00,INT,SLB,3,3,https://a.espncdn.com/i/teamlogos/soccer/500/110.png,https://a.espncdn.com/i/teamlogos/soccer/500/1929.png,0,6,1,0,1,0,0
soccer-687610,uefa.champions,2024,2023-11-29 20:00:00+00:00,FCU,SCB,1,1,https://a.espncdn.com/i/teamlogos/soccer/500/598.png,https://a.espncdn.com/i/teamlogos/soccer/500/2994.png,0,2,1,0,1,0,0
soccer-687613,uefa.champions,2024,2023-11-29 20:00:00+00:00,NAP,RMA,2,4,https://a.espncdn.com/i/teamlogos/soccer/500/114.png,https://a.espncdn.com/i/teamlogos/soccer/500/86.png,2,6,0,1,1,1,0
soccer-687612,uefa.champions,2024,2023-11-29 20:00:00+00:00,SLZ,RSO,0,0,https://a.espncdn.com/i/teamlogos/soccer/500/2790.png,https://a.espncdn.com/i/teamlogos/soccer/500/89.png,0,0,0,0,0,0,0
soccer-687617,uefa.champions,2024,2023-12-12 17:45:00+00:00,SEV,RCL,1,2,https://a.espncdn.com/i/teamlogos/soccer/500/243.png,https://a.espncdn.com/i/teamlogos/soccer/500/175.png,1,3,0,0,0,1,0
soccer-687616,uefa.champions,2024,2023-12-12 17:45:00+00:00,ARS,PSV,1,1,https://a.espncdn.com/i/teamlogos/soccer/500/359.png,https://a.espncdn.com/i/teamlogos/soccer/500/148.png,0,2,0,0,1,0,0
soccer-687619,uefa.champions,2024,2023-12-12 20:00:00+00:00,RMA,FCU,3,2,https://a.espncdn.com/i/teamlogos/soccer/500/86.png,https://a.espncdn.com/i/teamlogos/soccer/500/598.png,1,5,0,1,1,1,0
soccer-687623,uefa.champions,2024,2023-12-12 20:00:00+00:00,GAL,KBH,0,1,https://a.espncdn.com/i/teamlogos/soccer/500/432.png,https://a.espncdn.com/i/teamlogos/soccer/500/909.png,1,1,1,0,0,0,0
soccer-687618,uefa.champions,2024,2023-12-12 20:00:00+00:00,RSO,INT,0,0,https://a.espncdn.com/i/teamlogos/soccer/500/89.png,https://a.espncdn.com/i/teamlogos/soccer/500/110.png,0,0,0,0,0,0,0
soccer-687621,uefa.champions,2024,2023-12-12 20:00:00+00:00,MUN,MAN,1,0,https://a.espncdn.com/i/teamlogos/soccer/500/132.png,https://a.espncdn.com/i/teamlogos/soccer/500/360.png,1,1,0,0,0,0,0
soccer-687622,uefa.champions,2024,2023-12-12 20:00:00+00:00,SCB,NAP,0,2,https://a.espncdn.com/i/teamlogos/soccer/500/2994.png,https://a.espncdn.com/i/teamlogos/soccer/500/114.png,2,2,0,0,0,0,0
soccer-687620,uefa.champions,2024,2023-12-12 20:00:00+00:00,SLB,SLZ,3,1,https://a.espncdn.com/i/teamlogos/soccer/500/1929.png,https://a.espncdn.com/i/teamlogos/soccer/500/2790.png,2,4,0,0,0,1,0
soccer-687624,uefa.champions,2024,2023-12-13 17:45:00+00:00,YB,RBL,1,2,https://a.espncdn.com/i/teamlogos/soccer/500/2722.png,https://a.espncdn.com/i/teamlogos/soccer/500/11420.png,1,3,0,0,0,0,0
soccer-687625,uefa.champions,2024,2023-12-13 17:45:00+00:00,MNC,RSB,3,2,https://a.espncdn.com/i/teamlogos/soccer/500/382.png,https://a.espncdn.com/i/teamlogos/soccer/500/2290.png,1,5,0,0,0,1,0
soccer-687627,uefa.champions,2024,2023-12-13 20:00:00+00:00,BAR,ANT,2,3,https://a.espncdn.com/i/teamlogos/soccer/500/83.png,https://a.espncdn.com/i/teamlogos/soccer/500/17544.png,1,5,0,0,0,1,0
soccer-687626,uefa.champions,2024,2023-12-13 20:00:00+00:00,LAZ,ATM,0,2,https://a.espncdn.com/i/teamlogos/soccer/500/112.png,https://a.espncdn.com/i/teamlogos/soccer/500/1068.png,2,2,0,0,0,0,0
soccer-687628,uefa.champions,2024,2023-12-13 20:00:00+00:00,PSG,DOR,1,1,https://a.espncdn.com/i/teamlogos/soccer/500/160.png,https://a.espncdn.com/i/teamlogos/soccer/500/124.png,0,2,0,0,1,0,0
soccer-687629,uefa.champions,2024,2023-12-13 20:00:00+00:00,FEY,CEL,1,2,https://a.espncdn.com/i/teamlogos/soccer/500/142.png,https://a.espncdn.com/i/teamlogos/soccer/500/256.png,1,3,0,0,0,1,0
soccer-687630,uefa.champions,2024,2023-12-13 20:00:00+00:00,SHK,FCP,3,5,https://a.espncdn.com/i/teamlogos/soccer/500/493.png,https://a.espncdn.com/i/teamlogos/soccer/500/437.png,2,8,0,0,0,1,0
soccer-687631,uefa.champions,2024,2023-12-13 20:00:00+00:00,MIL,NEW,2,1,https://a.espncdn.com/i/teamlogos/soccer/500/103.png,https://a.espncdn.com/i/teamlogos/soccer/500/361.png,1,3,0,1,1,1,0
soccer-691512,uefa.champions,2024,2024-02-13 20:00:00+00:00,MNC,KBH,3,1,https://a.espncdn.com/i/teamlogos/soccer/500/382.png,https://a.espncdn.com/i/teamlogos/soccer/500/909.png,2,4,0,0,0,1,1
soccer-691514,uefa.champions,2024,2024-02-13 20:00:00+00:00,RMA,RBL,1,0,https://a.espncdn.com/i/teamlogos/soccer/500/86.png,https://a.espncdn.com/i/teamlogos/soccer/500/11420.png,1,1,0,0,0,0,1
soccer-691513,uefa.champions,2024,2024-02-14 20:00:00+00:00,MUN,LAZ,0,1,https://a.espncdn.com/i/teamlogos/soccer/500/132.png,https://a.espncdn.com/i/teamlogos/soccer/500/112.png,1,1,1,0,0,0,1
soccer-691515,uefa.champions,2024,2024-02-14 20:00:00+00:00,RSO,PSG,0,2,https://a.espncdn.com/i/teamlogos/soccer/500/89.png,https://a.espncdn.com/i/teamlogos/soccer/500/160.png,2,2,0,0,0,0,1
soccer-691510,uefa.champions,2024,2024-02-20 20:00:00+00:00,ATM,INT,0,1,https://a.espncdn.com/i/teamlogos/soccer/500/1068.png,https://a.espncdn.com/i/teamlogos/soccer/500/110.png,1,1,0,0,0,0,1
soccer-691516,uefa.champions,2024,2024-02-20 20:00:00+00:00,DOR,PSV,1,1,https://a.espncdn.com/i/teamlogos/soccer/500/124.png,https://a.espncdn.com/i/teamlogos/soccer/500/148.png,0,2,0,0,1,0,1
soccer-691511,uefa.champions,2024,2024-02-21 20:00:00+00:00,ARS,FCP,0,1,https://a.espncdn.com/i/teamlogos/soccer/500/359.png,https://a.espncdn.com/i/teamlogos/soccer/500/437.png,1,1,0,0,0,1,1
soccer-691517,uefa.champions,2024,2024-02-21 20:00:00+00:00,BAR,NAP,1,1,https://a.espncdn.com/i/teamlogos/soccer/500/83.png,https://a.espncdn.com/i/teamlogos/soccer/500/114.png,0,2,0,0,1,0,1
soccer-691521,uefa.champions,2024,2024-03-05 20:00:00+00:00,LAZ,MUN,0,3,https://a.espncdn.com/i/teamlogos/soccer/500/112.png,https://a.espncdn.com/i/teamlogos/soccer/500/132.png,3,3,0,0,0,0,1
soccer-691523,uefa.champions,2024,2024-03-05 20:00:00+00:00,PSG,RSO,2,1,https://a.espncdn.com/i/teamlogos/soccer/500/160.png,https://a.espncdn.com/i/teamlogos/soccer/500/89.png,1,3,0,0,0,1,1
soccer-691522,uefa.champions,2024,2024-03-06 20:00:00+00:00,KBH,MNC,1,3,https://a.espncdn.com/i/teamlogos/soccer/500/909.png,https://a.espncdn.com/i/teamlogos/soccer/500/382.png,2,4,0,0,0,0,1
soccer-691525,uefa.champions,2024,2024-03-06 20:00:00+00:00,RBL,RMA,1,1,https://a.espncdn.com/i/teamlogos/soccer/500/11420.png,https://a.espncdn.com/i/teamlogos/soccer/500/86.png,0,2,0,0,1,0,1
soccer-691518,uefa.champions,2024,2024-03-12 20:00:00+00:00,FCP,ARS,0,1,https://a.espncdn.com/i/teamlogos/soccer/500/437.png,https://a.espncdn.com/i/teamlogos/soccer/500/359.png,1,1,0,2,1,1,1
soccer-691520,uefa.champions,2024,2024-03-12 20:00:00+00:00,NAP,BAR,1,3,https://a.espncdn.com/i/teamlogos/soccer/500/114.png,https://a.espncdn.com/i/teamlogos/soccer/500/83.png,2,4,0,0,0,1,1
soccer-691519,uefa.champions,2024,2024-03-13 20:00:00+00:00,INT,ATM,1,2,https://a.espncdn.com/i/teamlogos/soccer/500/110.png,https://a.espncdn.com/i/teamlogos/soccer/500/1068.png,1,3,0,1,1,1,1
soccer-691524,uefa.champions,2024,2024-03-13 20:00:00+00:00,PSV,DOR,0,2,https://a.espncdn.com/i/teamlogos/soccer/500/148.png,https://a.espncdn.com/i/teamlogos/soccer/500/124.png,2,2,0,0,0,1,1
soccer-700719,uefa.champions,2024,2024-04-09 19:00:00+00:00,MUN,ARS,2,2,https://a.espncdn.com/i/teamlogos/soccer/500/132.png,https://a.espncdn.com/i/teamlogos/soccer/500/359.png,0,4,0,1,1,0,1
soccer-700716,uefa.champions,2024,2024-04-09 19:00:00+00:00,MNC,RMA,3,3,https://a.espncdn.com/i/teamlogos/soccer/500/382.png,https://a.espncdn.com/i/teamlogos/soccer/500/86.png,0,6,0,2,1,0,1
soccer-700718,uefa.champions,2024,2024-04-10 19:00:00+00:00,DOR,ATM,1,2,https://a.espncdn.com/i/teamlogos/soccer/500/124.png,https://a.espncdn.com/i/teamlogos/soccer/500/1068.png,1,3,0,0,0,1,1
soccer-700717,uefa.champions,2024,2024-04-10 19:00:00+00:00,BAR,PSG,3,2,https://a.espncdn.com/i/teamlogos/soccer/500/83.png,https://a.espncdn.com/i/teamlogos/soccer/500/160.png,1,5,0,2,1,0,1
soccer-700723,uefa.champions,2024,2024-04-16 19:00:00+00:00,PSG,BAR,4,1,https://a.espncdn.com/i/teamlogos/soccer/500/160.png,https://a.espncdn.com/i/teamlogos/soccer/500/83.png,3,5,2,1,1,1,1
soccer-700720,uefa.champions,2024,2024-04-16 19:00:00+00:00,ATM,DOR,2,4,https://a.espncdn.com/i/teamlogos/soccer/500/1068.png,https://a.espncdn.com/i/teamlogos/soccer/500/124.png,2,6,0,0,0,0,1
soccer-700721,uefa.champions,2024,2024-04-17 19:00:00+00:00,ARS,MUN,0,1,https://a.espncdn.com/i/teamlogos/soccer/500/359.png,https://a.espncdn.com/i/teamlogos/soccer/500/132.png,1,1,0,0,0,0,1
soccer-700722,uefa.champions,2024,2024-04-17 19:00:00+00:00,RMA,MNC,1,1,https://a.espncdn.com/i/teamlogos/soccer/500/86.png,https://a.espncdn.com/i/teamlogos/soccer/500/382.png,0,2,0,0,1,1,1
soccer-702056,uefa.champions,2024,2024-04-30 19:00:00+00:00,RMA,MUN,2,2,https://a.espncdn.com/i/teamlogos/soccer/500/86.png,https://a.espncdn.com/i/teamlogos/soccer/500/132.png,0,4,0,1,1,1,1
soccer-701984,uefa.champions,2024,2024-05-01 19:00:00+00:00,PSG,DOR,0,1,https://a.espncdn.com/i/teamlogos/soccer/500/160.png,https://a.espncdn.com/i/teamlogos/soccer/500/124.png,1,1,0,0,0,0,1
soccer-701985,uefa.champions,2024,2024-05-07 19:00:00+00:00,DOR,PSG,1,0,https://a.espncdn.com/i/teamlogos/soccer/500/124.png,https://a.espncdn.com/i/teamlogos/soccer/500/160.png,1,1,0,0,0,0,1
soccer-702057,uefa.champions,2024,2024-05-08 19:00:00+00:00,MUN,RMA,1,2,https://a.espncdn.com/i/teamlogos/soccer/500/132.png,https://a.espncdn.com/i/teamlogos/soccer/500/86.png,1,3,0,1,1,1,1
soccer-702410,uefa.champions,2024,2024-06-01 19:00:00+00:00,RMA,DOR,2,0,https://a.espncdn.com/i/teamlogos/soccer/500/86.png,https://a.espncdn.com/i/teamlogos/soccer/500/124.png,2,2,0,0,0,1,1
soccer-720418,uefa.champions,2025,2024-09-17 16:45:00+00:00,PSV,JUV,1,3,https://a.espncdn.com/i/teamlogos/soccer/500/148.png,https://a.espncdn.com/i/teamlogos/soccer/500/111.png,2,4,0,0,0,1,0
soccer-720419,uefa.champions,2025,2024-09-17 16:45:00+00:00,AVL,YB,3,0,https://a.espncdn.com/i/teamlogos/soccer/500/362.png,https://a.espncdn.com/i/teamlogos/soccer/500/2722.png,3,3,0,0,0,1,0
soccer-720365,uefa.champions,2025,2024-09-17 19:00:00+00:00,LIV,MIL,3,1,https://a.espncdn.com/i/teamlogos/soccer/500/364.png,https://a.espncdn.com/i/teamlogos/soccer/500/103.png,2,4,0,1,1,0,0
soccer-720422,uefa.champions,2025,2024-09-17 19:00:00+00:00,DZG,MUN,2,9,https://a.espncdn.com/i/teamlogos/soccer/500/597.png,https://a.espncdn.com/i/teamlogos/soccer/500/132.png,7,11,0,0,0,1,0
soccer-720420,uefa.champions,2025,2024-09-17 19:00:00+00:00,VFB,RMA,1,3,https://a.espncdn.com/i/teamlogos/soccer/500/134.png,https://a.espncdn.com/i/teamlogos/soccer/500/86.png,2,4,0,0,0,1,0
soccer-720421,uefa.champions,2025,2024-09-17 19:00:00+00:00,LILL,SCP,0,2,https://a.espncdn.com/i/teamlogos/soccer/500/166.png,https://a.espncdn.com/i/teamlogos/soccer/500/2250.png,2,2,1,0,0,0,0
soccer-720424,uefa.champions,2025,2024-09-18 16:45:00+00:00,SHK,BOL,0,0,https://a.espncdn.com/i/teamlogos/soccer/500/493.png,https://a.espncdn.com/i/teamlogos/soccer/500/107.png,0,0,0,0,0,0,0
soccer-720423,uefa.champions,2025,2024-09-18 16:45:00+00:00,SLZ,SPP,0,3,https://a.espncdn.com/i/teamlogos/soccer/500/2790.png,https://a.espncdn.com/i/teamlogos/soccer/500/433.png,3,3,0,0,0,0,0
soccer-720427,uefa.champions,2025,2024-09-18 19:00:00+00:00,SLB,CEL,1,5,https://a.espncdn.com/i/teamlogos/soccer/500/521.png,https://a.espncdn.com/i/teamlogos/soccer/500/256.png,4,6,0,0,0,1,0
soccer-720428,uefa.champions,2025,2024-09-18 19:00:00+00:00,DOR,BRU,3,0,https://a.espncdn.com/i/teamlogos/soccer/500/124.png,https://a.espncdn.com/i/teamlogos/soccer/500/570.png,3,3,0,0,0,1,0
soccer-720426,uefa.champions,2025,2024-09-18 19:00:00+00:00,INT,MNC,0,0,https://a.espncdn.com/i/teamlogos/soccer/500/110.png,https://a.espncdn.com/i/teamlogos/soccer/500/382.png,0,0,0,0,0,0,0
soccer-720425,uefa.champions,2025,2024-09-18 19:00:00+00:00,GIR,PSG,0,1,https://a.espncdn.com/i/teamlogos/soccer/500/9812.png,https://a.espncdn.com/i/teamlogos/soccer/500/160.png,1,1,0,0,0,1,0
soccer-720430,uefa.champions,2025,2024-09-19 16:45:00+00:00,B04,FEY,4,0,https://a.espncdn.com/i/teamlogos/soccer/500/131.png,https://a.espncdn.com/i/teamlogos/soccer/500/142.png,4,4,0,0,0,0,0
soccer-720429,uefa.champions,2025,2024-09-19 16:45:00+00:00,SLB,RSB,2,1,https://a.espncdn.com/i/teamlogos/soccer/500/1929.png,https://a.espncdn.com/i/teamlogos/soccer/500/2290.png,1,3,0,0,0,1,0
soccer-720434,uefa.champions,2025,2024-09-19 19:00:00+00:00,BAR,MON,1,2,https://a.espncdn.com/i/teamlogos/soccer/500/83.png,https://a.espncdn.com/i/teamlogos/soccer/500/174.png,1,3,1,0,0,0,0
soccer-720431,uefa.champions,2025,2024-09-19 19:00:00+00:00,ARS,ATA,0,0,https://a.espncdn.com/i/teamlogos/soccer/500/359.png,https://a.espncdn.com/i/teamlogos/soccer/500/105.png,0,0,0,0,0,0,0
soccer-720432,uefa.champions,2025,2024-09-19 19:00:00+00:00,RBL,ATM,1,2,https://a.espncdn.com/i/teamlogos/soccer/500/11420.png,https://a.espncdn.com/i/teamlogos/soccer/500/1068.png,1,3,0,1,1,1,0
soccer-720433,uefa.champions,2025,2024-09-19 19:00:00+00:00,STG,BRE,1,2,https://a.espncdn.com/i/teamlogos/soccer/500/3746.png,https://a.espncdn.com/i/teamlogos/soccer/500/6997.png,1,3,1,0,0,0,0
soccer-720435,uefa.champions,2025,2024-10-01 16:45:00+00:00,BRE,SLZ,4,0,https://a.espncdn.com/i/teamlogos/soccer/500/6997.png,https://a.espncdn.com/i/teamlogos/soccer/500/2790.png,4,4,0,0,0,0,0
soccer-720436,uefa.champions,2025,2024-10-01 16:45:00+00:00,SPP,VFB,1,1,https://a.espncdn.com/i/teamlogos/soccer/500/433.png,https://a.espncdn.com/i/teamlogos/soccer/500/134.png,0,2,0,0,1,0,0
soccer-720443,uefa.champions,2025,2024-10-01 19:00:00+00:00,PSG,ARS,0,2,https://a.espncdn.com/i/teamlogos/soccer/500/160.png,https://a.espncdn.com/i/teamlogos/soccer/500/359.png,2,2,0,0,0,0,0
soccer-720442,uefa.champions,2025,2024-10-01 19:00:00+00:00,YB,BAR,0,5,https://a.espncdn.com/i/teamlogos/soccer/500/2722.png,https://a.espncdn.com/i/teamlogos/soccer/500/83.png,5,5,0,0,0,1,0
soccer-720437,uefa.champions,2025,2024-10-01 19:00:00+00:00,MIL,B04,0,1,https://a.espncdn.com/i/teamlogos/soccer/500/103.png,https://a.espncdn.com/i/teamlogos/soccer/500/131.png,1,1,0,0,0,0,0
soccer-720438,uefa.champions,2025,2024-10-01 19:00:00+00:00,CEL,DOR,1,7,https://a.espncdn.com/i/teamlogos/soccer/500/256.png,https://a.espncdn.com/i/teamlogos/soccer/500/124.png,6,8,0,0,0,0,0
soccer-720440,uefa.champions,2025,2024-10-01 19:00:00+00:00,RSB,INT,0,4,https://a.espncdn.com/i/teamlogos/soccer/500/2290.png,https://a.espncdn.com/i/teamlogos/soccer/500/110.png,4,4,0,0,0,1,0
soccer-720441,uefa.champions,2025,2024-10-01 19:00:00+00:00,SCP,PSV,1,1,https://a.espncdn.com/i/teamlogos/soccer/500/2250.png,https://a.espncdn.com/i/teamlogos/soccer/500/148.png,0,2,0,0,1,1,0
soccer-720439,uefa.champions,2025,2024-10-01 19:00:00+00:00,MNC,SLB,4,0,https://a.espncdn.com/i/teamlogos/soccer/500/382.png,https://a.espncdn.com/i/teamlogos/soccer/500/521.png,4,4,0,0,0,0,0
soccer-720445,uefa.champions,2025,2024-10-02 16:45:00+00:00,FEY,GIR,3,2,https://a.espncdn.com/i/teamlogos/soccer/500/142.png,https://a.espncdn.com/i/teamlogos/soccer/500/9812.png,1,5,0,1,1,0,0
soccer-720444,uefa.champions,2025,2024-10-02 16:45:00+00:00,ATA,SHK,3,0,https://a.espncdn.com/i/teamlogos/soccer/500/105.png,https://a.espncdn.com/i/teamlogos/soccer/500/493.png,3,3,0,0,0,0,0
soccer-720451,uefa.champions,2025,2024-10-02 19:00:00+00:00,MUN,AVL,0,1,https://a.espncdn.com/i/teamlogos/soccer/500/132.png,https://a.espncdn.com/i/teamlogos/soccer/500/362.png,1,1,0,0,0,0,0
soccer-720447,uefa.champions,2025,2024-10-02 19:00:00+00:00,ATM,SLB,0,4,https://a.espncdn.com/i/teamlogos/soccer/500/1068.png,https://a.espncdn.com/i/teamlogos/soccer/500/1929.png,4,4,0,0,0,1,0
soccer-720446,uefa.champions,2025,2024-10-02 19:00:00+00:00,MON,DZG,2,2,https://a.espncdn.com/i/teamlogos/soccer/500/174.png,https://a.espncdn.com/i/teamlogos/soccer/500/597.png,0,4,1,0,1,1,0
soccer-720448,uefa.champions,2025,2024-10-02 19:00:00+00:00,RMA,LILL,0,1,https://a.espncdn.com/i/teamlogos/soccer/500/86.png,https://a.espncdn.com/i/teamlogos/soccer/500/166.png,1,1,0,0,0,0,0
soccer-720366,uefa.champions,2025,2024-10-02 19:00:00+00:00,BOL,LIV,0,2,https://a.espncdn.com/i/teamlogos/soccer/500/107.png,https://a.espncdn.com/i/teamlogos/soccer/500/364.png,2,2,0,0,0,0,0
soccer-720449,uefa.champions,2025,2024-10-02 19:00:00+00:00,JUV,RBL,3,2,https://a.espncdn.com/i/teamlogos/soccer/500/111.png,https://a.espncdn.com/i/teamlogos/soccer/500/11420.png,1,5,1,1,1,1,0
soccer-720450,uefa.champions,2025,2024-10-02 19:00:00+00:00,BRU,STG,1,0,https://a.espncdn.com/i/teamlogos/soccer/500/570.png,https://a.espncdn.com/i/teamlogos/soccer/500/3746.png,1,1,0,0,0,0,0
soccer-720453,uefa.champions,2025,2024-10-22 16:45:00+00:00,BRU,MIL,1,3,https://a.espncdn.com/i/teamlogos/soccer/500/570.png,https://a.espncdn.com/i/teamlogos/soccer/500/103.png,2,4,1,0,0,0,0
soccer-720452,uefa.champions,2025,2024-10-22 16:45:00+00:00,RSB,MON,1,5,https://a.espncdn.com/i/teamlogos/soccer/500/2290.png,https://a.espncdn.com/i/teamlogos/soccer/500/174.png,4,6,0,0,0,1,0
soccer-720455,uefa.champions,2025,2024-10-22 19:00:00+00:00,SHK,ARS,0,1,https://a.espncdn.com/i/teamlogos/soccer/500/493.png,https://a.espncdn.com/i/teamlogos/soccer/500/359.png,1,1,0,0,0,0,0
soccer-720457,uefa.champions,2025,2024-10-22 19:00:00+00:00,BOL,AVL,0,2,https://a.espncdn.com/i/teamlogos/soccer/500/107.png,https://a.espncdn.com/i/teamlogos/soccer/500/362.png,2,2,0,0,0,0,0
soccer-720454,uefa.champions,2025,2024-10-22 19:00:00+00:00,SLB,GIR,0,2,https://a.espncdn.com/i/teamlogos/soccer/500/521.png,https://a.espncdn.com/i/teamlogos/soccer/500/9812.png,2,2,0,0,0,0,0
soccer-720456,uefa.champions,2025,2024-10-22 19:00:00+00:00,VFB,JUV,1,0,https://a.espncdn.com/i/teamlogos/soccer/500/134.png,https://a.espncdn.com/i/teamlogos/soccer/500/111.png,1,1,1,0,0,1,0
soccer-720460,uefa.champions,2025,2024-10-22 19:00:00+00:00,PSV,PSG,1,1,https://a.espncdn.com/i/teamlogos/soccer/500/148.png,https://a.espncdn.com/i/teamlogos/soccer/500/160.png,0,2,0,0,1,0,0
soccer-720459,uefa.champions,2025,2024-10-22 19:00:00+00:00,DOR,RMA,2,5,https://a.espncdn.com/i/teamlogos/soccer/500/124.png,https://a.espncdn.com/i/teamlogos/soccer/500/86.png,3,7,0,1,1,1,0
soccer-720458,uefa.champions,2025,2024-10-22 19:00:00+00:00,SCP,STG,2,0,https://a.espncdn.com/i/teamlogos/soccer/500/2250.png,https://a.espncdn.com/i/teamlogos/soccer/500/3746.png,2,2,0,0,0,0,0
soccer-720461,uefa.champions,2025,2024-10-23 16:45:00+00:00,CEL,ATA,0,0,https://a.espncdn.com/i/teamlogos/soccer/500/256.png,https://a.espncdn.com/i/teamlogos/soccer/500/105.png,0,0,0,0,0,0,0
soccer-720462,uefa.champions,2025,2024-10-23 16:45:00+00:00,B04,BRE,1,1,https://a.espncdn.com/i/teamlogos/soccer/500/131.png,https://a.espncdn.com/i/teamlogos/soccer/500/6997.png,0,2,0,0,1,0,0
soccer-720373,uefa.champions,2025,2024-10-23 19:00:00+00:00,LILL,ATM,3,1,https://a.espncdn.com/i/teamlogos/soccer/500/166.png,https://a.espncdn.com/i/teamlogos/soccer/500/1068.png,2,4,0,1,1,1,0
soccer-720372,uefa.champions,2025,2024-10-23 19:00:00+00:00,MUN,BAR,1,4,https://a.espncdn.com/i/teamlogos/soccer/500/132.png,https://a.espncdn.com/i/teamlogos/soccer/500/83.png,3,5,0,0,0,0,0
soccer-720463,uefa.champions,2025,2024-10-23 19:00:00+00:00,FEY,SLB,3,1,https://a.espncdn.com/i/teamlogos/soccer/500/142.png,https://a.espncdn.com/i/teamlogos/soccer/500/1929.png,2,4,0,0,0,1,0
soccer-720374,uefa.champions,2025,2024-10-23 19:00:00+00:00,SPP,MNC,0,5,https://a.espncdn.com/i/teamlogos/soccer/500/433.png,https://a.espncdn.com/i/teamlogos/soccer/500/382.png,5,5,0,0,0,1,0
soccer-720367,uefa.champions,2025,2024-10-23 19:00:00+00:00,LIV,RBL,1,0,https://a.espncdn.com/i/teamlogos/soccer/500/364.png,https://a.espncdn.com/i/teamlogos/soccer/500/11420.png,1,1,0,0,0,0,0
soccer-720464,uefa.champions,2025,2024-10-23 19:00:00+00:00,DZG,SLZ,2,0,https://a.espncdn.com/i/teamlogos/soccer/500/597.png,https://a.espncdn.com/i/teamlogos/soccer/500/2790.png,2,2,1,0,0,1,0
soccer-720371,uefa.champions,2025,2024-10-23 19:00:00+00:00,INT,YB,1,0,https://a.espncdn.com/i/teamlogos/soccer/500/110.png,https://a.espncdn.com/i/teamlogos/soccer/500/2722.png,1,1,0,0,0,1,0
soccer-720376,uefa.champions,2025,2024-11-05 17:45:00+00:00,GIR,PSV,0,4,https://a.espncdn.com/i/teamlogos/soccer/500/9812.png,https://a.espncdn.com/i/teamlogos/soccer/500/148.png,4,4,1,0,0,1,0
soccer-720375,uefa.champions,2025,2024-11-05 17:45:00+00:00,DZG,SLB,4,1,https://a.espncdn.com/i/teamlogos/soccer/500/597.png,https://a.espncdn.com/i/teamlogos/soccer/500/521.png,3,5,0,1,1,0,0
soccer-720382,uefa.champions,2025,2024-11-05 20:00:00+00:00,MON,BOL,1,0,https://a.espncdn.com/i/teamlogos/soccer/500/174.png,https://a.espncdn.com/i/teamlogos/soccer/500/107.png,1,1,0,0,0,1,0
soccer-720381,uefa.champions,2025,2024-11-05 20:00:00+00:00,STG,DOR,0,1,https://a.espncdn.com/i/teamlogos/soccer/500/3746.png,https://a.espncdn.com/i/teamlogos/soccer/500/124.png,1,1,0,0,0,1,0
soccer-720377,uefa.champions,2025,2024-11-05 20:00:00+00:00,RBL,CEL,1,3,https://a.espncdn.com/i/teamlogos/soccer/500/11420.png,https://a.espncdn.com/i/teamlogos/soccer/500/256.png,2,4,0,1,1,0,0
soccer-720378,uefa.champions,2025,2024-11-05 20:00:00+00:00,JUV,LILL,1,1,https://a.espncdn.com/i/teamlogos/soccer/500/111.png,https://a.espncdn.com/i/teamlogos/soccer/500/166.png,0,2,0,0,1,0,0
soccer-720368,uefa.champions,2025,2024-11-05 20:00:00+00:00,B04,LIV,0,4,https://a.espncdn.com/i/teamlogos/soccer/500/131.png,https://a.espncdn.com/i/teamlogos/soccer/500/364.png,4,4,0,0,0,1,0
soccer-720380,uefa.champions,2025,2024-11-05 20:00:00+00:00,MIL,RMA,3,1,https://a.espncdn.com/i/teamlogos/soccer/500/103.png,https://a.espncdn.com/i/teamlogos/soccer/500/86.png,2,4,0,0,0,0,0
soccer-720379,uefa.champions,2025,2024-11-05 20:00:00+00:00,MNC,SCP,1,4,https://a.espncdn.com/i/teamlogos/soccer/500/382.png,https://a.espncdn.com/i/teamlogos/soccer/500/2250.png,3,5,0,1,1,1,0
soccer-720383,uefa.champions,2025,2024-11-06 17:45:00+00:00,AVL,BRU,0,1,https://a.espncdn.com/i/teamlogos/soccer/500/362.png,https://a.espncdn.com/i/teamlogos/soccer/500/570.png,1,1,0,0,0,0,0
soccer-720384,uefa.champions,2025,2024-11-06 17:45:00+00:00,YB,SHK,1,2,https://a.espncdn.com/i/teamlogos/soccer/500/2722.png,https://a.espncdn.com/i/teamlogos/soccer/500/493.png,1,3,0,1,1,0,0
soccer-720386,uefa.champions,2025,2024-11-06 20:00:00+00:00,SLZ,FEY,3,1,https://a.espncdn.com/i/teamlogos/soccer/500/2790.png,https://a.espncdn.com/i/teamlogos/soccer/500/142.png,2,4,1,0,0,1,0
soccer-720387,uefa.champions,2025,2024-11-06 20:00:00+00:00,ARS,INT,0,1,https://a.espncdn.com/i/teamlogos/soccer/500/359.png,https://a.espncdn.com/i/teamlogos/soccer/500/110.png,1,1,0,0,0,0,0
soccer-720388,uefa.champions,2025,2024-11-06 20:00:00+00:00,ATM,PSG,2,1,https://a.espncdn.com/i/teamlogos/soccer/500/1068.png,https://a.espncdn.com/i/teamlogos/soccer/500/160.png,1,3,0,1,1,1,0
soccer-720385,uefa.champions,2025,2024-11-06 20:00:00+00:00,BAR,RSB,5,2,https://a.espncdn.com/i/teamlogos/soccer/500/83.png,https://a.espncdn.com/i/teamlogos/soccer/500/2290.png,3,7,0,0,0,1,0
soccer-720390,uefa.champions,2025,2024-11-06 20:00:00+00:00,BRE,SPP,2,1,https://a.espncdn.com/i/teamlogos/soccer/500/6997.png,https://a.espncdn.com/i/teamlogos/soccer/500/433.png,1,3,0,0,0,1,0
soccer-720391,uefa.champions,2025,2024-11-06 20:00:00+00:00,ATA,VFB,2,0,https://a.espncdn.com/i/teamlogos/soccer/500/105.png,https://a.espncdn.com/i/teamlogos/soccer/500/134.png,2,2,0,0,0,1,0
soccer-720389,uefa.champions,2025,2024-11-06 20:15:00+00:00,SLB,MUN,0,1,https://a.espncdn.com/i/teamlogos/soccer/500/1929.png,https://a.espncdn.com/i/teamlogos/soccer/500/132.png,1,1,0,0,0,0,0
soccer-720393,uefa.champions,2025,2024-11-26 17:45:00+00:00,MIL,SLB,3,2,https://a.espncdn.com/i/teamlogos/soccer/500/103.png,https://a.espncdn.com/i/teamlogos/soccer/500/521.png,1,5,1,0,0,1,0
soccer-720392,uefa.champions,2025,2024-11-26 17:45:00+00:00,ATM,SPP,6,0,https://a.espncdn.com/i/teamlogos/soccer/500/1068.png,https://a.espncdn.com/i/teamlogos/soccer/500/433.png,6,6,0,0,0,1,0
soccer-720394,uefa.champions,2025,2024-11-26 20:00:00+00:00,BRE,BAR,0,3,https://a.espncdn.com/i/teamlogos/soccer/500/6997.png,https://a.espncdn.com/i/teamlogos/soccer/500/83.png,3,3,0,0,0,1,0
soccer-720395,uefa.champions,2025,2024-11-26 20:00:00+00:00,SLZ,B04,0,5,https://a.espncdn.com/i/teamlogos/soccer/500/2790.png,https://a.espncdn.com/i/teamlogos/soccer/500/131.png,5,5,0,0,0,0,0
soccer-720396,uefa.champions,2025,2024-11-26 20:00:00+00:00,PSG,MUN,0,1,https://a.espncdn.com/i/teamlogos/soccer/500/160.png,https://a.espncdn.com/i/teamlogos/soccer/500/132.png,1,1,1,0,0,0,0
soccer-720397,uefa.champions,2025,2024-11-26 20:00:00+00:00,RBL,INT,0,1,https://a.espncdn.com/i/teamlogos/soccer/500/11420.png,https://a.espncdn.com/i/teamlogos/soccer/500/110.png,1,1,0,0,0,0,0
soccer-720398,uefa.champions,2025,2024-11-26 20:00:00+00:00,FEY,MNC,3,3,https://a.espncdn.com/i/teamlogos/soccer/500/142.png,https://a.espncdn.com/i/teamlogos/soccer/500/382.png,0,6,0,0,1,1,0
soccer-720399,uefa.champions,2025,2024-11-26 20:00:00+00:00,ARS,SCP,5,1,https://a.espncdn.com/i/teamlogos/soccer/500/359.png,https://a.espncdn.com/i/teamlogos/soccer/500/2250.png,4,6,0,0,0,1,0
soccer-720400,uefa.champions,2025,2024-11-26 20:00:00+00:00,ATA,YB,6,1,https://a.espncdn.com/i/teamlogos/soccer/500/105.png,https://a.espncdn.com/i/teamlogos/soccer/500/2722.png,5,7,0,0,0,1,0
soccer-720402,uefa.champions,2025,2024-11-27 17:45:00+00:00,VFB,RSB,1,5,https://a.espncdn.com/i/teamlogos/soccer/500/134.png,https://a.espncdn.com/i/teamlogos/soccer/500/2290.png,4,6,0,1,1,1,0
soccer-720401,uefa.champions,2025,2024-11-27 17:45:00+00:00,GIR,STG,0,1,https://a.espncdn.com/i/teamlogos/soccer/500/9812.png,https://a.espncdn.com/i/teamlogos/soccer/500/3746.png,1,1,0,0,0,0,0
soccer-720407,uefa.champions,2025,2024-11-27 20:00:00+00:00,SLB,MON,3,2,https://a.espncdn.com/i/teamlogos/soccer/500/1929.png,https://a.espncdn.com/i/teamlogos/soccer/500/174.png,1,5,1,1,1,1,0
soccer-720405,uefa.champions,2025,2024-11-27 20:00:00+00:00,JUV,AVL,0,0,https://a.espncdn.com/i/teamlogos/soccer/500/111.png,https://a.espncdn.com/i/teamlogos/soccer/500/362.png,0,0,0,0,0,0,0
soccer-720403,uefa.champions,2025,2024-11-27 20:00:00+00:00,LILL,BOL,2,1,https://a.espncdn.com/i/teamlogos/soccer/500/166.png,https://a.espncdn.com/i/teamlogos/soccer/500/107.png,1,3,0,0,0,0,0
soccer-720404,uefa.champions,2025,2024-11-27 20:00:00+00:00,BRU,CEL,1,1,https://a.espncdn.com/i/teamlogos/soccer/500/570.png,https://a.espncdn.com/i/teamlogos/soccer/500/256.png,0,2,0,0,1,0,0
soccer-720406,uefa.champions,2025,2024-11-27 20:00:00+00:00,DOR,DZG,3,0,https://a.espncdn.com/i/teamlogos/soccer/500/124.png,https://a.espncdn.com/i/teamlogos/soccer/500/597.png,3,3,0,0,0,1,0
soccer-720369,uefa.champions,2025,2024-11-27 20:00:00+00:00,RMA,LIV,0,2,https://a.espncdn.com/i/teamlogos/soccer/500/86.png,https://a.espncdn.com/i/teamlogos/soccer/500/364.png,2,2,0,0,0,0,0
soccer-720408,uefa.champions,2025,2024-11-27 20:00:00+00:00,SHK,PSV,2,3,https://a.espncdn.com/i/teamlogos/soccer/500/493.png,https://a.espncdn.com/i/teamlogos/soccer/500/148.png,1,5,1,1,1,1,0
soccer-720409,uefa.champions,2025,2024-12-10 17:45:00+00:00,CEL,DZG,0,0,https://a.espncdn.com/i/teamlogos/soccer/500/256.png,https://a.espncdn.com/i/teamlogos/soccer/500/597.png,0,0,0,0,0,0,0
soccer-720370,uefa.champions,2025,2024-12-10 17:45:00+00:00,LIV,GIR,1,0,https://a.espncdn.com/i/teamlogos/soccer/500/364.png,https://a.espncdn.com/i/teamlogos/soccer/500/9812.png,1,1,0,0,0,0,0
soccer-720413,uefa.champions,2025,2024-12-10 20:00:00+00:00,RMA,ATA,3,2,https://a.espncdn.com/i/teamlogos/soccer/500/86.png,https://a.espncdn.com/i/teamlogos/soccer/500/105.png,1,5,0,0,0,0,0
soccer-720412,uefa.champions,2025,2024-12-10 20:00:00+00:00,INT,B04,0,1,https://a.espncdn.com/i/teamlogos/soccer/500/110.png,https://a.espncdn.com/i/teamlogos/soccer/500/131.png,1,1,0,0,0,1,0
soccer-720411,uefa.champions,2025,2024-12-10 20:00:00+00:00,PSV,BRE,0,1,https://a.espncdn.com/i/teamlogos/soccer/500/148.png,https://a.espncdn.com/i/teamlogos/soccer/500/6997.png,1,1,0,0,0,0,0
soccer-720410,uefa.champions,2025,2024-12-10 20:00:00+00:00,SCP,BRU,1,2,https://a.espncdn.com/i/teamlogos/soccer/500/2250.png,https://a.espncdn.com/i/teamlogos/soccer/500/570.png,1,3,0,1,1,1,0
soccer-720416,uefa.champions,2025,2024-12-10 20:00:00+00:00,AVL,RBL,3,2,https://a.espncdn.com/i/teamlogos/soccer/500/362.png,https://a.espncdn.com/i/teamlogos/soccer/500/11420.png,1,5,0,0,0,1,0
soccer-720414,uefa.champions,2025,2024-12-10 20:00:00+00:00,PSG,SLZ,3,0,https://a.espncdn.com/i/teamlogos/soccer/500/160.png,https://a.espncdn.com/i/teamlogos/soccer/500/2790.png,3,3,0,0,0,1,0
soccer-720415,uefa.champions,2025,2024-12-10 20:00:00+00:00,MUN,SHK,5,1,https://a.espncdn.com/i/teamlogos/soccer/500/132.png,https://a.espncdn.com/i/teamlogos/soccer/500/493.png,4,6,0,1,1,1,0
soccer-720321,uefa.champions,2025,2024-12-11 17:45:00+00:00,SLB,ATM,1,3,https://a.espncdn.com/i/teamlogos/soccer/500/521.png,https://a.espncdn.com/i/teamlogos/soccer/500/1068.png,2,4,0,0,0,0,0
soccer-720417,uefa.champions,2025,2024-12-11 17:45:00+00:00,STG,LILL,2,3,https://a.espncdn.com/i/teamlogos/soccer/500/3746.png,https://a.espncdn.com/i/teamlogos/soccer/500/166.png,1,5,0,0,0,1,0
soccer-720328,uefa.champions,2025,2024-12-11 20:00:00+00:00,RSB,MIL,1,2,https://a.espncdn.com/i/teamlogos/soccer/500/2290.png,https://a.espncdn.com/i/teamlogos/soccer/500/103.png,1,3,0,0,0,1,0
soccer-720325,uefa.champions,2025,2024-12-11 20:00:00+00:00,MON,ARS,0,3,https://a.espncdn.com/i/teamlogos/soccer/500/174.png,https://a.espncdn.com/i/teamlogos/soccer/500/359.png,3,3,0,0,0,1,0
soccer-720324,uefa.champions,2025,2024-12-11 20:00:00+00:00,BOL,SLB,0,0,https://a.espncdn.com/i/teamlogos/soccer/500/107.png,https://a.espncdn.com/i/teamlogos/soccer/500/1929.png,0,0,0,0,0,0,0
soccer-720322,uefa.champions,2025,2024-12-11 20:00:00+00:00,BAR,DOR,3,2,https://a.espncdn.com/i/teamlogos/soccer/500/83.png,https://a.espncdn.com/i/teamlogos/soccer/500/124.png,1,5,0,0,0,1,0
soccer-720323,uefa.champions,2025,2024-12-11 20:00:00+00:00,SPP,FEY,2,4,https://a.espncdn.com/i/teamlogos/soccer/500/433.png,https://a.espncdn.com/i/teamlogos/soccer/500/142.png,2,6,0,0,0,0,0
soccer-720326,uefa.champions,2025,2024-12-11 20:00:00+00:00,MNC,JUV,0,2,https://a.espncdn.com/i/teamlogos/soccer/500/382.png,https://a.espncdn.com/i/teamlogos/soccer/500/111.png,2,2,0,0,0,0,0
soccer-720327,uefa.champions,2025,2024-12-11 20:00:00+00:00,YB,VFB,1,5,https://a.espncdn.com/i/teamlogos/soccer/500/2722.png,https://a.espncdn.com/i/teamlogos/soccer/500/134.png,4,6,0,1,1,0,0
soccer-720330,uefa.champions,2025,2025-01-21 17:45:00+00:00,AVL,MON,0,1,https://a.espncdn.com/i/teamlogos/soccer/500/362.png,https://a.espncdn.com/i/teamlogos/soccer/500/174.png,1,1,0,0,0,0,0
soccer-720329,uefa.champions,2025,2025-01-21 17:45:00+00:00,STG,ATA,0,5,https://a.espncdn.com/i/teamlogos/soccer/500/3746.png,https://a.espncdn.com/i/teamlogos/soccer/500/105.png,5,5,0,0,0,1,0
soccer-720335,uefa.champions,2025,2025-01-21 20:00:00+00:00,B04,ATM,1,2,https://a.espncdn.com/i/teamlogos/soccer/500/131.png,https://a.espncdn.com/i/teamlogos/soccer/500/1068.png,1,3,2,1,1,1,0
soccer-720334,uefa.champions,2025,2025-01-21 20:00:00+00:00,BAR,SLB,5,4,https://a.espncdn.com/i/teamlogos/soccer/500/83.png,https://a.espncdn.com/i/teamlogos/soccer/500/1929.png,1,9,1,1,1,1,0
soccer-720333,uefa.champions,2025,2025-01-21 20:00:00+00:00,DOR,BOL,1,2,https://a.espncdn.com/i/teamlogos/soccer/500/124.png,https://a.espncdn.com/i/teamlogos/soccer/500/107.png,1,3,0,1,1,0,0
soccer-720336,uefa.champions,2025,2025-01-21 20:00:00+00:00,JUV,BRU,0,0,https://a.espncdn.com/i/teamlogos/soccer/500/111.png,https://a.espncdn.com/i/teamlogos/soccer/500/570.png,0,0,0,0,0,0,0
soccer-720331,uefa.champions,2025,2025-01-21 20:00:00+00:00,LILL,LIV,1,2,https://a.espncdn.com/i/teamlogos/soccer/500/166.png,https://a.espncdn.com/i/teamlogos/soccer/500/364.png,1,3,1,0,0,0,0
soccer-720332,uefa.champions,2025,2025-01-21 20:00:00+00:00,PSV,RSB,3,2,https://a.espncdn.com/i/teamlogos/soccer/500/148.png,https://a.espncdn.com/i/teamlogos/soccer/500/2290.png,1,5,1,0,0,0,0
soccer-720337,uefa.champions,2025,2025-01-21 20:00:00+00:00,VFB,SLB,3,1,https://a.espncdn.com/i/teamlogos/soccer/500/134.png,https://a.espncdn.com/i/teamlogos/soccer/500/521.png,2,4,0,0,0,1,0
soccer-720339,uefa.champions,2025,2025-01-22 17:45:00+00:00,SCP,RBL,1,2,https://a.espncdn.com/i/teamlogos/soccer/500/2250.png,https://a.espncdn.com/i/teamlogos/soccer/500/11420.png,1,3,0,0,0,0,0
soccer-720338,uefa.champions,2025,2025-01-22 17:45:00+00:00,BRE,SHK,0,2,https://a.espncdn.com/i/teamlogos/soccer/500/6997.png,https://a.espncdn.com/i/teamlogos/soccer/500/493.png,2,2,0,0,0,0,0
soccer-720346,uefa.champions,2025,2025-01-22 20:00:00+00:00,GIR,MIL,0,1,https://a.espncdn.com/i/teamlogos/soccer/500/9812.png,https://a.espncdn.com/i/teamlogos/soccer/500/103.png,1,1,0,0,0,0,0
soccer-720343,uefa.champions,2025,2025-01-22 20:00:00+00:00,DZG,ARS,0,3,https://a.espncdn.com/i/teamlogos/soccer/500/597.png,https://a.espncdn.com/i/teamlogos/soccer/500/359.png,3,3,0,0,0,1,0
soccer-720342,uefa.champions,2025,2025-01-22 20:00:00+00:00,YB,CEL,0,1,https://a.espncdn.com/i/teamlogos/soccer/500/2722.png,https://a.espncdn.com/i/teamlogos/soccer/500/256.png,1,1,1,0,0,1,0
soccer-720341,uefa.champions,2025,2025-01-22 20:00:00+00:00,MUN,FEY,0,3,https://a.espncdn.com/i/teamlogos/soccer/500/132.png,https://a.espncdn.com/i/teamlogos/soccer/500/142.png,3,3,1,0,0,1,0
soccer-720344,uefa.champions,2025,2025-01-22 20:00:00+00:00,MNC,PSG,2,4,https://a.espncdn.com/i/teamlogos/soccer/500/382.png,https://a.espncdn.com/i/teamlogos/soccer/500/160.png,2,6,0,1,1,1,0
soccer-720345,uefa.champions,2025,2025-01-22 20:00:00+00:00,SLZ,RMA,1,5,https://a.espncdn.com/i/teamlogos/soccer/500/2790.png,https://a.espncdn.com/i/teamlogos/soccer/500/86.png,4,6,0,0,0,1,0
soccer-720340,uefa.champions,2025,2025-01-22 20:00:00+00:00,INT,SPP,1,0,https://a.espncdn.com/i/teamlogos/soccer/500/110.png,https://a.espncdn.com/i/teamlogos/soccer/500/433.png,1,1,0,0,0,0,0
soccer-720363,uefa.champions,2025,2025-01-29 20:00:00+00:00,CEL,AVL,2,4,https://a.espncdn.com/i/teamlogos/soccer/500/256.png,https://a.espncdn.com/i/teamlogos/soccer/500/362.png,2,6,0,0,0,1,0
soccer-720362,uefa.champions,2025,2025-01-29 20:00:00+00:00,ATA,BAR,2,2,https://a.espncdn.com/i/teamlogos/soccer/500/105.png,https://a.espncdn.com/i/teamlogos/soccer/500/83.png,0,4,0,0,1,0,0
soccer-720361,uefa.champions,2025,2025-01-29 20:00:00+00:00,SPP,B04,0,2,https://a.espncdn.com/i/teamlogos/soccer/500/433.png,https://a.espncdn.com/i/teamlogos/soccer/500/131.png,2,2,0,0,0,0,0
soccer-720357,uefa.champions,2025,2025-01-29 20:00:00+00:00,SLB,MUN,1,3,https://a.espncdn.com/i/teamlogos/soccer/500/521.png,https://a.espncdn.com/i/teamlogos/soccer/500/132.png,2,4,0,0,0,1,0
soccer-720360,uefa.champions,2025,2025-01-29 20:00:00+00:00,SHK,DOR,1,3,https://a.espncdn.com/i/teamlogos/soccer/500/493.png,https://a.espncdn.com/i/teamlogos/soccer/500/124.png,2,4,0,0,0,0,0
soccer-720364,uefa.champions,2025,2025-01-29 20:00:00+00:00,RMA,BRE,3,0,https://a.espncdn.com/i/teamlogos/soccer/500/86.png,https://a.espncdn.com/i/teamlogos/soccer/500/6997.png,3,3,0,0,0,0,0
soccer-720358,uefa.champions,2025,2025-01-29 20:00:00+00:00,MIL,DZG,1,2,https://a.espncdn.com/i/teamlogos/soccer/500/103.png,https://a.espncdn.com/i/teamlogos/soccer/500/597.png,1,3,1,0,0,0,0
soccer-720355,uefa.champions,2025,2025-01-29 20:00:00+00:00,ARS,GIR,2,1,https://a.espncdn.com/i/teamlogos/soccer/500/359.png,https://a.espncdn.com/i/teamlogos/soccer/500/9812.png,1,3,0,1,1,0,0
soccer-720347,uefa.champions,2025,2025-01-29 20:00:00+00:00,MON,INT,0,3,https://a.espncdn.com/i/teamlogos/soccer/500/174.png,https://a.espncdn.com/i/teamlogos/soccer/500/110.png,3,3,1,0,0,0,0
soccer-720348,uefa.champions,2025,2025-01-29 20:00:00+00:00,SLB,JUV,2,0,https://a.espncdn.com/i/teamlogos/soccer/500/1929.png,https://a.espncdn.com/i/teamlogos/soccer/500/111.png,2,2,0,0,0,1,0
soccer-720349,uefa.champions,2025,2025-01-29 20:00:00+00:00,FEY,LILL,1,6,https://a.espncdn.com/i/teamlogos/soccer/500/142.png,https://a.espncdn.com/i/teamlogos/soccer/500/166.png,5,7,0,0,0,1,0
soccer-720350,uefa.champions,2025,2025-01-29 20:00:00+00:00,BRU,MNC,1,3,https://a.espncdn.com/i/teamlogos/soccer/500/570.png,https://a.espncdn.com/i/teamlogos/soccer/500/382.png,2,4,0,1,1,0,0
soccer-720351,uefa.champions,2025,2025-01-29 20:00:00+00:00,LIV,PSV,2,3,https://a.espncdn.com/i/teamlogos/soccer/500/364.png,https://a.espncdn.com/i/teamlogos/soccer/500/148.png,1,5,1,1,1,0,0
soccer-720356,uefa.champions,2025,2025-01-29 20:00:00+00:00,ATM,SLZ,4,1,https://a.espncdn.com/i/teamlogos/soccer/500/1068.png,https://a.espncdn.com/i/teamlogos/soccer/500/2790.png,3,5,0,0,0,1,0
soccer-720352,uefa.champions,2025,2025-01-29 20:00:00+00:00,RBL,STG,0,1,https://a.espncdn.com/i/teamlogos/soccer/500/11420.png,https://a.espncdn.com/i/teamlogos/soccer/500/3746.png,1,1,0,0,0,0,0
soccer-720353,uefa.champions,2025,2025-01-29 20:00:00+00:00,BOL,SCP,1,1,https://a.espncdn.com/i/teamlogos/soccer/500/107.png,https://a.espncdn.com/i/teamlogos/soccer/500/2250.png,0,2,0,0,1,0,0
soccer-720354,uefa.champions,2025,2025-01-29 20:00:00+00:00,PSG,VFB,4,1,https://a.espncdn.com/i/teamlogos/soccer/500/160.png,https://a.espncdn.com/i/teamlogos/soccer/500/134.png,3,5,0,0,0,0,0
soccer-720359,uefa.champions,2025,2025-01-29 20:00:00+00:00,RSB,YB,1,0,https://a.espncdn.com/i/teamlogos/soccer/500/2290.png,https://a.espncdn.com/i/teamlogos/soccer/500/2722.png,1,1,0,0,0,0,0
soccer-732185,uefa.champions,2025,2025-02-11 17:45:00+00:00,PSG,BRE,3,0,https://a.espncdn.com/i/teamlogos/soccer/500/160.png,https://a.espncdn.com/i/teamlogos/soccer/500/6997.png,3,3,0,0,0,0,1
soccer-732190,uefa.champions,2025,2025-02-11 20:00:00+00:00,PSV,JUV,1,2,https://a.espncdn.com/i/teamlogos/soccer/500/148.png,https://a.espncdn.com/i/teamlogos/soccer/500/111.png,1,3,0,0,0,1,1
soccer-732187,uefa.champions,2025,2025-02-11 20:00:00+00:00,RMA,MNC,3,2,https://a.espncdn.com/i/teamlogos/soccer/500/86.png,https://a.espncdn.com/i/teamlogos/soccer/500/382.png,1,5,0,1,1,1,1
soccer-732189,uefa.champions,2025,2025-02-11 20:00:00+00:00,DOR,SCP,3,0,https://a.espncdn.com/i/teamlogos/soccer/500/124.png,https://a.espncdn.com/i/teamlogos/soccer/500/2250.png,3,3,0,0,0,1,1
soccer-732192,uefa.champions,2025,2025-02-12 17:45:00+00:00,ATA,BRU,1,2,https://a.espncdn.com/i/teamlogos/soccer/500/105.png,https://a.espncdn.com/i/teamlogos/soccer/500/570.png,1,3,0,0,0,1,1
soccer-732188,uefa.champions,2025,2025-02-12 20:00:00+00:00,SLB,MON,1,0,https://a.espncdn.com/i/teamlogos/soccer/500/1929.png,https://a.espncdn.com/i/teamlogos/soccer/500/174.png,1,1,1,0,0,0,1
soccer-732186,uefa.champions,2025,2025-02-12 20:00:00+00:00,MUN,CEL,2,1,https://a.espncdn.com/i/teamlogos/soccer/500/132.png,https://a.espncdn.com/i/teamlogos/soccer/500/256.png,1,3,0,0,0,0,1
soccer-732191,uefa.champions,2025,2025-02-12 20:00:00+00:00,MIL,FEY,0,1,https://a.espncdn.com/i/teamlogos/soccer/500/103.png,https://a.espncdn.com/i/teamlogos/soccer/500/142.png,1,1,0,0,0,0,1
soccer-732194,uefa.champions,2025,2025-02-18 17:45:00+00:00,FEY,MIL,1,1,https://a.espncdn.com/i/teamlogos/soccer/500/142.png,https://a.espncdn.com/i/teamlogos/soccer/500/103.png,0,2,2,0,1,0,1
soccer-732197,uefa.champions,2025,2025-02-18 20:00:00+00:00,BRU,ATA,3,1,https://a.espncdn.com/i/teamlogos/soccer/500/570.png,https://a.espncdn.com/i/teamlogos/soccer/500/105.png,2,4,1,0,0,0,1
soccer-732193,uefa.champions,2025,2025-02-18 20:00:00+00:00,CEL,MUN,1,1,https://a.espncdn.com/i/teamlogos/soccer/500/256.png,https://a.espncdn.com/i/teamlogos/soccer/500/132.png,0,2,0,0,1,1,1
soccer-732198,uefa.champions,2025,2025-02-18 20:00:00+00:00,MON,SLB,3,3,https://a.espncdn.com/i/teamlogos/soccer/500/174.png,https://a.espncdn.com/i/teamlogos/soccer/500/1929.png,0,6,0,1,1,1,1
soccer-732199,uefa.champions,2025,2025-02-19 17:45:00+00:00,SCP,DOR,0,0,https://a.espncdn.com/i/teamlogos/soccer/500/2250.png,https://a.espncdn.com/i/teamlogos/soccer/500/124.png,0,0,0,0,0,0,1
soccer-732196,uefa.champions,2025,2025-02-19 20:00:00+00:00,BRE,PSG,0,7,https://a.espncdn.com/i/teamlogos/soccer/500/6997.png,https://a.espncdn.com/i/teamlogos/soccer/500/160.png,7,7,0,0,0,1,1
soccer-732195,uefa.champions,2025,2025-02-19 20:00:00+00:00,JUV,PSV,1,3,https://a.espncdn.com/i/teamlogos/soccer/500/111.png,https://a.espncdn.com/i/teamlogos/soccer/500/148.png,2,4,0,0,0,1,1
soccer-732200,uefa.champions,2025,2025-02-19 20:00:00+00:00,MNC,RMA,1,3,https://a.espncdn.com/i/teamlogos/soccer/500/382.png,https://a.espncdn.com/i/teamlogos/soccer/500/86.png,2,4,0,0,0,1,1
soccer-733145,uefa.champions,2025,2025-03-04 17:45:00+00:00,AVL,BRU,3,1,https://a.espncdn.com/i/teamlogos/soccer/500/362.png,https://a.espncdn.com/i/teamlogos/soccer/500/570.png,2,4,0,0,0,1,1
soccer-733601,uefa.champions,2025,2025-03-04 20:00:00+00:00,LILL,DOR,1,1,https://a.espncdn.com/i/teamlogos/soccer/500/166.png,https://a.espncdn.com/i/teamlogos/soccer/500/124.png,0,2,0,0,1,0,1
soccer-733603,uefa.champions,2025,2025-03-04 20:00:00+00:00,ARS,PSV,7,1,https://a.espncdn.com/i/teamlogos/soccer/500/359.png,https://a.espncdn.com/i/teamlogos/soccer/500/148.png,6,8,0,0,0,1,1
soccer-733602,uefa.champions,2025,2025-03-04 20:00:00+00:00,ATM,RMA,1,2,https://a.espncdn.com/i/teamlogos/soccer/500/1068.png,https://a.espncdn.com/i/teamlogos/soccer/500/86.png,1,3,0,0,0,0,1
soccer-733149,uefa.champions,2025,2025-03-05 17:45:00+00:00,INT,FEY,2,0,https://a.espncdn.com/i/teamlogos/soccer/500/110.png,https://a.espncdn.com/i/teamlogos/soccer/500/142.png,2,2,0,0,0,0,1
soccer-733147,uefa.champions,2025,2025-03-05 20:00:00+00:00,B04,MUN,0,3,https://a.espncdn.com/i/teamlogos/soccer/500/131.png,https://a.espncdn.com/i/teamlogos/soccer/500/132.png,3,3,1,0,0,0,1
soccer-733143,uefa.champions,2025,2025-03-05 20:00:00+00:00,BAR,SLB,1,0,https://a.espncdn.com/i/teamlogos/soccer/500/83.png,https://a.espncdn.com/i/teamlogos/soccer/500/1929.png,1,1,1,0,0,0,1
soccer-733600,uefa.champions,2025,2025-03-05 20:00:00+00:00,LIV,PSG,1,0,https://a.espncdn.com/i/teamlogos/soccer/500/364.png,https://a.espncdn.com/i/teamlogos/soccer/500/160.png,1,1,0,0,0,1,1
soccer-733144,uefa.champions,2025,2025-03-11 17:45:00+00:00,SLB,BAR,1,3,https://a.espncdn.com/i/teamlogos/soccer/500/1929.png,https://a.espncdn.com/i/teamlogos/soccer/500/83.png,2,4,0,0,0,0,1
soccer-733148,uefa.champions,2025,2025-03-11 20:00:00+00:00,MUN,B04,2,0,https://a.espncdn.com/i/teamlogos/soccer/500/132.png,https://a.espncdn.com/i/teamlogos/soccer/500/131.png,2,2,0,0,0,0,1
soccer-733150,uefa.champions,2025,2025-03-11 20:00:00+00:00,FEY,INT,1,2,https://a.espncdn.com/i/teamlogos/soccer/500/142.png,https://a.espncdn.com/i/teamlogos/soccer/500/110.png,1,3,0,0,0,0,1
soccer-733605,uefa.champions,2025,2025-03-11 20:00:00+00:00,PSG,LIV,1,0,https://a.espncdn.com/i/teamlogos/soccer/500/160.png,https://a.espncdn.com/i/teamlogos/soccer/500/364.png,1,1,0,0,0,1,1
soccer-733604,uefa.champions,2025,2025-03-12 17:45:00+00:00,DOR,LILL,2,1,https://a.espncdn.com/i/teamlogos/soccer/500/124.png,https://a.espncdn.com/i/teamlogos/soccer/500/166.png,1,3,0,1,1,0,1
soccer-733607,uefa.champions,2025,2025-03-12 20:00:00+00:00,PSV,ARS,2,2,https://a.espncdn.com/i/teamlogos/soccer/500/148.png,https://a.espncdn.com/i/teamlogos/soccer/500/359.png,0,4,0,0,1,0,1
soccer-733146,uefa.champions,2025,2025-03-12 20:00:00+00:00,BRU,AVL,0,3,https://a.espncdn.com/i/teamlogos/soccer/500/570.png,https://a.espncdn.com/i/teamlogos/soccer/500/362.png,3,3,1,0,0,0,1
soccer-733606,uefa.champions,2025,2025-03-12 20:00:00+00:00,RMA,ATM,0,1,https://a.espncdn.com/i/teamlogos/soccer/500/86.png,https://a.espncdn.com/i/teamlogos/soccer/500/1068.png,1,1,0,1,1,1,1
soccer-733608,uefa.champions,2025,2025-04-08 19:00:00+00:00,RMA,ARS,0,3,https://a.espncdn.com/i/teamlogos/soccer/500/86.png,https://a.espncdn.com/i/teamlogos/soccer/500/359.png,3,3,1,0,0,0,1
soccer-733611,uefa.champions,2025,2025-04-08 19:00:00+00:00,INT,MUN,2,1,https://a.espncdn.com/i/teamlogos/soccer/500/110.png,https://a.espncdn.com/i/teamlogos/soccer/500/132.png,1,3,0,0,0,1,1
soccer-733610,uefa.champions,2025,2025-04-09 19:00:00+00:00,DOR,BAR,0,4,https://a.espncdn.com/i/teamlogos/soccer/500/124.png,https://a.espncdn.com/i/teamlogos/soccer/500/83.png,4,4,0,0,0,0,1
soccer-733609,uefa.champions,2025,2025-04-09 19:00:00+00:00,AVL,PSG,1,3,https://a.espncdn.com/i/teamlogos/soccer/500/362.png,https://a.espncdn.com/i/teamlogos/soccer/500/160.png,2,4,0,1,1,1,1
soccer-733613,uefa.champions,2025,2025-04-15 19:00:00+00:00,PSG,AVL,2,3,https://a.espncdn.com/i/teamlogos/soccer/500/160.png,https://a.espncdn.com/i/teamlogos/soccer/500/362.png,1,5,0,1,1,0,1
soccer-733614,uefa.champions,2025,2025-04-15 19:00:00+00:00,BAR,DOR,1,3,https://a.espncdn.com/i/teamlogos/soccer/500/83.png,https://a.espncdn.com/i/teamlogos/soccer/500/124.png,2,4,0,0,0,0,1
soccer-733615,uefa.champions,2025,2025-04-16 19:00:00+00:00,MUN,INT,2,2,https://a.espncdn.com/i/teamlogos/soccer/500/132.png,https://a.espncdn.com/i/teamlogos/soccer/500/110.png,0,4,0,1,1,0,1
soccer-733612,uefa.champions,2025,2025-04-16 19:00:00+00:00,ARS,RMA,2,1,https://a.espncdn.com/i/teamlogos/soccer/500/359.png,https://a.espncdn.com/i/teamlogos/soccer/500/86.png,1,3,0,0,0,1,1
soccer-733616,uefa.champions,2025,2025-04-29 19:00:00+00:00,PSG,ARS,1,0,https://a.espncdn.com/i/teamlogos/soccer/500/160.png,https://a.espncdn.com/i/teamlogos/soccer/500/359.png,1,1,0,0,0,0,1
soccer-733617,uefa.champions,2025,2025-04-30 19:00:00+00:00,INT,BAR,3,3,https://a.espncdn.com/i/teamlogos/soccer/500/110.png,https://a.espncdn.com/i/teamlogos/soccer/500/83.png,0,6,0,0,1,0,1
soccer-733619,uefa.champions,2025,2025-05-06 19:00:00+00:00,BAR,INT,3,4,https://a.espncdn.com/i/teamlogos/soccer/500/83.png,https://a.espncdn.com/i/teamlogos/soccer/500/110.png,1,7,0,2,1,1,1
soccer-733618,uefa.champions,2025,2025-05-07 19:00:00+00:00,ARS,PSG,1,2,https://a.espncdn.com/i/teamlogos/soccer/500/359.png,https://a.espncdn.com/i/teamlogos/soccer/500/160.png,1,3,0,0,0,0,1
soccer-733620,uefa.champions,2025,2025-05-31 19:00:00+00:00,INT,PSG,0,5,https://a.espncdn.com/i/teamlogos/soccer/500/110.png,https://a.espncdn.com/i/teamlogos/soccer/500/160.png,5,5,0,0,0,1,1
soccer-757653,uefa.champions,2026,2025-09-16 16:45:00+00:00,ARS,ATH,2,0,https://a.espncdn.com/i/teamlogos/soccer/500/359.png,https://a.espncdn.com/i/teamlogos/soccer/500/93.png,2,2,0,0,0,1,0
soccer-757654,uefa.champions,2026,2025-09-16 16:45:00+00:00,USG,PSV,3,1,https://a.espncdn.com/i/teamlogos/soccer/500/5807.png,https://a.espncdn.com/i/teamlogos/soccer/500/148.png,2,4,0,0,0,1,0
soccer-757657,uefa.champions,2026,2025-09-16 19:00:00+00:00,QAR,SLB,3,2,https://a.espncdn.com/i/teamlogos/soccer/500/10414.png,https://a.espncdn.com/i/teamlogos/soccer/500/1929.png,1,5,0,1,1,1,0
soccer-757656,uefa.champions,2026,2025-09-16 19:00:00+00:00,DOR,JUV,4,4,https://a.espncdn.com/i/teamlogos/soccer/500/124.png,https://a.espncdn.com/i/teamlogos/soccer/500/111.png,0,8,0,0,1,1,0
soccer-757655,uefa.champions,2026,2025-09-16 19:00:00+00:00,OLM,RMA,1,2,https://a.espncdn.com/i/teamlogos/soccer/500/176.png,https://a.espncdn.com/i/teamlogos/soccer/500/86.png,1,3,1,1,1,1,0
soccer-757658,uefa.champions,2026,2025-09-16 19:00:00+00:00,VIL,TOT,0,1,https://a.espncdn.com/i/teamlogos/soccer/500/102.png,https://a.espncdn.com/i/teamlogos/soccer/500/367.png,1,1,0,0,0,0,0
soccer-757659,uefa.champions,2026,2025-09-17 16:45:00+00:00,PAF,OLY,0,0,https://a.espncdn.com/i/teamlogos/soccer/500/22281.png,https://a.espncdn.com/i/teamlogos/soccer/500/435.png,0,0,1,0,0,0,0
soccer-757660,uefa.champions,2026,2025-09-17 16:45:00+00:00,BODO,SLP,2,2,https://a.espncdn.com/i/teamlogos/soccer/500/2980.png,https://a.espncdn.com/i/teamlogos/soccer/500/494.png,0,4,0,0,1,1,0
soccer-757664,uefa.champions,2026,2025-09-17 19:00:00+00:00,INT,AJA,2,0,https://a.espncdn.com/i/teamlogos/soccer/500/110.png,https://a.espncdn.com/i/teamlogos/soccer/500/139.png,2,2,0,0,0,0,0
soccer-757663,uefa.champions,2026,2025-09-17 19:00:00+00:00,CHE,MUN,1,3,https://a.espncdn.com/i/teamlogos/soccer/500/363.png,https://a.espncdn.com/i/teamlogos/soccer/500/132.png,2,4,0,0,0,0,0
soccer-757662,uefa.champions,2026,2025-09-17 19:00:00+00:00,ATM,LIV,2,3,https://a.espncdn.com/i/teamlogos/soccer/500/1068.png,https://a.espncdn.com/i/teamlogos/soccer/500/364.png,1,5,1,0,0,1,0
soccer-757661,uefa.champions,2026,2025-09-17 19:00:00+00:00,ATA,PSG,0,4,https://a.espncdn.com/i/teamlogos/soccer/500/105.png,https://a.espncdn.com/i/teamlogos/soccer/500/160.png,4,4,0,0,0,1,0
soccer-757665,uefa.champions,2026,2025-09-18 16:45:00+00:00,MON,BRU,1,4,https://a.espncdn.com/i/teamlogos/soccer/500/174.png,https://a.espncdn.com/i/teamlogos/soccer/500/570.png,3,5,0,0,0,1,0
soccer-757666,uefa.champions,2026,2025-09-18 16:45:00+00:00,B04,KBH,2,2,https://a.espncdn.com/i/teamlogos/soccer/500/131.png,https://a.espncdn.com/i/teamlogos/soccer/500/909.png,0,4,0,0,1,1,0
soccer-757668,uefa.champions,2026,2025-09-18 19:00:00+00:00,GAL,SGE,1,5,https://a.espncdn.com/i/teamlogos/soccer/500/432.png,https://a.espncdn.com/i/teamlogos/soccer/500/125.png,4,6,0,1,1,0,0
soccer-757667,uefa.champions,2026,2025-09-18 19:00:00+00:00,NAP,MNC,0,2,https://a.espncdn.com/i/teamlogos/soccer/500/114.png,https://a.espncdn.com/i/teamlogos/soccer/500/382.png,2,2,1,0,0,0,0
soccer-757669,uefa.champions,2026,2025-09-18 19:00:00+00:00,BAR,NEW,2,1,https://a.espncdn.com/i/teamlogos/soccer/500/83.png,https://a.espncdn.com/i/teamlogos/soccer/500/361.png,1,3,0,0,0,1,0
soccer-757670,uefa.champions,2026,2025-09-18 19:00:00+00:00,KAI,SCP,1,4,https://a.espncdn.com/i/teamlogos/soccer/500/2528.png,https://a.espncdn.com/i/teamlogos/soccer/500/2250.png,3,5,0,0,0,1,0
soccer-757672,uefa.champions,2026,2025-09-30 16:45:00+00:00,BRU,ATA,1,2,https://a.espncdn.com/i/teamlogos/soccer/500/570.png,https://a.espncdn.com/i/teamlogos/soccer/500/105.png,1,3,0,1,1,1,0
soccer-757671,uefa.champions,2026,2025-09-30 16:45:00+00:00,RMA,KAI,5,0,https://a.espncdn.com/i/teamlogos/soccer/500/86.png,https://a.espncdn.com/i/teamlogos/soccer/500/2528.png,5,5,0,0,0,1,0
soccer-757673,uefa.champions,2026,2025-09-30 19:00:00+00:00,SGE,ATM,1,5,https://a.espncdn.com/i/teamlogos/soccer/500/125.png,https://a.espncdn.com/i/teamlogos/soccer/500/1068.png,4,6,0,0,0,1,0
soccer-757674,uefa.champions,2026,2025-09-30 19:00:00+00:00,TOT,BODO,2,2,https://a.espncdn.com/i/teamlogos/soccer/500/367.png,https://a.espncdn.com/i/teamlogos/soccer/500/2980.png,0,4,0,0,1,1,0
soccer-757675,uefa.champions,2026,2025-09-30 19:00:00+00:00,SLB,CHE,0,1,https://a.espncdn.com/i/teamlogos/soccer/500/1929.png,https://a.espncdn.com/i/teamlogos/soccer/500/363.png,1,1,1,0,0,0,0
soccer-757676,uefa.champions,2026,2025-09-30 19:00:00+00:00,LIV,GAL,0,1,https://a.espncdn.com/i/teamlogos/soccer/500/364.png,https://a.espncdn.com/i/teamlogos/soccer/500/432.png,1,1,0,0,0,0,0
soccer-757678,uefa.champions,2026,2025-09-30 19:00:00+00:00,SLP,INT,0,3,https://a.espncdn.com/i/teamlogos/soccer/500/494.png,https://a.espncdn.com/i/teamlogos/soccer/500/110.png,3,3,0,0,0,0,0
soccer-757679,uefa.champions,2026,2025-09-30 19:00:00+00:00,AJA,OLM,0,4,https://a.espncdn.com/i/teamlogos/soccer/500/139.png,https://a.espncdn.com/i/teamlogos/soccer/500/176.png,4,4,0,0,0,0,0
soccer-757677,uefa.champions,2026,2025-09-30 19:00:00+00:00,MUN,PAF,5,1,https://a.espncdn.com/i/teamlogos/soccer/500/132.png,https://a.espncdn.com/i/teamlogos/soccer/500/22281.png,4,6,0,0,0,0,0
soccer-757680,uefa.champions,2026,2025-10-01 16:45:00+00:00,KBH,QAR,0,2,https://a.espncdn.com/i/teamlogos/soccer/500/909.png,https://a.espncdn.com/i/teamlogos/soccer/500/10414.png,2,2,0,0,0,1,0
soccer-757681,uefa.champions,2026,2025-10-01 16:45:00+00:00,NEW,USG,4,0,https://a.espncdn.com/i/teamlogos/soccer/500/361.png,https://a.espncdn.com/i/teamlogos/soccer/500/5807.png,4,4,0,0,0,1,0
soccer-757688,uefa.champions,2026,2025-10-01 19:00:00+00:00,OLY,ARS,0,2,https://a.espncdn.com/i/teamlogos/soccer/500/435.png,https://a.espncdn.com/i/teamlogos/soccer/500/359.png,2,2,0,0,0,1,0
soccer-757686,uefa.champions,2026,2025-10-01 19:00:00+00:00,MNC,MON,2,2,https://a.espncdn.com/i/teamlogos/soccer/500/382.png,https://a.espncdn.com/i/teamlogos/soccer/500/174.png,0,4,0,0,1,1,0
soccer-757687,uefa.champions,2026,2025-10-01 19:00:00+00:00,PSG,BAR,2,1,https://a.espncdn.com/i/teamlogos/soccer/500/160.png,https://a.espncdn.com/i/teamlogos/soccer/500/83.png,1,3,0,1,1,1,0
soccer-757684,uefa.champions,2026,2025-10-01 19:00:00+00:00,PSV,B04,1,1,https://a.espncdn.com/i/teamlogos/soccer/500/148.png,https://a.espncdn.com/i/teamlogos/soccer/500/131.png,0,2,0,0,1,0,0
soccer-757683,uefa.champions,2026,2025-10-01 19:00:00+00:00,ATH,DOR,1,4,https://a.espncdn.com/i/teamlogos/soccer/500/93.png,https://a.espncdn.com/i/teamlogos/soccer/500/124.png,3,5,0,0,0,1,0
soccer-757685,uefa.champions,2026,2025-10-01 19:00:00+00:00,SCP,NAP,1,2,https://a.espncdn.com/i/teamlogos/soccer/500/2250.png,https://a.espncdn.com/i/teamlogos/soccer/500/114.png,1,3,0,0,0,0,0
soccer-757682,uefa.champions,2026,2025-10-01 19:00:00+00:00,JUV,VIL,2,2,https://a.espncdn.com/i/teamlogos/soccer/500/111.png,https://a.espncdn.com/i/teamlogos/soccer/500/102.png,0,4,0,1,1,1,0
soccer-757690,uefa.champions,2026,2025-10-21 16:45:00+00:00,OLY,BAR,1,6,https://a.espncdn.com/i/teamlogos/soccer/500/435.png,https://a.espncdn.com/i/teamlogos/soccer/500/83.png,5,7,1,0,0,0,0
soccer-757689,uefa.champions,2026,2025-10-21 16:45:00+00:00,PAF,KAI,0,0,https://a.espncdn.com/i/teamlogos/soccer/500/22281.png,https://a.espncdn.com/i/teamlogos/soccer/500/2528.png,0,0,1,0,0,0,0
soccer-757697,uefa.champions,2026,2025-10-21 19:00:00+00:00,ATM,ARS,0,4,https://a.espncdn.com/i/teamlogos/soccer/500/1068.png,https://a.espncdn.com/i/teamlogos/soccer/500/359.png,4,4,0,0,0,0,0
soccer-757693,uefa.champions,2026,2025-10-21 19:00:00+00:00,PSG,B04,7,2,https://a.espncdn.com/i/teamlogos/soccer/500/160.png,https://a.espncdn.com/i/teamlogos/soccer/500/131.png,5,9,2,0,0,1,0
soccer-757695,uefa.champions,2026,2025-10-21 19:00:00+00:00,DOR,KBH,4,2,https://a.espncdn.com/i/teamlogos/soccer/500/124.png,https://a.espncdn.com/i/teamlogos/soccer/500/909.png,2,6,0,0,0,1,0
soccer-757696,uefa.champions,2026,2025-10-21 19:00:00+00:00,SLB,NEW,0,3,https://a.espncdn.com/i/teamlogos/soccer/500/1929.png,https://a.espncdn.com/i/teamlogos/soccer/500/361.png,3,3,0,0,0,1,0
soccer-757691,uefa.champions,2026,2025-10-21 19:00:00+00:00,NAP,PSV,2,6,https://a.espncdn.com/i/teamlogos/soccer/500/114.png,https://a.espncdn.com/i/teamlogos/soccer/500/148.png,4,8,1,1,1,1,0
soccer-757692,uefa.champions,2026,2025-10-21 19:00:00+00:00,INT,USG,4,0,https://a.espncdn.com/i/teamlogos/soccer/500/110.png,https://a.espncdn.com/i/teamlogos/soccer/500/5807.png,4,4,0,0,0,0,0
soccer-757694,uefa.champions,2026,2025-10-21 19:00:00+00:00,MNC,VIL,2,0,https://a.espncdn.com/i/teamlogos/soccer/500/382.png,https://a.espncdn.com/i/teamlogos/soccer/500/102.png,2,2,0,0,0,0,0
soccer-757699,uefa.champions,2026,2025-10-22 16:45:00+00:00,QAR,ATH,1,3,https://a.espncdn.com/i/teamlogos/soccer/500/10414.png,https://a.espncdn.com/i/teamlogos/soccer/500/93.png,2,4,0,1,1,1,0
soccer-757698,uefa.champions,2026,2025-10-22 16:45:00+00:00,BODO,GAL,1,3,https://a.espncdn.com/i/teamlogos/soccer/500/2980.png,https://a.espncdn.com/i/teamlogos/soccer/500/432.png,2,4,0,0,0,0,0
soccer-757704,uefa.champions,2026,2025-10-22 19:00:00+00:00,TOT,MON,0,0,https://a.espncdn.com/i/teamlogos/soccer/500/367.png,https://a.espncdn.com/i/teamlogos/soccer/500/174.png,0,0,0,0,0,0,0
soccer-757700,uefa.champions,2026,2025-10-22 19:00:00+00:00,SLP,ATA,0,0,https://a.espncdn.com/i/teamlogos/soccer/500/494.png,https://a.espncdn.com/i/teamlogos/soccer/500/105.png,0,0,0,0,0,0,0
soccer-757703,uefa.champions,2026,2025-10-22 19:00:00+00:00,BRU,MUN,0,4,https://a.espncdn.com/i/teamlogos/soccer/500/570.png,https://a.espncdn.com/i/teamlogos/soccer/500/132.png,4,4,0,0,0,0,0
soccer-757701,uefa.champions,2026,2025-10-22 19:00:00+00:00,AJA,CHE,1,5,https://a.espncdn.com/i/teamlogos/soccer/500/139.png,https://a.espncdn.com/i/teamlogos/soccer/500/363.png,4,6,1,0,0,0,0
soccer-757702,uefa.champions,2026,2025-10-22 19:00:00+00:00,LIV,SGE,5,1,https://a.espncdn.com/i/teamlogos/soccer/500/364.png,https://a.espncdn.com/i/teamlogos/soccer/500/125.png,4,6,0,1,1,0,0
soccer-757705,uefa.champions,2026,2025-10-22 19:00:00+00:00,JUV,RMA,0,1,https://a.espncdn.com/i/teamlogos/soccer/500/111.png,https://a.espncdn.com/i/teamlogos/soccer/500/86.png,1,1,0,0,0,0,0
soccer-757706,uefa.champions,2026,2025-10-22 19:00:00+00:00,OLM,SCP,1,2,https://a.espncdn.com/i/teamlogos/soccer/500/176.png,https://a.espncdn.com/i/teamlogos/soccer/500/2250.png,1,3,1,1,1,1,0
soccer-757708,uefa.champions,2026,2025-11-04 17:45:00+00:00,SGE,NAP,0,0,https://a.espncdn.com/i/teamlogos/soccer/500/125.png,https://a.espncdn.com/i/teamlogos/soccer/500/114.png,0,0,0,0,0,0,0
soccer-757707,uefa.champions,2026,2025-11-04 17:45:00+00:00,ARS,SLP,3,0,https://a.espncdn.com/i/teamlogos/soccer/500/359.png,https://a.espncdn.com/i/teamlogos/soccer/500/494.png,3,3,0,0,0,0,0
soccer-757711,uefa.champions,2026,2025-11-04 20:00:00+00:00,USG,ATM,1,3,https://a.espncdn.com/i/teamlogos/soccer/500/5807.png,https://a.espncdn.com/i/teamlogos/soccer/500/1068.png,2,4,0,0,0,1,0
soccer-757712,uefa.champions,2026,2025-11-04 20:00:00+00:00,MON,BODO,1,0,https://a.espncdn.com/i/teamlogos/soccer/500/174.png,https://a.espncdn.com/i/teamlogos/soccer/500/2980.png,1,1,1,0,0,0,0
soccer-757710,uefa.champions,2026,2025-11-04 20:00:00+00:00,SCP,JUV,1,1,https://a.espncdn.com/i/teamlogos/soccer/500/2250.png,https://a.espncdn.com/i/teamlogos/soccer/500/111.png,0,2,0,0,1,0,0
soccer-757714,uefa.champions,2026,2025-11-04 20:00:00+00:00,RMA,LIV,0,1,https://a.espncdn.com/i/teamlogos/soccer/500/86.png,https://a.espncdn.com/i/teamlogos/soccer/500/364.png,1,1,0,0,0,0,0
soccer-757713,uefa.champions,2026,2025-11-04 20:00:00+00:00,PSV,OLY,1,1,https://a.espncdn.com/i/teamlogos/soccer/500/148.png,https://a.espncdn.com/i/teamlogos/soccer/500/435.png,0,2,0,0,1,1,0
soccer-757709,uefa.champions,2026,2025-11-04 20:00:00+00:00,MUN,PSG,2,1,https://a.espncdn.com/i/teamlogos/soccer/500/132.png,https://a.espncdn.com/i/teamlogos/soccer/500/160.png,1,3,1,0,0,0,0
soccer-757715,uefa.champions,2026,2025-11-04 20:00:00+00:00,KBH,TOT,0,4,https://a.espncdn.com/i/teamlogos/soccer/500/909.png,https://a.espncdn.com/i/teamlogos/soccer/500/367.png,4,4,1,0,0,0,0
soccer-757716,uefa.champions,2026,2025-11-05 17:45:00+00:00,CHE,QAR,2,2,https://a.espncdn.com/i/teamlogos/soccer/500/363.png,https://a.espncdn.com/i/teamlogos/soccer/500/10414.png,0,4,0,1,1,0,0
soccer-757717,uefa.champions,2026,2025-11-05 17:45:00+00:00,VIL,PAF,0,1,https://a.espncdn.com/i/teamlogos/soccer/500/102.png,https://a.espncdn.com/i/teamlogos/soccer/500/22281.png,1,1,0,0,0,0,0
soccer-757721,uefa.champions,2026,2025-11-05 20:00:00+00:00,GAL,AJA,3,0,https://a.espncdn.com/i/teamlogos/soccer/500/432.png,https://a.espncdn.com/i/teamlogos/soccer/500/139.png,3,3,0,0,0,0,0
soccer-757720,uefa.champions,2026,2025-11-05 20:00:00+00:00,B04,SLB,1,0,https://a.espncdn.com/i/teamlogos/soccer/500/131.png,https://a.espncdn.com/i/teamlogos/soccer/500/1929.png,1,1,0,0,0,0,0
soccer-757723,uefa.champions,2026,2025-11-05 20:00:00+00:00,BAR,BRU,3,3,https://a.espncdn.com/i/teamlogos/soccer/500/83.png,https://a.espncdn.com/i/teamlogos/soccer/500/570.png,0,6,0,0,1,0,0
soccer-757722,uefa.champions,2026,2025-11-05 20:00:00+00:00,KAI,INT,1,2,https://a.espncdn.com/i/teamlogos/soccer/500/2528.png,https://a.espncdn.com/i/teamlogos/soccer/500/110.png,1,3,0,0,0,0,0
soccer-757718,uefa.champions,2026,2025-11-05 20:00:00+00:00,DOR,MNC,1,4,https://a.espncdn.com/i/teamlogos/soccer/500/124.png,https://a.espncdn.com/i/teamlogos/soccer/500/382.png,3,5,0,0,0,1,0
soccer-757724,uefa.champions,2026,2025-11-05 20:00:00+00:00,ATA,OLM,1,0,https://a.espncdn.com/i/teamlogos/soccer/500/105.png,https://a.espncdn.com/i/teamlogos/soccer/500/176.png,1,1,0,0,0,1,0
soccer-757719,uefa.champions,2026,2025-11-05 20:00:00+00:00,ATH,NEW,0,2,https://a.espncdn.com/i/teamlogos/soccer/500/93.png,https://a.espncdn.com/i/teamlogos/soccer/500/361.png,2,2,0,0,0,0,0
soccer-757725,uefa.champions,2026,2025-11-25 17:45:00+00:00,SLB,AJA,2,0,https://a.espncdn.com/i/teamlogos/soccer/500/1929.png,https://a.espncdn.com/i/teamlogos/soccer/500/139.png,2,2,0,0,0,1,0
soccer-757726,uefa.champions,2026,2025-11-25 17:45:00+00:00,USG,GAL,1,0,https://a.espncdn.com/i/teamlogos/soccer/500/5807.png,https://a.espncdn.com/i/teamlogos/soccer/500/432.png,1,1,1,0,0,0,0
soccer-757731,uefa.champions,2026,2025-11-25 20:00:00+00:00,JUV,BODO,3,2,https://a.espncdn.com/i/teamlogos/soccer/500/111.png,https://a.espncdn.com/i/teamlogos/soccer/500/2980.png,1,5,0,1,1,1,0
soccer-757727,uefa.champions,2026,2025-11-25 20:00:00+00:00,VIL,DOR,0,4,https://a.espncdn.com/i/teamlogos/soccer/500/102.png,https://a.espncdn.com/i/teamlogos/soccer/500/124.png,4,4,1,0,0,1,0
soccer-757732,uefa.champions,2026,2025-11-25 20:00:00+00:00,BAR,CHE,0,3,https://a.espncdn.com/i/teamlogos/soccer/500/83.png,https://a.espncdn.com/i/teamlogos/soccer/500/363.png,3,3,1,0,0,0,0
soccer-757730,uefa.champions,2026,2025-11-25 20:00:00+00:00,B04,MNC,2,0,https://a.espncdn.com/i/teamlogos/soccer/500/131.png,https://a.espncdn.com/i/teamlogos/soccer/500/382.png,2,2,0,0,0,0,0
soccer-757729,uefa.champions,2026,2025-11-25 20:00:00+00:00,NEW,OLM,1,2,https://a.espncdn.com/i/teamlogos/soccer/500/361.png,https://a.espncdn.com/i/teamlogos/soccer/500/176.png,1,3,0,1,1,0,0
soccer-757728,uefa.champions,2026,2025-11-25 20:00:00+00:00,QAR,NAP,0,2,https://a.espncdn.com/i/teamlogos/soccer/500/10414.png,https://a.espncdn.com/i/teamlogos/soccer/500/114.png,2,2,0,0,0,0,0
soccer-757733,uefa.champions,2026,2025-11-25 20:00:00+00:00,ATH,SLP,0,0,https://a.espncdn.com/i/teamlogos/soccer/500/93.png,https://a.espncdn.com/i/teamlogos/soccer/500/494.png,0,0,0,0,0,0,0
soccer-757735,uefa.champions,2026,2025-11-26 17:45:00+00:00,KAI,KBH,2,3,https://a.espncdn.com/i/teamlogos/soccer/500/2528.png,https://a.espncdn.com/i/teamlogos/soccer/500/909.png,1,5,0,0,0,1,0
soccer-757734,uefa.champions,2026,2025-11-26 17:45:00+00:00,MON,PAF,2,2,https://a.espncdn.com/i/teamlogos/soccer/500/174.png,https://a.espncdn.com/i/teamlogos/soccer/500/22281.png,0,4,0,0,1,1,0
soccer-757742,uefa.champions,2026,2025-11-26 20:00:00+00:00,MUN,ARS,1,3,https://a.espncdn.com/i/teamlogos/soccer/500/132.png,https://a.espncdn.com/i/teamlogos/soccer/500/359.png,2,4,0,0,0,0,0
soccer-757740,uefa.champions,2026,2025-11-26 20:00:00+00:00,INT,ATM,1,2,https://a.espncdn.com/i/teamlogos/soccer/500/110.png,https://a.espncdn.com/i/teamlogos/soccer/500/1068.png,1,3,0,0,0,1,0
soccer-757739,uefa.champions,2026,2025-11-26 20:00:00+00:00,ATA,SGE,3,0,https://a.espncdn.com/i/teamlogos/soccer/500/105.png,https://a.espncdn.com/i/teamlogos/soccer/500/125.png,3,3,0,0,0,0,0
soccer-757738,uefa.champions,2026,2025-11-26 20:00:00+00:00,PSV,LIV,4,1,https://a.espncdn.com/i/teamlogos/soccer/500/148.png,https://a.espncdn.com/i/teamlogos/soccer/500/364.png,3,5,0,0,0,1,0
soccer-757737,uefa.champions,2026,2025-11-26 20:00:00+00:00,RMA,OLY,4,3,https://a.espncdn.com/i/teamlogos/soccer/500/86.png,https://a.espncdn.com/i/teamlogos/soccer/500/435.png,1,7,0,1,1,1,0
soccer-757736,uefa.champions,2026,2025-11-26 20:00:00+00:00,TOT,PSG,3,5,https://a.espncdn.com/i/teamlogos/soccer/500/367.png,https://a.espncdn.com/i/teamlogos/soccer/500/160.png,2,8,1,1,1,0,0
soccer-757741,uefa.champions,2026,2025-11-26 20:00:00+00:00,BRU,SCP,0,3,https://a.espncdn.com/i/teamlogos/soccer/500/570.png,https://a.espncdn.com/i/teamlogos/soccer/500/2250.png,3,3,0,0,0,0,0
soccer-757743,uefa.champions,2026,2025-12-09 15:30:00+00:00,OLY,KAI,1,0,https://a.espncdn.com/i/teamlogos/soccer/500/435.png,https://a.espncdn.com/i/teamlogos/soccer/500/2528.png,1,1,0,0,0,0,0
soccer-757744,uefa.champions,2026,2025-12-09 17:45:00+00:00,SCP,MUN,1,3,https://a.espncdn.com/i/teamlogos/soccer/500/2250.png,https://a.espncdn.com/i/teamlogos/soccer/500/132.png,2,4,0,1,1,0,0
soccer-757751,uefa.champions,2026,2025-12-09 20:00:00+00:00,GAL,MON,0,1,https://a.espncdn.com/i/teamlogos/soccer/500/432.png,https://a.espncdn.com/i/teamlogos/soccer/500/174.png,1,1,0,0,0,0,0
soccer-757747,uefa.champions,2026,2025-12-09 20:00:00+00:00,CHE,ATA,1,2,https://a.espncdn.com/i/teamlogos/soccer/500/363.png,https://a.espncdn.com/i/teamlogos/soccer/500/105.png,1,3,0,1,1,1,0
soccer-757746,uefa.champions,2026,2025-12-09 20:00:00+00:00,SGE,BAR,1,2,https://a.espncdn.com/i/teamlogos/soccer/500/125.png,https://a.espncdn.com/i/teamlogos/soccer/500/83.png,1,3,0,1,1,0,0
soccer-757745,uefa.champions,2026,2025-12-09 20:00:00+00:00,LIV,INT,1,0,https://a.espncdn.com/i/teamlogos/soccer/500/364.png,https://a.espncdn.com/i/teamlogos/soccer/500/110.png,1,1,0,0,0,1,0
soccer-757750,uefa.champions,2026,2025-12-09 20:00:00+00:00,ATM,PSV,3,2,https://a.espncdn.com/i/teamlogos/soccer/500/1068.png,https://a.espncdn.com/i/teamlogos/soccer/500/148.png,1,5,0,1,1,1,0
soccer-757749,uefa.champions,2026,2025-12-09 20:00:00+00:00,SLP,TOT,0,3,https://a.espncdn.com/i/teamlogos/soccer/500/494.png,https://a.espncdn.com/i/teamlogos/soccer/500/367.png,3,3,0,0,0,0,0
soccer-757748,uefa.champions,2026,2025-12-09 20:00:00+00:00,OLM,USG,3,2,https://a.espncdn.com/i/teamlogos/soccer/500/176.png,https://a.espncdn.com/i/teamlogos/soccer/500/5807.png,1,5,0,1,1,0,0
soccer-757752,uefa.champions,2026,2025-12-10 17:45:00+00:00,AJA,QAR,4,2,https://a.espncdn.com/i/teamlogos/soccer/500/139.png,https://a.espncdn.com/i/teamlogos/soccer/500/10414.png,2,6,0,1,1,1,0
soccer-757753,uefa.champions,2026,2025-12-10 17:45:00+00:00,KBH,VIL,3,2,https://a.espncdn.com/i/teamlogos/soccer/500/909.png,https://a.espncdn.com/i/teamlogos/soccer/500/102.png,1,5,0,0,0,1,0
soccer-757759,uefa.champions,2026,2025-12-10 20:00:00+00:00,PSG,ATH,0,0,https://a.espncdn.com/i/teamlogos/soccer/500/160.png,https://a.espncdn.com/i/teamlogos/soccer/500/93.png,0,0,0,0,0,0,0
soccer-757758,uefa.champions,2026,2025-12-10 20:00:00+00:00,NEW,B04,2,2,https://a.espncdn.com/i/teamlogos/soccer/500/361.png,https://a.espncdn.com/i/teamlogos/soccer/500/131.png,0,4,0,1,1,1,0
soccer-757754,uefa.champions,2026,2025-12-10 20:00:00+00:00,NAP,SLB,0,2,https://a.espncdn.com/i/teamlogos/soccer/500/114.png,https://a.espncdn.com/i/teamlogos/soccer/500/1929.png,2,2,0,0,0,0,0
soccer-757755,uefa.champions,2026,2025-12-10 20:00:00+00:00,BODO,DOR,2,2,https://a.espncdn.com/i/teamlogos/soccer/500/2980.png,https://a.espncdn.com/i/teamlogos/soccer/500/124.png,0,4,0,0,1,0,0
soccer-757757,uefa.champions,2026,2025-12-10 20:00:00+00:00,ARS,BRU,3,0,https://a.espncdn.com/i/teamlogos/soccer/500/359.png,https://a.espncdn.com/i/teamlogos/soccer/500/570.png,3,3,0,0,0,0,0
soccer-757756,uefa.champions,2026,2025-12-10 20:00:00+00:00,PAF,JUV,0,2,https://a.espncdn.com/i/teamlogos/soccer/500/22281.png,https://a.espncdn.com/i/teamlogos/soccer/500/111.png,2,2,0,0,0,0,0
soccer-757760,uefa.champions,2026,2025-12-10 20:00:00+00:00,MNC,RMA,2,1,https://a.espncdn.com/i/teamlogos/soccer/500/382.png,https://a.espncdn.com/i/teamlogos/soccer/500/86.png,1,3,0,1,1,0,0
soccer-757761,uefa.champions,2026,2026-01-20 15:30:00+00:00,BRU,KAI,4,1,https://a.espncdn.com/i/teamlogos/soccer/500/570.png,https://a.espncdn.com/i/teamlogos/soccer/500/2528.png,3,5,0,0,0,1,0
soccer-757762,uefa.champions,2026,2026-01-20 17:45:00+00:00,MNC,BODO,1,3,https://a.espncdn.com/i/teamlogos/soccer/500/382.png,https://a.espncdn.com/i/teamlogos/soccer/500/2980.png,2,4,1,0,0,0,0
soccer-757767,uefa.champions,2026,2026-01-20 20:00:00+00:00,NAP,KBH,1,1,https://a.espncdn.com/i/teamlogos/soccer/500/114.png,https://a.espncdn.com/i/teamlogos/soccer/500/909.png,0,2,1,0,1,0,0
soccer-757763,uefa.champions,2026,2026-01-20 20:00:00+00:00,ARS,INT,3,1,https://a.espncdn.com/i/teamlogos/soccer/500/359.png,https://a.espncdn.com/i/teamlogos/soccer/500/110.png,2,4,0,0,0,1,0
soccer-757765,uefa.champions,2026,2026-01-20 20:00:00+00:00,B04,OLY,0,2,https://a.espncdn.com/i/teamlogos/soccer/500/131.png,https://a.espncdn.com/i/teamlogos/soccer/500/435.png,2,2,0,0,0,0,0
soccer-757764,uefa.champions,2026,2026-01-20 20:00:00+00:00,MON,RMA,1,6,https://a.espncdn.com/i/teamlogos/soccer/500/174.png,https://a.espncdn.com/i/teamlogos/soccer/500/86.png,5,7,0,0,0,1,0
soccer-757768,uefa.champions,2026,2026-01-20 20:00:00+00:00,PSG,SCP,1,2,https://a.espncdn.com/i/teamlogos/soccer/500/160.png,https://a.espncdn.com/i/teamlogos/soccer/500/2250.png,1,3,0,0,0,1,0
soccer-757769,uefa.champions,2026,2026-01-20 20:00:00+00:00,DOR,TOT,0,2,https://a.espncdn.com/i/teamlogos/soccer/500/124.png,https://a.espncdn.com/i/teamlogos/soccer/500/367.png,2,2,1,0,0,0,0
soccer-757766,uefa.champions,2026,2026-01-20 20:00:00+00:00,AJA,VIL,2,1,https://a.espncdn.com/i/teamlogos/soccer/500/139.png,https://a.espncdn.com/i/teamlogos/soccer/500/102.png,1,3,0,1,1,1,0
soccer-757770,uefa.champions,2026,2026-01-21 17:45:00+00:00,SGE,QAR,2,3,https://a.espncdn.com/i/teamlogos/soccer/500/125.png,https://a.espncdn.com/i/teamlogos/soccer/500/10414.png,1,5,0,2,1,1,0
soccer-757771,uefa.champions,2026,2026-01-21 17:45:00+00:00,ATM,GAL,1,1,https://a.espncdn.com/i/teamlogos/soccer/500/1068.png,https://a.espncdn.com/i/teamlogos/soccer/500/432.png,0,2,0,0,1,0,0
soccer-757772,uefa.champions,2026,2026-01-21 20:00:00+00:00,ATH,ATA,3,2,https://a.espncdn.com/i/teamlogos/soccer/500/93.png,https://a.espncdn.com/i/teamlogos/soccer/500/105.png,1,5,0,1,1,1,0
soccer-757774,uefa.champions,2026,2026-01-21 20:00:00+00:00,USG,MUN,0,2,https://a.espncdn.com/i/teamlogos/soccer/500/5807.png,https://a.espncdn.com/i/teamlogos/soccer/500/132.png,2,2,1,0,0,0,0
soccer-757773,uefa.champions,2026,2026-01-21 20:00:00+00:00,PAF,CHE,0,1,https://a.espncdn.com/i/teamlogos/soccer/500/22281.png,https://a.espncdn.com/i/teamlogos/soccer/500/363.png,1,1,0,0,0,0,0
soccer-757775,uefa.champions,2026,2026-01-21 20:00:00+00:00,SLB,JUV,0,2,https://a.espncdn.com/i/teamlogos/soccer/500/1929.png,https://a.espncdn.com/i/teamlogos/soccer/500/111.png,2,2,0,0,0,0,0
soccer-757776,uefa.champions,2026,2026-01-21 20:00:00+00:00,LIV,OLM,3,0,https://a.espncdn.com/i/teamlogos/soccer/500/364.png,https://a.espncdn.com/i/teamlogos/soccer/500/176.png,3,3,0,0,0,1,0
soccer-757777,uefa.champions,2026,2026-01-21 20:00:00+00:00,PSV,NEW,0,3,https://a.espncdn.com/i/teamlogos/soccer/500/148.png,https://a.espncdn.com/i/teamlogos/soccer/500/361.png,3,3,0,0,0,0,0
soccer-757778,uefa.champions,2026,2026-01-21 20:00:00+00:00,BAR,SLP,4,2,https://a.espncdn.com/i/teamlogos/soccer/500/83.png,https://a.espncdn.com/i/teamlogos/soccer/500/494.png,2,6,0,1,1,0,0
soccer-757779,uefa.champions,2026,2026-01-28 20:00:00+00:00,OLY,AJA,2,1,https://a.espncdn.com/i/teamlogos/soccer/500/435.png,https://a.espncdn.com/i/teamlogos/soccer/500/139.png,1,3,0,0,0,0,0
soccer-757780,uefa.champions,2026,2026-01-28 20:00:00+00:00,KAI,ARS,2,3,https://a.espncdn.com/i/teamlogos/soccer/500/2528.png,https://a.espncdn.com/i/teamlogos/soccer/500/359.png,1,5,0,0,0,1,0
soccer-757791,uefa.champions,2026,2026-01-28 20:00:00+00:00,JUV,MON,0,0,https://a.espncdn.com/i/teamlogos/soccer/500/111.png,https://a.espncdn.com/i/teamlogos/soccer/500/174.png,0,0,0,0,0,0,0
soccer-757781,uefa.champions,2026,2026-01-28 20:00:00+00:00,SCP,ATH,3,2,https://a.espncdn.com/i/teamlogos/soccer/500/2250.png,https://a.espncdn.com/i/teamlogos/soccer/500/93.png,1,5,0,1,1,1,0
soccer-757782,uefa.champions,2026,2026-01-28 20:00:00+00:00,BODO,ATM,2,1,https://a.espncdn.com/i/teamlogos/soccer/500/2980.png,https://a.espncdn.com/i/teamlogos/soccer/500/1068.png,1,3,0,1,1,0,0
soccer-757783,uefa.champions,2026,2026-01-28 20:00:00+00:00,KBH,BAR,1,4,https://a.espncdn.com/i/teamlogos/soccer/500/909.png,https://a.espncdn.com/i/teamlogos/soccer/500/83.png,3,5,0,1,1,1,0
soccer-757784,uefa.champions,2026,2026-01-28 20:00:00+00:00,VIL,B04,0,3,https://a.espncdn.com/i/teamlogos/soccer/500/102.png,https://a.espncdn.com/i/teamlogos/soccer/500/131.png,3,3,0,0,0,0,0
soccer-757785,uefa.champions,2026,2026-01-28 20:00:00+00:00,RMA,SLB,2,4,https://a.espncdn.com/i/teamlogos/soccer/500/86.png,https://a.espncdn.com/i/teamlogos/soccer/500/1929.png,2,6,2,1,1,1,0
soccer-757786,uefa.champions,2026,2026-01-28 20:00:00+00:00,INT,DOR,2,0,https://a.espncdn.com/i/teamlogos/soccer/500/110.png,https://a.espncdn.com/i/teamlogos/soccer/500/124.png,2,2,0,0,0,1,0
soccer-757787,uefa.champions,2026,2026-01-28 20:00:00+00:00,OLM,BRU,0,3,https://a.espncdn.com/i/teamlogos/soccer/500/176.png,https://a.espncdn.com/i/teamlogos/soccer/500/570.png,3,3,0,0,0,0,0
soccer-757788,uefa.champions,2026,2026-01-28 20:00:00+00:00,TOT,SGE,2,0,https://a.espncdn.com/i/teamlogos/soccer/500/367.png,https://a.espncdn.com/i/teamlogos/soccer/500/125.png,2,2,0,0,0,0,0
soccer-757789,uefa.champions,2026,2026-01-28 20:00:00+00:00,QAR,LIV,0,6,https://a.espncdn.com/i/teamlogos/soccer/500/10414.png,https://a.espncdn.com/i/teamlogos/soccer/500/364.png,6,6,0,0,0,1,0
soccer-757790,uefa.champions,2026,2026-01-28 20:00:00+00:00,GAL,MNC,0,2,https://a.espncdn.com/i/teamlogos/soccer/500/432.png,https://a.espncdn.com/i/teamlogos/soccer/500/382.png,2,2,0,0,0,0,0
soccer-757792,uefa.champions,2026,2026-01-28 20:00:00+00:00,CHE,NAP,3,2,https://a.espncdn.com/i/teamlogos/soccer/500/363.png,https://a.espncdn.com/i/teamlogos/soccer/500/114.png,1,5,0,2,1,1,0
soccer-757794,uefa.champions,2026,2026-01-28 20:00:00+00:00,SLP,PAF,1,4,https://a.espncdn.com/i/teamlogos/soccer/500/494.png,https://a.espncdn.com/i/teamlogos/soccer/500/22281.png,3,5,1,0,0,1,0
soccer-757795,uefa.champions,2026,2026-01-28 20:00:00+00:00,NEW,PSG,1,1,https://a.espncdn.com/i/teamlogos/soccer/500/361.png,https://a.espncdn.com/i/teamlogos/soccer/500/160.png,0,2,0,0,1,0,0
soccer-757793,uefa.champions,2026,2026-01-28 20:00:00+00:00,MUN,PSV,2,1,https://a.espncdn.com/i/teamlogos/soccer/500/132.png,https://a.espncdn.com/i/teamlogos/soccer/500/148.png,1,3,1,0,0,1,0
soccer-757796,uefa.champions,2026,2026-01-28 20:00:00+00:00,ATA,USG,0,1,https://a.espncdn.com/i/teamlogos/soccer/500/105.png,https://a.espncdn.com/i/teamlogos/soccer/500/5807.png,1,1,0,0,0,0,0
soccer-401858759,uefa.champions,2026,2026-02-17 17:45:00+00:00,JUV,GAL,2,5,https://a.espncdn.com/i/teamlogos/soccer/500/111.png,https://a.espncdn.com/i/teamlogos/soccer/500/432.png,3,7,1,2,1,1,1
soccer-401858758,uefa.champions,2026,2026-02-17 20:00:00+00:00,PSG,MON,3,2,https://a.espncdn.com/i/teamlogos/soccer/500/160.png,https://a.espncdn.com/i/teamlogos/soccer/500/174.png,1,5,1,1,1,0,1
soccer-401858735,uefa.champions,2026,2026-02-17 20:00:00+00:00,RMA,SLB,1,0,https://a.espncdn.com/i/teamlogos/soccer/500/86.png,https://a.espncdn.com/i/teamlogos/soccer/500/1929.png,1,1,1,0,0,0,1
soccer-401858761,uefa.champions,2026,2026-02-17 20:15:00+00:00,ATA,DOR,0,2,https://a.espncdn.com/i/teamlogos/soccer/500/105.png,https://a.espncdn.com/i/teamlogos/soccer/500/124.png,2,2,0,0,0,0,1
soccer-401858736,uefa.champions,2026,2026-02-18 17:45:00+00:00,NEW,QAR,6,1,https://a.espncdn.com/i/teamlogos/soccer/500/361.png,https://a.espncdn.com/i/teamlogos/soccer/500/10414.png,5,7,0,0,0,0,1
soccer-401858734,uefa.champions,2026,2026-02-18 20:00:00+00:00,INT,BODO,1,3,https://a.espncdn.com/i/teamlogos/soccer/500/110.png,https://a.espncdn.com/i/teamlogos/soccer/500/2980.png,2,4,0,0,0,0,1
soccer-401858760,uefa.champions,2026,2026-02-18 20:00:00+00:00,ATM,BRU,3,3,https://a.espncdn.com/i/teamlogos/soccer/500/1068.png,https://a.espncdn.com/i/teamlogos/soccer/500/570.png,0,6,0,0,1,1,1
soccer-401858737,uefa.champions,2026,2026-02-18 20:00:00+00:00,B04,OLY,2,0,https://a.espncdn.com/i/teamlogos/soccer/500/131.png,https://a.espncdn.com/i/teamlogos/soccer/500/435.png,2,2,0,0,0,0,1
soccer-401858768,uefa.champions,2026,2026-02-24 17:45:00+00:00,BRU,ATM,1,4,https://a.espncdn.com/i/teamlogos/soccer/500/570.png,https://a.espncdn.com/i/teamlogos/soccer/500/1068.png,3,5,0,0,0,1,1
soccer-401858767,uefa.champions,2026,2026-02-24 20:00:00+00:00,OLY,B04,0,0,https://a.espncdn.com/i/teamlogos/soccer/500/435.png,https://a.espncdn.com/i/teamlogos/soccer/500/131.png,0,0,0,0,0,0,1
soccer-401858766,uefa.champions,2026,2026-02-24 20:00:00+00:00,BODO,INT,2,1,https://a.espncdn.com/i/teamlogos/soccer/500/2980.png,https://a.espncdn.com/i/teamlogos/soccer/500/110.png,1,3,0,0,0,0,1
soccer-401858764,uefa.champions,2026,2026-02-24 20:00:00+00:00,QAR,NEW,2,3,https://a.espncdn.com/i/teamlogos/soccer/500/10414.png,https://a.espncdn.com/i/teamlogos/soccer/500/361.png,1,5,0,0,0,0,1
soccer-401858762,uefa.champions,2026,2026-02-25 17:45:00+00:00,DOR,ATA,1,4,https://a.espncdn.com/i/teamlogos/soccer/500/124.png,https://a.espncdn.com/i/teamlogos/soccer/500/105.png,3,5,3,0,0,1,1
soccer-401858765,uefa.champions,2026,2026-02-25 20:00:00+00:00,GAL,JUV,2,3,https://a.espncdn.com/i/teamlogos/soccer/500/432.png,https://a.espncdn.com/i/teamlogos/soccer/500/111.png,1,5,1,0,0,1,1
soccer-401858763,uefa.champions,2026,2026-02-25 20:00:00+00:00,MON,PSG,2,2,https://a.espncdn.com/i/teamlogos/soccer/500/174.png,https://a.espncdn.com/i/teamlogos/soccer/500/160.png,0,4,1,1,1,1,1
soccer-401858769,uefa.champions,2026,2026-02-25 20:00:00+00:00,SLB,RMA,1,2,https://a.espncdn.com/i/teamlogos/soccer/500/1929.png,https://a.espncdn.com/i/teamlogos/soccer/500/86.png,1,3,0,1,1,1,1
soccer-401862667,uefa.champions,2026,2026-03-10 17:45:00+00:00,LIV,GAL,0,1,https://a.espncdn.com/i/teamlogos/soccer/500/364.png,https://a.espncdn.com/i/teamlogos/soccer/500/432.png,1,1,0,0,0,0,1
soccer-401862641,uefa.champions,2026,2026-03-10 20:00:00+00:00,MUN,ATA,6,1,https://a.espncdn.com/i/teamlogos/soccer/500/132.png,https://a.espncdn.com/i/teamlogos/soccer/500/105.png,5,7,0,0,0,1,1
soccer-401862579,uefa.champions,2026,2026-03-10 20:00:00+00:00,TOT,ATM,2,5,https://a.espncdn.com/i/teamlogos/soccer/500/367.png,https://a.espncdn.com/i/teamlogos/soccer/500/1068.png,3,7,0,0,0,0,1
soccer-401862577,uefa.champions,2026,2026-03-10 20:00:00+00:00,BAR,NEW,1,1,https://a.espncdn.com/i/teamlogos/soccer/500/83.png,https://a.espncdn.com/i/teamlogos/soccer/500/361.png,0,2,0,0,1,1,1
soccer-401862578,uefa.champions,2026,2026-03-11 17:45:00+00:00,ARS,B04,1,1,https://a.espncdn.com/i/teamlogos/soccer/500/359.png,https://a.espncdn.com/i/teamlogos/soccer/500/131.png,0,2,0,0,1,1,1
soccer-401862583,uefa.champions,2026,2026-03-11 20:00:00+00:00,SCP,BODO,0,3,https://a.espncdn.com/i/teamlogos/soccer/500/2250.png,https://a.espncdn.com/i/teamlogos/soccer/500/2980.png,3,3,0,0,0,0,1
soccer-401862646,uefa.champions,2026,2026-03-11 20:00:00+00:00,CHE,PSG,2,5,https://a.espncdn.com/i/teamlogos/soccer/500/363.png,https://a.espncdn.com/i/teamlogos/soccer/500/160.png,3,7,0,0,0,1,1
soccer-401862645,uefa.champions,2026,2026-03-11 20:00:00+00:00,MNC,RMA,0,3,https://a.espncdn.com/i/teamlogos/soccer/500/382.png,https://a.espncdn.com/i/teamlogos/soccer/500/86.png,3,3,0,0,0,0,1
soccer-401862584,uefa.champions,2026,2026-03-17 17:45:00+00:00,BODO,SCP,0,5,https://a.espncdn.com/i/teamlogos/soccer/500/2980.png,https://a.espncdn.com/i/teamlogos/soccer/500/2250.png,5,5,0,0,0,1,1
soccer-401862581,uefa.champions,2026,2026-03-17 20:00:00+00:00,B04,ARS,0,2,https://a.espncdn.com/i/teamlogos/soccer/500/131.png,https://a.espncdn.com/i/teamlogos/soccer/500/359.png,2,2,0,0,0,0,1
soccer-401862648,uefa.champions,2026,2026-03-17 20:00:00+00:00,PSG,CHE,3,0,https://a.espncdn.com/i/teamlogos/soccer/500/160.png,https://a.espncdn.com/i/teamlogos/soccer/500/363.png,3,3,0,0,0,0,1
soccer-401862647,uefa.champions,2026,2026-03-17 20:00:00+00:00,RMA,MNC,2,1,https://a.espncdn.com/i/teamlogos/soccer/500/86.png,https://a.espncdn.com/i/teamlogos/soccer/500/382.png,1,3,1,0,0,1,1
soccer-401862582,uefa.champions,2026,2026-03-18 17:45:00+00:00,NEW,BAR,2,7,https://a.espncdn.com/i/teamlogos/soccer/500/361.png,https://a.espncdn.com/i/teamlogos/soccer/500/83.png,5,9,0,0,0,0,1
soccer-401862642,uefa.champions,2026,2026-03-18 20:00:00+00:00,ATA,MUN,1,4,https://a.espncdn.com/i/teamlogos/soccer/500/105.png,https://a.espncdn.com/i/teamlogos/soccer/500/132.png,3,5,0,0,0,1,1
soccer-401862668,uefa.champions,2026,2026-03-18 20:00:00+00:00,GAL,LIV,0,4,https://a.espncdn.com/i/teamlogos/soccer/500/432.png,https://a.espncdn.com/i/teamlogos/soccer/500/364.png,4,4,0,0,0,0,1
soccer-401862580,uefa.champions,2026,2026-03-18 20:00:00+00:00,ATM,TOT,2,3,https://a.espncdn.com/i/teamlogos/soccer/500/1068.png,https://a.espncdn.com/i/teamlogos/soccer/500/367.png,1,5,0,0,0,1,1
soccer-401862886,uefa.champions,2026,2026-04-07 19:00:00+00:00,MUN,RMA,2,1,https://a.espncdn.com/i/teamlogos/soccer/500/132.png,https://a.espncdn.com/i/teamlogos/soccer/500/86.png,1,3,0,0,0,0,1
soccer-401862888,uefa.champions,2026,2026-04-07 19:00:00+00:00,ARS,SCP,1,0,https://a.espncdn.com/i/teamlogos/soccer/500/359.png,https://a.espncdn.com/i/teamlogos/soccer/500/2250.png,1,1,0,0,0,1,1
soccer-401862887,uefa.champions,2026,2026-04-08 19:00:00+00:00,ATM,BAR,2,0,https://a.espncdn.com/i/teamlogos/soccer/500/1068.png,https://a.espncdn.com/i/teamlogos/soccer/500/83.png,2,2,1,0,0,0,1
soccer-401862885,uefa.champions,2026,2026-04-08 19:00:00+00:00,LIV,PSG,0,2,https://a.espncdn.com/i/teamlogos/soccer/500/364.png,https://a.espncdn.com/i/teamlogos/soccer/500/160.png,2,2,0,0,0,0,1
soccer-401862892,uefa.champions,2026,2026-04-14 19:00:00+00:00,BAR,ATM,2,1,https://a.espncdn.com/i/teamlogos/soccer/500/83.png,https://a.espncdn.com/i/teamlogos/soccer/500/1068.png,1,3,1,0,0,0,1
soccer-401862889,uefa.champions,2026,2026-04-14 19:00:00+00:00,PSG,LIV,2,0,https://a.espncdn.com/i/teamlogos/soccer/500/160.png,https://a.espncdn.com/i/teamlogos/soccer/500/364.png,2,2,0,0,0,1,1
soccer-401862890,uefa.champions,2026,2026-04-15 19:00:00+00:00,SCP,ARS,0,0,https://a.espncdn.com/i/teamlogos/soccer/500/2250.png,https://a.espncdn.com/i/teamlogos/soccer/500/359.png,0,0,0,0,0,0,1
soccer-401862891,uefa.champions,2026,2026-04-15 19:00:00+00:00,RMA,MUN,3,4,https://a.espncdn.com/i/teamlogos/soccer/500/86.png,https://a.espncdn.com/i/teamlogos/soccer/500/132.png,1,7,2,1,1,1,1
soccer-401862893,uefa.champions,2026,2026-04-28 19:00:00+00:00,MUN,PSG,4,5,https://a.espncdn.com/i/teamlogos/soccer/500/132.png,https://a.espncdn.com/i/teamlogos/soccer/500/160.png,1,9,0,1,1,0,1
soccer-401862894,uefa.champions,2026,2026-04-29 19:00:00+00:00,ARS,ATM,1,1,https://a.espncdn.com/i/teamlogos/soccer/500/359.png,https://a.espncdn.com/i/teamlogos/soccer/500/1068.png,0,2,0,0,1,0,1
soccer-401862896,uefa.champions,2026,2026-05-05 19:00:00+00:00,ATM,ARS,0,1,https://a.espncdn.com/i/teamlogos/soccer/500/1068.png,https://a.espncdn.com/i/teamlogos/soccer/500/359.png,1,1,0,0,0,0,1
soccer-401862895,uefa.champions,2026,2026-05-06 19:00:00+00:00,PSG,MUN,1,1,https://a.espncdn.com/i/teamlogos/soccer/500/160.png,https://a.espncdn.com/i/teamlogos/soccer/500/132.png,0,2,0,0,1,1,1
soccer-401862897,uefa.champions,2026,2026-05-30 16:00:00+00:00,ARS,PSG,1,1,https://a.espncdn.com/i/teamlogos/soccer/500/359.png,https://a.espncdn.com/i/teamlogos/soccer/500/160.png,0,2,0,1,1,1,1
